{"b0": [0.0886828679367489, 0.8793356602661, 0.8922471104881805], "b1": [0.15500705803207496, 0.9432388882751789, 0.9755874328107746], "b2": [0.6141780840540547, 0.9749657864271158, 0.9391874391499122], "b3": [0.7186987252287536, 0.9792278075225062, 0.8307664064676163], "b4": [0.0030361010808642847, 0.9670008601796263, 0.8948041625901005], "b5": [0.7579903728339672, 0.9832596557310498, 0.914194928898111], "b6": [0.6450986507682452, 0.9618768878983401, 0.8135977887239177], "b7": [0.08053788239089218, 0.9957855676050522, 0.9403292295884043], "b8": [0.7414073544606498, 0.9742446515074227, 0.8519709057019489], "b9": [0.3454014695763225, 0.9412401042960422, 0.9199492804048934]}