{"b0": [0.733027227322711, 0.8569273236051969, 0.9550852239643324], "b1": [0.17155327812756493, 0.9164053485700724, 0.9546454901771533], "b2": [0.16514287953659262, 0.9395747104275556, 0.9395880082664556], "b3": [0.15713172566243222, 0.9672765835269748, 0.917225431469754], "b4": [0.796728124268057, 0.9418322764292593, 0.8820684021172118], "b5": [0.7497774308418027, 0.8175147426299307, 0.8134037321946976], "b6": [0.16231418244425094, 0.8744346613945713, 0.9846961338706631], "b7": [0.3456743134466161, 0.8708313426055031, 0.9217569891059264], "b8": [0.7878491388342727, 0.8684313609529145, 0.8265458180677012], "b9": [0.7285753841662738, 0.9410828523612789, 0.9913957410020261]}