{"b0": [0.9952154901170736, 0.8455337057053949, 0.9079056760521368], "b1": [0.7867796479653087, 0.9049579615711062, 0.8305426283963545], "b2": [0.7602877800153054, 0.8214164309772761, 0.9848701442840242], "b3": [0.06473727190614673, 0.9303818137043833, 0.9034598489665544], "b4": [0.5781560071365024, 0.9867027451117106, 0.8042886520766345], "b5": [0.0862641717551375, 0.8938431133812458, 0.912922855242034], "b6": [0.7538852247814571, 0.9210852501660257, 0.832967221795247], "b7": [0.28750929961876565, 0.9469960818894648, 0.9635947238095038], "b8": [0.8194645690672229, 0.889968106749022, 0.8445039514937642], "b9": [0.30496652690420434, 0.9992531590351962, 0.9700990767569366]}