{"b0": [0.15886995304521828, 0.974978264209907, 0.8562857703841812], "b1": [0.7475640704035186, 0.9742742029596849, 0.8065441801459008], "b2": [0.756565890392327, 0.9755167781126352, 0.9223740613263629], "b3": [0.7414996966445032, 0.942581043929551, 0.9464388622256369], "b4": [0.5721740561324044, 0.9337398940826331, 0.9169468256011004], "b5": [0.06998841347756611, 0.9651105970653407, 0.9356328296600981], "b6": [0.9945420027652935, 0.8828677036065108, 0.8454495793214059], "b7": [0.17463843021651437, 0.9765737147872797, 0.8364006047935167], "b8": [0.10819475262888752, 0.9086563700273733, 0.8036562020538678], "b9": [0.7101538971769541, 0.9370570287406214, 0.8978866261548676]}