{"b0": [0.7559082193990594, 0.9548962084141003, 0.8913279001570804], "b1": [0.07622360209101516, 0.9057889894147361, 0.8779483752861339], "b2": [0.8875025527266495, 0.9047425817097349, 0.9152923183401701], "b3": [0.7386528745976553, 0.9229584269830048, 0.8124328809744751], "b4": [0.7476836930766331, 0.9384818363538973, 0.9114299808853028], "b5": [0.7811816795722012, 0.9779737955940486, 0.9876020227474719], "b6": [0.15798058825554329, 0.8385412515872761, 0.8252818529003898], "b7": [0.7610044363845272, 0.9681919331085698, 0.9806006908608587], "b8": [0.7396709584784473, 0.9070776315876808, 0.8958824125070441], "b9": [0.785952085327836, 0.8690053324148767, 0.9567863957625122]}