{"b0": [0.7452057609345691, 0.8745339458336236, 0.9688642044412128], "b1": [0.16956969015377574, 0.9248223212381279, 0.8867495996307194], "b2": [0.913667661530131, 0.9629355933502488, 0.997375522184964], "b3": [0.7286314677853066, 0.9894728860858828, 0.872422130258846], "b4": [0.16356566534053982, 0.8190737578701538, 0.9066063948588335], "b5": [0.08694922640126994, 0.9718618290313594, 0.9321735418988258], "b6": [0.7929274390328308, 0.8499753344824577, 0.9207696880460206], "b7": [0.8822777136470821, 0.9830009256947957, 0.9365756316125173], "b8": [0.10829933676116052, 0.9606416672796608, 0.9997419046632143], "b9": [0.7719671237080108, 0.9459382467871373, 0.8961702346980992]}