{"b0": [0.16758857947926706, 0.9279162648109062, 0.9444909313494831], "b1": [0.002657483229971998, 0.8839069948416898, 0.988992442713992], "b2": [0.155030286195663, 0.8622854452094901, 0.9503281475420744], "b3": [0.7451391917398695, 0.9909231690732991, 0.9458790073031632], "b4": [0.7450423334208331, 0.8765975602832734, 0.8171301987760251], "b5": [0.7571614815748204, 0.9927113823143499, 0.8632856798429853], "b6": [0.0015094279290187868, 0.9217148053802927, 0.8986140292003344], "b7": [0.7691255922469101, 0.8413243150709168, 0.8704840141355774], "b8": [0.1634911548422319, 0.9911926735637004, 0.8277673138901371], "b9": [0.07384312924487899, 0.9343255119337119, 0.8939649156516849]}