{"b0": [0.16654939309004135, 0.9294056101516724, 0.8744408490062002], "b1": [0.06897963183081318, 0.9208374762105924, 0.9321884888756591], "b2": [0.10402832176764798, 0.8690774172866033, 0.9450434130905643], "b3": [0.7463566499412256, 0.968500750032284, 0.8470028003776933], "b4": [0.7533926688587875, 0.9880171340763657, 0.8644615563479406], "b5": [0.7496746310235518, 0.908440819503716, 0.8864359355863661], "b6": [0.7467235492120712, 0.9965960812777942, 0.914851367387044], "b7": [0.9295775305995723, 0.9813587192788369, 0.8184341224187502], "b8": [0.10517089286653784, 0.9257590218031474, 0.9776038195254442], "b9": [0.8656315840489113, 0.8788701005670595, 0.9168750561136274]}