{"b0": [0.7161864255927685, 0.8715919677611892, 0.8097623390758362], "b1": [0.7516909589352392, 0.8905740348314416, 0.843293072583852], "b2": [0.16214576696400823, 0.8748290922633011, 0.975442314563256], "b3": [0.7270626593882551, 0.9935905768656309, 0.989245517957071], "b4": [0.7756759784262228, 0.9489872100829463, 0.9346680763839088], "b5": [0.7493487420384352, 0.9015824121232089, 0.8999536167150103], "b6": [0.9078313077211103, 0.9210401186441161, 0.922450212199751], "b7": [0.061447044512985036, 0.9407828379052193, 0.9247435975556997], "b8": [0.16078916562317527, 0.8785667732763944, 0.9494519785427916], "b9": [0.08869156195699476, 0.8923161658642461, 0.9677920546738729]}