{"b0": [0.07699208783643093, 0.993799858874569, 0.8202983034926115], "b1": [0.7046661395532506, 0.9960543620796207, 0.9117478360641712], "b2": [0.00025873838288146194, 0.9704633274985897, 0.8277127544532309], "b3": [0.005944135199153128, 0.9020638409092078, 0.9534459795212652], "b4": [0.09792773384364908, 0.9048488884038359, 0.9289443293489296], "b5": [0.7701581348645081, 0.779835166209223, 0.8393071968196658], "b6": [0.09401777037353508, 0.8125668922143858, 0.8127401516391651], "b7": [0.7132466939871033, 0.9687274525381092, 0.9087167113550433], "b8": [0.1638929528622894, 0.8577380591228635, 0.8428988072629524], "b9": [0.7010972921725993, 0.9868794153319077, 0.8894014612036498]}