{"b0": [0.8767934935411317, 0.9859183757448521, 0.9596321120951328], "b1": [0.015113183701229613, 0.9628389745414533, 0.8658747272794122], "b2": [0.1011934430926088, 0.9521149683526079, 0.8236901806159715], "b3": [0.15773119416074516, 0.9086875611520057, 0.9084428494275305], "b4": [0.9855046413720615, 0.9371743136109143, 0.8831303823852761], "b5": [0.8934882733958931, 0.9937945204532072, 0.8871185660333203], "b6": [0.1614974782089696, 0.7801933562477918, 0.906916919866699], "b7": [0.019374362227380384, 0.9987124035829865, 0.9005946061782482], "b8": [0.8962283754361955, 0.9563036857335158, 0.8031309353895918], "b9": [0.019062285810131526, 0.9244745117373734, 0.9757417175745808]}