{"b0": [0.988577904778723, 0.962194566750291, 0.9714400311850244], "b1": [0.8832915283944556, 0.7955528243691731, 0.9420964056735494], "b2": [0.16309642582658182, 0.9510440591145012, 0.919888977064579], "b3": [0.05257568349802346, 0.955412504733436, 0.8103088466601817], "b4": [0.3119356771172116, 0.9625385848190878, 0.8340377141852672], "b5": [0.9992101944058877, 0.8989923809530681, 0.8303909960687846], "b6": [0.8903681779191657, 0.9672259790125853, 0.8520285490980584], "b7": [0.015785117696862493, 0.8059487180569773, 0.8858038834938027], "b8": [0.807898613490013, 0.8632009806475639, 0.9331687958613485], "b9": [0.1573356924758171, 0.9619857411900182, 0.9085782801419267]}