{"b0": [0.16042803442130205, 0.9359873644314785, 0.8594569678490411], "b1": [0.07085389582856227, 0.8121503296691123, 0.9466815540470616], "b2": [0.8587764050933078, 0.8886218243893447, 0.994247391579186], "b3": [0.9697628886946481, 0.9363681400595811, 0.8635733402210762], "b4": [0.9840538631411262, 0.9374016587132804, 0.8884781957633499], "b5": [0.9018662298490807, 0.9009166544623218, 0.9366422347938921], "b6": [0.9926773193374503, 0.9531337852961694, 0.8015361994807857], "b7": [0.779244690650895, 0.957161971681814, 0.9344570738674327], "b8": [0.15704157709835478, 0.878146684758391, 0.9416256925554538], "b9": [0.012934586038899713, 0.9438464471808357, 0.9908900036517783]}