{"b0": [0.8471972154917592, 0.8921452369520745, 0.957135745166428], "b1": [0.16208171462122622, 0.77540532837809, 0.9404327723325188], "b2": [0.8516699347421703, 0.9427490248724301, 0.9485888269555788], "b3": [0.1667209765678146, 0.8608257751806719, 0.9982139931295321], "b4": [0.7385477802522402, 0.9688301331787449, 0.9321396101769116], "b5": [0.6532161567814303, 0.9293951840315402, 0.8687169124022301], "b6": [0.16598393749344148, 0.9550013600782734, 0.8274201093483227], "b7": [0.15589905754785044, 0.8798721585038061, 0.8468016340637781], "b8": [0.084665746216593, 0.9033399139235674, 0.934020958922825], "b9": [0.641110120749632, 0.9050973388140952, 0.8123760595412216]}