{"b0": [0.9953443440291396, 0.9132533055103358, 0.963351856582391], "b1": [0.8640254235220075, 0.9974074364946075, 0.817038368638459], "b2": [0.012475046344581358, 0.9329549044356977, 0.8040111709071687], "b3": [0.8693715174629674, 0.8804929694486685, 0.8900809939507016], "b4": [0.15407787288212432, 0.8795372919800596, 0.9745175318955753], "b5": [0.5928204540964511, 0.9607988752622741, 0.926815982709333], "b6": [0.15836547614549557, 0.9515106327394106, 0.9901490547292524], "b7": [0.6343022042505398, 0.891636944568973, 0.8569818390615186], "b8": [0.15320647400120693, 0.9005043479592979, 0.8837031951835193], "b9": [0.07584261155914765, 0.9677254176985964, 0.8980515362704236]}