{"b0": [0.9912054014062965, 0.879395073578336, 0.8946126871503358], "b1": [0.8863585863037048, 0.9260147185421136, 0.9558950998264468], "b2": [0.8775997978284994, 0.922191663655617, 0.8294413200114577], "b3": [0.08038366817060369, 0.9358141298036955, 0.9635922823471406], "b4": [0.7662473823985949, 0.9576484233909203, 0.9834600035830171], "b5": [0.8721092476070416, 0.811013761954123, 0.8389297934050982], "b6": [0.15514294829690717, 0.7974369068147066, 0.8357593145126304], "b7": [0.32545604834987574, 0.9907326075758164, 0.8480678802644445], "b8": [0.8730461458303356, 0.9572696196361237, 0.9716919529603883], "b9": [0.027638059658701898, 0.787787954448914, 0.8654113174125067]}