{"b0": [0.32989047049419407, 0.8753125426097984, 0.9736095265921043], "b1": [0.33401025526490324, 0.9645368108950373, 0.8421689723825494], "b2": [0.7362115747299168, 0.9722630141019494, 0.8762258135665296], "b3": [0.16416051839900014, 0.9975930026964648, 0.9647925276255914], "b4": [0.878961436781168, 0.9534985116310841, 0.8806023875045829], "b5": [0.004373438920319109, 0.9734342790351687, 0.9132027247281596], "b6": [0.15767823971611314, 0.9169461282031864, 0.8747342222482868], "b7": [0.860362637141941, 0.9332787657594532, 0.9384891722653705], "b8": [0.10708867978887346, 0.9897827154829532, 0.9589361127012123], "b9": [0.6328205212862823, 0.939055725411861, 0.9211833479773357]}