{"b0": [0.056771185512938464, 0.8937439366024437, 0.9242617132503291], "b1": [0.0619068557542626, 0.9944063894770194, 0.8421508840332913], "b2": [0.7228810147245766, 0.9708577055239606, 0.9834750638370289], "b3": [0.8932318987995365, 0.8807436885765679, 0.8984327142351597], "b4": [0.31260618844681654, 0.9336992093440267, 0.9227446038801415], "b5": [0.9004528000717955, 0.9520601297590972, 0.873427079492476], "b6": [0.10919784630633021, 0.9796642316314689, 0.8342248662378676], "b7": [0.7223242755275908, 0.971744940250937, 0.9553647947054009], "b8": [0.3377167259833168, 0.9511700311462608, 0.9352538892298949], "b9": [0.876142004876403, 0.8685820403550756, 0.8431643028270949]}