{"b0": [0.7618563243092052, 0.9257783897081644, 0.948046682523262], "b1": [0.8655700207009807, 0.9887825789746614, 0.9985781279922903], "b2": [0.7128258443337792, 0.9501254017144707, 0.8928556923148598], "b3": [0.8844370439248936, 0.9211582153030097, 0.9281196889931534], "b4": [0.625060510504872, 0.89928288839356, 0.8648087945912121], "b5": [0.05571790990506185, 0.8999328163677315, 0.8045502271191499], "b6": [0.10095292056453017, 0.8920158095851654, 0.9506283767118785], "b7": [0.878217886054627, 0.9607024989886788, 0.8531158883410791], "b8": [0.8625288566364501, 0.9860091509730862, 0.9410321295496109], "b9": [0.8609756957043123, 0.9537656663682715, 0.9822214226369473]}