{"b0": [0.8448169809087959, 0.8897124191784712, 0.8431552808991176], "b1": [0.9959158604485975, 0.9887697568437352, 0.9808987555057986], "b2": [0.08873179590178643, 0.9761884417537147, 0.8431074814602403], "b3": [0.8716880650834085, 0.9623497076011444, 0.9056355189459615], "b4": [0.7694393519193041, 0.9339536397708165, 0.912792526356467], "b5": [0.8570067122621097, 0.898649642224961, 0.9001995573270902], "b6": [0.34152434853890734, 0.8028280083539968, 0.9224669171489401], "b7": [0.5997649969473922, 0.81059673207455, 0.8361869436035504], "b8": [0.7691312212295774, 0.9045315543374776, 0.8004185884802442], "b9": [0.7493120085837276, 0.9860379770279069, 0.9818910684817388]}