{"b0": [0.004172791885529791, 0.8854978217966365, 0.9062224999591438], "b1": [0.8605998666572087, 0.934537758877462, 0.8116402834051452], "b2": [0.15775361400533985, 0.998619801212478, 0.8271593417991815], "b3": [0.8902913844575288, 0.9417600618199953, 0.8226523522389394], "b4": [0.5775721074483473, 0.929351925804701, 0.8318762034366566], "b5": [0.739724551095857, 0.8223222207141823, 0.9551102649811414], "b6": [0.873255688624559, 0.9598090182697722, 0.9974363797190301], "b7": [0.7619278954613204, 0.9521716675259577, 0.8452251431331959], "b8": [0.07727798741885873, 0.9909468790633912, 0.8101212800449832], "b9": [0.6127653101590361, 0.999739764937142, 0.8742565163303759]}