{"b0": [0.17012581757758516, 0.8716074180837501, 0.886850007934742], "b1": [0.32269896202947485, 0.9226847638066837, 0.8515636180419922], "b2": [0.16466808207404945, 0.9435490209428146, 0.8226838095012639], "b3": [0.1654528329104814, 0.9141738826671961, 0.9957207831215205], "b4": [0.010084847115638274, 0.8606040907359348, 0.9932982667852563], "b5": [0.7608081935316379, 0.7696325419414101, 0.8325938697585451], "b6": [0.8827153364141271, 0.9425595024363241, 0.890058022782229], "b7": [0.16658012335540578, 0.954138718797182, 0.8536438822821896], "b8": [0.33928334647922453, 0.9828553385486536, 0.8638859552073289], "b9": [0.7796513946218755, 0.9444667860959588, 0.8102447442088833]}