{"b0": [0.0694124862253439, 0.8842987754950664, 0.8004426668659073], "b1": [0.16421309809343335, 0.857740925636287, 0.914913004594063], "b2": [0.7296614832961558, 0.9019427258317776, 0.891693500789218], "b3": [0.01616407345039421, 0.8535690944337772, 0.8746037727068088], "b4": [0.004698538302929267, 0.9722374389727035, 0.8746203855140497], "b5": [0.5761807477683305, 0.9219095523132362, 0.9223633100502885], "b6": [0.6432130499769576, 0.8932015278317854, 0.9383874843226238], "b7": [0.3177924988343615, 0.9932306874199079, 0.8874031680451983], "b8": [0.9878524557686791, 0.8435161030504946, 0.90221786685682], "b9": [0.344582483729651, 0.926133375840326, 0.9662708610320163]}