{"b0": [0.35146066252767205, 0.9634188210003771, 0.8216961509526323], "b1": [0.1693579641960066, 0.9788900692455013, 0.8391179660079366], "b2": [0.1637611431171849, 0.930542550418679, 0.9066356356264385], "b3": [0.8559875779999664, 0.9964701182046555, 0.8527258411115199], "b4": [0.9804146828625556, 0.9846401406012482, 0.9890473941091302], "b5": [0.8760691805861106, 0.973071865569919, 0.8619144698816145], "b6": [0.5593837334815703, 0.9618202557003019, 0.8638540626502902], "b7": [0.007666809856168343, 0.7463735121224822, 0.8113292445760671], "b8": [0.7575948682384029, 0.8805522624843684, 0.8416725226935996], "b9": [0.9995551580732327, 0.9409237598153607, 0.8254227761333303]}