{"b0": [0.6224527770767423, 0.9885584342702636, 0.9658157166158204], "b1": [0.16277134049302916, 0.9268350380499076, 0.9398879719464261], "b2": [0.10205403345083715, 0.9369931083085554, 0.8653853703787844], "b3": [0.3100859083333707, 0.9397042582193795, 0.940035466341386], "b4": [0.9917985869813191, 0.8633271923109838, 0.9642431352178628], "b5": [0.6828814280856669, 0.8929846652502862, 0.9534325092393097], "b6": [0.15152014003521308, 0.9259192512380419, 0.981145432585592], "b7": [0.3166795644077554, 0.9758410656427539, 0.885121378662549], "b8": [0.357702937586089, 0.8903104639169935, 0.9655934893275833], "b9": [0.1616299663111106, 0.8319525668350221, 0.9130644595007391]}