{"b0": [0.5392948330798036, 0.8675654298950721, 0.9119597106659053], "b1": [0.09077622698894457, 0.8982375552421543, 0.8627992022872236], "b2": [0.15905349082111164, 0.9662419675287396, 0.8637652590465852], "b3": [0.05813953760837382, 0.9695277791571502, 0.8760820327746273], "b4": [0.3466988218800733, 0.9191200434694666, 0.9281197656742312], "b5": [0.9830279644854585, 0.7779356249991295, 0.8315334882728804], "b6": [0.07683928985344332, 0.8143716906683812, 0.9113561197883944], "b7": [0.7358059755234625, 0.7711879113069802, 0.81143024884233], "b8": [0.3290588414334607, 0.8804370965318341, 0.8657875909740604], "b9": [0.32069093671804955, 0.9218950001210386, 0.8668155830945244]}