{"b0": [0.3222010273735519, 0.9935186390740602, 0.8432959205014089], "b1": [0.35610535031153456, 0.9837329471225834, 0.8365964163357101], "b2": [0.31189154053227874, 0.7905819001606277, 0.9316823645440725], "b3": [0.16566643550096039, 0.8727684984615773, 0.8343687757066662], "b4": [0.07050585176035744, 0.9628363663999794, 0.9580701793150951], "b5": [0.8462807323984523, 0.8805699961063392, 0.8732638058917831], "b6": [0.0803746164218776, 0.9203970146437007, 0.9814417732565363], "b7": [0.15719813883087852, 0.8876268456525689, 0.8828321359037914], "b8": [0.6264457603895988, 0.8460159617167511, 0.8436850945248596], "b9": [0.08022458540760083, 0.8732402677899959, 0.948162235910654]}