{"b0": [0.8526918798783143, 0.854326110899354, 0.9803522791807566], "b1": [0.7221758459589874, 0.9535776599825564, 0.9929296283830428], "b2": [0.3299540562196177, 0.8648613663069622, 0.8065322499609786], "b3": [0.6062661165649366, 0.9505819968531967, 0.9646174496987032], "b4": [0.8864739482969852, 0.9626205731415065, 0.9013092252269316], "b5": [0.1728604686371705, 0.8650960429825203, 0.9722668580438496], "b6": [0.7970235576012082, 0.8095865679375001, 0.9331476438043523], "b7": [0.722764377890495, 0.7965171902549489, 0.8437030339519411], "b8": [0.07440577869238287, 0.9597973454262081, 0.840052263206553], "b9": [0.3525452392541266, 0.8850472754637461, 0.8235328789452896]}