{"b0": [0.7373187135904798, 0.9586596952900925, 0.9295930159278982], "b1": [0.6112245093073259, 0.8443785205542657, 0.944933207566017], "b2": [0.8721593217189242, 0.9429478157659085, 0.978655129457428], "b3": [0.7434977594774876, 0.9103460797403151, 0.8500934045122667], "b4": [0.07119916947363765, 0.8658925198842675, 0.8829365343306961], "b5": [0.7329050318994521, 0.9052186245244154, 0.8007504993063486], "b6": [0.6523849714279092, 0.9448834596586895, 0.8917935201341995], "b7": [0.7012084194520728, 0.963438125998659, 0.9273928490928859], "b8": [0.8559515030823808, 0.8594067130521691, 0.8702785117560654], "b9": [0.31832973840509277, 0.9957428011875916, 0.8207786550654363]}