{"b0": [0.7543479147956174, 0.972295847495838, 0.9428396229073958], "b1": [0.16154639950860072, 0.9303315571123116, 0.877306949180805], "b2": [0.16831515874593656, 0.8804871705042312, 0.8580658930142991], "b3": [0.15986472713442462, 0.9823728146197135, 0.894605711216653], "b4": [0.15438624487057734, 0.8935168441754803, 0.9844625654190402], "b5": [0.7509109664066332, 0.9598824981064216, 0.8036276484109526], "b6": [0.7454319207329138, 0.856677470710454, 0.8545312023924342], "b7": [0.01976778651112965, 0.8980408468668903, 0.8761989975690158], "b8": [0.9138979093746127, 0.8680623807675988, 0.8022736394901112], "b9": [0.7347408142761392, 0.8329242768416798, 0.8337353560395132]}