{"b0": [0.5714892779713079, 0.9500032329923883, 0.8209242423057574], "b1": [0.8746112044324614, 0.9701011575020967, 0.8876772048049125], "b2": [0.30676752535897156, 0.9050025931097206, 0.9569705090476444], "b3": [0.876993812019569, 0.9725586183161483, 0.9115979357558911], "b4": [0.7593176415633947, 0.978585406101573, 0.8151385038503676], "b5": [0.9416624295166137, 0.9245442222822359, 0.9700139162246224], "b6": [0.7712566224322714, 0.9823308007658522, 0.9643007181754997], "b7": [0.16516593251314218, 0.8894331913870585, 0.8568301420541036], "b8": [0.7055782234519622, 0.9721659690117179, 0.9183525174637437], "b9": [0.7028122040331515, 0.9712383895287303, 0.8518580076793109]}