{"b0": [0.3370625008105544, 0.8930596511377397, 0.8451427521410345], "b1": [0.7795539007809039, 0.8816117569888473, 0.8305811913870522], "b2": [0.6924500470715087, 0.9740025221469449, 0.9055612475512176], "b3": [0.78881723953758, 0.9651928651880405, 0.857904680901787], "b4": [0.09287236762879246, 0.9590318627485255, 0.9619428363375562], "b5": [0.16592101377398014, 0.8877888501165395, 0.9498707145163814], "b6": [0.09943844525831173, 0.749627570338209, 0.9725734618546964], "b7": [0.8747160022422652, 0.9310246094567453, 0.9269996781596432], "b8": [0.09609894655673903, 0.9744547540438759, 0.9080129011066649], "b9": [0.7523951241185597, 0.9119919059064968, 0.8339565053958355]}