{"b0": [0.15334530292240425, 0.9332389833523815, 0.8370027593848346], "b1": [0.08637320444515768, 0.847805964320236, 0.9663925647925821], "b2": [0.08421875843629695, 0.9488536671186047, 0.8848443732637672], "b3": [0.8757155637167446, 0.9437301227181394, 0.9162841222048914], "b4": [0.16678115519316616, 0.874944595034292, 0.9738280135213856], "b5": [0.7654890704025431, 0.8815330375384052, 0.8616956448300576], "b6": [0.1562987398511443, 0.8655579152096599, 0.9787767269097336], "b7": [0.004481341251520606, 0.7536672536523256, 0.973988638595998], "b8": [0.07904158740408755, 0.9529959809674179, 0.8146285799630628], "b9": [0.06507833898847659, 0.9682918550992439, 0.8214307888345036]}