{"b0": [0.77287672670165, 0.8026087750623765, 0.9475903051163967], "b1": [0.07151214882982555, 0.8671935784937691, 0.9144962511055081], "b2": [0.07168350518939165, 0.9457077376845906, 0.8873090450689992], "b3": [0.008704286772890984, 0.8576417437288658, 0.8922818044679423], "b4": [0.9948504693235911, 0.9961674435487374, 0.9268690989402552], "b5": [0.07804968788062877, 0.9038832954459565, 0.8026359697558857], "b6": [0.010232967226330157, 0.9819229934649393, 0.8982012618759047], "b7": [0.019840411032898624, 0.9272478761137095, 0.93632548811543], "b8": [0.0953461745479811, 0.9839955071531733, 0.8057918237467383], "b9": [0.09824443061518577, 0.8515097960547559, 0.993462311404278]}