{"b0": [0.31058826055467087, 0.9606166055356988, 0.8599463738835473], "b1": [0.07431093764798517, 0.9313383880165269, 0.9534620018263797], "b2": [0.08492040859127908, 0.9436087981128622, 0.9293020261469952], "b3": [0.08566809414818495, 0.9539162509345431, 0.9963570597586459], "b4": [0.07566112187695144, 0.7748051067361647, 0.8630782705640522], "b5": [0.5926436040145592, 0.9065744855874263, 0.995398127213856], "b6": [0.857578871631897, 0.9821907866985522, 0.9595414254655853], "b7": [0.0976614832093788, 0.773069736757069, 0.9454772683092386], "b8": [0.297106285022894, 0.9600251676109239, 0.9379052242106124], "b9": [0.6243068483206394, 0.8489804042037368, 0.9413817028042554]}