{"b0": [0.7519608315635267, 0.9216294955310587, 0.8396142819743401], "b1": [0.1694142024844175, 0.9290507694592455, 0.9828378217043523], "b2": [0.9012243772837604, 0.9202429955925423, 0.8793518621495336], "b3": [0.6327694066363947, 0.9230270673096055, 0.9936331208142397], "b4": [0.8465278755689039, 0.9899250963289452, 0.8754076272200136], "b5": [0.9052823629461747, 0.9160134996461206, 0.9502415791144664], "b6": [0.6360207078843302, 0.9385632044003969, 0.9437179815901493], "b7": [0.16027561707791044, 0.8220921152713636, 0.9489758029950948], "b8": [0.8547558780951212, 0.786177272301108, 0.8193590020316814], "b9": [0.1604691118888911, 0.9512866754424681, 0.9693720169928807]}