{"b0": [0.9956864915204797, 0.9765851116424094, 0.9419431039254372], "b1": [0.9056206024164116, 0.9636906860280837, 0.9165593621070074], "b2": [0.06396084402241237, 0.9953463764895493, 0.9618022423749184], "b3": [0.08650686599304597, 0.8387905008513314, 0.8127415791501551], "b4": [8.726033319059301e-05, 0.8409841887746556, 0.9435571317064779], "b5": [0.7240643155166336, 0.8733766859538322, 0.8741267937910437], "b6": [0.869536820311132, 0.8989902032036525, 0.9010531166787409], "b7": [0.16227760379695802, 0.9525982532708749, 0.8847986829907648], "b8": [0.5676313263831846, 0.9260659801953736, 0.9127565720332153], "b9": [0.5881693776590382, 0.9336994782601574, 0.8844656438490197]}