{"b0": [0.5723822803201544, 0.9596993090947311, 0.9555831893455786], "b1": [0.07555547984351778, 0.9729500799068407, 0.9166284957904344], "b2": [0.07728134266248513, 0.9188298883560564, 0.8708994694490333], "b3": [0.15840186063730502, 0.9218170593272674, 0.8937678436138502], "b4": [0.8683350370291208, 0.893017290551124, 0.86558680129312], "b5": [0.876482608272196, 0.9757231095158683, 0.8819792420330801], "b6": [0.6183781837388278, 0.9821624373340075, 0.837781327958307], "b7": [0.6343949972641343, 0.9555656709853957, 0.9411595403351246], "b8": [0.7440558246625483, 0.7331569415965811, 0.9597706951210866], "b9": [0.6790842268694917, 0.9881795807094924, 0.9685742695090069]}