{"b0": [0.16978997679188446, 0.7998121990067384, 0.9494033971209039], "b1": [0.9765264850948085, 0.9393277353561422, 0.812774755168684], "b2": [0.15450446790118522, 0.8533926799525251, 0.8517273127135873], "b3": [0.08080141654859396, 0.9956099392141887, 0.9436675626321412], "b4": [0.5674737528306314, 0.9593244829353393, 0.9354605327605173], "b5": [0.6617903377818236, 0.8995286658181937, 0.9788947115046501], "b6": [0.755726383064099, 0.8769808348419563, 0.9351573198535553], "b7": [0.15672929262267504, 0.8776635706876786, 0.9377691816316136], "b8": [0.6459276951817451, 0.9580873382504979, 0.8919277716710319], "b9": [0.9934446246459666, 0.9447804133116204, 0.9254858674614661]}