{"b0": [0.005831249908430845, 0.8479493763288619, 0.8958823736928876], "b1": [0.06983316661278167, 0.9983200201726228, 0.9048204061092676], "b2": [0.1674365324409897, 0.8882071916897049, 0.8465951480273135], "b3": [0.7835673446361013, 0.8444390280167704, 0.9001253226079714], "b4": [0.16079736815644732, 0.9273284461284891, 0.8833446933188535], "b5": [0.8965853691295016, 0.9142627839845414, 0.8473414381298646], "b6": [0.16247514428831594, 0.9990597341469604, 0.812065642935547], "b7": [0.8615409658756538, 0.8559986842062501, 0.8585657591148239], "b8": [0.9941550717637375, 0.962486271894678, 0.9814302125786507], "b9": [0.6823017190601358, 0.89327284351142, 0.8828493674854045]}