{"b0": [0.6103595190044949, 0.9185227879011058, 0.9045120034420941], "b1": [0.0070321839702715515, 0.905621411238688, 0.9527396263363496], "b2": [0.007349946524748884, 0.9053068999028296, 0.9771641433361148], "b3": [0.1569219886105003, 0.8705089776860424, 0.9188716735557902], "b4": [0.1588466974609583, 0.8656673508428513, 0.965346311735694], "b5": [0.16419270098408892, 0.8752603064412642, 0.8828048477400078], "b6": [0.07106809925178728, 0.9490618579462594, 0.9910363852830402], "b7": [0.09375862307064552, 0.9382700163279502, 0.9734796575848164], "b8": [0.7334740203203981, 0.9509002717150004, 0.8062895466861822], "b9": [0.15119247177078685, 0.8918260474381506, 0.9504476865388907]}