{"b0": [0.3141689457739069, 0.9180834080653335, 0.9760498061149724], "b1": [0.8725087015493959, 0.8823363959801611, 0.8293527836092541], "b2": [0.5528746270910098, 0.7127504423422718, 0.8805279179185821], "b3": [0.8698773346118434, 0.9125518164960789, 0.8447990091435014], "b4": [0.025185953178005288, 0.9370931179520154, 0.8216626850212674], "b5": [0.7077660156927924, 0.9879668234490296, 0.8281524930241637], "b6": [0.1659670146431291, 0.9919959117145472, 0.8897242469032034], "b7": [0.7394546510820141, 0.9550252667861385, 0.8616344138515885], "b8": [0.15481354317675577, 0.8374671264919137, 0.8813343306191216], "b9": [0.16476523681997166, 0.8638805657349948, 0.957816335193995]}