{"b0": [0.5584976585036517, 0.9482228836248683, 0.8232739762638066], "b1": [0.16975383021823526, 0.9859124538505049, 0.8506972322597245], "b2": [0.6056209441242892, 0.9507212424237501, 0.8417741796083412], "b3": [0.7546164070159633, 0.8897435523801697, 0.940737815920265], "b4": [0.6034819963795353, 0.9648794528587022, 0.8621420396682208], "b5": [0.3457745334077892, 0.7835113943378278, 0.8008513789652011], "b6": [0.16569785649427593, 0.9713511983818721, 0.9379251543360345], "b7": [0.8739889463324739, 0.9404272683770999, 0.8200819906406511], "b8": [0.15136300245096884, 0.9822436310084324, 0.8123399931491321], "b9": [0.16189650402722855, 0.9641214662053428, 0.9148965569494915]}