{"b0": [0.8380529168328975, 0.8680039385908782, 0.8645292361742068], "b1": [0.8401104149906848, 0.9337714549312944, 0.8811722030104066], "b2": [0.6699011846983679, 0.986141943960776, 0.8788306657158429], "b3": [0.7359802582246789, 0.9683746247841772, 0.9251819478745462], "b4": [0.16180837010110585, 0.810505686103748, 0.906951238067893], "b5": [0.5956392452912386, 0.9803078632187424, 0.9874491788391359], "b6": [0.9808135647828005, 0.9103640444978777, 0.9553466101430453], "b7": [0.9940047626565598, 0.8586986270958051, 0.967655954085571], "b8": [0.013092153535193418, 0.7291674890177827, 0.8946563209581098], "b9": [0.3570964598574941, 0.7905161996195695, 0.9251768693745929]}