{"b0": [0.9993082929619007, 0.8607722169809794, 0.9035231534777628], "b1": [0.8560455533441298, 0.9366978322878151, 0.8172865670635885], "b2": [0.3545870915603678, 0.9531462411708017, 0.9372552397560733], "b3": [0.5962413701889682, 0.9161207011293021, 0.8769727151419866], "b4": [0.3094108087747818, 0.9401804213845496, 0.815779231966513], "b5": [0.35900414663721564, 0.8096792370070773, 0.8331553993280694], "b6": [0.3356615206039457, 0.996185818877398, 0.8514942761378272], "b7": [0.5651342685099965, 0.91239386514984, 0.9224878570490123], "b8": [0.019738159826019393, 0.8642244409909824, 0.9710077271749314], "b9": [0.718034494862614, 0.9154176485076809, 0.9029793095004686]}