{"b0": [0.364898705649688, 0.9477230523737603, 0.8238699968625218], "b1": [0.3260094649622852, 0.871451615418223, 0.9407638345345353], "b2": [0.16509712512629998, 0.9675576180105772, 0.9024514546672029], "b3": [0.1537394937829849, 0.9540329708068689, 0.8172343085860818], "b4": [0.07939324609034604, 0.9897153771656738, 0.9061105644732037], "b5": [0.16194297177018588, 0.9977057841108344, 0.9003348999059126], "b6": [0.6126243673231152, 0.9771293363251233, 0.8888398954550296], "b7": [0.007884622493285592, 0.9466034001350704, 0.8683320672724133], "b8": [0.3461592598930634, 0.9991569540927628, 0.8291357917044215], "b9": [0.004948088273711893, 0.9613189900113827, 0.9281258067340563]}