{"b0": [0.34608340616595007, 0.9142419935022258, 0.8532931559456306], "b1": [0.1701653929634052, 0.8239911868942571, 0.9641633169199376], "b2": [0.09588220545841407, 0.9434965460321417, 0.8921374539167766], "b3": [0.6471610654117206, 0.8568717966823388, 0.8533394316708169], "b4": [0.881744545691637, 0.9676314851700054, 0.9748084139298022], "b5": [0.01123984336136304, 0.8127248313445802, 0.9884556408184154], "b6": [0.016419817625969405, 0.9806151245352096, 0.8217462709520958], "b7": [0.1606414288743929, 0.9366865051557657, 0.953822488758187], "b8": [0.33229765084933094, 0.8628600414645559, 0.9304855556006136], "b9": [0.9959123716664965, 0.9824444220321034, 0.8982495383153426]}