{"b0": [0.1682197636059514, 0.9731568089461788, 0.938009736745905], "b1": [0.9976285984815246, 0.9675916905606324, 0.9144697586395506], "b2": [0.006846363595535167, 0.9675065558913956, 0.8301369965688353], "b3": [0.1655734067588698, 0.9460478798768104, 0.9229004067718081], "b4": [0.6012532369888965, 0.9087452105164391, 0.8577084629794993], "b5": [0.3362279996107759, 0.9963640142389507, 0.8521365392088159], "b6": [0.29782214898614473, 0.9948824925651778, 0.9876508631484033], "b7": [0.9964652925852051, 0.9176529953669111, 0.8824010917258704], "b8": [0.2976213206632782, 0.9782247487830026, 0.8515397932087176], "b9": [0.15562001975109316, 0.9743026710421583, 0.8086978219466582]}