{"b0": [0.5279002134356291, 0.9552721000291161, 0.9766751393532264], "b1": [0.3112540019591219, 0.9996300163109412, 0.8296846117414439], "b2": [0.7774577077564002, 0.9932005749491496, 0.9065381807021723], "b3": [0.3347855485168747, 0.7554410971882681, 0.8770453965355358], "b4": [0.6075466580452384, 0.9735784080944098, 0.9617087688464667], "b5": [0.004130100710366728, 0.9638839390138918, 0.9939622838925516], "b6": [0.06963275631862378, 0.9958324206297575, 0.8789076591590372], "b7": [0.3464396731809879, 0.9216529613363496, 0.819498611982188], "b8": [0.007257235396717521, 0.9623121810456577, 0.9872816612588067], "b9": [0.3327282313347769, 0.7794897294802834, 0.8825088050064787]}