{"b0": [0.3463116566475372, 0.9158427731810868, 0.8580987947779684], "b1": [0.33196553118398847, 0.907271285891515, 0.8154617995675537], "b2": [0.014612307953870009, 0.7722443073734913, 0.9147393571350533], "b3": [0.6827494299636119, 0.9391529684424701, 0.8697449688774637], "b4": [0.16642649877634544, 0.8351563620842279, 0.820052810716458], "b5": [0.15965619533108716, 0.7883194676254377, 0.8485130906397245], "b6": [0.07594256378643584, 0.9179511603101094, 0.8079173016042509], "b7": [0.17000185093680945, 0.9714001525962941, 0.8902397553423933], "b8": [0.327945076089623, 0.7573682421405489, 0.8745900730213253], "b9": [0.88254076179965, 0.9744324322508408, 0.9553686386849449]}