{"b0": [0.6450254856590787, 0.8943943243326697, 0.9118403429646149], "b1": [0.33277352984577796, 0.9261505205174971, 0.8934489018840608], "b2": [0.8437646633212161, 0.9431195595934045, 0.8838184055930376], "b3": [0.32184166467919184, 0.9700157611002003, 0.8502303201818616], "b4": [0.7365201826309244, 0.8982348845387016, 0.8145000391139487], "b5": [0.16549761726436954, 0.8968866692045299, 0.9156906217061263], "b6": [0.6428123380079424, 0.8582122129423368, 0.8793960947927778], "b7": [0.8754731142716973, 0.9320605853599596, 0.9457169479127713], "b8": [0.08918484260673022, 0.9426237764329686, 0.901881315083124], "b9": [0.8350033552738242, 0.9311817840328086, 0.8023625116095522]}