{"b0": [0.07406986435758141, 0.9547865001001509, 0.8621344346385303], "b1": [0.004312627627044109, 0.8851759067841303, 0.9783153186439719], "b2": [0.9988280609891218, 0.8434577424487708, 0.965967255915916], "b3": [0.5843859436064367, 0.9138366661902922, 0.8759758740644729], "b4": [0.8694508297204665, 0.7650528401667583, 0.9532681605716249], "b5": [0.1620595418676407, 0.9299985438485546, 0.8463473259954077], "b6": [0.32513979549439237, 0.8724191683630771, 0.8976625583527816], "b7": [0.7543577330888993, 0.8938440169909536, 0.8969068130027358], "b8": [0.6150344088255347, 0.8767932337870371, 0.9685257376657745], "b9": [0.0011481991385288654, 0.9852888027208886, 0.8994685961845424]}