{"b0": [0.29604226403384654, 0.975686080325816, 0.9368045640539547], "b1": [0.588436108178119, 0.9215158054546763, 0.8991177869837514], "b2": [0.3475139676375838, 0.9261719826153733, 0.8030406284644442], "b3": [0.877927674444034, 0.846849744882881, 0.8265372826929926], "b4": [0.8938601783159092, 0.8759114732121932, 0.8926132833155377], "b5": [0.9976414009309853, 0.9909595493208089, 0.8763627003680463], "b6": [0.7449757301614771, 0.9153362946391644, 0.9270064080991918], "b7": [0.3140181201618654, 0.8691169826976932, 0.9845826506456351], "b8": [0.7322588896013583, 0.8001562396888409, 0.8084652017105227], "b9": [0.5420337269049658, 0.9797417934124725, 0.9826945252370632]}