{"b0": [0.8968331404594041, 0.9830542789848782, 0.8212471414785951], "b1": [0.7306004609946496, 0.9185051513715876, 0.8218669284263729], "b2": [0.6486468176331498, 0.9291912705233372, 0.9161443949744595], "b3": [0.324226967043467, 0.7740969192551411, 0.9747635268697284], "b4": [0.3370642231798886, 0.8531006245495207, 0.9805759518465507], "b5": [0.7703824412861696, 0.9758110467852622, 0.8404287130283359], "b6": [0.6108290435282128, 0.9918451071650399, 0.8199735479086694], "b7": [0.6187831915141385, 0.8731227384025688, 0.805378388159343], "b8": [0.0103117847319838, 0.9804178910886218, 0.8417918646414413], "b9": [0.032298189964731536, 0.8781339948621286, 0.8921481663341124]}