{"b0": [0.7446693731442591, 0.8801428182595495, 0.8376445074184115], "b1": [0.6083256741388855, 0.8671666479537546, 0.8070906714652846], "b2": [0.3125266632545305, 0.9298086947891586, 0.9719335065613811], "b3": [0.3268022123943982, 0.9271368197012813, 0.9661606086016437], "b4": [0.9994566583546666, 0.994908467270872, 0.9353461542031429], "b5": [0.09149042268023129, 0.9811836097396897, 0.8683200608956828], "b6": [0.33603521394921776, 0.9844674859861975, 0.9363456968261926], "b7": [0.33651802370229084, 0.993442247795928, 0.8749074127200737], "b8": [0.6145863187190055, 0.9871862158000099, 0.8512599487813018], "b9": [0.9074393734504469, 0.9460460321538946, 0.9709025501302915]}