{"b0": [0.9992045826057698, 0.9817063762865275, 0.9866968333674475], "b1": [0.006653813788080969, 0.9247159580767303, 0.8839532562164564], "b2": [0.27099567098688127, 0.8574461524786084, 0.9426447944226222], "b3": [0.9821215580688423, 0.9797098853552535, 0.9551413311015833], "b4": [0.7405463473091122, 0.9177136456419754, 0.9752182036684939], "b5": [0.7441028498900835, 0.9982592715438352, 0.9056650540340389], "b6": [0.3247205879540646, 0.8848374759801331, 0.8210188483917297], "b7": [0.7904885560405586, 0.9431299653741925, 0.816977977966674], "b8": [0.985427829551837, 0.8538634520043267, 0.9182468319284288], "b9": [0.761006047127972, 0.9842335746599941, 0.8878141591801244]}