{"b0": [0.0771580705470785, 0.9552036836989803, 0.8096414364617539], "b1": [0.7495342712601897, 0.9148801321903081, 0.9680558509340131], "b2": [0.9980088748685687, 0.9396978908055051, 0.9642627367993539], "b3": [0.758013477140647, 0.8974656009581071, 0.9117156266970358], "b4": [0.7463404399570946, 0.6004581053025416, 0.9449019508206146], "b5": [0.9797331520074767, 0.8745250095878616, 0.9248825812030611], "b6": [0.01644093550811436, 0.9838242806234989, 0.99041085139436], "b7": [0.7798678600629629, 0.8729648801907298, 0.8663358298874205], "b8": [0.9990759548722232, 0.9425452935764782, 0.9302419774790144], "b9": [0.7333663717800464, 0.9946102238876162, 0.9181180649574433]}