{"b0": [0.769881302469851, 0.970854504573857, 0.8489731546123801], "b1": [0.787493842706287, 0.7951325587743228, 0.8369081661352584], "b2": [0.9929719421085104, 0.9065763190485121, 0.8345497282296241], "b3": [0.009246597625315928, 0.9689992922529531, 0.8342120267358467], "b4": [0.7245021944220855, 0.914419296132667, 0.9556577907753586], "b5": [0.6184098436207521, 0.930820974885073, 0.9049947015995871], "b6": [0.009677605722249422, 0.8767418095406512, 0.96277471663254], "b7": [0.9945228703993776, 0.8132593079917494, 0.8451697535114683], "b8": [0.07257537983896148, 0.8352630918374166, 0.9364675457658035], "b9": [0.7707107909678511, 0.9972975089413884, 0.8889814952403057]}