{"b0": [0.8675588091324369, 0.9343310809399676, 0.9880888198169915], "b1": [0.9620624470012541, 0.9024207683217736, 0.8637597457945853], "b2": [0.7173163995677483, 0.9535159660013741, 0.8698096962924164], "b3": [0.535960275758527, 0.9516330831615744, 0.8841720609218302], "b4": [0.8970067496040989, 0.9971238588677765, 0.9383860512759438], "b5": [0.1611960049726181, 0.8076584443726926, 0.8948136482757735], "b6": [0.7561283964957181, 0.8914342626888356, 0.8860211520783388], "b7": [0.9003031901531025, 0.7754049735944102, 0.8066027968703334], "b8": [0.8742042354871683, 0.8325793232799357, 0.8492068022520946], "b9": [0.8580351778537053, 0.9841261453734315, 0.8783401105746887]}