{"b0": [0.16339805894357182, 0.9406347991855698, 0.990439784294055], "b1": [0.15778776687605833, 0.8734781529888435, 0.9873233380008035], "b2": [0.16188512431182692, 0.6994799890547515, 0.8011475098309394], "b3": [0.06002863685558227, 0.8997633872814306, 0.9854107366741519], "b4": [0.16786284546375338, 0.9512461771789343, 0.873896695252825], "b5": [0.8594794661785907, 0.998334255624593, 0.9105519001694427], "b6": [0.15724248152599613, 0.9787185919435288, 0.8849874973497436], "b7": [0.641999591881798, 0.9873097606346516, 0.9012218007365518], "b8": [0.5943537825914114, 0.9314962119853005, 0.8741473879133621], "b9": [0.5818844660259886, 0.8878401368134419, 0.8001223625447764]}