{"b0": [0.1659753761700654, 0.9968125782346966, 0.9385963916853888], "b1": [0.8752522019527267, 0.7940418320343858, 0.8183764571306744], "b2": [0.003634790318568203, 0.9047113956001838, 0.9925007481724988], "b3": [0.990616812471382, 0.9871512863255112, 0.8838492318095321], "b4": [0.8644379076172494, 0.9886897252789416, 0.8482072510492829], "b5": [0.1584779989147434, 0.9076157788081237, 0.9192984724527815], "b6": [0.0004254294310306834, 0.881403610344665, 0.8240166602379998], "b7": [0.6419747089231493, 0.8805909564508138, 0.9534747271736761], "b8": [0.1623486510019357, 0.9830219311718673, 0.838922023195276], "b9": [0.89059401950944, 0.9263425105908357, 0.9932164805779629]}