{"b0": [0.8768949798685058, 0.9549971689887599, 0.9489316342871875], "b1": [0.5693363369785672, 0.960817874588871, 0.8886929346700753], "b2": [0.15673174066271162, 0.8856382940265658, 0.8009292114239039], "b3": [0.1751663364866318, 0.9760812943348482, 0.8480263852188747], "b4": [0.8697200644889026, 0.9980407569823656, 0.9695295155931737], "b5": [0.8346180107930177, 0.9679070571262948, 0.8149073519599105], "b6": [0.8660175844716212, 0.8959029834030672, 0.9811771591562933], "b7": [0.17040357170155115, 0.9818026682171821, 0.9810732180436794], "b8": [0.015615608474070522, 0.9122640197322066, 0.8358519126031845], "b9": [0.9981653831730415, 0.9424157314061261, 0.8122902047458888]}