{"b0": [0.32280104926835074, 0.9160197538949444, 0.9325459812139084], "b1": [0.1537368525319411, 0.9221349605493658, 0.9388492736898079], "b2": [0.07129813079891893, 0.8851068494307387, 0.8694925835001337], "b3": [0.1673486637719885, 0.9500201603408824, 0.910377866975301], "b4": [0.32342886059879433, 0.9961433655725871, 0.967909036237584], "b5": [0.15543007981639953, 0.9051289117354391, 0.8471589694491868], "b6": [0.35944203229961774, 0.9495662207271269, 0.8373907901981136], "b7": [0.6049001781471988, 0.9882765669982057, 0.9199937897645956], "b8": [0.6144704958312411, 0.9262897927870616, 0.8526791852269797], "b9": [0.6351202350699005, 0.9437390095343584, 0.977772778152522]}