{"b0": [0.7643424855848745, 0.9503966800028035, 0.9068409539318659], "b1": [0.16208209904160473, 0.8759263321821247, 0.9837395470357209], "b2": [0.3252391905618745, 0.9248185838793623, 0.8365383498680207], "b3": [0.0826264374993921, 0.9210287979103643, 0.944743963211557], "b4": [0.08406488625193881, 0.9285980685923297, 0.909410133332101], "b5": [0.16103430785720363, 0.8491194298224626, 0.8015557065974552], "b6": [0.3382836538391684, 0.9539477621428257, 0.8005987421956973], "b7": [0.6118315428516021, 0.9490188700457872, 0.8314564705164486], "b8": [0.0012929312614567102, 0.9751099096522777, 0.8502607238250915], "b9": [0.3333867866325425, 0.9574246308534298, 0.956673600555205]}