{"b0": [0.31314202759591425, 0.8988965067694414, 0.8900185389978037], "b1": [0.628297553458713, 0.9384402829317529, 0.8825869362982907], "b2": [0.38699627403402864, 0.9644205437685462, 0.9999844112307175], "b3": [0.3126273735620083, 0.8677610435175052, 0.8761505754781392], "b4": [0.6431958845237961, 0.8888578561232694, 0.8807692878952815], "b5": [0.5887265146084182, 0.98302891789529, 0.9273494433593487], "b6": [0.8440102309927606, 0.9191592344086366, 0.9122684049808113], "b7": [0.5935270906140231, 0.8399266177437512, 0.8475334790450895], "b8": [0.3609167108137117, 0.9451804838700606, 0.9499362702659491], "b9": [0.8572569864519992, 0.8223148612370244, 0.9787667567854729]}