{"b0": [0.10136897390103021, 0.8301665368174662, 0.8249196666575139], "b1": [0.15667091798192936, 0.8785002662060024, 0.9292792606627899], "b2": [0.08866736102662981, 0.9984676968655389, 0.8170841455004129], "b3": [0.3398720806143077, 0.9123495097991521, 0.9517713221448628], "b4": [0.752948045363701, 0.9930590429101188, 0.8378911013849912], "b5": [0.3350922372128653, 0.8320841945582312, 0.8859728096588253], "b6": [0.14741871008399607, 0.7129615343249075, 0.9150623711337209], "b7": [0.15442711148683283, 0.8230534028859124, 0.8209745656087271], "b8": [0.1580514218803931, 0.9812807937242379, 0.9550911943918615], "b9": [0.161199801903613, 0.9303040657530742, 0.8701394075221374]}