{"b0": [0.9596916548539121, 0.9859871108725204, 0.8544897670432252], "b1": [0.651960982213565, 0.9685847322730116, 0.8110241562587351], "b2": [0.7290989224083211, 0.8770906526699547, 0.9194939176604039], "b3": [0.2997008979156195, 0.7340822176111856, 0.8922802729305769], "b4": [0.6001527420358557, 0.8749326300608972, 0.9503296081926983], "b5": [0.16997694194880336, 0.7477053388218152, 0.854082819098913], "b6": [0.2765442951109216, 0.8843602695290222, 0.817970349958747], "b7": [0.004644918466116646, 0.8794617168190384, 0.9935540321569802], "b8": [0.7778834005146661, 0.9019204401720126, 0.8809202440001351], "b9": [0.005851043911604467, 0.9935594581124796, 0.9816654198408209]}