{"b0": [0.6064849091624582, 0.8570588261043981, 0.8309062596543992], "b1": [0.3761058599148187, 0.9181091358291436, 0.9961021620160753], "b2": [0.32294686242065557, 0.9376237934353323, 0.8538953152756327], "b3": [0.6178176680034813, 0.9376153539354907, 0.9247849327616072], "b4": [0.9946847380150479, 0.9166837461941181, 0.9800645755128622], "b5": [0.15561702282320064, 0.9540046344741748, 0.9867483507645326], "b6": [0.36893411118280617, 0.8530847958981405, 0.9168963186145573], "b7": [0.25532054558529255, 0.9165929895432431, 0.9378767847634133], "b8": [0.08851576630962027, 0.9241774744494622, 0.9444341689445546], "b9": [0.0045327689825676, 0.9232730969319911, 0.9047958288630932]}