{"b0": [0.5530628416719687, 0.8852980522710608, 0.8952502639677787], "b1": [0.7319059291492103, 0.9474433904012186, 0.9656837715103596], "b2": [0.15553006828710264, 0.9844905434750999, 0.887720725648864], "b3": [0.16399048564027788, 0.8537221413869033, 0.8887453775622882], "b4": [0.6784975446491818, 0.9309180912007058, 0.8340895245239267], "b5": [0.7188319926856732, 0.9700941655054928, 0.9534260146402083], "b6": [0.16636292616043946, 0.8965320422404681, 0.8628872144772699], "b7": [0.1569670679600078, 0.9725199500509014, 0.9183982514390487], "b8": [0.30009371885336616, 0.9608489355298038, 0.8094024997575464], "b9": [0.7609958396994487, 0.9862253319531576, 0.8243333808441777]}