{"b0": [0.16070297682653897, 0.9512345944880616, 0.8352383162817435], "b1": [0.15397463418465673, 0.9481146074889872, 0.9614412601269116], "b2": [0.7461954310810206, 0.9823191876860686, 0.9243325888755972], "b3": [0.1671513258221598, 0.8556772367281296, 0.954967077876908], "b4": [0.8655271289201224, 0.8260745508669615, 0.8998590993952162], "b5": [0.9990710172757618, 0.7525125760192728, 0.8558885132957866], "b6": [0.34305395870376176, 0.8120787844598724, 0.8206064176088697], "b7": [0.5435996803101447, 0.9004592980135812, 0.8424523765521985], "b8": [0.55187789683017, 0.9763869058266595, 0.9504597574363838], "b9": [0.1576311103887612, 0.9457177730299915, 0.975979739599998]}