{"b0": [0.6468708701569174, 0.9391376867315196, 0.816954015585796], "b1": [0.1690440329400279, 0.9802778315751843, 0.9023304614244477], "b2": [0.7576532041193428, 0.984864397262088, 0.9296045686345987], "b3": [0.15452577899982764, 0.9882496693943742, 0.9939902750805695], "b4": [0.1576986345629961, 0.9205289910947978, 0.8864983263752435], "b5": [0.626596080967333, 0.9979232874065366, 0.8814627122746476], "b6": [0.16438748616832308, 0.8781174130402069, 0.9294822091300787], "b7": [0.15651042031397894, 0.9686491200030545, 0.8083703813397889], "b8": [0.16281809138962067, 0.9462164599856567, 0.8657927438435911], "b9": [0.7713045961783623, 0.8969565529439228, 0.8225895929636272]}