{"b0": [0.7377400476976763, 0.9331214915802204, 0.8777939576195548], "b1": [0.16592426407974656, 0.8324755604935115, 0.9812543287359675], "b2": [0.8896073951550975, 0.9300031364428623, 0.847295196243798], "b3": [0.5557149217258851, 0.9910859620158118, 0.973309590035896], "b4": [0.7371054761713068, 0.8696181491669388, 0.8568753982717496], "b5": [0.5639898442589172, 0.9589435349053397, 0.8459201459162692], "b6": [0.7412611741362042, 0.827811633303312, 0.9649168063865075], "b7": [0.9910805581452884, 0.9363295133819023, 0.8021832464886206], "b8": [0.3297813081261505, 0.9083347468944786, 0.9859477103961054], "b9": [0.5725893829247137, 0.960624265865772, 0.935298622063061]}