{"b0": [0.07423398469952924, 0.8998464392300793, 0.9192289679660922], "b1": [0.9074147423829498, 0.9250119274648018, 0.8439363938940704], "b2": [0.7947857961298918, 0.8778352293321937, 0.8962044645142825], "b3": [0.865803577925675, 0.9429665068238742, 0.9955356446347371], "b4": [0.021488202395172077, 0.9334583175088429, 0.9847050748903762], "b5": [0.10279088568363466, 0.9730938735112948, 0.8354457857876605], "b6": [0.7492743651084386, 0.956382192889595, 0.9940817057877299], "b7": [0.8810383116489879, 0.9290416932488769, 0.8809595785109781], "b8": [0.6148577759763972, 0.9396110031947507, 0.9443341623599031], "b9": [0.6300117532304966, 0.933719643178173, 0.8900628763571191]}