{"b0": [0.6103101145626895, 0.903710059688622, 0.9534183492155117], "b1": [0.8776577477048738, 0.8934764104969929, 0.9365915864183857], "b2": [0.355819593628685, 0.8836131158783859, 0.8938266906711431], "b3": [0.3486496823722946, 0.9456889340516512, 0.9259544574665078], "b4": [0.7977762511296731, 0.8606131368055183, 0.8908743583233685], "b5": [0.7238282594778922, 0.7929151014251977, 0.8088299475963331], "b6": [0.3169040993223883, 0.9530704556116365, 0.8129840958629153], "b7": [0.009533636110784675, 0.9197064776944943, 0.832278129944271], "b8": [0.6323887047182957, 0.9772135557801601, 0.8779570317516575], "b9": [0.7872407244319676, 0.9038552794217047, 0.9705634447720746]}