{"b0": [0.7434506598569882, 0.8759084848153905, 0.8886532735148647], "b1": [0.6306129495676536, 0.9887837114591105, 0.8412559706937024], "b2": [0.7344635158439564, 0.8706096199138537, 0.828024655369905], "b3": [0.013807628862936256, 0.9125780688223272, 0.8265732712439575], "b4": [0.6347846061866094, 0.8848161419255013, 0.9599012243775158], "b5": [0.7368437061618855, 0.9512945203728126, 0.8546898411716214], "b6": [0.5044165372296948, 0.9521703667552245, 0.8021479241441557], "b7": [0.3368422576245315, 0.9571690580969655, 0.9974326637871878], "b8": [0.8884323116553442, 0.9513053621453715, 0.9509719550561587], "b9": [0.07428316854978559, 0.9124069731879085, 0.8135766706173814]}