{"b0": [0.7373701665711245, 0.9567907529435269, 0.9131060702199234], "b1": [0.7349241291745721, 0.9560832808597638, 0.912195611120409], "b2": [0.6949208479858712, 0.8360652759248925, 0.9493017714700445], "b3": [0.08853707024149482, 0.9386720226208014, 0.9472004032118043], "b4": [0.899833341159309, 0.981620991641345, 0.886286478154896], "b5": [0.1660446883456483, 0.9221581385458222, 0.9399040016257719], "b6": [0.6679682807628647, 0.9899903533583635, 0.8154894396263553], "b7": [0.5786494632353042, 0.9867651307552293, 0.8306777539432639], "b8": [0.5765897956251986, 0.8778201074112336, 0.8441243330247166], "b9": [0.9924882901414301, 0.9645772809356525, 0.8621083240525448]}