{"b0": [0.0929671345468421, 0.9786438488638738, 0.8801686515841112], "b1": [0.731421986400042, 0.9067334251360002, 0.9236810597299496], "b2": [0.3271107079436465, 0.7678609569925975, 0.917047451021389], "b3": [0.7489634936346635, 0.9289795998013827, 0.8590600477523441], "b4": [0.7540960746811917, 0.9530530693708775, 0.8614981830285855], "b5": [0.6432214767416471, 0.9276224437278472, 0.9987694569071875], "b6": [0.33815471348914955, 0.9541760979054363, 0.9185602131924445], "b7": [0.5689733028817082, 0.9464326181242062, 0.8005528525304061], "b8": [0.8434657840689503, 0.9677535712573565, 0.9015277099530823], "b9": [0.33874930567715067, 0.9635691603550015, 0.84091643136711]}