{"b0": [0.7540043081667294, 0.9552438846411339, 0.8543283313518333], "b1": [0.7624161215392665, 0.9087868345447252, 0.8663551807668125], "b2": [0.8546311695234451, 0.955927791610908, 0.9076742707351491], "b3": [0.8480553591639156, 0.9243908837387549, 0.9976834482515698], "b4": [0.7485317866409396, 0.9534519715360362, 0.979513271476129], "b5": [0.7543936734377327, 0.813181428935665, 0.9362663432853137], "b6": [0.7443462473442249, 0.9120863042462132, 0.9650776387950303], "b7": [0.8653470305705687, 0.9144259904485529, 0.8092211766550383], "b8": [0.8858511988654453, 0.8703543273753754, 0.8576292897765999], "b9": [0.7401729329623485, 0.8849071455384516, 0.8956936131300474]}