{"b0": [0.7539610018136375, 0.8852797561135501, 0.9975973933504296], "b1": [0.725661553148613, 0.8816249496766173, 0.9767805907853386], "b2": [0.7588516199305054, 0.9105392759821876, 0.9733909772550164], "b3": [0.7696019529007908, 0.849505790359534, 0.9718885162829299], "b4": [0.7003973576289715, 0.7811594327202585, 0.819679317990952], "b5": [0.8989928566071979, 0.9926763821183555, 0.8134937997076566], "b6": [0.7443812193862824, 0.8682177825245018, 0.8865619674140235], "b7": [0.833710954205552, 0.9359315237705641, 0.8461515982470642], "b8": [0.8710966300800755, 0.9529003141466759, 0.8072391379858953], "b9": [0.8703142370414632, 0.8443287866032264, 0.8047236110182143]}