{"b0": [0.6508864626829282, 0.9627883029623409, 0.830493203892766], "b1": [0.8708596179574672, 0.9355837008996905, 0.8645126122135192], "b2": [0.8993057029071981, 0.9922724599292249, 0.8080100168653892], "b3": [0.7014921517246188, 0.9707442318470589, 0.8598180449607388], "b4": [0.8574170771757553, 0.9711702235165726, 0.8140387465617747], "b5": [0.7785131885820219, 0.9379641446874184, 0.8318152425016833], "b6": [0.7568004510654375, 0.9869522188652802, 0.931557940895916], "b7": [0.8569917662959354, 0.9309170696525917, 0.932537203568966], "b8": [0.7274071128155133, 0.8059870215035315, 0.9450956649665737], "b9": [0.9089654196316842, 0.9010320890129866, 0.9929367104486286]}