{"b0": [0.00017548582034589946, 0.8506074579804214, 0.8679369684362728], "b1": [0.8827367174848331, 0.8531238460697529, 0.995479710258875], "b2": [0.7946525181894798, 0.9684315754690402, 0.9834157134401957], "b3": [0.15733480398413616, 0.9835692314349075, 0.9495218364750373], "b4": [0.16756617817005254, 0.9747418231842631, 0.941569456162946], "b5": [0.9932861469979629, 0.9477818459251549, 0.839796344978092], "b6": [0.0019364000801585124, 0.8690395918171329, 0.8790581161815427], "b7": [0.010575866095837274, 0.7871686526448162, 0.959510394273173], "b8": [0.0765519505192323, 0.9937777985380705, 0.8509371688368536], "b9": [0.09353233247957736, 0.9055038915340303, 0.9519159849888665]}