{"b0": [0.8758896891308652, 0.9118750891892076, 0.8509279282102624], "b1": [0.7422981523899732, 0.9045372416426767, 0.964720048625285], "b2": [0.9976171022486986, 0.9376420264985825, 0.9527486273583756], "b3": [0.0026887849918864953, 0.8347424049422949, 0.9534473531609038], "b4": [0.01114275475554474, 0.9775509870672907, 0.9435804848221566], "b5": [0.020392572161640664, 0.9790982103614292, 0.8361886739489425], "b6": [0.08926693318686846, 0.9633956251351486, 0.9115352990105717], "b7": [0.163572089646758, 0.9151708698010738, 0.8542804390452097], "b8": [0.07720339688871114, 0.9735965723019777, 0.8334107881269073], "b9": [0.004338948882963205, 0.9728874513784127, 0.9999167052233475]}