{"b0": [0.6128909283044648, 0.8542511877832307, 0.8035284340809511], "b1": [0.32364229000534417, 0.8632295642784468, 0.9023133054970873], "b2": [0.006405500074457758, 0.9601788665312487, 0.8970113281463469], "b3": [0.03295929661888392, 0.8038180621931355, 0.9580857246840065], "b4": [0.30630995900170466, 0.839016275113853, 0.9107888201840397], "b5": [0.06732372039731956, 0.9108264321554329, 0.9681161445332473], "b6": [0.37106944387300816, 0.8571433018274698, 0.8985665192118539], "b7": [0.8835399185044978, 0.9111106744846024, 0.8501446318648099], "b8": [0.6216107094139226, 0.7358901039098817, 0.9411319210855281], "b9": [0.08709360113396084, 0.9533657754402423, 0.8998377143259745]}