{"b0": [0.08528806036972579, 0.9298507082092601, 0.9473685248238987], "b1": [0.5610648262251207, 0.8022328929418133, 0.9757477921242369], "b2": [0.3376832184694837, 0.9816968258036909, 0.9517757349864678], "b3": [0.9020128039587901, 0.9559384779204513, 0.9994554766105033], "b4": [0.3370231501686372, 0.8728665191104445, 0.8121517089925909], "b5": [0.8619153464900045, 0.7878982617727821, 0.8093778450187763], "b6": [0.737199814215245, 0.9883187432687585, 0.8854343235977257], "b7": [0.5871459275937089, 0.9212781994622218, 0.8216708433751577], "b8": [0.5831751757810103, 0.7998265071929181, 0.9116554208267469], "b9": [0.08370561078624826, 0.9873267202983511, 0.9307598392221706]}