{"b0": [0.08902913339551649, 0.9017241360963105, 0.8985030073747643], "b1": [0.08811410458745782, 0.9958766430974113, 0.8216272336363681], "b2": [0.9794886666507004, 0.7088042548508136, 0.8224998004316343], "b3": [0.16585488449259525, 0.9413575101840675, 0.8704198861644007], "b4": [0.6879250502999316, 0.9819314506889179, 0.9072031460495846], "b5": [0.07305377167220872, 0.9955037120830257, 0.8084726101174954], "b6": [0.6282864926535191, 0.8547638268004646, 0.9995655934435362], "b7": [0.9284107763010482, 0.8687578135804706, 0.8461704881637605], "b8": [0.8890440786686123, 0.9903111619437616, 0.962460425197694], "b9": [0.06670162996866422, 0.8762324945625017, 0.8847333708695091]}