{"b0": [0.3388903762089746, 0.9091362052412041, 0.840173848030886], "b1": [0.28864261508156214, 0.8967803919691087, 0.8317368374069354], "b2": [0.8488060759380032, 0.944017939070972, 0.8234345611142696], "b3": [0.8740587895996537, 0.9367933292546121, 0.9977138843841393], "b4": [0.9358360759210275, 0.8438478078946496, 0.898948698496402], "b5": [0.16347042731089345, 0.9621660335611264, 0.916821876984043], "b6": [0.5964073142122432, 0.9200464007425683, 0.9103112378233326], "b7": [0.07962596975311033, 0.9293499936431576, 0.8239272954446609], "b8": [0.7055902912607455, 0.8535970413347094, 0.8312408838673668], "b9": [0.2964733083425083, 0.9815101993946104, 0.8442640628079983]}