{"b0": [0.11361654159020956, 0.9948700042099134, 0.8185398698485968], "b1": [0.7479641967853413, 0.947770135074566, 0.8557017679743321], "b2": [0.2915447707686036, 0.9908456431320711, 0.8855669027957909], "b3": [0.8651324738039835, 0.8544450551782701, 0.808106413008474], "b4": [0.08427674100094017, 0.9376665329228764, 0.9537202827077377], "b5": [0.16170580844607246, 0.9160559485582942, 0.8427656280752057], "b6": [0.3487248557103239, 0.8787252847363958, 0.9242608475396807], "b7": [0.7965417464555056, 0.8876858382482818, 0.92868153840904], "b8": [0.6614599809582059, 0.9747018321188448, 0.9305674292092345], "b9": [0.8622427286385682, 0.9694472761072209, 0.8859061106554139]}