{"b0": [0.6126812254136214, 0.8722806619447154, 0.9332000388803914], "b1": [0.882380499242641, 0.9712698523292382, 0.9674778304289553], "b2": [0.8147737748248386, 0.9673047128139791, 0.9308007719432451], "b3": [0.5923574440955012, 0.8830688399185087, 0.938609478545575], "b4": [0.6236125538279684, 0.9325497038259455, 0.9824848565756794], "b5": [0.1588635814660846, 0.9926185819040577, 0.867386297865102], "b6": [0.8464503493448338, 0.8777529392583574, 0.8421258434043993], "b7": [0.8667154077014417, 0.8446876480680396, 0.8365391595029866], "b8": [0.98947949172584, 0.879463242978972, 0.9756353243900487], "b9": [0.009674558477482524, 0.8738389750293846, 0.9064883356104875]}