{"b0": [0.7643202543997805, 0.9999150577399071, 0.8464301284352993], "b1": [0.6098500410672775, 0.9387715054203608, 0.9326007141471351], "b2": [0.006343133882236689, 0.7391153091730175, 0.9933638705696194], "b3": [0.9343182736049414, 0.7908572899667113, 0.9784289810935554], "b4": [0.31665208907390285, 0.805092670764779, 0.8003973963924272], "b5": [0.8822438542637149, 0.9290687162434371, 0.9184836446773561], "b6": [0.0816125698540295, 0.9631985683478099, 0.8774505289034665], "b7": [0.8982590879678071, 0.7831344926833474, 0.8635475192049598], "b8": [0.9904995327481602, 0.8051608211682268, 0.9574216024271491], "b9": [0.9079252923799896, 0.9808612356432385, 0.9604396107744932]}