{"b0": [0.1582727494325824, 0.9782451946040132, 0.8147787479648769], "b1": [0.7368762495990544, 0.9401596102799807, 0.9733995531404509], "b2": [0.3633486009201625, 0.9995078060555451, 0.9041354879602547], "b3": [0.8816564383310659, 0.9533921735170859, 0.9162260983757372], "b4": [0.8609227166326492, 0.9326659563898655, 0.9095230292081043], "b5": [0.8683553828187383, 0.823006537850263, 0.8939119963813211], "b6": [0.07791098816597657, 0.7819929420714834, 0.9269772779654362], "b7": [0.5526505829736861, 0.7584757613007362, 0.9870445750985014], "b8": [0.07177091737238553, 0.9884458257199329, 0.9697577144881623], "b9": [0.8902148137847006, 0.9028346210804284, 0.9591380803749878]}