{"b0": [0.8847891853074588, 0.8688218485323085, 0.9432489792893872], "b1": [0.99559531722016, 0.9887863442494629, 0.8229544982481543], "b2": [0.8354068039540611, 0.9084029642201138, 0.9991211584575308], "b3": [0.7117791921532222, 0.9270829206454367, 0.9964215935738298], "b4": [0.030761538216954404, 0.7686687895524067, 0.978167687850897], "b5": [0.28645505720551445, 0.7936696497057442, 0.8802137042062977], "b6": [0.7540040196484149, 0.9006085995852077, 0.8483437479951028], "b7": [0.003959246407557818, 0.9889651186847316, 0.9788100773921371], "b8": [0.7561488934540885, 0.9203698160582005, 0.9639051525591232], "b9": [0.3339581048761744, 0.9013866828747688, 0.9324724522069263]}