{"b0": [0.7746373158185479, 0.9313573596155517, 0.8808744261710675], "b1": [0.9906797432607722, 0.8493028882645155, 0.9897367464149153], "b2": [0.16049284730654656, 0.99763275821913, 0.859485697634043], "b3": [0.9891284609778928, 0.8439358898916021, 0.9753569977690474], "b4": [0.7279280652319321, 0.9443299325047466, 0.8132517245308332], "b5": [0.862368497006165, 0.7137941874283333, 0.9956875400149809], "b6": [0.30504451333442384, 0.9501365322851169, 0.9334289496370275], "b7": [0.10880070515789252, 0.9929570512084299, 0.9451583706910435], "b8": [0.07953623475513169, 0.9290861514917255, 0.8099497680438266], "b9": [0.061692141488484814, 0.9659125247067738, 0.8777111797680358]}