{"b0": [0.5895272817624333, 0.8998115344276962, 0.9508831175944121], "b1": [0.007754795969784673, 0.9833625634806792, 0.8992300336023734], "b2": [0.8494562808137934, 0.8629938238664542, 0.94157882356007], "b3": [0.9922127732650482, 0.9126662300274705, 0.9931911286065394], "b4": [0.3368407260902856, 0.9860829792290918, 0.9987218680150243], "b5": [0.11272817203903183, 0.902139585731329, 0.8726352052041679], "b6": [0.5552304880634975, 0.82774671124305, 0.85967885223574], "b7": [0.08767411182230354, 0.8900795130714043, 0.9438309072045671], "b8": [0.7546815591311201, 0.9688348042811381, 0.8091942515962995], "b9": [0.16553236947116923, 0.835586525237839, 0.9846385937759714]}