{"b0": [0.33241932956675924, 0.9801309001887896, 0.8780056936717939], "b1": [0.10897800337929904, 0.9469635502741514, 0.904852153391863], "b2": [0.7664383883750229, 0.7846928990694344, 0.8919963793544529], "b3": [0.07840063538810367, 0.9856038120272246, 0.8071567863683583], "b4": [0.17110631794673992, 0.9419671438440019, 0.9359670888093958], "b5": [0.5782930296136826, 0.958213844205427, 0.9466465758817393], "b6": [0.7586042847599133, 0.9318596876950709, 0.9360882088480008], "b7": [0.006147915414023713, 0.9766344226186218, 0.9643646326326373], "b8": [0.3308306931993946, 0.9251021055944523, 0.8719753064117179], "b9": [0.7462423777148149, 0.9728371632166092, 0.891092574880058]}