{"b0": [0.7548213041745399, 0.8269624321925992, 0.8022754571901436], "b1": [0.8112551763858982, 0.8789695875884567, 0.9575460631467805], "b2": [0.7736765295538843, 0.8302192906718656, 0.8041111173694135], "b3": [0.15853051947676383, 0.9692175291835248, 0.9640576448215111], "b4": [0.16310332726969956, 0.9313685811228778, 0.9965842640635604], "b5": [0.08916469471391915, 0.9967116458607915, 0.8148249653731867], "b6": [0.7091659374050255, 0.924736252798781, 0.8308844804552227], "b7": [0.35424466393048604, 0.9901341998529557, 0.9633732729279898], "b8": [0.1647316355514927, 0.9761832670933684, 0.820937775759903], "b9": [0.09764369448198926, 0.9521271461631461, 0.893969407034593]}