{"b0": [0.8031895621601436, 0.9944991682016412, 0.9093370028666428], "b1": [0.5310950345166621, 0.8060676026310027, 0.9390016804631949], "b2": [0.8468874001603008, 0.8549653839481408, 0.8390559134691955], "b3": [0.7718605839641096, 0.9641033464028861, 0.9186357687416954], "b4": [0.8743825795936501, 0.861261405505299, 0.8612103883815253], "b5": [0.7611535767467033, 0.9622925791586683, 0.8373423017368461], "b6": [0.6956692633356063, 0.9913084490428199, 0.9787981453927793], "b7": [0.32298915580996485, 0.7233199299898753, 0.8194199905860448], "b8": [0.8829685585879318, 0.8056974125887478, 0.835219369218628], "b9": [0.36760113874232503, 0.9830896214378292, 0.9965757244803474]}