{"b0": [0.7142415066103228, 0.9658419240462459, 0.9160357843383732], "b1": [0.9018509460606132, 0.881350343655027, 0.9119191950347666], "b2": [0.7410208543204849, 0.8900201925440568, 0.8419926108911672], "b3": [0.35161318320265783, 0.9459538858313866, 0.8412008732957017], "b4": [0.8013181534316588, 0.9304161521984953, 0.9254925252801649], "b5": [0.7525294716550391, 0.9709239914322053, 0.9304705993530317], "b6": [0.06405235363082454, 0.9043879873007152, 0.87751312464915], "b7": [0.3048128192456076, 0.9791504534366925, 0.9296875161965624], "b8": [0.7686704153897679, 0.9378023817952834, 0.8289440392324683], "b9": [0.7819389996246272, 0.9340426498356647, 0.9666606551184919]}