{"b0": [0.33467887326051937, 0.9944234281386621, 0.905149054236592], "b1": [0.873333898814795, 0.8652952179542329, 0.8846149937332851], "b2": [0.1742407841952647, 0.8597345637228523, 0.9693552425295563], "b3": [0.1587388536266895, 0.9363724871348907, 0.995622298076519], "b4": [0.6259186204506227, 0.9722016050716111, 0.895285300557434], "b5": [0.6188893664356842, 0.9189564441930503, 0.9879203625808408], "b6": [0.16967612310520588, 0.8872655661022563, 0.8877075386840377], "b7": [0.7426819098203026, 0.9458642845398141, 0.9830512417862982], "b8": [0.1643244626768286, 0.816751157570323, 0.8463505289039233], "b9": [0.7785907877450452, 0.9530022760527557, 0.8280723660290665]}