{"b0": [0.01443590120959839, 0.9491647862086201, 0.8205629875242774], "b1": [0.7069962793470244, 0.9845747680440359, 0.9460480700589714], "b2": [0.002704311191028866, 0.9173000151582522, 0.8276383717124165], "b3": [0.16755203100555527, 0.9026275021927427, 0.9514932089166394], "b4": [0.025505629235546234, 0.925613636474867, 0.9118933871244349], "b5": [0.868056929416035, 0.8932918066387914, 0.818810801559254], "b6": [0.16312630944438078, 0.9761428124239157, 0.8184443935257865], "b7": [0.16452538895404956, 0.9537784163744122, 0.9279009263815554], "b8": [0.16440724794527894, 0.8994922841299506, 0.910684756191717], "b9": [0.9847305331796926, 0.8671996501529518, 0.9584199985217908]}