{"b0": [0.16650204582579622, 0.957500658555168, 0.9242370736059956], "b1": [0.1577111312676951, 0.9905344038854383, 0.9311190213205398], "b2": [0.2988308788630048, 0.9398035089941799, 0.9605841027212635], "b3": [0.3242038446141687, 0.9551245726468338, 0.8946863442127304], "b4": [0.09048714022405945, 0.9713414677472402, 0.9670879646112607], "b5": [0.09165683318064063, 0.9817143336481026, 0.9112086141865688], "b6": [0.7505927186094357, 0.9517517653739067, 0.9989057610339701], "b7": [0.10237288647664905, 0.7833541528904917, 0.8175512712630063], "b8": [0.3362223120845673, 0.9392703447670608, 0.972983830487035], "b9": [0.7227054530805358, 0.9309389753740139, 0.8222596517762603]}