{"b0": [0.08647634506678185, 0.9153575443660367, 0.9938594111149941], "b1": [0.8530408585720306, 0.9189506896403548, 0.8554493961471303], "b2": [0.5845119704870174, 0.9274222766003085, 0.9432451458801084], "b3": [0.16339871350807475, 0.8997879013721214, 0.8182610993685847], "b4": [0.30851363985411107, 0.9881949128394361, 0.9681438764086334], "b5": [0.03614416866872157, 0.9064618521602771, 0.8288347230155182], "b6": [0.7693818220319166, 0.8936392555870826, 0.9384434274914664], "b7": [0.6459346040648098, 0.8661636311510306, 0.8241604063414627], "b8": [0.08320529969387186, 0.9359408778045933, 0.8324991324363082], "b9": [0.09248882127020013, 0.9283504014863315, 0.8027786851857244]}