{"b0": [0.7105972314493201, 0.9646157654522622, 0.8776238685257124], "b1": [0.8639746664886896, 0.8298173340213902, 0.8587895883819749], "b2": [0.09981713411518868, 0.9833160150773423, 0.912239544719981], "b3": [0.0023160817477729458, 0.9666442490868554, 0.9775398042809164], "b4": [0.08739949252859916, 0.9643318019607103, 0.9659813120776315], "b5": [0.0868261559060542, 0.8784826775523471, 0.8479950118407876], "b6": [0.16425565320027435, 0.9582957147087576, 0.942801658570534], "b7": [0.1668391613044063, 0.9710223529665102, 0.9820321090140696], "b8": [0.9823963504009612, 0.8616609985396247, 0.8443459902378038], "b9": [0.10039095230565832, 0.9694911331644832, 0.8262330719854856]}