{"b0": [0.5458480652617204, 0.9961215539113746, 0.8258727590607435], "b1": [0.09666742160641233, 0.8297464577811923, 0.9724569517287692], "b2": [0.3308431028288104, 0.9541617183940373, 0.8096880157786877], "b3": [0.08169306105228843, 0.9316174903935996, 0.9209439324568878], "b4": [0.11766109932002639, 0.9751749451128776, 0.9772408463166355], "b5": [0.7627685613089612, 0.9141209771679232, 0.8593518481305666], "b6": [0.9569932651499403, 0.9722203316408171, 0.8433473494249], "b7": [0.32693845522649434, 0.9497665905374695, 0.9646406612185591], "b8": [0.07157420519189346, 0.8913036220424085, 0.8735117968713897], "b9": [0.01721239756726035, 0.9922932161368299, 0.8360791109869856]}