{"b0": [0.6437241679372134, 0.9916009298980589, 0.9717534921123174], "b1": [0.058361760080520665, 0.9036180246229985, 0.9834117542222764], "b2": [0.27928762776135546, 0.9870632958408189, 0.8658896897602061], "b3": [0.08106491280965107, 0.9759268829492319, 0.8930064639844919], "b4": [0.16301861918869992, 0.8682245120177348, 0.8868143991411226], "b5": [0.9880965471163, 0.9381691197616451, 0.9163353481842502], "b6": [0.1603526440412852, 0.9743817094553964, 0.9070616688635345], "b7": [0.1466809230290814, 0.6633140308910984, 0.9626266930368671], "b8": [0.1611058046470135, 0.8891546499289626, 0.9542439746805266], "b9": [0.0879173728789005, 0.9815865363618146, 0.8620751765596906]}