{"b0": [0.1657281446905489, 0.970849864892428, 0.9697973361209296], "b1": [0.7838105610925762, 0.8472726406448986, 0.8546855324967717], "b2": [0.7553279283406603, 0.9725810217028767, 0.839099186413549], "b3": [0.08147040703789876, 0.9110854186961351, 0.8608930189931199], "b4": [0.7621681276532857, 0.9929795984507318, 0.8895318075139892], "b5": [0.7696480843937604, 0.9254384759690644, 0.9257822410412423], "b6": [0.16586720057640472, 0.9877422022312161, 0.803217200968027], "b7": [0.7523111370039054, 0.8871281738339243, 0.9571703777349346], "b8": [0.5904903099402885, 0.8363773636413776, 0.8472364023764506], "b9": [0.16336066183160095, 0.909496399328369, 0.9016429178676323]}