{"b0": [0.15671050242986925, 0.9069964241059756, 0.8204959592855715], "b1": [0.3421087455436878, 0.728310088583186, 0.8804857794372216], "b2": [0.3501888836565367, 0.9765452176704068, 0.9907867695614265], "b3": [0.15511990034651948, 0.9367414690322735, 0.9882115850108826], "b4": [0.1599804530541072, 0.9904794494439177, 0.9295097066204856], "b5": [0.8012735596422863, 0.8427095732457646, 0.8365503226135629], "b6": [0.16460622994202498, 0.8842191824567529, 0.885048609886205], "b7": [0.1598375187873192, 0.8868645957103797, 0.9698389163563392], "b8": [0.16045020228743267, 0.958242766923324, 0.9247035982361984], "b9": [0.2912188543428389, 0.9946935033468081, 0.8696846997448406]}