{"b0": [0.36045232048741, 0.9211867699343919, 0.8248230294128952], "b1": [0.3277789109127007, 0.8827445042628276, 0.9726568806151774], "b2": [0.06932487872255581, 0.8532882375380052, 0.9891757544991523], "b3": [0.15749130090876, 0.9386199166449984, 0.9615402068850943], "b4": [0.6215930753732126, 0.9943883014558336, 0.9168754422544976], "b5": [0.16333351746916194, 0.8651161199824782, 0.9971388049242366], "b6": [0.16545646349349596, 0.9990893689032471, 0.9769983164107608], "b7": [0.3664786288306351, 0.8521201522514076, 0.8839834467567742], "b8": [0.5535154591747817, 0.9023984007585567, 0.900844070813865], "b9": [0.34502890576075546, 0.7802591874567534, 0.9757337869314783]}