{"b0": [0.09863995782306038, 0.9654380235514816, 0.9002537906313995], "b1": [0.3348026532790028, 0.9631776443266692, 0.9672598681851687], "b2": [0.16844477466071464, 0.93339394403315, 0.9819400871568749], "b3": [0.15379576021287927, 0.9694706896414622, 0.8931699281575982], "b4": [0.371905883279452, 0.7954637609312354, 0.8263860774965276], "b5": [0.31968201495461573, 0.9929400980604245, 0.829578028024072], "b6": [0.17502413752708768, 0.9152500851531302, 0.8773047107256374], "b7": [0.16030239839579807, 0.7724827375755621, 0.9267290835335834], "b8": [0.14576926950476993, 0.9123710096065544, 0.9455163136973956], "b9": [0.3534319050699294, 0.748139969743333, 0.9371913135515942]}