{"b0": [0.16461591202815473, 0.8551124043967158, 0.9279151989512393], "b1": [0.1589973665018424, 0.8942457382113761, 0.8557352910907795], "b2": [0.16483800689496061, 0.9718898000622076, 0.8831180117408293], "b3": [0.3062692627438899, 0.961863693885421, 0.8206660496236092], "b4": [0.0071656569996247695, 0.9367098264241194, 0.8794491343612333], "b5": [0.3566780209504913, 0.9125052390584406, 0.8034436809986761], "b6": [0.3320038196403125, 0.9418850747928414, 0.9386466245949124], "b7": [0.16001555670208856, 0.9446220446620436, 0.9884463341065488], "b8": [0.3190257523291113, 0.8974451665092101, 0.9847068436727394], "b9": [0.16304819705901596, 0.999286500306381, 0.9211389966072077]}