{"b0": [0.16394992307610554, 0.940095636657928, 0.8327765972306068], "b1": [0.15576702519773927, 0.9963701466330154, 0.8207382085531334], "b2": [0.15843651902230402, 0.9926987976882793, 0.9442627943341758], "b3": [0.3429048298833519, 0.9859952643987647, 0.9190719028290928], "b4": [0.598214117836107, 0.9963582514293374, 0.8511861443291967], "b5": [0.32334427045511716, 0.9999775121877026, 0.9788449908431831], "b6": [0.34989802883480037, 0.9484574823267411, 0.8980985292359194], "b7": [0.28508204926003594, 0.9548230579442335, 0.9974280723964495], "b8": [0.3209779837101221, 0.9432197734189123, 0.9444659489971993], "b9": [0.871683894901789, 0.9450885133925143, 0.8498295435070523]}