{"b0": [0.1579782162025538, 0.9510518409995601, 0.9194750788962238], "b1": [0.2957496569906042, 0.9789379986669796, 0.8174152243898924], "b2": [0.6281765602230116, 0.9220202952992597, 0.8239131188006676], "b3": [0.7659731019315061, 0.8884984310404964, 0.9119512137388474], "b4": [0.584021629782153, 0.9573997378950553, 0.8348017766314878], "b5": [0.9950276605932039, 0.9965901876164404, 0.9081389505332582], "b6": [0.0881177708382917, 0.8345486699233521, 0.8211234888656825], "b7": [0.0870680444971577, 0.8942268549466799, 0.8184585129342594], "b8": [0.8844356400063369, 0.8030421459429659, 0.914971324012247], "b9": [0.8639865281958226, 0.8996330288496495, 0.908703442368306]}