{"b0": [0.8898515221668508, 0.9888911777398828, 0.848331597976112], "b1": [0.8616694236191943, 0.8700897050386227, 0.8469698229572816], "b2": [0.2984746044392741, 0.8903932313621271, 0.9207239174616396], "b3": [0.32078197278274495, 0.9814434236409498, 0.9213083311658119], "b4": [0.8782210652387389, 0.8958232352847892, 0.9416906359495356], "b5": [0.8772903561853428, 0.9591472730563549, 0.9656415069526102], "b6": [0.7165594244326712, 0.8973256333774029, 0.8976200197069079], "b7": [0.3211146087577649, 0.7708174766322244, 0.9533667501826519], "b8": [0.757857021232282, 0.8199438141130626, 0.8176745791220597], "b9": [0.8939532419196645, 0.7284919890565459, 0.8671021633337639]}