{"b0": [0.3484328713110053, 0.9889294866378031, 0.8367691640420865], "b1": [0.3523576083848994, 0.8022305771886258, 0.8849143842701452], "b2": [0.8572167134819031, 0.8763931033424679, 0.9484465817120884], "b3": [0.8880291712270434, 0.8838494694283612, 0.9980098589026442], "b4": [0.8792542468145302, 0.9728718973681122, 0.8658280926070063], "b5": [0.7167933452856103, 0.7983133289748614, 0.8650790660074221], "b6": [0.31881998246008736, 0.8128252565953321, 0.9369507259473275], "b7": [0.8916530292736695, 0.9275093739356539, 0.9904854868088063], "b8": [0.16270143754462082, 0.9232607995668947, 0.8413670304918593], "b9": [0.3799178063310529, 0.8592705346722311, 0.8511976587603968]}