{"b0": [0.0922346421155609, 0.9495264111211975, 0.9779153317170342], "b1": [0.8878007123255032, 0.9839413431100226, 0.9630011013262094], "b2": [0.013114869638137492, 0.9024204291132673, 0.9419579139346236], "b3": [0.08972667289145303, 0.9351788760014537, 0.9511345361248101], "b4": [0.3145710610549993, 0.9618966069514863, 0.8506077470586166], "b5": [0.34910198187419345, 0.805666459361533, 0.867723393533848], "b6": [0.33323931012958513, 0.871361176189676, 0.9544913618716991], "b7": [0.1673430751782211, 0.9419428907587831, 0.9508682348543391], "b8": [0.8994382677130451, 0.923476971620633, 0.8800753908388783], "b9": [0.8460104353490425, 0.9344988266704399, 0.8760615962141821]}