{"b0": [0.8087668011474972, 0.9543804060615945, 0.822642960118323], "b1": [0.8513927344090757, 0.9660536664523321, 0.9189528469507674], "b2": [0.9126190918262282, 0.7210160790119565, 0.9364858147512822], "b3": [0.318878332299773, 0.8931493070230982, 0.9631098915167833], "b4": [0.7605368027478105, 0.9631869297570294, 0.8331570744391731], "b5": [0.35251918409387123, 0.9123149493268463, 0.9210341969366225], "b6": [0.31567310444083163, 0.9455477122048156, 0.8494397913768624], "b7": [0.3520369435071507, 0.9850341807931268, 0.8847643815930037], "b8": [0.8956016709255592, 0.8709959661988518, 0.8941249601748089], "b9": [0.5633061356358505, 0.9558129203567088, 0.9204269727718821]}