{"b0": [0.7296998690085243, 0.9398867002390655, 0.8247776298645093], "b1": [0.7080273279066635, 0.884896849856273, 0.8796905879049632], "b2": [0.7842112293618096, 0.9915161043843733, 0.9479712008264067], "b3": [0.343253696015839, 0.7980961243610787, 0.9198001457562307], "b4": [0.9029138691034355, 0.9673778528257401, 0.8239513399474852], "b5": [0.1593818753886804, 0.8851619229154787, 0.9293721184011744], "b6": [0.3285176404822963, 0.8999171362758309, 0.8998639803756815], "b7": [0.761177426205642, 0.8305308924194051, 0.8332254257927856], "b8": [0.3187296069217024, 0.959772102339269, 0.9242614073894512], "b9": [0.32680751387328405, 0.8655593972002933, 0.9146129135129848]}