{"b0": [0.9024910976315926, 0.9831272832095138, 0.8055804329807813], "b1": [0.1512063774482222, 0.9587165166061723, 0.8162071144167155], "b2": [0.09533358324932535, 0.9564917903268093, 0.824821928195609], "b3": [0.8885821271237421, 0.8647557326220345, 0.9836030028991352], "b4": [0.07609327559629003, 0.9126799287481592, 0.976031334230609], "b5": [0.9017716069767772, 0.8916325643390259, 0.9080455578287067], "b6": [0.35756358563630786, 0.8901148903137812, 0.9754263234152666], "b7": [0.7388546155952844, 0.907199434177315, 0.8701844734684708], "b8": [0.7567560213060669, 0.9177345064532845, 0.8905160641326714], "b9": [0.1528675089917485, 0.9840410213042168, 0.8506537528806557]}