{"b0": [0.3230456977022515, 0.8518466422316949, 0.8382634181793504], "b1": [0.7456933913138937, 0.9656358148041704, 0.9202811907456727], "b2": [0.6283809526590325, 0.9181635247978371, 0.974343268038369], "b3": [0.16479491772295987, 0.9586981558829082, 0.876052874096182], "b4": [0.8861568956481731, 0.9959171396625648, 0.8250796699161623], "b5": [0.8876672522301761, 0.9923849647456642, 0.9416256607984471], "b6": [0.9825838624146379, 0.922343371494444, 0.8146290829528076], "b7": [0.1624165225990648, 0.9830074915031602, 0.8821844128100425], "b8": [0.07326910262860016, 0.9097418357657103, 0.8652915378218202], "b9": [0.9416514687328114, 0.9797663512195772, 0.807158621389334]}