{"b0": [0.16440605874806194, 0.8212264058498758, 0.9695697302136089], "b1": [0.07840107061458598, 0.8955867215858614, 0.8552990213569448], "b2": [0.08337268569634258, 0.9531334539228794, 0.9215779425860972], "b3": [0.1660089664487397, 0.9279115418137441, 0.8850915806901645], "b4": [0.7430866387512283, 0.744107548231387, 0.8292421503178738], "b5": [0.15511444579347394, 0.9466434734669653, 0.9710282160085044], "b6": [0.07728770838252477, 0.9713807582076391, 0.8693286769055935], "b7": [0.9117630682623649, 0.8928220406781204, 0.9792945348651315], "b8": [0.8810198612352227, 0.9404359835479272, 0.9997282807002555], "b9": [0.904148212295054, 0.9190584192440753, 0.8811760301833597]}