{"b0": [0.8213345775754659, 0.9448781787445343, 0.9621676762120829], "b1": [0.7935667259189969, 0.8640822580191829, 0.8594241626257891], "b2": [0.08896736339978097, 0.8498555484142356, 0.8570233712487646], "b3": [0.07325156094867422, 0.888485195695993, 0.9950206097151642], "b4": [0.02157321697674912, 0.9489405761042033, 0.9190174662015038], "b5": [0.10501116615906722, 0.8665554827663322, 0.9357319192426157], "b6": [0.10028313243986829, 0.9401549354523362, 0.9411644332955383], "b7": [0.8394370267424214, 0.9645809918223367, 0.9731211152176883], "b8": [0.36131039366338846, 0.9438600961272631, 0.9156263466908505], "b9": [0.8186600117938347, 0.9233924807414075, 0.9880057324609145]}