{"b0": [0.09995076302179216, 0.9748061798535359, 0.9699654951791444], "b1": [0.06627499738640902, 0.9987688151631146, 0.9998295913065395], "b2": [0.8700217351375221, 0.923769949935103, 0.8857174519385249], "b3": [0.08851227779253454, 0.9914130685050219, 0.981653568994864], "b4": [0.3474673564426054, 0.7951884432842159, 0.9887842264484875], "b5": [0.8906880910602983, 0.8064227821552484, 0.9890784084557792], "b6": [0.1681442155869673, 0.9166550800493194, 0.9673364399794679], "b7": [0.616317603175142, 0.8243281230498567, 0.8967156349796243], "b8": [0.888339508235289, 0.8766218834183416, 0.9725629391482705], "b9": [0.7735704755063398, 0.7770128308218287, 0.8359364121350642]}