{"b0": [0.8518544262820806, 0.8023169766486408, 0.8980643930069349], "b1": [0.10562376844025251, 0.9775738836652283, 0.952722381075045], "b2": [0.8686186849868431, 0.9294374549151385, 0.8274720278408025], "b3": [0.6316157828093988, 0.9569832877238648, 0.8753553255198194], "b4": [0.6310979694998629, 0.9845761851852842, 0.9879048046374472], "b5": [0.8646427475672972, 0.8921634746231725, 0.8572920056539863], "b6": [0.0775958905704977, 0.9932836331673278, 0.947186559742119], "b7": [0.7402426709944236, 0.9738258110917576, 0.9544051412180853], "b8": [0.8406305529904771, 0.8922877347182481, 0.833424956184884], "b9": [0.10051779890137844, 0.8542827729604312, 0.9776359573838885]}