{"b0": [0.8505778044555261, 0.9382181240340459, 0.9120851010227026], "b1": [0.1681437508241486, 0.9285557642103562, 0.8044610408731765], "b2": [0.3639061491358232, 0.8779226143186293, 0.9865634172920505], "b3": [0.3274820533478955, 0.8726746936127547, 0.8111091314448126], "b4": [0.0949656860262877, 0.9372009259011587, 0.9672167463053514], "b5": [0.0737070250931636, 0.9979592916324849, 0.8458682798965175], "b6": [0.8912584555777954, 0.8586892991356971, 0.8879528954883343], "b7": [0.08996522147375367, 0.8939344182140923, 0.8884691762024327], "b8": [0.07069038819592896, 0.8807432622750896, 0.9217580032800001], "b9": [0.07782712418506738, 0.9442565678140313, 0.8711192968513092]}