{"b0": [0.6258724988520805, 0.9992341933785721, 0.8583453030457531], "b1": [0.8456145238466476, 0.8582507242631546, 0.8066637128634782], "b2": [0.8538620411473048, 0.9084098734153191, 0.9361435059007713], "b3": [0.8809716304868215, 0.7980520668221028, 0.9985914195253807], "b4": [0.15975573490695552, 0.9978959435447956, 0.8079075152926055], "b5": [0.0771903416506225, 0.9631131874616393, 0.8195614804174159], "b6": [0.08441145881008101, 0.76792852904777, 0.8027902388724122], "b7": [0.06419118723485719, 0.9578303878517548, 0.8111633820503724], "b8": [0.15682370686444144, 0.9363330795361879, 0.9117607129657295], "b9": [0.33874205422052284, 0.7680601519387303, 0.9820668770538031]}