{"b0": [0.007861336756327584, 0.9882048807418046, 0.9215945341051165], "b1": [0.005819016896128984, 0.7981353983312534, 0.8580024923791987], "b2": [0.616753034741485, 0.9691529342658122, 0.8732929318634305], "b3": [0.588841364773864, 0.9908320655617413, 0.9730234063488549], "b4": [0.01617833766751543, 0.9658932211202722, 0.9405994754879511], "b5": [0.5933241289321479, 0.8856999959087887, 0.9199758809050573], "b6": [0.8484561058004948, 0.957200574516937, 0.8919672444421956], "b7": [0.5433760322509749, 0.9938065878229727, 0.8495201836901487], "b8": [0.9974031012577028, 0.955442347676975, 0.8229554059777865], "b9": [0.3138015015095536, 0.9991436965189999, 0.9985343702010797]}