{"b0": [0.7116441815925514, 0.9251477907005514, 0.9618510338342219], "b1": [0.9190932613525318, 0.9549434920099305, 0.8884445605750418], "b2": [0.9057392469401817, 0.886399361882975, 0.9828900707538832], "b3": [0.29298589475770676, 0.9470691925463703, 0.8815926668517909], "b4": [0.926252791978784, 0.9135978614493265, 0.840116511254633], "b5": [0.6027048089754671, 0.9899283434696418, 0.847087502719973], "b6": [0.5669309625397561, 0.9401946915581522, 0.8940009615735893], "b7": [0.1625682014340656, 0.9549206247179259, 0.9919943040071035], "b8": [0.9871065542605268, 0.8857719150607278, 0.9325677125312015], "b9": [0.6218700868797606, 0.9242506728443058, 0.8806212671557532]}