{"b0": [0.32207495782412876, 0.8353277283521746, 0.8267276373832451], "b1": [0.3476149462052447, 0.9012143410218728, 0.8451423446633315], "b2": [0.17725405772783362, 0.8966255308109459, 0.9838599029993732], "b3": [0.16306821004097963, 0.8631781391896327, 0.8437544741192962], "b4": [0.5870001040384086, 0.9823982452323176, 0.8255772272624027], "b5": [0.36069054743795337, 0.9609206667219604, 0.8510271366193429], "b6": [0.8839729116424627, 0.8601909636094152, 0.9709341176241445], "b7": [0.33330809630810265, 0.9430631595607833, 0.9181801739327721], "b8": [0.023895392042485766, 0.9595501989341781, 0.9799602379158834], "b9": [0.7389310658426047, 0.9725108942142365, 0.8079281637610701]}