{"b0": [0.6526312767724511, 0.9621757176189218, 0.9052964465711095], "b1": [0.29813494658685397, 0.9974948038127899, 0.8495901024540669], "b2": [0.6543001883591889, 0.9756564033973086, 0.8714270727398343], "b3": [0.012892577919145045, 0.9998647325673886, 0.9380131436131319], "b4": [0.3500289827748853, 0.9526137568523577, 0.9613975799435316], "b5": [0.006309756509487566, 0.8475322877912406, 0.8942785076342272], "b6": [0.022903865683902933, 0.906349083688155, 0.9054904852454239], "b7": [0.05955946535276192, 0.9689867666560481, 0.97694411317473], "b8": [0.989623741208039, 0.9816069226296911, 0.8165825428757622], "b9": [0.6205103232815179, 0.8193006049604328, 0.8174710246506754]}