{"b0": [0.9960288193038614, 0.9902092440987313, 0.9470326650906781], "b1": [0.3188349846525171, 0.9696718695057693, 0.9930579752673714], "b2": [0.15557597254523223, 0.9402704793669743, 0.8839216576497426], "b3": [0.36680918526736894, 0.8930762272684172, 0.8489363607974915], "b4": [0.6475402485750421, 0.876924790263973, 0.8635858578967079], "b5": [0.05576779957722724, 0.969434759879183, 0.8345313643595307], "b6": [0.16238622132947317, 0.9887119405394145, 0.8449613233396198], "b7": [0.5862397216375086, 0.9632655169959444, 0.9613591208436543], "b8": [0.0816331239256084, 0.8057347006684558, 0.9314871702875385], "b9": [0.015642716636259456, 0.9516225045804529, 0.9778235404689191]}