{"b0": [0.1551373617712064, 0.8639551804627691, 0.907870799251385], "b1": [0.5755935056333444, 0.859549729649345, 0.9091578161273677], "b2": [0.07634585312348324, 0.9763755742959666, 0.8020027018119811], "b3": [0.01707986139072677, 0.9962534209595789, 0.9047966078953971], "b4": [0.09086174495058032, 0.9439740884225968, 0.9728783402468728], "b5": [0.08187645474757406, 0.946077308320963, 0.8375564884487414], "b6": [0.331452784055727, 0.7196519010802769, 0.9133580669331337], "b7": [0.3504776843035094, 0.9989757069261487, 0.8910431418891014], "b8": [0.00029356096043856006, 0.9708653141725389, 0.8278720294872416], "b9": [0.9955521288969362, 0.8958257995233638, 0.9987771378094646]}