{"b0": [0.1524449928003583, 0.9611695085811784, 0.989583319412927], "b1": [0.01453807240728959, 0.965027983087192, 0.9128168983956709], "b2": [0.08865536476607735, 0.8701483971473372, 0.8995675277183095], "b3": [0.5862358026878869, 0.9234045004092298, 0.8988117730305616], "b4": [0.8791591096999162, 0.8154950143618238, 0.8853899540293027], "b5": [0.3343669591744791, 0.888483159789847, 0.9823471607948585], "b6": [0.990331201915823, 0.9349031037673854, 0.8288699397557362], "b7": [0.6505576143163116, 0.9912295119031826, 0.8265023915478564], "b8": [0.5905891507500349, 0.9794929272266342, 0.815317608950072], "b9": [0.862788762513203, 0.9956853228878607, 0.877263746471209]}