{"b0": [0.7456401303504967, 0.8912241453115489, 0.870349486084053], "b1": [0.16342185929731481, 0.8884204819112571, 0.9060737807897352], "b2": [0.16478762936122035, 0.9341202880287284, 0.8618970382576344], "b3": [0.7601781452348068, 0.7701294845415373, 0.8628240995043257], "b4": [0.15732458258711815, 0.9613395715116723, 0.867232469925217], "b5": [0.7887103713391529, 0.9371875794522873, 0.9089933489852312], "b6": [0.725092375454843, 0.8376569805169903, 0.9382556120222035], "b7": [0.7421624884477468, 0.8520758073225838, 0.9559326952835318], "b8": [0.8106595549873776, 0.9954748301218888, 0.9385066616084525], "b9": [0.16847319726013782, 0.8349540986573762, 0.8815342666907614]}