{"b0": [0.07277309194158516, 0.8772900903761576, 0.8175841311953559], "b1": [0.05681051216784804, 0.8760542424179265, 0.8341047904754565], "b2": [0.08242367610145397, 0.8266847307594363, 0.9347747520024181], "b3": [0.720749900822482, 0.9916240930004646, 0.8755755695586491], "b4": [0.7855385656075995, 0.9602947787330826, 0.8769512285720523], "b5": [0.17396552164130608, 0.9437403117322848, 0.973707546297522], "b6": [0.7494879414907034, 0.94024819757819, 0.913931322605223], "b7": [0.6992423320630963, 0.9014476598026491, 0.9465547767183579], "b8": [0.6101348414136343, 0.9614836113508844, 0.8957389843980808], "b9": [0.745376454226038, 0.9432328646686465, 0.8259007004556824]}