{"b0": [0.7274051737792084, 0.9505188951200868, 0.975516003180623], "b1": [0.07922102543877466, 0.9703515266200897, 0.8758989581099809], "b2": [0.8047026904219853, 0.8633425246801828, 0.9247518928595801], "b3": [0.11289635877517226, 0.9603333921355243, 0.812399456443537], "b4": [0.10266809967089666, 0.9831641197409624, 0.8615359937357395], "b5": [0.738744667812913, 0.8878430919276303, 0.9725647119112817], "b6": [0.7245724499213627, 0.9964365941338298, 0.9550726848906865], "b7": [0.7634338383380512, 0.8468953996140565, 0.9817806848151984], "b8": [0.7538048749752132, 0.9847424282713364, 0.8284788750417766], "b9": [0.3795243368029776, 0.9258794217756651, 0.9923862886642975]}