{"b0": [0.0827827899461277, 0.9761921883850642, 0.9298569890752987], "b1": [0.2772474254446855, 0.9112754765931609, 0.900397003204904], "b2": [0.7591064381191867, 0.9696257484029638, 0.849556746523298], "b3": [0.6671046195764613, 0.9388641679841017, 0.974447832879164], "b4": [0.1637081272580468, 0.7817476335125463, 0.9968236787299264], "b5": [0.7505753360850005, 0.9021801870722848, 0.8872212207313995], "b6": [0.7655829680488877, 0.9599421565407331, 0.8632965584869388], "b7": [0.74548374992804, 0.8351373143970313, 0.9389824727863904], "b8": [0.08480788747737891, 0.8812705473561216, 0.8500583571731716], "b9": [0.6227581469530991, 0.9951312972282951, 0.8494728233302995]}