{"b0": [0.07125293620989459, 0.8410359611814545, 0.8906892884515155], "b1": [0.06643966494546241, 0.9653866611869588, 0.9034763051556055], "b2": [0.6910437374015423, 0.8279457218447663, 0.8695990410985595], "b3": [0.15381898204428218, 0.9423057564517622, 0.8133744034705838], "b4": [0.757258225763528, 0.8406266634716312, 0.8996762491228918], "b5": [0.16876488445038582, 0.9124565011330202, 0.8108416717057995], "b6": [0.7382957659409908, 0.9085347099145161, 0.8303471947189429], "b7": [0.8042642459198551, 0.889081466387869, 0.8381838073070097], "b8": [0.7923751607010184, 0.9117968584408895, 0.9586786355894726], "b9": [0.772801250645488, 0.8261907500786055, 0.9652296879021796]}