{"b0": [0.7541137106268659, 0.9510758703830454, 0.8337672369136945], "b1": [0.34115712381597463, 0.9387207062476804, 0.8374671873974836], "b2": [0.1625146308007226, 0.8184044299379927, 0.8144195487676194], "b3": [0.3323525115706265, 0.9536878988413242, 0.8945802349686595], "b4": [0.8687346128471377, 0.8785003914561821, 0.9571609498171878], "b5": [0.8766200072191158, 0.9399107637182632, 0.8018567770807453], "b6": [0.6138238956139273, 0.970005925060591, 0.962253482982574], "b7": [0.09045921417032943, 0.9141308280760831, 0.8071444973227822], "b8": [0.16559708359638986, 0.8317190785644877, 0.9438559976374851], "b9": [0.725438684708793, 0.9537007733515068, 0.9087852760729302]}