{"b0": [0.027001888950606765, 0.9927483652195341, 0.8632894920639612], "b1": [0.7589640393196226, 0.8275828517029731, 0.9346704101708171], "b2": [0.08970473852732429, 0.8795065903621804, 0.8184615597650083], "b3": [0.1626722706938291, 0.9943894981102901, 0.8890373131219195], "b4": [0.9248719060956359, 0.9589810936511539, 0.9803089297562869], "b5": [0.15117019402705822, 0.9382962187632622, 0.8400387327594558], "b6": [0.9247094898204825, 0.8778325696587362, 0.8038128826949642], "b7": [0.0009220500504583277, 0.9536709472332237, 0.8472107801954409], "b8": [0.6765659490402708, 0.9473573318520131, 0.8706587893831375], "b9": [0.8428010622189089, 0.9695404586026874, 0.9569512993028799]}