{"b0": [0.917476441718646, 0.9655722469252167, 0.9908597831389183], "b1": [0.8711008299526348, 0.9379343116920951, 0.8614166022198094], "b2": [0.9021781218341173, 0.9072322080578233, 0.9044885781060021], "b3": [0.7354523918655171, 0.7773267139425684, 0.808421023710826], "b4": [0.29531774120924187, 0.9829740777698701, 0.8608887010076742], "b5": [0.1706939398081609, 0.8962258875958277, 0.8930365209459064], "b6": [0.8751357993092167, 0.9989132475980282, 0.9554283021154498], "b7": [0.856480707177614, 0.9393746341191677, 0.8435844209589523], "b8": [0.0803310080282012, 0.9478635788437481, 0.9191289385508051], "b9": [0.8527407433519529, 0.9876617012390464, 0.8915182963676302]}