{"b0": [0.7240562978093399, 0.8544927556409593, 0.9516692274062644], "b1": [0.722570022422801, 0.8688213286780854, 0.9501432758309268], "b2": [0.1130179008363907, 0.9478240294526779, 0.8267465888447006], "b3": [0.8510171642699446, 0.9861436880897869, 0.9150212392351115], "b4": [0.14699049787944687, 0.9390625497280787, 0.9489512221612075], "b5": [0.07047269577746676, 0.8950274403044771, 0.998869131033376], "b6": [0.7785321240174652, 0.8686971318088713, 0.8794140854537946], "b7": [0.746932662263545, 0.9380691464921804, 0.8818775651058156], "b8": [0.8529579308593369, 0.8102412068944221, 0.8713540970132978], "b9": [0.7264934231287029, 0.7814642308215807, 0.8897999738284894]}