{"b0": [0.34545811508676144, 0.9535593138579482, 0.8574865100152798], "b1": [0.9078353341128264, 0.9453995678660045, 0.9210134985115714], "b2": [0.09313612689844375, 0.9813931007196761, 0.8756983459367111], "b3": [0.8997815520570278, 0.8949070626719074, 0.8417046383456992], "b4": [0.6475738987077831, 0.8917525941491931, 0.8486790789766904], "b5": [0.09017463067836168, 0.8313709479627006, 0.9318451314282342], "b6": [0.92996482167811, 0.9314337435388353, 0.8388441696845779], "b7": [0.7507662528283389, 0.8489896069581697, 0.8259111247649509], "b8": [0.15718563900654153, 0.9998517916056254, 0.9918202876168014], "b9": [0.16580288315538105, 0.8072863685863062, 0.9228044079983476]}