{"b0": [0.6091398751771218, 0.9645174472046152, 0.8453877301369284], "b1": [0.8835325479850166, 0.973618718241357, 0.8219875042581711], "b2": [0.16016975317173018, 0.84438843757809, 0.9917714427049386], "b3": [0.33774787039156723, 0.9619919240925128, 0.8480811132729498], "b4": [0.1625549561931876, 0.988808846399508, 0.8865623612452012], "b5": [0.7796306159994789, 0.9028765269452118, 0.9778958320206312], "b6": [0.16080393556566994, 0.8734002552782631, 0.8292971014430404], "b7": [0.5612631783572837, 0.9309222873919905, 0.8899060045774143], "b8": [0.318678916677103, 0.7961363982354459, 0.9941232187915348], "b9": [0.8731520574870975, 0.9248386475598565, 0.8432553109882606]}