{"b0": [0.15498382504330352, 0.9723920589109583, 0.8382333516348092], "b1": [0.02259569137115027, 0.9829128346792858, 0.8354495950505283], "b2": [0.8332170522766451, 0.8057319300316353, 0.9719950597173747], "b3": [0.9093663209894278, 0.7656350101679616, 0.8032194294138542], "b4": [0.3197901950776021, 0.8313807696721388, 0.9970279501455367], "b5": [0.3746007977315189, 0.8833785138631738, 0.8756268892600255], "b6": [0.5767260239965596, 0.9184100996313767, 0.8158303802538591], "b7": [0.8976908989093861, 0.8892584129462436, 0.9191497556487799], "b8": [0.31950395028292883, 0.9887824789181162, 0.8255029606639916], "b9": [0.17042398210990953, 0.955872481700366, 0.9887359731551812]}