{"b0": [0.3335685138096838, 0.9781393599632832, 0.9587852849536134], "b1": [0.35931490706193614, 0.9110056714289436, 0.876785382393196], "b2": [0.825708760466966, 0.9069398808375666, 0.8704697614617873], "b3": [0.7229495520554795, 0.8483193003503967, 0.8427367606744517], "b4": [0.09344044078609962, 0.993482527194032, 0.9065065565590529], "b5": [0.08063870199453563, 0.8976856590487785, 0.8998329861740497], "b6": [0.008270487085795803, 0.9487161217024788, 0.8484219247678468], "b7": [0.8747847165317171, 0.8553947526349593, 0.8032793568550047], "b8": [0.8492102767901148, 0.983984870960702, 0.9423449463569915], "b9": [0.3674858549394637, 0.9859420655071434, 0.876946706216521]}