{"b0": [0.9135805799122769, 0.8245364005309399, 0.9246165936075644], "b1": [0.5764267804455071, 0.7564235844088025, 0.8720561991307234], "b2": [0.835413095281123, 0.8899353792954143, 0.9712823341941603], "b3": [0.3379145186413067, 0.7814345102368278, 0.9656463957148814], "b4": [0.9065125627685784, 0.9215165315948035, 0.9118910459929073], "b5": [0.01175232962862419, 0.9405344983732767, 0.9856020918186255], "b6": [0.3077401657683726, 0.9797065461453291, 0.9026088092717448], "b7": [0.789466638574032, 0.9069141162774429, 0.8303231763251173], "b8": [0.6371085387634455, 0.9502144325958599, 0.8681251875190226], "b9": [0.34632561267492545, 0.8771996881313622, 0.873660129924444]}