{"b0": [0.773768490118444, 0.8921303046531776, 0.8992915082362], "b1": [0.0026375856305627964, 0.9992525438289721, 0.9526812626788455], "b2": [0.16369596774664974, 0.9560345136088363, 0.8986807821358288], "b3": [0.005885144361933895, 0.9564798244634131, 0.9612276184759966], "b4": [0.1536028494373271, 0.9734634526620108, 0.9140222874428521], "b5": [0.07535830484754612, 0.9541734161349222, 0.837209871078904], "b6": [0.735593784989636, 0.9265103854918477, 0.8940911708244577], "b7": [0.33335928392075326, 0.9741027592473662, 0.8870712849148981], "b8": [0.8955672977160971, 0.9421924835415338, 0.9473619815438302], "b9": [0.9889983366143684, 0.9084835274659931, 0.9127953376529051]}