{"b0": [0.5554091097534669, 0.9017120733674556, 0.8562468349781165], "b1": [0.17035184493836264, 0.9530935471077163, 0.8287741513672564], "b2": [0.33010071321560197, 0.9598896472058004, 0.9382027909992792], "b3": [0.9969938999075367, 0.9674471933835886, 0.8843293525960308], "b4": [0.1581296410521497, 0.9254319882018721, 0.8401886397609067], "b5": [0.004565703525442116, 0.9317050349836536, 0.9035467150860866], "b6": [0.16589398575503023, 0.9264099065487643, 0.8665688116210813], "b7": [0.8476861491840029, 0.9518756821938555, 0.8790194425218385], "b8": [0.14892789282725347, 0.9719666130846915, 0.9168473703818093], "b9": [0.29112668439805295, 0.9417874329058878, 0.9938888305608023]}