{"b0": [0.16701618579511865, 0.8461397217000655, 0.9923500324211596], "b1": [0.7771169890133821, 0.8764626066777076, 0.9042044332815508], "b2": [0.16612561133381593, 0.9459735598581492, 0.9038093003524277], "b3": [0.09129616969203885, 0.9669767426082956, 0.9684295293817701], "b4": [0.09761971026294573, 0.8702979083341355, 0.8323909482734635], "b5": [0.7345120199198806, 0.8820484636707746, 0.9540871220968296], "b6": [0.7564227071198844, 0.900742261646187, 0.855474723504135], "b7": [0.0006380457188234564, 0.9263754567509985, 0.9895372203134803], "b8": [0.7321710393427542, 0.9042580869057584, 0.9775326686558066], "b9": [0.16271889989177798, 0.9602228404603289, 0.9941967342944481]}