{"b0": [0.9935968376020115, 0.7530182065730913, 0.9197591528339588], "b1": [0.08131723101033637, 0.9772290413988531, 0.8343146764501932], "b2": [0.1626521314242694, 0.9963126715076445, 0.8711804271800844], "b3": [0.637610245797357, 0.9036784590558207, 0.9692830336046983], "b4": [0.17048752977648093, 0.9985347681756618, 0.9737627416509342], "b5": [0.16730565650239476, 0.9528159991379452, 0.9092912297224619], "b6": [0.5764678571833667, 0.9749583467259391, 0.8030674152858337], "b7": [0.7232202546752704, 0.9980382685731282, 0.8320508578134006], "b8": [0.7507872731933487, 0.8661386757421603, 0.8186132312687013], "b9": [0.052218589349323864, 0.9749568953296662, 0.8140491806844904]}