{"b0": [0.7331251868894071, 0.9128250996779192, 0.9213882083019415], "b1": [0.01214434744818032, 0.8369173945200444, 0.9367623082418399], "b2": [0.1571686624332356, 0.9403233329994678, 0.9940881290682267], "b3": [0.3409650312584104, 0.9752503429760188, 0.9970925156509611], "b4": [0.8161353587519237, 0.8947819394640188, 0.8686694948710191], "b5": [0.9965360582189168, 0.9301068108253508, 0.8871534339640514], "b6": [0.3176985176132888, 0.9438914014264558, 0.8209522757488666], "b7": [0.08036910627718441, 0.9158881521721617, 0.8063125315997304], "b8": [0.7623003741359424, 0.7430591012791141, 0.9947427247713767], "b9": [0.7562236168467724, 0.9803880693365328, 0.9763067537375096]}