{"b0": [0.007516233851371618, 0.9213730316668766, 0.8368295261999721], "b1": [0.9996901183785397, 0.8959161133407296, 0.8160787286410932], "b2": [0.08730154485687872, 0.9868387766751969, 0.8018062959335356], "b3": [0.9948584699547289, 0.91122651904031, 0.938792274691084], "b4": [0.9936277225413788, 0.8281148332880278, 0.989768239707437], "b5": [0.98907852229107, 0.9151299246996567, 0.9523182921555265], "b6": [0.012673168328579499, 0.8660427158697164, 0.9493303376420741], "b7": [0.07966560148535176, 0.9065863912614178, 0.9146491608136418], "b8": [0.09141466857479905, 0.8290309832943565, 0.8269459220254386], "b9": [0.32801577547320143, 0.9811687950725775, 0.9539412773629933]}