{"b0": [0.07454082378069535, 0.9827595149933788, 0.9737739583871814], "b1": [0.10145669165212548, 0.933221380381156, 0.9631345995193965], "b2": [0.008897397692563083, 0.9058552379759738, 0.880283801329099], "b3": [0.993426812305082, 0.9998227339130914, 0.8382370373801104], "b4": [0.02000086948374339, 0.9634787342392959, 0.9200107978491309], "b5": [0.9886909020087288, 0.7727476698733352, 0.9812740596207139], "b6": [0.08964876397453635, 0.9279028280170044, 0.9033305821092091], "b7": [0.9909394323270425, 0.8962204407383826, 0.9971320347710915], "b8": [0.07597248898657927, 0.9589345853670302, 0.851448999741654], "b9": [0.08369044703745894, 0.8751791832967813, 0.8612887116793977]}