{"b0": [0.6227392808736059, 0.9906380873986564, 0.9291403981316243], "b1": [0.07005865739378936, 0.9346477340498366, 0.9743824420166968], "b2": [0.36182856818922976, 0.9840133045586578, 0.9956629078147562], "b3": [0.8708873441397761, 0.9133823815216505, 0.890161845747055], "b4": [0.8382154224672768, 0.935036526633492, 0.895216763621589], "b5": [0.354767686117536, 0.8341508891963529, 0.8529244052822648], "b6": [0.6364000587867022, 0.8429291089153627, 0.8318087782067373], "b7": [0.8559970268937488, 0.9743370022978691, 0.8009334377526542], "b8": [0.0924710445994002, 0.906356407671187, 0.9741522563136471], "b9": [0.32278197709696194, 0.9981817410967683, 0.8322323712645939]}