{"b0": [0.3361835144865994, 0.9019165112435563, 0.9892574926268628], "b1": [0.5908660250524386, 0.9607312574873805, 0.974755273813845], "b2": [0.6485473891959874, 0.8377610751695974, 0.9688686787222109], "b3": [0.7334663993319509, 0.9494430333441417, 0.902932957529201], "b4": [0.3480468655494636, 0.8970579459209618, 0.8338509259241532], "b5": [0.8973483851057266, 0.9822897654681424, 0.9944695788235404], "b6": [0.8471370339401405, 0.8804294560003241, 0.8959766785657294], "b7": [0.7769283733964524, 0.9120459426421738, 0.8193508490170305], "b8": [0.6058647030728946, 0.9067975811821433, 0.8169973497486868], "b9": [0.7335695605774855, 0.8933840069019908, 0.9326343877538773]}