{"b0": [0.598249707724158, 0.8940825006637168, 0.8895546923455819], "b1": [0.08291655396734988, 0.9665112280506624, 0.9800299838509062], "b2": [0.021819872735998877, 0.9909166598673939, 0.9968732237202973], "b3": [0.7626670132481891, 0.8555424038283713, 0.8123865551442279], "b4": [0.33758498866909675, 0.9231415316094476, 0.9583821645469479], "b5": [0.7660331028379486, 0.8617453874509045, 0.8839167228853708], "b6": [0.5635681198685712, 0.9166176101669175, 0.9051310319240646], "b7": [0.7714345695593207, 0.9465206940547826, 0.8876756101819031], "b8": [0.026589627467070307, 0.9993049152025147, 0.8591905370015634], "b9": [0.9928870949618457, 0.9575931833908592, 0.8736987650462354]}