{"b0": [0.9659237068943609, 0.9709344148178153, 0.9004147270891866], "b1": [0.7348855210623849, 0.8222477951297285, 0.8161827098521609], "b2": [0.1684424160238851, 0.9877122369958249, 0.881044287521386], "b3": [0.16024184055638113, 0.9031951661284261, 0.8350554875966116], "b4": [0.8581907193380764, 0.9176372575666568, 0.8136111097062934], "b5": [0.9804314740259032, 0.9617298493544587, 0.8357351998043206], "b6": [0.06543710517448424, 0.9723587733041091, 0.8723158786262075], "b7": [0.08998715732338652, 0.9653074329732612, 0.8474056400626618], "b8": [0.8793281411291605, 0.9835120344508578, 0.9711627435473482], "b9": [0.7669042556276118, 0.9827565903189353, 0.8483298540520375]}