{"b0": [0.7281518005694483, 0.7234601485245341, 0.924145639340614], "b1": [0.3426812887804621, 0.7800229148711773, 0.8061120961158156], "b2": [0.9873431233670773, 0.9813709310445747, 0.963489442009857], "b3": [0.16100637040431426, 0.9846638628172966, 0.9584996942623085], "b4": [0.5862864420740876, 0.9661617449176947, 0.9004259841232022], "b5": [0.006824187868610637, 0.8553215121147957, 0.9803194873494515], "b6": [0.09272823424477945, 0.9921388816829186, 0.9026302152706839], "b7": [0.0034587086579038083, 0.9506948726805465, 0.9409922665616486], "b8": [0.770737269256354, 0.8725773649180294, 0.8137338519637626], "b9": [0.7546262449342308, 0.9971533407848056, 0.8918702185824218]}