{"b0": [0.8586027940632401, 0.898984061446867, 0.9903582334331783], "b1": [0.0069743249700219955, 0.8305014266411539, 0.9931398588016357], "b2": [0.6676126777968219, 0.9758072298202016, 0.8973500093964825], "b3": [0.3192087095682665, 0.9633006166105141, 0.9465634612089314], "b4": [0.721961023421227, 0.9263516193576996, 0.8994582585164183], "b5": [0.7638770873404195, 0.8795880569523646, 0.8743467009945414], "b6": [0.009266286582183286, 0.9023668764012706, 0.9454547264230034], "b7": [0.9890818086460297, 0.9256602801721401, 0.8392203706851015], "b8": [0.07560353324064975, 0.9603014148738813, 0.9072102991929201], "b9": [0.7513209834703422, 0.8346701351014074, 0.9046700630225404]}