{"b0": [0.9993049962199891, 0.8962110684137261, 0.8173899488343802], "b1": [0.15199217581761104, 0.974214599869432, 0.9331190545141532], "b2": [0.009130760804581506, 0.956168341790775, 0.8081509580886334], "b3": [0.022923472797200018, 0.962046624206008, 0.9448558125035769], "b4": [0.851810406814363, 0.7444411152365873, 0.8966943240081937], "b5": [0.7818632781042539, 0.8739192847370328, 0.9968689228364269], "b6": [0.33084178387001584, 0.8997049138905158, 0.9018981463485699], "b7": [0.09296793264885136, 0.8592817166819576, 0.9921411506921232], "b8": [0.7639560467169195, 0.7830734727351311, 0.8202843304177427], "b9": [0.732215253480798, 0.9915124388119486, 0.8333002985697519]}