{"b0": [0.0350520328420902, 0.943176945722884, 0.998329552230993], "b1": [0.1603911897110172, 0.7638979983220336, 0.9292554185936356], "b2": [0.023744511926375993, 0.8606593148052943, 0.8427833453533837], "b3": [0.02711384936925936, 0.9133687035666598, 0.869571651076056], "b4": [0.6254403505684404, 0.9652653712831019, 0.8906284489441296], "b5": [0.37862021362523757, 0.990290262063012, 0.8279473236657209], "b6": [0.30741900523449955, 0.7489870905059537, 0.8125154477573904], "b7": [0.7370177235454163, 0.8916000248052941, 0.9215376358334343], "b8": [0.7796524271587587, 0.9741913255407734, 0.8685385750491669], "b9": [0.7552545060632967, 0.8969656697145156, 0.9291793632507271]}