{"b0": [0.994841160901189, 0.97328318328198, 0.9575878196161817], "b1": [0.3649018656781074, 0.8155404512529424, 0.9325822683695697], "b2": [0.7816133044672076, 0.8578896476313466, 0.8906222959341378], "b3": [0.025812686349483523, 0.9088742404388165, 0.9397015128223289], "b4": [0.7653826100305544, 0.8719343083462563, 0.8932163810376192], "b5": [0.16444226324602906, 0.8992609200608044, 0.9856411541781935], "b6": [0.1570496043607669, 0.9873251907668316, 0.9285434079688726], "b7": [0.005959044804163517, 0.9129194634299064, 0.9269378910486548], "b8": [0.7833501880061222, 0.9775426297184312, 0.9479518975885799], "b9": [0.1575564974743969, 0.9728409223102256, 0.9505689021753114]}