{"b0": [0.8422804780535615, 0.9504394182026542, 0.8237424523076546], "b1": [0.5823170363330857, 0.9518801733313638, 0.8433936433501175], "b2": [0.8430249831584988, 0.7335462273719648, 0.878462666746261], "b3": [0.0845381265712001, 0.8320424452376218, 0.9561040054495136], "b4": [0.15693904844377227, 0.9751516671902419, 0.8705916395510853], "b5": [0.06749355519121546, 0.9207642899260696, 0.8868661620406012], "b6": [0.8488943651406935, 0.7108461034928442, 0.8016591716478848], "b7": [0.08781023807794094, 0.8869831649244284, 0.9085143210713944], "b8": [0.10285828154138907, 0.917425053114756, 0.9900501740504025], "b9": [0.33301997815140827, 0.7946737739775717, 0.9780880123333807]}