{"b0": [0.08521597657363739, 0.9245655065553693, 0.8425825074101067], "b1": [0.07301182982236902, 0.9760886312268117, 0.9287195377556013], "b2": [0.5970870661153741, 0.8619047088971854, 0.8825793941362676], "b3": [0.9953745230307984, 0.9400841263337218, 0.9527211779078515], "b4": [0.31181967458888277, 0.9476686199898267, 0.8359290563178287], "b5": [0.7259599662998147, 0.9720895221173409, 0.9009718006341187], "b6": [0.614361192900581, 0.960148172351393, 0.9754012620666568], "b7": [0.747169717138688, 0.8987125816631121, 0.85375360357054], "b8": [0.15347460573847949, 0.9991852342266546, 0.8786648368071629], "b9": [0.32458694559662166, 0.9457313414803161, 0.9551238899012452]}