{"b0": [0.09042066947619815, 0.8896977603545512, 0.9483693747177631], "b1": [0.30748456013186437, 0.9833712000329929, 0.8282596432853265], "b2": [0.7093848926069675, 0.9976250059005565, 0.9120406759616277], "b3": [0.1608594899988368, 0.923609634971954, 0.9697892285488595], "b4": [0.9903059270552578, 0.9902704094518384, 0.8904218987680705], "b5": [0.16132909007249815, 0.9786488397086684, 0.9804588942162418], "b6": [0.5929799692391667, 0.9247523957314363, 0.8185946214991928], "b7": [0.614816717387679, 0.9586951770581053, 0.9305073835657859], "b8": [0.5885099605565582, 0.987769276141229, 0.8913552938719694], "b9": [0.1577772058474072, 0.9006466616058068, 0.8209011937276024]}