{"b0": [0.3438841487534574, 0.85341636796636, 0.8317432076407582], "b1": [0.9902631065785461, 0.7980116752586786, 0.8362788822077587], "b2": [0.8992317752921757, 0.8581492974982449, 0.9731159735114862], "b3": [0.9926701653999654, 0.835096978359614, 0.8626670404814827], "b4": [0.7503930987400637, 0.8190499721496078, 0.9746349765319539], "b5": [0.16236134450348674, 0.9139519982183256, 0.864475380006746], "b6": [0.08125487225207442, 0.9232573456370642, 0.8151381395290456], "b7": [0.5552688372540614, 0.879247761468042, 0.9916390592551876], "b8": [0.33226316927509914, 0.8667614485814003, 0.9433509735495038], "b9": [0.8621337580725463, 0.7323888586972356, 0.9023060427061389]}