{"b0": [0.7549770012516843, 0.9469310841265657, 0.9261380970647545], "b1": [0.7325395145374969, 0.9997757113952198, 0.8635521667267696], "b2": [0.6123829709925079, 0.9888997939485598, 0.8751407575141024], "b3": [0.6832170335623675, 0.8217749671521508, 0.9740779329912985], "b4": [0.16486647585339737, 0.993365323256691, 0.8943989686381815], "b5": [0.7702981471933913, 0.9928270518310158, 0.9694960003390471], "b6": [0.8910205261387049, 0.9944887681229219, 0.9352254726363188], "b7": [0.7638443875428266, 0.9118419566043414, 0.8792511100951813], "b8": [0.5801333738510922, 0.8595573802745292, 0.8088138233950443], "b9": [0.8420905883689724, 0.9551048186519954, 0.811557263366145]}