{"b0": [0.9308701312901365, 0.8996321626630013, 0.980631149709478], "b1": [0.8918216777089394, 0.955797828116129, 0.816959061344311], "b2": [0.35317251001904587, 0.8976620988896754, 0.825150402161751], "b3": [0.3314951913714513, 0.9852692613157872, 0.8555377414066193], "b4": [0.1557821105185526, 0.9910300226771734, 0.9480400488584947], "b5": [0.6988692898597726, 0.8808901864193287, 0.9084816192137187], "b6": [0.8774926907259426, 0.9385554714844173, 0.908574702148247], "b7": [0.7553571758010423, 0.9400321382753123, 0.9742929722493467], "b8": [0.09983379313907624, 0.9204669517173898, 0.8663722218093527], "b9": [0.9281973515764509, 0.960802515295422, 0.8511389335601851]}