{"b0": [0.011403712697308499, 0.9754080676714654, 0.9586769837994338], "b1": [0.09513767706818092, 0.9471876534250586, 0.8090313430901048], "b2": [0.9093004447878925, 0.9564347362491721, 0.8784083077595622], "b3": [0.0807686835410089, 0.9283513043892634, 0.8996603730204464], "b4": [0.8567140516060232, 0.9643569210989767, 0.9581925182930013], "b5": [0.3746594518429299, 0.9694398798833493, 0.8974305936740556], "b6": [0.8835301983989216, 0.9531307249777977, 0.818692329998853], "b7": [0.7522068613132383, 0.9399081929682729, 0.914118654732204], "b8": [0.744171266482408, 0.910441222574124, 0.8962820487560951], "b9": [0.0779366998562688, 0.8179399027148605, 0.9627812194320637]}