{"b0": [0.8192128187686761, 0.9399679832258709, 0.9132899607406512], "b1": [0.1570506525354366, 0.9872662274004486, 0.8754048645573265], "b2": [0.771901828542623, 0.9738292695390789, 0.9956758649074505], "b3": [0.6331547192157195, 0.89031942847689, 0.9870736878769741], "b4": [0.8519793451491047, 0.8163851175415016, 0.9189952495177937], "b5": [0.8825919585888597, 0.8413500622799783, 0.8660798337234145], "b6": [0.7455826086642848, 0.9901124116323995, 0.9944469423435723], "b7": [0.15316904783199597, 0.8351432463932631, 0.882212087484837], "b8": [0.8665202047561574, 0.9227046215403121, 0.9472998906858298], "b9": [0.9797253251609445, 0.8574588682892363, 0.8430474735833576]}