{"b0": [0.884706456714105, 0.8950995024403775, 0.8850718193824872], "b1": [0.753967436127898, 0.9490609305624683, 0.8061745826232777], "b2": [0.8658977009177636, 0.9454052198692855, 0.8467325380446243], "b3": [0.3401768824616912, 0.8497739917668014, 0.8842703086371724], "b4": [0.7731013440528646, 0.9661418490206812, 0.9227159729447676], "b5": [0.06457970356519616, 0.8799841304948944, 0.804930441507087], "b6": [0.07685463895625982, 0.9249082627438081, 0.8145565582900486], "b7": [0.6402929771903763, 0.9012532366346029, 0.9761177360586505], "b8": [0.9138569867532965, 0.8882350367990094, 0.9868117925104065], "b9": [0.8764120027168348, 0.9845262604982821, 0.8438202303946036]}