{"b0": [0.8800245272093438, 0.9161156371615151, 0.9110814729605079], "b1": [0.9927174916781982, 0.9819268328478273, 0.9908935295288103], "b2": [0.9065248110686908, 0.8880910170032793, 0.9090308044987094], "b3": [0.7508394030254945, 0.9847062909763771, 0.8997301294695955], "b4": [0.5704663617170602, 0.9425705557739608, 0.8580824422323059], "b5": [0.7260490199802462, 0.9834007205027483, 0.8634679083762599], "b6": [0.7138753907750268, 0.9341723341293441, 0.992640060708018], "b7": [0.950042436116979, 0.9970036055020897, 0.8821551309377582], "b8": [0.894278717791646, 0.8730759514103456, 0.9905232100405997], "b9": [0.7164880646262876, 0.9127894923007929, 0.9968377380502297]}