{"b0": [0.010653271378372959, 0.8820411022710429, 0.8340217534673368], "b1": [0.7516821467555677, 0.9950403448744233, 0.8388600257211368], "b2": [0.8515891911008282, 0.9732491631174711, 0.9245792417693249], "b3": [0.005976908309738194, 0.8924616934566911, 0.8226201130880143], "b4": [0.9796949411245951, 0.854740386907459, 0.8085351364461362], "b5": [0.8938651813429161, 0.972664993591601, 0.9848347638637561], "b6": [0.3640121770032849, 0.9759613201114834, 0.8847792810816619], "b7": [0.9059841691309889, 0.978030604887906, 0.8700535271924815], "b8": [0.7144271797181281, 0.9424844504450515, 0.8963286379232759], "b9": [0.012642923208677024, 0.8795803055372636, 0.8246441571259508]}