{"b0": [0.7570996713151241, 0.9213335326185037, 0.951175242075196], "b1": [0.15779480672137527, 0.9431460705701444, 0.9237669485945166], "b2": [0.158435920553576, 0.7525790140192111, 0.8347532583592256], "b3": [0.9577337004588887, 0.8636186345487522, 0.9992454719212677], "b4": [0.16338120937967734, 0.7507069659668087, 0.8246012755672041], "b5": [0.15426366253202636, 0.9795348439721213, 0.9642670742822105], "b6": [0.5962865524173728, 0.9461921689978584, 0.8005951275351982], "b7": [0.3149139549857553, 0.9989846229515118, 0.9523079573357522], "b8": [0.8881072610773806, 0.8476458503631633, 0.8601389923474142], "b9": [0.9878430939468601, 0.8051288817834495, 0.8382321664216592]}