{"b0": [0.034521058951572814, 0.8115213325524183, 0.8586459516463095], "b1": [0.15732199949637543, 0.9784460903990732, 0.9920940237887023], "b2": [0.6454674282792311, 0.9277494789486156, 0.8625281344555514], "b3": [0.16344113230389515, 0.8236420419833316, 0.8417216698146918], "b4": [0.9745077069050224, 0.9120530015872802, 0.9375700362402113], "b5": [0.16476011842545416, 0.9116612072356031, 0.8939394381013733], "b6": [0.8730603655275451, 0.9495018642957835, 0.8210112717134614], "b7": [0.16302023799735432, 0.9352566630030055, 0.8253381138995992], "b8": [0.15874243004022706, 0.9022427824679714, 0.8852910734353988], "b9": [0.6063565276520202, 0.9197221492846738, 0.9241624621445486]}