{"b0": [0.6434207970503095, 0.8577006586424166, 0.8515562806463454], "b1": [0.15011908233225044, 0.9177969203455549, 0.8600300145257015], "b2": [0.1557255329550914, 0.9881276018792978, 0.9446959136345613], "b3": [0.6338747294124408, 0.9242412994250826, 0.9885117844890416], "b4": [0.16036053817128784, 0.8481704611297949, 0.8539973596328693], "b5": [0.788518327206639, 0.8882311489546794, 0.9668568671150262], "b6": [0.7948686074948003, 0.9637101068550571, 0.9326785724429348], "b7": [0.3097933901313538, 0.9818152216054337, 0.8906594723060474], "b8": [0.1636309375224259, 0.778104308847768, 0.9531825275406228], "b9": [0.16711694289516085, 0.9820622286063534, 0.95825032578386]}