{"b0": [0.6439899204294594, 0.9560770076960797, 0.8029759197203887], "b1": [0.9084196093856469, 0.8395921441813359, 0.9854158371723609], "b2": [0.9851551112290096, 0.9919238279111333, 0.8077108082636846], "b3": [0.7373816079990521, 0.9241894943063855, 0.8357852712052679], "b4": [0.16537782431778272, 0.9795682776696241, 0.9747967790436235], "b5": [0.6473024102097287, 0.8357900545128493, 0.8786604644365152], "b6": [0.5877413839962611, 0.8041446058424101, 0.8423820782450671], "b7": [0.15944353747039533, 0.8047541838065904, 0.887816822459281], "b8": [0.16396928767691993, 0.9168283885772945, 0.9421228192446626], "b9": [0.971487916872121, 0.8487454034367263, 0.8202479451067682]}