{"b0": [0.0033727890584658556, 0.925566437533204, 0.8323188515384544], "b1": [0.998827051868748, 0.882293504164917, 0.820027989649127], "b2": [0.054361745852062236, 0.8830851754873774, 0.971060704332172], "b3": [0.5901526505962903, 0.900854129146965, 0.8090157854543741], "b4": [0.009938646663026882, 0.8052319130891797, 0.9537270663744168], "b5": [0.07132744122156727, 0.9050429383102749, 0.9447156638401032], "b6": [0.021354641149027714, 0.9831528459623974, 0.9626499532555362], "b7": [0.07582392731049241, 0.9283656304425633, 0.8299381380815427], "b8": [0.3261647092968505, 0.9355751276902532, 0.9824270519728923], "b9": [0.09786860868725263, 0.9563158994035384, 0.8719206117947244]}