{"b0": [0.6420587258286927, 0.9829342170959176, 0.9728952087936726], "b1": [0.16970125643273626, 0.9390364377459187, 0.8829852265731212], "b2": [0.7284369995746114, 0.9097509607977676, 0.9789192543364755], "b3": [0.7900447353267509, 0.902178476579471, 0.8123355946155236], "b4": [0.871937684166684, 0.9337498507065669, 0.82107678265293], "b5": [0.7599254148659205, 0.8759802517160159, 0.8046167228430852], "b6": [0.07127813493560627, 0.8871347065992565, 0.9725061623993816], "b7": [0.08174840550463305, 0.8229345208848031, 0.9486704463966578], "b8": [0.7552354815640687, 0.9384194157120997, 0.8892925295418252], "b9": [0.7681458778386114, 0.6999750812163321, 0.8072932424452843]}