{"b0": [0.769243497611787, 0.9637144436991195, 0.8229319029556614], "b1": [0.08770621470201703, 0.8959712649327523, 0.8562306797613962], "b2": [0.15214606996879584, 0.923151769271109, 0.8699150082329118], "b3": [0.5971975963970092, 0.8789538062689992, 0.9016045774960049], "b4": [0.8674761140032361, 0.8466409035487552, 0.9714203317130753], "b5": [0.29887162448999793, 0.9870075234603631, 0.9231809097215887], "b6": [0.7290207345457054, 0.9022900014206121, 0.8669452631694796], "b7": [0.7752998160594605, 0.7628394983604728, 0.8514119237002703], "b8": [0.29813550041733483, 0.8538541755649472, 0.9960687160042226], "b9": [0.7237946860364327, 0.7946200630537402, 0.9611592254756621]}