{"b0": [0.0020660095557591567, 0.9906424031318645, 0.8638116600561243], "b1": [0.7604407745278539, 0.9993484110670475, 0.8154195339561511], "b2": [0.09834722418224268, 0.8530521528792927, 0.9703272998810389], "b3": [0.756229429781921, 0.890668380392664, 0.8889846910288602], "b4": [0.7643210601727055, 0.8767722388050869, 0.8533046034504799], "b5": [0.7384707556895864, 0.7292425884454343, 0.9180100092424804], "b6": [0.1120059946480762, 0.9761672284783642, 0.9368695621788714], "b7": [0.1598626880021058, 0.9748999935015804, 0.945971877788759], "b8": [0.9984142428011371, 0.9680481846928026, 0.9057509941226481], "b9": [0.7537980874282612, 0.8886549172186383, 0.8140872740643076]}