{"b0": [0.7134445193906571, 0.9214320198313526, 0.8328190880309553], "b1": [0.8723337150074144, 0.9486802008367244, 0.9939476184573083], "b2": [0.8862602813615469, 0.9530735781395205, 0.8821662191101608], "b3": [0.8132212730862355, 0.9887614980007312, 0.9795261983843855], "b4": [0.009623306792392821, 0.9362529806036184, 0.9661556015053304], "b5": [0.7589065473412147, 0.982626150022841, 0.9186044707133365], "b6": [0.7044652398237872, 0.8424150511616898, 0.8431348671397284], "b7": [0.8695055886878782, 0.8004748379869201, 0.9437911803040053], "b8": [0.7520737938440282, 0.9618864623795883, 0.9943022936109354], "b9": [0.7558818278393121, 0.8338070308262757, 0.8257302916936884]}