{"b0": [0.7693499754326975, 0.9945043807631643, 0.9088832737205457], "b1": [0.8450253542848778, 0.8346552524174778, 0.9110824317305457], "b2": [0.8580259720470939, 0.75927716506569, 0.9395895286995105], "b3": [0.7777252247746814, 0.9599848520256604, 0.9210463587659039], "b4": [0.768201339481207, 0.9067111025411992, 0.8990052110394872], "b5": [0.8665145727084393, 0.9353128233955513, 0.9136037231081471], "b6": [0.7177085602027031, 0.9237766891414988, 0.9165595303655921], "b7": [0.7865698249204542, 0.9735501500394425, 0.9413622749341067], "b8": [0.7469019282745095, 0.9485003632123391, 0.8006410527548025], "b9": [0.8776814191224055, 0.7294479236310076, 0.839467813359089]}