{"b0": [0.7463219088703984, 0.771830648921375, 0.9522690005739943], "b1": [0.8894939175523813, 0.9125982744337668, 0.8991290334202993], "b2": [0.7684234686243282, 0.9840282126333865, 0.8298678867909693], "b3": [0.7674376279271352, 0.8428215550593592, 0.9415933939681296], "b4": [0.9224341291508356, 0.8027071060462984, 0.8913556878025735], "b5": [0.7276178492591954, 0.9485035855488428, 0.9107887871902682], "b6": [0.7410275114203979, 0.9717791319577337, 0.8050038643793235], "b7": [0.9144511599475595, 0.9730218958013603, 0.8007663925024281], "b8": [0.884041282012635, 0.9417415756852706, 0.9318148331610506], "b9": [0.6875395799063737, 0.9811949949269507, 0.992286616715189]}