{"b0": [0.7328870955137663, 0.8329644357091622, 0.8449953556846762], "b1": [0.8494245782019358, 0.8094823167314061, 0.9282402425378545], "b2": [0.7042760187421687, 0.9329632419491584, 0.9892833082513961], "b3": [0.8821010805940053, 0.9993076489334558, 0.8870187383143047], "b4": [0.7352637948172781, 0.8527955203171796, 0.8211046648495112], "b5": [0.8399997041767934, 0.9422799178336032, 0.892899326106591], "b6": [0.9089255758855649, 0.9865448543719484, 0.8989388071341905], "b7": [0.7448632337149155, 0.9669561245861361, 0.8711015154454365], "b8": [0.7357601817368875, 0.9834905397038574, 0.8467916857158128], "b9": [0.7871773191820581, 0.9974808576276806, 0.9715887407708526]}