{"b0": [0.9016020855513588, 0.9661198239679617, 0.8922323035419585], "b1": [0.8692332160743937, 0.9072283605696172, 0.8984557318356338], "b2": [0.07855526997898396, 0.8863720859809473, 0.835209136850679], "b3": [0.17288337500757595, 0.9124815839947921, 0.8105111572639464], "b4": [0.2881050781712135, 0.9745624998143456, 0.8634476893616779], "b5": [0.7935381810999586, 0.892418311711068, 0.9745538653829595], "b6": [0.7362832214956082, 0.8818671956833858, 0.9755631116519765], "b7": [0.09131382584195329, 0.9792277777878171, 0.8735512283948808], "b8": [0.16069765321796947, 0.8810656662571238, 0.9769704242249831], "b9": [0.5709366140561893, 0.9507659075041721, 0.9084890279853485]}