{"b0": [0.7323476856891902, 0.9521437422139287, 0.9896403366634741], "b1": [0.816353040024656, 0.9826187294180694, 0.82888442726416], "b2": [0.7486241898182971, 0.8704380518127948, 0.8909694382291672], "b3": [0.09362257819362242, 0.9097211955429166, 0.9485417044542881], "b4": [0.16404514203849138, 0.7699302715143261, 0.9434607393131695], "b5": [0.8194141618022445, 0.7790810196045007, 0.8983502220786224], "b6": [0.3298759981557998, 0.9880146848202943, 0.9003361915995883], "b7": [0.9060033416714132, 0.8313832101966508, 0.8341167402260804], "b8": [0.08147672319011046, 0.8229717091925766, 0.990891222528925], "b9": [0.9089747557334192, 0.8970495185170785, 0.9020149481286613]}