{"b0": [0.17047072866177093, 0.8719954215186603, 0.9069781199932322], "b1": [0.8975475176355557, 0.9838667788877972, 0.9202571135334334], "b2": [0.09834624653632375, 0.946034041829476, 0.8302747814249113], "b3": [0.7843154391510676, 0.9714511905389369, 0.9204875886219412], "b4": [0.09531392505875745, 0.798270413493499, 0.9484835537025131], "b5": [0.8514349428301549, 0.9493890893994218, 0.9390006978629825], "b6": [0.3352871410805879, 0.9953324403953355, 0.8884697040781242], "b7": [0.1664351152830835, 0.9972345416734538, 0.9933291927734135], "b8": [0.763069132970215, 0.9768267382318494, 0.8203308884871174], "b9": [0.004689327971978513, 0.8913441659728879, 0.9122807689285121]}