{"b0": [0.07464120652354919, 0.8896810317184292, 0.9219234025074934], "b1": [0.6842109754851928, 0.9283455449854446, 0.9876036328116383], "b2": [0.3149002840812095, 0.9856379599194686, 0.8272347599136132], "b3": [0.7589374252623222, 0.9786977911556868, 0.8140371532679035], "b4": [0.7452533309164292, 0.8900467554083943, 0.8199961292484267], "b5": [0.5584340742038335, 0.9913578215387777, 0.8512105756908299], "b6": [0.7309279383754305, 0.9761292725348564, 0.8662752564971753], "b7": [0.10893751878508187, 0.9457542378753047, 0.89817728582303], "b8": [0.4046392712949585, 0.871707622282062, 0.9006084426591866], "b9": [0.36610938259825, 0.8981353890222107, 0.9921653185917343]}