{"b0": [0.15885767383135752, 0.9775631076431084, 0.9450167030527915], "b1": [0.15638836334251802, 0.9408538944195943, 0.8389905591422917], "b2": [0.38384787327672265, 0.8193152421368961, 0.9170823146553759], "b3": [0.5531780765866362, 0.9655198300071077, 0.8363207037662235], "b4": [0.6449723786023892, 0.9827331821435226, 0.8190185459244769], "b5": [0.010519233511979208, 0.9519764555381633, 0.8663162116376522], "b6": [0.022060068706303775, 0.9249921137959873, 0.8360300869464836], "b7": [0.7444053657437286, 0.947880266220293, 0.9655297954747836], "b8": [0.33411501079213046, 0.9636569064538513, 0.9123762054042541], "b9": [0.15801955122752775, 0.9986665972054838, 0.8736697915612944]}