{"b0": [0.725364021679568, 0.8198859569956852, 0.821784323657474], "b1": [0.7128226425594748, 0.8958851515866932, 0.850723565741763], "b2": [0.35243687416992187, 0.9458510163248158, 0.9987485953084679], "b3": [0.29731569772074834, 0.9843507234993742, 0.8867647067859388], "b4": [0.08343181136529879, 0.8436067527485684, 0.9375576332201385], "b5": [0.610249589933764, 0.9677451795685299, 0.8303827803745348], "b6": [0.6209707368684435, 0.9925867574965906, 0.940292639284571], "b7": [0.6220434956287627, 0.9264151764264982, 0.9580590237114393], "b8": [0.0804074669633295, 0.9261617317305121, 0.9355331753983616], "b9": [0.7176236194429673, 0.879617190814241, 0.8632565971556982]}