{"b0": [0.15639531683889094, 0.8970370295915389, 0.8732604777697758], "b1": [0.007468817375652537, 0.9235173760494423, 0.8843877071746167], "b2": [0.9946967753085592, 0.8601292865516436, 0.917985628829049], "b3": [0.16829592994855969, 0.986041869023018, 0.9480456034837457], "b4": [0.7733077254021384, 0.8601104533169122, 0.9499748560425527], "b5": [0.08507129967022488, 0.9571171398742302, 0.9799961735484425], "b6": [0.07642166842340475, 0.9575662960232709, 0.8480112237557091], "b7": [0.8718159845648904, 0.9215028570485247, 0.8599311083032845], "b8": [0.8716428479399709, 0.9984528772402854, 0.9792954093314098], "b9": [0.5552656792793471, 0.9518555020647989, 0.8438767575319969]}