{"b0": [0.07439907214475153, 0.8812762045907507, 0.9678485064907811], "b1": [0.08151412312871198, 0.9777146338584021, 0.8604350316251853], "b2": [0.8512892495020391, 0.9916055391490823, 0.9402075835707617], "b3": [0.7765054224124234, 0.9856357840947012, 0.8148078086757393], "b4": [0.06266657867857983, 0.9261067941030022, 0.9608138575766447], "b5": [0.16869458720924077, 0.9801163852629984, 0.886569572599779], "b6": [0.3500031023103071, 0.7874425193101965, 0.9022904454935595], "b7": [0.6126761899811748, 0.9551441257635406, 0.9182981791584733], "b8": [0.7436609904767127, 0.9511953302543681, 0.9192433489722087], "b9": [0.7479985957962707, 0.9375020187630412, 0.9785631570909866]}