{"b0": [0.8849517427831965, 0.9964033785701362, 0.8361800408574382], "b1": [0.36154588679030975, 0.8902100200645354, 0.9071168750164464], "b2": [0.8607101802004499, 0.9829356872444273, 0.8018691639734729], "b3": [0.7726777716467322, 0.8579662999569178, 0.9998706108952342], "b4": [0.8328408605169584, 0.9094249508621428, 0.8509947643137958], "b5": [0.08799858587827383, 0.9024308072478376, 0.9547018262532648], "b6": [0.7478850040153295, 0.9701973232305842, 0.8588513199431551], "b7": [0.8743223810108399, 0.8035941217617156, 0.940340171988629], "b8": [0.8651762667878005, 0.923756396033216, 0.8350419945615212], "b9": [0.09199975238241892, 0.9059346365922374, 0.8044781952055325]}