{"b0": [0.8672904978995543, 0.8935999007244557, 0.8630012004626562], "b1": [0.017776883341661505, 0.8497137585238674, 0.8686864678313034], "b2": [0.3335720698220969, 0.8681601968078714, 0.8484797251095503], "b3": [0.8579038217387404, 0.9349654896299339, 0.8182605143094768], "b4": [0.8788101609756415, 0.9246174925246122, 0.8013844152928528], "b5": [0.37020824566486465, 0.9970304943080884, 0.9204286434651868], "b6": [0.16302757821546338, 0.9695592856395046, 0.8405955308080791], "b7": [0.14932808539268128, 0.976216397627414, 0.9416268341071102], "b8": [0.16498472049053056, 0.9640623111182718, 0.9159124923686143], "b9": [0.16185199298901765, 0.9776178126143078, 0.9696238103538181]}