{"b0": [0.8104337392288145, 0.9928370673852085, 0.9784217535882198], "b1": [0.3643542218200966, 0.7611650170274905, 0.9621742318211928], "b2": [0.16179766873577464, 0.9733369610402605, 0.8450433289494754], "b3": [0.1651306547601696, 0.9986657407977109, 0.9220221275627253], "b4": [0.1714832944488369, 0.7042776963185893, 0.842026250396508], "b5": [0.09843609649495713, 0.9301575219294185, 0.8416258864791877], "b6": [0.862920667891848, 0.9053798702457905, 0.9328493989595346], "b7": [0.29516347559519546, 0.9432959147037575, 0.9578576249966473], "b8": [0.6237775858406241, 0.8230880966847484, 0.8216718263131619], "b9": [0.907780696286601, 0.9866686287014187, 0.8693164717431402]}