{"b0": [0.8997921062766909, 0.9929293914206561, 0.8704637457668878], "b1": [0.3543640237306571, 0.887113548468972, 0.9355041146700193], "b2": [0.8623490909297549, 0.9266034599207594, 0.9244779538177045], "b3": [0.1608094220088631, 0.9497800599947758, 0.8108570644421813], "b4": [0.17218854174199394, 0.9937701306232065, 0.9088486274834626], "b5": [0.355901074203362, 0.8850301734421597, 0.9309568228764504], "b6": [0.1693789057016107, 0.9455957330827754, 0.8581092198308216], "b7": [0.8460530084969092, 0.822475546726001, 0.9633848675807716], "b8": [0.1641405851093648, 0.8913952063984116, 0.8777139402829398], "b9": [0.32567759779016536, 0.9391377481643254, 0.8349141043782804]}