{"b0": [0.8585866176585644, 0.8944207639995304, 0.9838828142125494], "b1": [0.15530877973257148, 0.9379275821739007, 0.8892644808950115], "b2": [0.1588895974137952, 0.9895187681684757, 0.9929631909465212], "b3": [0.3095755865029894, 0.8470299617825284, 0.929485700619467], "b4": [0.8522200268305354, 0.8948093952649149, 0.8959769212621993], "b5": [0.15776484560099585, 0.8033533674114058, 0.8814669674773722], "b6": [0.16322289094357242, 0.9863710379841133, 0.8987588947751842], "b7": [0.09524861489986165, 0.988777951366176, 0.8455393787375318], "b8": [0.7670732600743616, 0.8888452746471234, 0.8583356624723679], "b9": [0.3024178348347727, 0.9546483695990499, 0.8612798660601539]}