{"b0": [0.9949467464898083, 0.9728261978981343, 0.9310481404431465], "b1": [0.16133831595414969, 0.777388331900311, 0.82572924092538], "b2": [0.31593152685131626, 0.6955032960524846, 0.8512449470970702], "b3": [0.8581700038428327, 0.9816015409657954, 0.920048809626424], "b4": [0.6508258306631215, 0.9656305029598002, 0.8690559299697554], "b5": [0.3614937038027834, 0.8231897937083623, 0.9096560366973624], "b6": [0.10708067942430814, 0.8967032677029176, 0.9669577160125991], "b7": [0.076440559873934, 0.9377356322368466, 0.9707892147759002], "b8": [0.7780055474114552, 0.9334442635774605, 0.9413825439842437], "b9": [0.758118569919582, 0.9653988916297973, 0.9545921930314871]}