{"b0": [0.9622283049651758, 0.8098619429832354, 0.8753221190179882], "b1": [0.827814553938977, 0.9473570513966321, 0.8643079180422384], "b2": [0.8757253853034248, 0.96148265160163, 0.9918031171698225], "b3": [0.16671976588161758, 0.8615295228300073, 0.9253769420380276], "b4": [0.8618449736082997, 0.8886204677806516, 0.9613258785787455], "b5": [0.9721105542855504, 0.9424323691599281, 0.9286250131736251], "b6": [0.8922697981696815, 0.8747494876940662, 0.9622719264460871], "b7": [0.8831947803142174, 0.8598800219139371, 0.8602643298006021], "b8": [0.8582388897459622, 0.9665117350605412, 0.8252065655519445], "b9": [0.784626010153741, 0.9559311754825166, 0.8187464616541615]}