{"b0": [0.309501293833337, 0.8870082656952714, 0.9723889872034188], "b1": [0.7539523099266929, 0.886359006104411, 0.9202584381184508], "b2": [0.3146017707415533, 0.9273445935878164, 0.8129995344668991], "b3": [0.00880658517715769, 0.9354938710308873, 0.8237892106712117], "b4": [0.16547180553100468, 0.8627202431416572, 0.8464865836843853], "b5": [0.6461307018854794, 0.9520269837917187, 0.9734830404429556], "b6": [0.5852195735705518, 0.8949457873391887, 0.9978108038751773], "b7": [0.16225660244565845, 0.9993295005101035, 0.9876253747539049], "b8": [0.08049908437380403, 0.9461614270210333, 0.9542545329245381], "b9": [0.2983009993523993, 0.9312930873260022, 0.8183645554387844]}