{"b0": [0.5623753926238328, 0.9363373640911784, 0.8018947393305933], "b1": [0.599151860397673, 0.8342049164294187, 0.9576043546147808], "b2": [0.37305291768056326, 0.9405517383927756, 0.8108581357518229], "b3": [0.5976737029096983, 0.9553295920436831, 0.8463064631768457], "b4": [0.16248776487350022, 0.8939598377221156, 0.8102810788097866], "b5": [0.1700792945254461, 0.8857945139468, 0.890101755069708], "b6": [0.15279821322181827, 0.934810691097375, 0.9875450451041509], "b7": [0.16682861969943802, 0.8981606023773335, 0.832051771213012], "b8": [0.002324809143011169, 0.9276978059414502, 0.9671971987468184], "b9": [0.9976578951672327, 0.988091802179225, 0.9227844589495049]}