{"b0": [0.15662772112536547, 0.9907187832038826, 0.8749844397998442], "b1": [0.8659806709160504, 0.8672405103861804, 0.9766176667634032], "b2": [0.15017483420014494, 0.864971733085391, 0.9271741507290856], "b3": [0.15108761029508277, 0.9794756885468112, 0.8412360111874072], "b4": [0.5907345602758106, 0.8346727450508216, 0.8396735967655866], "b5": [0.6101024713332474, 0.9789693598972076, 0.8238798931645864], "b6": [0.6109325733214638, 0.9445079936164242, 0.8299010498833916], "b7": [0.7480070253934827, 0.873608251693246, 0.9838354342515825], "b8": [0.06459384477380907, 0.9750371820038752, 0.9301734912996786], "b9": [0.1540907502400001, 0.9554895028532837, 0.8899889710981048]}