{"b0": [0.08583938323120396, 0.9074124422887714, 0.8362325710141566], "b1": [0.9084574105799988, 0.8994017673921281, 0.8169468333665395], "b2": [0.7328483244716593, 0.9359913931201982, 0.9518304774586336], "b3": [0.7498576878710805, 0.9627410047442652, 0.8602092673483683], "b4": [0.3590507539677476, 0.9350643716278928, 0.8211181955231416], "b5": [0.1661624150833157, 0.956036108951216, 0.9681619214836453], "b6": [0.8574464985127658, 0.9319577895570881, 0.8580776314823269], "b7": [0.8739368320965777, 0.9289700227034352, 0.8199212912532494], "b8": [0.15754298529668798, 0.6588196080916164, 0.8717333024500797], "b9": [0.10458677888865082, 0.9802982193834339, 0.8574864056582109]}