{"b0": [0.6334135214660459, 0.9261596265738276, 0.9131424007974712], "b1": [0.6108025127097578, 0.9099918423375466, 0.912354725961832], "b2": [0.32660544444506245, 0.9929910539308894, 0.9257538670632044], "b3": [0.1536296285487513, 0.8784135948375948, 0.8696611915240886], "b4": [0.7399023330471044, 0.8933925282337495, 0.9426671190245347], "b5": [0.7241945664432579, 0.9133928140512181, 0.8261658433677175], "b6": [0.29936750431138426, 0.8014621482755035, 0.9603064260386368], "b7": [0.15321107707391557, 0.9113824136443608, 0.9481789733372117], "b8": [0.7309359625640844, 0.9702709784817728, 0.993402755939888], "b9": [0.8711177625886122, 0.8561371540744923, 0.8549031689272704]}