{"b0": [0.36542053032073896, 0.9648728925629192, 0.8132342319396808], "b1": [0.0015621166315142035, 0.9056433113402745, 0.8968448529974415], "b2": [0.8560045619794501, 0.9541617503631774, 0.8926116179908244], "b3": [0.07264323206301342, 0.9450002270882589, 0.8422418054654591], "b4": [0.1598381148968294, 0.9506468353203124, 0.9390070609611609], "b5": [0.07899949351391142, 0.9964578598829735, 0.8113768604872376], "b6": [0.10240069869084349, 0.9094757119840751, 0.8311281940373746], "b7": [0.9957109862985135, 0.9478809032858452, 0.8421371387882387], "b8": [0.15419535096160436, 0.9454881519140088, 0.9762579496896706], "b9": [0.16311686637301445, 0.7715885083276209, 0.8801534221224082]}