{"b0": [0.09050992526547892, 0.8210795648752515, 0.9080829670457269], "b1": [0.16317680368602092, 0.9653657413971217, 0.9833635115264233], "b2": [0.8990611008687628, 0.9861914251705335, 0.9376782797279515], "b3": [0.0709907882952937, 0.8567326234715731, 0.805828735931503], "b4": [0.7361488083763933, 0.9710002522923147, 0.8220977987249449], "b5": [0.16452138920278597, 0.9860730385116865, 0.8293061548812822], "b6": [0.9999943986552353, 0.989873291658086, 0.9194059678756994], "b7": [0.3345688085175889, 0.9643833087908, 0.9357536086077309], "b8": [0.16930100995108024, 0.9992661775202485, 0.9971096591344291], "b9": [0.08791742328889843, 0.9589873441360524, 0.9677136542244534]}