{"b0": [0.6389931815246866, 0.9572926517103238, 0.8836916975867882], "b1": [0.10405852818392373, 0.8447630408009572, 0.971084820753352], "b2": [0.5938365158837696, 0.9634352280217732, 0.9046842551866879], "b3": [0.5458075836253574, 0.7870179741712725, 0.8912145587172604], "b4": [0.07580305109393577, 0.9842177222605983, 0.8214070876860704], "b5": [0.6145662031984582, 0.9862342451624793, 0.9212778394957536], "b6": [0.16049080588393366, 0.9647410156059629, 0.8806169762201744], "b7": [0.16199917985257437, 0.9073489504114767, 0.9393042774114985], "b8": [0.08882149581336037, 0.9990629528366495, 0.8250347472840371], "b9": [0.15220373447008667, 0.9922493224899033, 0.8535633208681035]}