{"b0": [0.5921696647438247, 0.9885210544430152, 0.8314367926799429], "b1": [0.1587756932674149, 0.9945262931272613, 0.9513408590675545], "b2": [0.15774678021609626, 0.9235127483860137, 0.8253507817531944], "b3": [0.09637405590065727, 0.9498871544632311, 0.8684563012107338], "b4": [0.09045936785326864, 0.85897614635135, 0.8097327639505687], "b5": [0.10052740101568265, 0.8580993872909621, 0.9715468533086787], "b6": [0.36564157063309494, 0.9445767365755227, 0.9934266469990505], "b7": [0.32462791976789446, 0.9905942824379728, 0.8826806321118278], "b8": [0.15833737714683616, 0.9912514424111539, 0.9412986308254796], "b9": [0.7295339556187783, 0.9966363269388131, 0.8310358376563091]}