{"b0": [0.8668755266749152, 0.9702236083236133, 0.8633679100360473], "b1": [0.1538041137098181, 0.8953227702221613, 0.9322343271636927], "b2": [0.1059882546674855, 0.7823571095007728, 0.8388837328744805], "b3": [0.175106567171024, 0.9303728512221074, 0.933225927674629], "b4": [0.5791369117324225, 0.952991243015522, 0.8612336127070703], "b5": [0.08576645217460131, 0.9598231888949045, 0.8839335325801386], "b6": [0.16229761649784027, 0.8547965065468174, 0.8019730148755759], "b7": [0.9152564875451098, 0.8876044394843718, 0.9832773942073715], "b8": [0.7502296982705317, 0.9817153200681851, 0.9677827289070016], "b9": [0.07627466075593883, 0.9280554854291566, 0.8116505042980044]}