{"b0": [0.9102815055013077, 0.9547988919639481, 0.9275766660941591], "b1": [0.7556136492130257, 0.8750984625797084, 0.9801292694707299], "b2": [0.7334313521766636, 0.99665823442375, 0.9617443676795869], "b3": [0.3684346176509188, 0.9971394796868254, 0.8317453026466268], "b4": [0.6047094211175278, 0.8723019591281657, 0.9807720341326874], "b5": [0.7764186792013156, 0.8333471460054297, 0.9408548953748738], "b6": [0.6262416592391072, 0.9914677322198068, 0.8274254045256731], "b7": [0.17235679404229884, 0.8438256056504584, 0.8369296878767989], "b8": [0.7469651101990027, 0.9211612772040655, 0.9020933562229726], "b9": [0.07660927822066654, 0.8781779485238033, 0.8406635235517379]}