{"b0": [0.6237012872389276, 0.7870863105226342, 0.8186034053934054], "b1": [0.6463365137988643, 0.9283010840739194, 0.8786671680370445], "b2": [0.10106787136225179, 0.9640076397300673, 0.8402166381146976], "b3": [0.6301178583196156, 0.8495935620640851, 0.9902012910998343], "b4": [0.30940782449460824, 0.7800816562317081, 0.9877466475920733], "b5": [0.0068885675644960054, 0.9902220948423595, 0.9112064488029482], "b6": [0.9863652807782846, 0.9124333215771387, 0.9777164614587827], "b7": [0.9868012333794968, 0.9696997966349947, 0.8163379332942307], "b8": [0.9825521413599806, 0.7278002536351693, 0.928282909848395], "b9": [0.9224988569550638, 0.9215729366539308, 0.9906241321152978]}