{"b0": [0.6168241986941638, 0.9839944766988252, 0.850365635372915], "b1": [0.01624753093291094, 0.948902828240592, 0.89373705320971], "b2": [0.3463661030642762, 0.9619571838576896, 0.8613119720351381], "b3": [0.7613443108767227, 0.8091727431238869, 0.9982420181768334], "b4": [0.16510244276480016, 0.9458806414616278, 0.9917114770345143], "b5": [0.05354783981347271, 0.9925361652183509, 0.9268572048726567], "b6": [0.6455465689823466, 0.9613075913887762, 0.864155921076772], "b7": [0.7800547345582858, 0.9886179666813584, 0.8130660689820466], "b8": [0.8575405934744121, 0.7891870433803717, 0.8510250794389319], "b9": [0.6214535162720383, 0.930404982514516, 0.9336341232961319]}