{"b0": [0.1568554482588355, 0.9273176741296563, 0.9092724071810043], "b1": [0.3375489651979209, 0.9986327195082866, 0.8059753767720739], "b2": [0.6100268891967366, 0.9989951603650173, 0.8720244162305151], "b3": [0.7316654861171326, 0.969960450980591, 0.8813015259225366], "b4": [0.864822894279895, 0.9642847986879104, 0.8804537231136526], "b5": [0.8767154667728903, 0.9372868003181936, 0.9089062216831668], "b6": [0.32419091605052885, 0.8187197674621622, 0.9007194640940653], "b7": [0.34201048861162753, 0.9480042466039501, 0.9762892282260516], "b8": [0.0043905717987191, 0.9741220662169302, 0.9227195572801067], "b9": [0.059860351828814745, 0.8451217539370396, 0.8326983026005914]}