{"b0": [0.7400166803917823, 0.8873179040818789, 0.8920291891745038], "b1": [0.3377773157942843, 0.9923118081444298, 0.9937049571076385], "b2": [0.8585889634022092, 0.7690368756073801, 0.9588888174008671], "b3": [0.6372799704552087, 0.968508663383518, 0.814660556504509], "b4": [0.7470657318934316, 0.9289786729222927, 0.8703200508368879], "b5": [0.5929263840446347, 0.8974704064024773, 0.8536410151150136], "b6": [0.37892462054656006, 0.9938347637050109, 0.8681495517879456], "b7": [0.8829302392230352, 0.9751480544668081, 0.828660385313951], "b8": [0.2652910495915098, 0.9724702749924329, 0.8360938219662545], "b9": [0.6403770984849385, 0.9495738497891955, 0.9527988766864129]}