{"b0": [0.09749007532916208, 0.8743332635839464, 0.8836299836504358], "b1": [0.5939991458956421, 0.877454969084745, 0.8685307123389943], "b2": [0.003351437861157382, 0.9823347371694661, 0.8381487846770487], "b3": [0.027260832438993295, 0.9385493544113949, 0.9695454633497601], "b4": [0.16189777141606584, 0.8381484759770675, 0.9799604468781302], "b5": [0.0914451207169146, 0.8152936519455034, 0.9935957692185751], "b6": [0.8901353707319969, 0.925434712164151, 0.878523073405713], "b7": [0.17173623203913782, 0.9518374806195041, 0.929890210823478], "b8": [0.327290654025627, 0.9600134987652466, 0.8092373961146185], "b9": [0.8535328543361378, 0.9545362876074897, 0.9944385363137613]}