{"b0": [0.8600763419494628, 0.9871830343136456, 0.9070341976797822], "b1": [0.6066895597335875, 0.8912357144480463, 0.8679770886884706], "b2": [0.6636210716922263, 0.9676684479273738, 0.9764088603874557], "b3": [0.879034108807241, 0.8624991595202768, 0.8464264883772914], "b4": [0.5594557323555628, 0.933348579227983, 0.9605147991715474], "b5": [0.0019362462704497546, 0.9660303371186143, 0.886275340417354], "b6": [0.7548329502708877, 0.8934524709524125, 0.8858015266813299], "b7": [0.15535690193045898, 0.9555480649743967, 0.9606275489219391], "b8": [0.7348293226753928, 0.968528860711439, 0.8324457181110492], "b9": [0.01053536831037743, 0.9695537789453251, 0.9342769201556077]}