{"b0": [0.30679670601812353, 0.8978116764629688, 0.8995183136131039], "b1": [0.7417026017154912, 0.860284360028989, 0.8304662725549683], "b2": [0.8626405901032832, 0.8702367063214257, 0.9974075513070949], "b3": [0.1653166129842648, 0.9902641864646518, 0.8640367474329763], "b4": [0.7152522183655569, 0.9930114169362096, 0.9531295817962214], "b5": [0.16026938775695151, 0.9512057533812203, 0.9913277500804916], "b6": [0.6189631160283329, 0.954606845913768, 0.8165230492842923], "b7": [0.5523228136803052, 0.9042473847647966, 0.9049440024098557], "b8": [0.09162000692023996, 0.9841043579019721, 0.9279378388326448], "b9": [0.14803046276005133, 0.9731217184836717, 0.9023150056345951]}