{"b0": [0.16633213295636018, 0.9812107920218169, 0.9614132613635259], "b1": [0.17017479554214737, 0.957767168836164, 0.8118808865830616], "b2": [0.6419873493755139, 0.8384944192964455, 0.8848045104265121], "b3": [0.888033468797321, 0.9366986655506682, 0.9560629311439086], "b4": [0.16208976887592524, 0.9055552407510793, 0.8727591926639845], "b5": [0.3283434465582612, 0.9848784671048696, 0.8378358341465878], "b6": [0.1656303307156053, 0.952461823523385, 0.8783907976704113], "b7": [0.04004309400090115, 0.794866320795379, 0.9585152517355356], "b8": [0.5793406272486071, 0.9444238180648596, 0.8715557460052737], "b9": [0.9858842914515467, 0.7490484121735362, 0.8211773488827668]}