{"b0": [0.5707784662747383, 0.8468181327690182, 0.9822473741710754], "b1": [0.16020616894438444, 0.9201231298226294, 0.8689007361003985], "b2": [0.16773055323361707, 0.9960961791400811, 0.8832180678343485], "b3": [0.7457278811128621, 0.9114482256327318, 0.9087546062388769], "b4": [0.1659157818891188, 0.9849988239851392, 0.9933911434422501], "b5": [0.7319933203814601, 0.8258833830931693, 0.938182968383515], "b6": [0.6807151888289453, 0.7468231935578945, 0.8900406726867758], "b7": [0.15844301290547416, 0.9139084679111089, 0.8725793290380713], "b8": [0.16219740720884324, 0.9434751574239949, 0.9904438945933727], "b9": [0.15642691123329355, 0.9482428877798492, 0.9340356456245681]}