{"b0": [0.1619238564568828, 0.9419385992033675, 0.8462131787863892], "b1": [0.9821822165451576, 0.9296403945421292, 0.841622612403456], "b2": [0.17042391644963314, 0.9447558217207108, 0.853074262924931], "b3": [0.5843743026250615, 0.8481732789096685, 0.8216531086162298], "b4": [0.15971225499345965, 0.9646850458669952, 0.9679211740101309], "b5": [0.1591247712438804, 0.968167153012802, 0.8226559311403395], "b6": [0.644858970820017, 0.9016203516401626, 0.8495792312316717], "b7": [0.9797733670302322, 0.9186591437962648, 0.9030541217105423], "b8": [0.7214686483377578, 0.9431514114891939, 0.8198093392262661], "b9": [0.162185110124067, 0.842155571746358, 0.8907882727380936]}