{"b0": [0.6225572337545358, 0.972368407703932, 0.8072679147646085], "b1": [0.16760539597498209, 0.8592536843994041, 0.8038800296277415], "b2": [0.17235913811543713, 0.8225206782173441, 0.8398662714511539], "b3": [0.16533346316669426, 0.9362227785948182, 0.9755739177538885], "b4": [0.7910289460483735, 0.973355291802616, 0.9008623201608992], "b5": [0.7144754623402676, 0.9116281719663272, 0.8381906637655913], "b6": [0.8598461751303161, 0.8933384210798817, 0.8108238914123092], "b7": [0.6378755999587975, 0.9134372425138243, 0.8767435949859401], "b8": [0.16418117321368608, 0.864515961758868, 0.820566444948436], "b9": [0.08617047696108689, 0.9529632456359032, 0.846661303384349]}