{"b0": [0.9840228042934268, 0.9802555663501219, 0.9454911433173673], "b1": [0.8882219518955207, 0.9739868929697562, 0.8117323199511233], "b2": [0.0009241394452054325, 0.801339228032764, 0.948792515806966], "b3": [0.8446475827572076, 0.901571895826078, 0.8577649160992391], "b4": [0.9909311286161333, 0.9484549816609708, 0.9847611331450884], "b5": [0.9919693949803449, 0.8798270785976484, 0.8916182195071649], "b6": [0.8989149887465869, 0.9240483578684597, 0.932119784530935], "b7": [0.9906150290374874, 0.8844465449281409, 0.8897467616310593], "b8": [0.8714573437737113, 0.9431629403500679, 0.878476285817221], "b9": [0.5976697366713385, 0.8561570908620676, 0.9356925395076181]}