{"b0": [0.8512899108217984, 0.9447948298430088, 0.8656579301425087], "b1": [0.009281505477177387, 0.9973121345003435, 0.8092481000034628], "b2": [0.859573396863824, 0.8704891851971855, 0.918379480866444], "b3": [0.010486643162882775, 0.8748925401662059, 0.9622396121254304], "b4": [0.8820656041464703, 0.9058226840201905, 0.8658099383730401], "b5": [0.882040312239911, 0.9924145033681809, 0.8728267665608652], "b6": [0.8499608031280637, 0.9713973642344186, 0.8154075265856231], "b7": [0.9980181688766983, 0.7882501200885846, 0.8287062866592216], "b8": [0.9963278702580654, 0.8958705141478448, 0.9871511268745123], "b9": [0.03145060148270802, 0.9301261141743953, 0.8587057892692838]}