{"b0": [0.15960252363536195, 0.8984030039179024, 0.9517042957971412], "b1": [0.8629754063877684, 0.9568852145890945, 0.905091588611277], "b2": [0.8399544846487034, 0.8599843311451696, 0.8389239579362888], "b3": [0.9888437193199553, 0.8517642734945787, 0.8690951243595086], "b4": [0.8954762667500886, 0.8176584030211389, 0.9471052752181156], "b5": [0.020536671094371038, 0.9029832176111424, 0.8535231854538775], "b6": [0.011266155849548553, 0.9219301791801543, 0.8024984184897822], "b7": [0.07990621810338115, 0.92927756635473, 0.8544001616298782], "b8": [0.835663605846861, 0.9029301895297237, 0.9147751211900298], "b9": [0.004730733305122364, 0.8707381518023102, 0.9297535431364643]}