{"b0": [0.866265116518557, 0.8896790669300555, 0.9009851184696498], "b1": [0.898980947317348, 0.9381240044200855, 0.8264049526009029], "b2": [0.9948231772457957, 0.8409584421706916, 0.8212621102703163], "b3": [0.32103394631045196, 0.8757685007098032, 0.8244156335465632], "b4": [0.9955950901285213, 0.9156197510205962, 0.9635133582281727], "b5": [0.8626074922474061, 0.9868603803798376, 0.9469442761282741], "b6": [0.8789088969818141, 0.7851378070353612, 0.9514604664399617], "b7": [0.8555945987953121, 0.8973008772679373, 0.8862702692024889], "b8": [0.8839044074823188, 0.9012188461263179, 0.9850154343025279], "b9": [0.99719989190567, 0.9568974598674717, 0.9307977058769749]}