{"b0": [0.9912769305533387, 0.9705904536320863, 0.978474161062055], "b1": [0.8498894311736733, 0.9358240766044861, 0.9074964325071424], "b2": [0.8669025766327652, 0.9753618986778682, 0.983557228397762], "b3": [0.017725168758205463, 0.92069968643465, 0.995401884806751], "b4": [0.3213224490331577, 0.9716507099006868, 0.9605908802906565], "b5": [0.9867759203981123, 0.8609417244367837, 0.89736142910301], "b6": [0.9784580889562478, 0.9704134061561088, 0.9148995008360875], "b7": [0.0010426035444596057, 0.8502877049174111, 0.9742342740184204], "b8": [0.07711975913010803, 0.8768029112732877, 0.916059571961103], "b9": [0.8428116280263273, 0.9669154884802622, 0.827240318892212]}