{"b0": [0.16315455230204948, 0.922159612615101, 0.9279656487494715], "b1": [0.008294266534966755, 0.9977428976004272, 0.9404202657803319], "b2": [0.9091789995946398, 0.9858027499546245, 0.9298757211735049], "b3": [0.29891141733381926, 0.9298680041185894, 0.9646057383563305], "b4": [0.6439907069844456, 0.8775103105868873, 0.9663514310659268], "b5": [0.7855281412301717, 0.871608492366517, 0.9024347316900745], "b6": [0.16571758004035608, 0.9431751968640506, 0.8662293464301861], "b7": [0.16420189364270638, 0.995421173055847, 0.964896161389131], "b8": [0.0005219382246296199, 0.9416278030949773, 0.8833085351225389], "b9": [0.33686760544505456, 0.9846957195090349, 0.9522368584748636]}