{"b0": [0.16767175490574485, 0.9011611591742187, 0.9290987275169248], "b1": [0.3237864530485387, 0.9825485154890614, 0.8501927961905628], "b2": [0.8298632887697264, 0.9727543208297468, 0.8482098662750647], "b3": [0.5650503404768501, 0.9906758844228308, 0.8706849749932476], "b4": [0.9905974169333243, 0.9178176085138893, 0.9840539559383467], "b5": [0.8719217135234015, 0.9508932493910461, 0.9649440166046002], "b6": [0.15730143080621128, 0.8604963923838548, 0.848755776412833], "b7": [0.668868394674456, 0.8212991950830585, 0.8333430727506674], "b8": [0.16209829633179487, 0.8684609524573595, 0.8310853932320211], "b9": [0.16480905047625613, 0.851690690677964, 0.8160917884310213]}