{"b0": [0.16386542712164062, 0.9935458778373005, 0.8692052287488812], "b1": [0.8550593470849226, 0.9087788088882505, 0.8022515216728052], "b2": [0.6097020365329704, 0.8831958534834732, 0.8714628034624536], "b3": [0.06736166677526115, 0.882208585521361, 0.8665542607030495], "b4": [0.1582117671465998, 0.8910748714122154, 0.9190905326273421], "b5": [0.32450740454848215, 0.9019726972463238, 0.9905879027580713], "b6": [0.8764162972414821, 0.9743975573141076, 0.861409388414544], "b7": [0.07617271526679721, 0.9594625039726594, 0.9490667424621241], "b8": [0.727218913999532, 0.8872122685757984, 0.9636021238714426], "b9": [0.31477801945563405, 0.90138041370684, 0.900225894068161]}