{"b0": [0.7571325172802607, 0.9685439500480251, 0.8589227506520279], "b1": [0.09095127075915709, 0.9240241255015917, 0.9704973970677162], "b2": [0.761655724626914, 0.9122002359555634, 0.9474916876491011], "b3": [0.6213119382423639, 0.9902842848993016, 0.9295413301616855], "b4": [0.7306750964171306, 0.9658138572125865, 0.996382636566979], "b5": [0.08591667578668392, 0.9013281045300786, 0.922014997167758], "b6": [0.05458751081937543, 0.8318943500816656, 0.8956950910036209], "b7": [0.07150292207679952, 0.7461899501805714, 0.8107949575682776], "b8": [0.0972425101160521, 0.9842055417795479, 0.9217262860329811], "b9": [0.8071515954125875, 0.9948494305441814, 0.9390965857181429]}