{"b0": [0.9994313208772178, 0.9053520398893498, 0.9840725364456061], "b1": [0.08248101748398091, 0.9945401218808896, 0.8768458393292061], "b2": [0.07951014808816739, 0.9786790607201964, 0.852635735984486], "b3": [0.16203662390758627, 0.9579902773877358, 0.8074039814673774], "b4": [0.7569123297304641, 0.9807893487182981, 0.9975982787540513], "b5": [0.8560010015959351, 0.8864854731874132, 0.9358028020304663], "b6": [0.7650179818690426, 0.980928956367856, 0.8395239328258691], "b7": [0.7713014124098367, 0.9128293451307209, 0.8120542883073147], "b8": [0.0714203593771453, 0.9313165029394177, 0.8403331947084566], "b9": [0.06931434933369944, 0.9537883694366875, 0.9379764471770732]}