{"b0": [0.10319414707709659, 0.9463264414074897, 0.8180776006992022], "b1": [0.0894520421662575, 0.8604858734073361, 0.8058598045669758], "b2": [0.7398301944996245, 0.9543011941738578, 0.9045200472315783], "b3": [0.07533124121710562, 0.9549711439780095, 0.8689834009489121], "b4": [0.16860045798795414, 0.9520923197936391, 0.9709582422521587], "b5": [0.09416019371343014, 0.832131806607887, 0.8839938276829986], "b6": [0.770601652610277, 0.9744254969215774, 0.8292652635802878], "b7": [0.7565610507877057, 0.8170513658379476, 0.9393158474940501], "b8": [0.7583508100012714, 0.9628042489888631, 0.856916663386757], "b9": [0.7549428140197137, 0.9927791827257466, 0.8753860781466107]}