{"b0": [0.09728502981540942, 0.9226532599162628, 0.986459533717166], "b1": [0.8882898238705067, 0.7831742621615188, 0.8830189802059302], "b2": [0.10300477254147301, 0.9199199059447893, 0.9246034799543498], "b3": [0.8330165250959631, 0.9217250600800224, 0.9623652886284387], "b4": [0.7920843127731338, 0.9358882279666244, 0.9068135009067627], "b5": [0.08804521518203673, 0.9620508262478328, 0.9467346161765833], "b6": [0.0724583031652987, 0.9226725702536678, 0.8259835421029393], "b7": [0.7467112822568227, 0.9742822358795665, 0.8127534610500199], "b8": [0.0714338112062243, 0.918624046807636, 0.9724609847308224], "b9": [0.7474643981857483, 0.9551952875417876, 0.8816558650785101]}