{"b0": [0.7348245966200122, 0.837084414618497, 0.878392267591931], "b1": [0.09060545483493009, 0.9306977260790942, 0.9295054784478299], "b2": [0.09134015421746838, 0.9860698213858786, 0.9602886164229153], "b3": [0.07866097945776707, 0.9616133411827548, 0.8962902249498675], "b4": [0.7595706247971795, 0.9819739993927246, 0.8550787529051259], "b5": [0.7803145472411631, 0.9896417848997737, 0.9741442572863467], "b6": [0.7134065191330579, 0.9154260919897572, 0.980723596045312], "b7": [0.7216868940436185, 0.9894579661673979, 0.8431188311440266], "b8": [0.08792286169632771, 0.8801276242321086, 0.8958237509515757], "b9": [0.06904623245841542, 0.8621576270706968, 0.9364842356891384]}