{"b0": [0.008623277062396932, 0.8809845501262937, 0.8439418898927302], "b1": [0.7876514585539494, 0.999443324086571, 0.831537159355768], "b2": [0.31319356141828075, 0.8667244711557518, 0.8355969924542552], "b3": [0.8608718182157112, 0.822032111117303, 0.8343233519542304], "b4": [0.15703483473677746, 0.9746085698644978, 0.9514334720848496], "b5": [0.8748623200026148, 0.9873222489973249, 0.9493462948351463], "b6": [0.7497133001570627, 0.8026769618376963, 0.8707209778429319], "b7": [0.009609466522369879, 0.9713470250415878, 0.8770963618028331], "b8": [0.7669218375131106, 0.982813190278661, 0.9868987775582663], "b9": [0.34496899907850176, 0.7763563659193815, 0.9830661571876209]}