{"b0": [0.7332922889771223, 0.8278103353686155, 0.8978660586713688], "b1": [0.7718082696813926, 0.9334645173513547, 0.8266908616110696], "b2": [0.7577579103266784, 0.9108311553278774, 0.8436110490102159], "b3": [0.753917215192081, 0.9414146126426237, 0.8589686801703826], "b4": [0.30277681783253596, 0.9488337481314835, 0.918096735671572], "b5": [0.311212242521138, 0.9852740891800962, 0.9846313229154398], "b6": [0.6038204178112946, 0.948405988783051, 0.9338579996293559], "b7": [0.3253865195174571, 0.9589467487329596, 0.8371036477100214], "b8": [0.0010729300065741955, 0.985776811734623, 0.991295099530592], "b9": [0.8733914474157646, 0.8536433003607001, 0.9680333888345255]}