{"b0": [0.29008239245299194, 0.9836938045887319, 0.831887259604023], "b1": [0.16059678851922451, 0.9124718708331317, 0.8742769162862792], "b2": [0.8918724081961978, 0.8498193146776416, 0.9877236702134179], "b3": [0.8671891296024025, 0.8922296411041681, 0.8420545411352904], "b4": [0.7646441859326473, 0.9992359599681575, 0.9548986978080221], "b5": [0.7581050234521068, 0.9307304295612127, 0.9142910095885377], "b6": [0.1597788918665132, 0.9125904438677559, 0.8648444428458478], "b7": [0.9963781991771435, 0.8155564866140139, 0.98742346497368], "b8": [0.8536070804526555, 0.968322968682382, 0.9237363648114205], "b9": [0.7639518301734182, 0.9695368715244145, 0.9737208346833964]}