{"b0": [0.06831991715927299, 0.956785801287506, 0.8944324439164297], "b1": [0.15786310373177662, 0.9755250687053383, 0.8174685246536739], "b2": [0.0786773337366342, 0.8124967369659848, 0.8655367812752058], "b3": [0.08852806937291424, 0.9880751319101603, 0.80042038769629], "b4": [0.16345880413202837, 0.8662874658450315, 0.9447430670504992], "b5": [0.15698746547639242, 0.9996901700152019, 0.8182980915016137], "b6": [0.15565037860732278, 0.9500950648160793, 0.9460383528235033], "b7": [0.09860547483908612, 0.9957196738339458, 0.8094205186567706], "b8": [0.37921935490581715, 0.8388547668463353, 0.8834942316079818], "b9": [0.06338226491109315, 0.9046799431343413, 0.8252093444131304]}