{"b0": [0.16564348979841473, 0.9041752380662593, 0.9200742783724227], "b1": [0.15995799671287514, 0.9180367878943155, 0.8917225221375304], "b2": [0.07685832866332597, 0.9825434847979363, 0.9725665871681289], "b3": [0.16718521306288217, 0.9020480722653084, 0.9860010649923694], "b4": [0.7066364182104062, 0.9491493608304742, 0.8675546769186956], "b5": [0.09210641192713999, 0.8296156556742096, 0.8566895188132361], "b6": [0.054988472917863636, 0.9068470092565714, 0.8740402070518565], "b7": [0.1588546112269479, 0.9263345146959873, 0.9896161292473006], "b8": [0.15957514091548283, 0.9475513961744068, 0.8197333444539737], "b9": [0.16122108236687516, 0.9083478421853513, 0.8016987912432554]}