{"b0": [0.15587638063253328, 0.9451705660394744, 0.9947298611989059], "b1": [0.6210215226665035, 0.9137346310276376, 0.9417990024560808], "b2": [0.10554907223331474, 0.6830276452888522, 0.8663579300665566], "b3": [0.16509608823365557, 0.976576775834247, 0.9892014131959865], "b4": [0.0965690213317645, 0.9277869448423215, 0.9288370664331077], "b5": [0.3406341746871984, 0.9680514956055768, 0.9409797502945644], "b6": [0.07704330419609869, 0.9316170474166167, 0.8279597680359627], "b7": [0.15367115005766632, 0.7553384847055975, 0.8357291048825055], "b8": [0.16760596245551934, 0.970351206271255, 0.8096023542019227], "b9": [0.16702061116434144, 0.9423631739806108, 0.8211060440910853]}