{"b0": [0.8619535538005441, 0.8562241929258729, 0.9903183029580918], "b1": [0.9136887722039317, 0.964460324210458, 0.9756213915804941], "b2": [0.7407173939827166, 0.9926047120774293, 0.9915618888669441], "b3": [0.3627888628601209, 0.9081895043527531, 0.9657550649848469], "b4": [0.3071643103547505, 0.8200001744959843, 0.8408361514226954], "b5": [0.1650067245529022, 0.952615667169005, 0.8890368333670817], "b6": [0.591748498532615, 0.8454471349027836, 0.9203668706576872], "b7": [0.7553283059069503, 0.9137081437045832, 0.8310074562779952], "b8": [0.1547393157894221, 0.9902399484496887, 0.992637468124115], "b9": [0.8905023155834941, 0.9216678815727635, 0.9542764920947788]}