{"b0": [0.7800529686701452, 0.9443425902322673, 0.855465768883667], "b1": [0.7628591269664275, 0.968132208613228, 0.9783294126886446], "b2": [0.3463663274577174, 0.8638097142577317, 0.8600735714169504], "b3": [0.6256321948426166, 0.9649025412082763, 0.8229863376878257], "b4": [0.6206589365908393, 0.9767382843976885, 0.9416296325405965], "b5": [0.879875643788912, 0.8785990003762073, 0.941032685423312], "b6": [0.8022129752326863, 0.9029327891635777, 0.928388410317651], "b7": [0.31312166537209196, 0.8901171773329621, 0.9796027189852997], "b8": [0.1461477392794614, 0.9747759648091582, 0.8227167002920062], "b9": [0.6318283976360883, 0.9908320159150936, 0.9941075169714156]}