{"b0": [0.34721270365649237, 0.736557633572657, 0.9600893785502029], "b1": [0.6295063470538448, 0.9628993120528413, 0.9539691428344134], "b2": [0.34023489414911623, 0.9402057013019519, 0.9803646643203802], "b3": [0.7666584742557666, 0.9217543672379995, 0.8674555741592448], "b4": [0.7951037959847508, 0.9688980186076159, 0.9401811171708669], "b5": [0.8906708093938345, 0.9387761995115185, 0.8725050279456021], "b6": [0.8793840716767402, 0.9586508637466322, 0.9629326866290218], "b7": [0.1697771906351728, 0.9656362244499266, 0.8781198763340322], "b8": [0.7603470159829776, 0.9068049979276159, 0.801682016278561], "b9": [0.35476482794239234, 0.9170124179230096, 0.820533004130281]}