{"b0": [0.7698211074617667, 0.9859107298756438, 0.9532694691838735], "b1": [0.10784688369858068, 0.8392472513611117, 0.986771429193531], "b2": [0.7393074681497346, 0.9638296278187595, 0.8784207576365527], "b3": [0.1742826585429461, 0.997709674918594, 0.9569206591237018], "b4": [0.10049038902140855, 0.9993936378478686, 0.8148447052683184], "b5": [0.6361680600295475, 0.847685422764417, 0.9040773696623444], "b6": [0.7256695623271229, 0.9707035593731174, 0.9811810607860693], "b7": [0.7072771312274994, 0.9673504522250467, 0.8998867462279676], "b8": [0.7277799519965487, 0.9667052738519668, 0.8763138382880922], "b9": [0.78286457737189, 0.9018560156986135, 0.9095451714646942]}