{"b0": [0.612282855765384, 0.9788193887274644, 0.8620757812255107], "b1": [0.007655280883376264, 0.8900186167129853, 0.8819918638833546], "b2": [0.8697029065077598, 0.8760587707170466, 0.8220038492739081], "b3": [0.9859225399956314, 0.8763472026979838, 0.9159856677781789], "b4": [0.7604189990757318, 0.9278373986681134, 0.990008413361066], "b5": [0.09523333434400373, 0.9181362327244978, 0.8807119046572011], "b6": [0.5449770393232849, 0.9739143268221294, 0.9060164411106791], "b7": [0.8009293122725394, 0.9646620741643541, 0.8753869461085501], "b8": [0.009576039323524249, 0.8133109550607674, 0.8926168847984194], "b9": [0.0005733082734272229, 0.7986861211477748, 0.9109484977893296]}