{"b0": [0.301846449536002, 0.9697293280962163, 0.8697057812287412], "b1": [0.34403448984019497, 0.9057556640867642, 0.9418079043305433], "b2": [0.1639830439964806, 0.9260303356201085, 0.9617891617793991], "b3": [0.9898465140138505, 0.9067905131003903, 0.9662629006249375], "b4": [0.6287838209073309, 0.9171713726566003, 0.8176760351414002], "b5": [0.08069299622386326, 0.8168147961235929, 0.8281973092618073], "b6": [0.626517376436028, 0.8412015456248139, 0.8276868708802568], "b7": [0.8848906195980467, 0.9743477059869983, 0.9472939698363012], "b8": [0.08284231817240513, 0.9072643563426307, 0.8810270634849136], "b9": [0.35147634403064104, 0.8751836046241058, 0.8337583624214375]}