{"b0": [0.09490528940955781, 0.9210968166110324, 0.8858389170360482], "b1": [0.9878031017007729, 0.9646061238473539, 0.8520102512311134], "b2": [0.7603404019275569, 0.916061263071944, 0.8394667449245048], "b3": [0.9820159062993349, 0.7860393604837762, 0.845109659444273], "b4": [0.16533000857516833, 0.8719773870780163, 0.8839536903661623], "b5": [0.7750601194305043, 0.9559445477890756, 0.8242955230995227], "b6": [0.6286307877340154, 0.892858734586567, 0.8933968012558947], "b7": [0.8516372355200307, 0.8201449955126389, 0.9006205397821945], "b8": [0.15868513584858296, 0.9183366644723273, 0.8748067010108896], "b9": [0.9025818380691335, 0.9586826991990977, 0.8775020357739036]}