{"b0": [0.15658837674534948, 0.910916302957066, 0.8666327446038892], "b1": [0.005326133113700523, 0.8487279302283461, 0.995544404936357], "b2": [0.16504492530075787, 0.9230037213556382, 0.9412993727535816], "b3": [0.09351093027086449, 0.741828891302973, 0.8213444924814973], "b4": [0.842381197718489, 0.9709936940858648, 0.8999880054092562], "b5": [0.9177683018700822, 0.9658485090299268, 0.9175075859978287], "b6": [0.7752477306274663, 0.9990835122640305, 0.8042497619282426], "b7": [0.31481901374337434, 0.8794340033476108, 0.9295965740474752], "b8": [0.7898013708165457, 0.8061352844061895, 0.9629642746019836], "b9": [0.005466558167507772, 0.7946972588341009, 0.9042669715977256]}