{"b0": [0.7566539428675689, 0.9000626035902747, 0.9469194293753458], "b1": [0.7530206769069112, 0.9830397505090045, 0.9985954686222229], "b2": [0.6148417624433548, 0.9987333896196665, 0.9856013633270315], "b3": [0.15254169486590824, 0.8520139400133742, 0.8707664336319982], "b4": [0.7838147460946067, 0.9067962086313912, 0.9021294227171408], "b5": [0.35570115685694376, 0.9310386081631382, 0.923394592044886], "b6": [0.7397842177383336, 0.9503827195663385, 0.8993724475685595], "b7": [0.16767323843520945, 0.9099959054129485, 0.9331457694486482], "b8": [0.7476962562607015, 0.9260174336187529, 0.9043110469697063], "b9": [0.3003771836114357, 0.9141552878850514, 0.9352020902577222]}