{"b0": [0.35180987286065507, 0.9987977764316461, 0.8744448823823336], "b1": [0.6988210750383711, 0.973013063685851, 0.9308033091483638], "b2": [0.16243737896589594, 0.9326332297777609, 0.801160986348495], "b3": [0.3476623033636718, 0.9201808170974175, 0.8084097034986238], "b4": [0.16410492006420474, 0.9540028360621892, 0.8573773530305688], "b5": [0.1602679145119524, 0.8545896576319769, 0.9999978813077947], "b6": [0.5984076144703342, 0.9406652225202917, 0.8507969365977543], "b7": [0.7524245101783835, 0.9997434621239643, 0.9951109581853905], "b8": [0.009836743214206497, 0.8599220487491768, 0.962604912375255], "b9": [0.29647612179787003, 0.868212931295289, 0.9690189511603539]}