{"b0": [0.36661381656862096, 0.9262370432843305, 0.9103457290728505], "b1": [0.011019103831833979, 0.9273854571366945, 0.9258203345157063], "b2": [0.6663384180626956, 0.9868758302194495, 0.8645693311372432], "b3": [0.1546680563286545, 0.9975550087452951, 0.8251507325326195], "b4": [0.8814318652174591, 0.9531651500802252, 0.8782085360677673], "b5": [0.8211554236384369, 0.9789026945176793, 0.9931499882768704], "b6": [0.16513373920236749, 0.9392641836628396, 0.9967465740398826], "b7": [0.38221651904439413, 0.975538041408149, 0.8218757216585902], "b8": [0.3127388686915371, 0.9272844959640207, 0.8710857199853501], "b9": [0.1574299424304252, 0.8718973852512099, 0.8088786249659112]}