{"b0": [0.16880495588409355, 0.9738828648453829, 0.847172822998335], "b1": [0.061350179173545384, 0.9897088488497456, 0.9664456411080922], "b2": [0.98386026270716, 0.8971221069276117, 0.8476887809129225], "b3": [0.16761366172460732, 0.91845056000226, 0.9708693907966573], "b4": [0.16045183551291425, 0.938276219423836, 0.9821348353661884], "b5": [0.15770889677456348, 0.9691605991170991, 0.9144310381572631], "b6": [0.7812242696884227, 0.8663661513793153, 0.8792551397843741], "b7": [0.8899572587677218, 0.8747381167302593, 0.8985941621008163], "b8": [0.08803560797317324, 0.9891944191608555, 0.821405313449865], "b9": [0.08542253009017672, 0.865097865725844, 0.8354245823554155]}