{"b0": [0.15815536492935295, 0.9859848655502583, 0.8505557826640117], "b1": [0.9916763795637281, 0.8763884250080711, 0.9626030028724912], "b2": [0.3594342672855388, 0.9476721604372529, 0.8992860251667483], "b3": [0.07704069616949759, 0.9961436284596417, 0.8459597795143717], "b4": [0.15781484652337976, 0.8152948323560802, 0.8481330749134921], "b5": [0.3098293320395862, 0.9995556058165874, 0.9133179176339962], "b6": [0.1550555129804344, 0.9346923804056837, 0.9818316330110357], "b7": [0.15517079465430098, 0.9068915623612805, 0.9270065557672602], "b8": [0.8666798995720396, 0.9734160374767005, 0.9708989105568321], "b9": [0.08944266968481308, 0.8756643630502705, 0.9920026317744676]}