{"b0": [0.7598519876462957, 0.9525773080973375, 0.9145659811012053], "b1": [0.160425851620568, 0.9905760234748296, 0.8875405885989842], "b2": [0.011090577300805808, 0.9571723315399994, 0.9477792383119555], "b3": [0.3244342320911642, 0.9821227283590506, 0.9505062325359783], "b4": [0.7111536829898093, 0.9974396195696574, 0.9028435987794354], "b5": [0.7911365602521091, 0.9798621251966714, 0.9261839537779101], "b6": [0.08448778118217802, 0.8671642151838416, 0.981115983889385], "b7": [0.16565929746640815, 0.8111702587782534, 0.9849627728366902], "b8": [0.0769667453602868, 0.9628087380487125, 0.9693948830139054], "b9": [0.11210782650731804, 0.8810458444964158, 0.9608806481443003]}