{"b0": [0.6554475456559687, 0.8942501982534391, 0.9807913778538088], "b1": [0.33769329425884975, 0.9628187730198615, 0.9938802650981793], "b2": [0.8320496207048191, 0.9682647183504463, 0.9500279124990425], "b3": [0.9790955703652671, 0.8239894914952984, 0.9027323768168148], "b4": [0.9866624797600541, 0.9505656122231652, 0.8016772886162127], "b5": [0.9941243955933896, 0.9431105921167535, 0.8644195480961677], "b6": [0.9787956007948176, 0.8296507886867042, 0.9772648942470107], "b7": [0.0031055256635015797, 0.8412121863926381, 0.8623525663525338], "b8": [0.8432276966149388, 0.9867195885242651, 0.8308072393286565], "b9": [0.7414433868358767, 0.8233066197378065, 0.8141664404096445]}