{"b0": [0.7178253936599549, 0.774173889564046, 0.8096346927891892], "b1": [0.763950740922185, 0.8411591428549648, 0.9617872278895319], "b2": [0.7450156404234488, 0.9121629903529689, 0.9245932516985068], "b3": [0.09583332610520377, 0.9585760908418649, 0.8679951916033417], "b4": [0.00840659420313742, 0.9747644573866877, 0.8417146674078011], "b5": [0.8882055970305379, 0.9932739035398774, 0.9444528002442422], "b6": [0.0026420708431019397, 0.9229396273347681, 0.988556088719867], "b7": [0.5623332775158197, 0.9445639456505436, 0.9723618786891766], "b8": [0.6020924650469499, 0.8646995405604966, 0.8944451519951212], "b9": [0.01320537616953234, 0.9618529703544257, 0.8461459579366429]}