{"b0": [0.6898565815758744, 0.9131495924272518, 0.939723386205447], "b1": [0.863329676504903, 0.8326547957266687, 0.935111809429553], "b2": [0.159213001172488, 0.9441186782511811, 0.8250481617221529], "b3": [0.2732388784195839, 0.9120023234305203, 0.9226270000446608], "b4": [0.8172897707061104, 0.8394943747947008, 0.9249310981028148], "b5": [0.8640430330120998, 0.9599932648966282, 0.8608716974059019], "b6": [0.07127527958414173, 0.8886322030992622, 0.8983245368506494], "b7": [0.7638466220591527, 0.8832335144013942, 0.9619478212969466], "b8": [0.07785765781091633, 0.961754845419524, 0.8246060765038874], "b9": [0.8708784556148857, 0.8814701397502782, 0.919288751133309]}