{"b0": [0.8473736993660564, 0.8124136553188569, 0.9716038916643545], "b1": [0.630135251395809, 0.9755119362069099, 0.9843451796708257], "b2": [0.6987069172138867, 0.9571541094458281, 0.8102645757120314], "b3": [0.3469753106878118, 0.771204919303703, 0.9019710941285447], "b4": [0.9978232786016166, 0.9429757799422532, 0.8640779256889684], "b5": [0.34139633958539733, 0.9094174973998703, 0.8414920290261798], "b6": [0.997903991581903, 0.985596387009319, 0.8619074677561087], "b7": [0.6096661950717759, 0.9901983155073526, 0.9917937962727428], "b8": [0.08001342014787552, 0.9620381823332255, 0.8822092926617188], "b9": [0.5769711313369102, 0.9457801176043936, 0.9387634446359899]}