{"b0": [0.6990745921410224, 0.9720896787959429, 0.9943957969322154], "b1": [0.581135501553441, 0.95767520348362, 0.8381454001676103], "b2": [0.7600151504253324, 0.8775558075965292, 0.8229587780535624], "b3": [0.1635203947070381, 0.9496693801003393, 0.9667086188308113], "b4": [0.07953424239167158, 0.9719633817812354, 0.911340512225615], "b5": [0.7176634106036509, 0.9882740405894914, 0.8105478276746088], "b6": [0.7533193841605477, 0.9629915786453709, 0.9913602729909986], "b7": [0.3029562853624079, 0.8796242867726661, 0.8667526757501343], "b8": [0.08745206806557203, 0.8393149801680625, 0.8028237651929282], "b9": [0.8830397075542763, 0.8135122503021094, 0.9540683835993704]}