{"b0": [0.15913805133150322, 0.9761610998991526, 0.8837164240468428], "b1": [0.3514403587635453, 0.9061822730723372, 0.8735938981772313], "b2": [0.890146298535649, 0.904271120748747, 0.9016178121751023], "b3": [0.34527628352962303, 0.911338998886051, 0.8184670742434735], "b4": [0.5826723138341258, 0.9650179073508457, 0.8154295302668153], "b5": [0.8816918478999066, 0.9095031543722597, 0.9947238690581667], "b6": [0.722020181406587, 0.9777228696608138, 0.9972131481037629], "b7": [0.35580119656337267, 0.9492791596277903, 0.9323229569712909], "b8": [0.8756410441287207, 0.9636964261603861, 0.9435570657970643], "b9": [0.055016416345819524, 0.9072854757504141, 0.9982351907670808]}