{"b0": [0.4269690030283875, 0.9320781691291573, 0.8190802631048385], "b1": [0.3246582663028103, 0.9324082029283284, 0.8511942874334237], "b2": [0.8875372864348431, 0.8694847767101345, 0.9695145401342886], "b3": [0.8577162425506077, 0.9450264019733646, 0.8674570443092041], "b4": [0.8749161236441112, 0.9168188427603736, 0.8250768201181726], "b5": [0.8932244941099828, 0.9652912993120402, 0.9712512681895852], "b6": [0.8663911484329061, 0.9495061357821458, 0.8841121043814253], "b7": [0.827882594614734, 0.9719657263282694, 0.9408196368312024], "b8": [0.29311545044222226, 0.7666527481911293, 0.8209582401860169], "b9": [0.00040407227093130647, 0.9893439354595347, 0.8548461016467479]}