{"b0": [0.02142045238315045, 0.8943327146140219, 0.8098601727850405], "b1": [0.8881190618530017, 0.9710398961956338, 0.8854570968530332], "b2": [0.015440688885704696, 0.9569379797884017, 0.8868400973314876], "b3": [0.8520103245948673, 0.9622798811159791, 0.9119306213337817], "b4": [0.33704113751277115, 0.8921887409751283, 0.8759823649076476], "b5": [0.822897327483878, 0.8376031803002797, 0.8925764466962741], "b6": [0.8545263575812406, 0.8497296137264705, 0.9286892345521979], "b7": [0.7303650254565518, 0.9769329567194284, 0.99705408589367], "b8": [0.356323888096533, 0.9977151359889919, 0.8289483503726456], "b9": [0.374907961195798, 0.9084602943213724, 0.9259189310109639]}