{"b0": [0.3238318614873552, 0.8662021505100035, 0.887556048345103], "b1": [0.8845152698697537, 0.8308690465029096, 0.9619196127034481], "b2": [0.8576837213500198, 0.9367564244769584, 0.9144198310566602], "b3": [0.8463682168947393, 0.9160732975634464, 0.9198879118331774], "b4": [0.8371877779939009, 0.919948575809418, 0.9940359471865637], "b5": [0.36960893883048745, 0.9111467475414098, 0.9188722364421551], "b6": [0.7760285214995182, 0.9501249916433663, 0.8246061520269728], "b7": [0.35815919044098515, 0.9676679313211257, 0.8744787395553993], "b8": [0.9596766679394212, 0.9246072757148684, 0.9135645540185082], "b9": [0.7505544227133839, 0.9044264865325294, 0.910415448840461]}