{"b0": [0.3185880876863406, 0.854338352656199, 0.9820912683248076], "b1": [0.6271106938454384, 0.8678556481952902, 0.9643474360470079], "b2": [0.16440061230122707, 0.9064832626357324, 0.9478677949306613], "b3": [0.875748298738052, 0.9621759562822371, 0.8012110316359374], "b4": [0.2969367114358367, 0.9868657394593439, 0.8159820089496105], "b5": [0.8422669599292858, 0.9952375100150564, 0.9393096015203247], "b6": [0.8268823237771165, 0.7991444492604256, 0.8778490434749737], "b7": [0.31794764070310555, 0.9079184946719278, 0.8930782850570043], "b8": [0.9858988025227902, 0.8536632772831709, 0.8515953757497763], "b9": [0.3087040037923274, 0.9954129406944742, 0.9077125600151769]}