{"b0": [0.38627066210091515, 0.8263514471182221, 0.8354033657256049], "b1": [0.32074327007380565, 0.8415528853004389, 0.9742325998603473], "b2": [0.349407656158902, 0.9720931748059349, 0.9592729714708357], "b3": [0.3466183559003619, 0.9485621487318967, 0.9850757887932943], "b4": [0.34931326213118835, 0.9000035886282619, 0.8239118019162404], "b5": [0.9052943836093715, 0.925386153905388, 0.8008481329127204], "b6": [0.8600325116517473, 0.8259046460011866, 0.8947920559857601], "b7": [0.3672865876095084, 0.9142223993596391, 0.9908180784617425], "b8": [0.6062845860246837, 0.7885494869222108, 0.8090578562686404], "b9": [0.8457535765351342, 0.9979403430644518, 0.8019380075501672]}