{"b0": [0.7106819573648816, 0.9592337320170179, 0.8290631863307596], "b1": [0.08106266320315977, 0.9575241155722672, 0.8503027465055161], "b2": [0.30682749012498506, 0.9658430582436663, 0.9133806843702437], "b3": [0.1713270111697699, 0.9718174283984276, 0.9485645062207735], "b4": [0.9929711079536611, 0.8757464028648877, 0.9289141989496246], "b5": [0.15689385001015266, 0.847231856861933, 0.8309413724977124], "b6": [0.9924447969247752, 0.9705836897803419, 0.9040325035848243], "b7": [0.020280010072102835, 0.8319099951179413, 0.8584449863742044], "b8": [0.5797215707650714, 0.9190102389737195, 0.8220440354827514], "b9": [0.3871871035022568, 0.8852078882509048, 0.9657552868850555]}