{"b0": [0.2865394651834501, 0.9092935368973482, 0.9717222328678541], "b1": [0.14879619253627033, 0.8947658573311358, 0.8219865397057309], "b2": [0.0008954916063135216, 0.9746279294859557, 0.9639477264537117], "b3": [0.1684505451489264, 0.8761481311172049, 0.8495080600136915], "b4": [0.3017481069435615, 0.8963850240022029, 0.8330591675417309], "b5": [0.007960768492899888, 0.937205272804349, 0.9891315998837069], "b6": [0.08533776287018861, 0.9279310830368662, 0.9037570576475246], "b7": [0.3530101561052578, 0.7578985542915126, 0.8216910319840894], "b8": [0.08359071646431351, 0.8713065976380666, 0.9766580331874307], "b9": [0.5988825418657795, 0.9052123071148475, 0.8448738663430961]}