{"b0": [0.8883896872587128, 0.8765771255796773, 0.8586247010233794], "b1": [0.348536058234357, 0.9962914736263158, 0.841530418472153], "b2": [0.3434846967868998, 0.9240591220462862, 0.8483842974188605], "b3": [0.752627288727076, 0.8753024274782661, 0.8325377452119466], "b4": [0.09656832927857996, 0.7932502553069446, 0.9347455844820698], "b5": [0.545203350061148, 0.9794225772186518, 0.9240746232123975], "b6": [0.6034679937422492, 0.929011898218707, 0.9943872644095393], "b7": [0.8550008149876731, 0.8490879303905734, 0.9414935794018564], "b8": [0.003090260206700378, 0.8526411645558476, 0.9471148550962981], "b9": [0.5967408806932102, 0.9010627420060375, 0.9291114766547764]}