{"b0": [0.3637709429349163, 0.9362643028207103, 0.8045941712464187], "b1": [0.004997025054654609, 0.8851814973416058, 0.8290302911300432], "b2": [0.6415954879132864, 0.9402650208471526, 0.9440172031626425], "b3": [0.9950850474276461, 0.9849475648043295, 0.8328082743179591], "b4": [0.00043618745498211756, 0.9808841168151461, 0.9506273649408769], "b5": [0.16822229022779042, 0.9999514475269868, 0.8341057706561295], "b6": [0.9811973881695881, 0.961436502149726, 0.8937847174268313], "b7": [0.612832796009031, 0.8833868311866847, 0.9445272410520595], "b8": [0.3310720561631206, 0.8522706115724256, 0.8629446073352506], "b9": [0.1636459076156354, 0.8959515647899093, 0.9736593826674077]}