{"b0": [0.01998813738215874, 0.8784809634923505, 0.862254860161743], "b1": [0.005870689507583465, 0.875493323794943, 0.9683875622436124], "b2": [0.15797389838546821, 0.9905060859410532, 0.9500687926291684], "b3": [0.1022751098114298, 0.794611688167696, 0.87883544992438], "b4": [0.7229157432242935, 0.8854706757547696, 0.8505577726550162], "b5": [0.3439092339438957, 0.9376872389116298, 0.870286452421625], "b6": [0.6175245585180971, 0.9624029997501344, 0.9062350639920433], "b7": [0.5502500955599828, 0.9181560402904612, 0.9813231804911144], "b8": [0.1683818104422419, 0.9490867390111959, 0.9054582109626758], "b9": [0.04043417569074457, 0.8427196444240672, 0.9157461348637372]}