{"b0": [0.7836897932954051, 0.861849201985719, 0.850986426388701], "b1": [0.5976179376691683, 0.8200289645119002, 0.8165459517589295], "b2": [0.07183319372756813, 0.8964623609630453, 0.8295193125372335], "b3": [0.8063236377084497, 0.9685123128675506, 0.8046604410289888], "b4": [0.8351789681541348, 0.9859330789098023, 0.8628975107476573], "b5": [0.5967492088072658, 0.9525096074560883, 0.9001998488731701], "b6": [0.1643229315068202, 0.7621648925239188, 0.9817026215841652], "b7": [0.9950122588158835, 0.8691657384029532, 0.9985598222575613], "b8": [0.8590910474721248, 0.9961608897165095, 0.8748757744676172], "b9": [0.7457119653058061, 0.8031643767614932, 0.8002279898443405]}