{"b0": [0.9846607692472855, 0.9038195089889549, 0.9068883654981367], "b1": [0.6088431013221731, 0.8243905498668667, 0.9631025748085337], "b2": [0.30925722992516325, 0.9086572012270812, 0.8372669445825344], "b3": [0.008782141686260722, 0.9656806262525389, 0.9383458089017348], "b4": [0.8204112859199154, 0.9305026551299659, 0.8909224849451557], "b5": [0.35822460307930504, 0.9743139983909133, 0.9702843676545164], "b6": [0.5569638368571792, 0.8713786671556127, 0.9079925647929002], "b7": [0.16012773500023794, 0.9309950151086716, 0.9147336884934952], "b8": [0.1577629371149916, 0.9928635518829765, 0.9646076471129558], "b9": [0.3882584944765186, 0.9223108725406047, 0.8679803733184451]}