{"b0": [0.7295689997073187, 0.9569343088639697, 0.9495309844581971], "b1": [0.026422431848882343, 0.9733122297991288, 0.9836551764401613], "b2": [0.1508274683072365, 0.8849292260255405, 0.8344796219982098], "b3": [0.7612716430295542, 0.9039104233197607, 0.9265438026530625], "b4": [0.9921459653588436, 0.9331309871882493, 0.9709439861453565], "b5": [0.06810369207253494, 0.9066187243249152, 0.9864570873913858], "b6": [0.9996571679644117, 0.9367663019978721, 0.939172479774462], "b7": [0.006298487768738809, 0.9025875827208174, 0.9849979219140649], "b8": [0.1624835111812101, 0.9523797083028362, 0.9716247118572113], "b9": [0.7204696619659577, 0.9152662905862807, 0.844285690656542]}