{"b0": [0.3801619249026708, 0.9375119066794375, 0.9552819655335442], "b1": [0.15912686221529215, 0.938477584093643, 0.9317700545601683], "b2": [0.8127122600439369, 0.7665427399257237, 0.9659983469590548], "b3": [0.8793946003561115, 0.9752047607004315, 0.878842369147515], "b4": [0.3137965796827178, 0.9565226868697486, 0.8920531534606478], "b5": [0.9942512050419606, 0.7876914859280266, 0.8741910138473827], "b6": [0.607046926690473, 0.9848849869107466, 0.8975728577560145], "b7": [0.8908028356676587, 0.8786839792695548, 0.8906658012364503], "b8": [0.7314407218455721, 0.9725513698560587, 0.8945351740870144], "b9": [0.08078733978947844, 0.9048025306141383, 0.9369129102364621]}