{"b0": [0.8752174625027382, 0.9127336087217586, 0.8023979428972591], "b1": [0.733361046101622, 0.9132036947501458, 0.9360959768179217], "b2": [0.10681034151747136, 0.9216951022062315, 0.8432827110048831], "b3": [0.8804998833801928, 0.8304883333434501, 0.8031150538759814], "b4": [0.9012787929254311, 0.9283077144851376, 0.8975130182545749], "b5": [0.7302781681422442, 0.8709818513528799, 0.9324562156336023], "b6": [0.8765774747362173, 0.8670667293419175, 0.8397887900153337], "b7": [0.614791486001782, 0.9967224831233019, 0.8254034793899051], "b8": [0.7505009566610247, 0.989156628842828, 0.9079994542369275], "b9": [0.8574584842421658, 0.9401709808469672, 0.912618702652682]}