{"b0": [0.8045238654536273, 0.8375146731693711, 0.8784426892480666], "b1": [0.8549990385506254, 0.889053384706136, 0.9089028882063738], "b2": [0.7424776024197135, 0.9434669650321966, 0.8711260069844491], "b3": [0.6217474129685578, 0.7948161582597141, 0.8980253539923838], "b4": [0.8755856479556903, 0.9425801083414092, 0.8181328979287835], "b5": [0.013411254927865077, 0.9456548648608372, 0.9208080104074072], "b6": [0.615200424675772, 0.7195100517962097, 0.846930245457629], "b7": [0.08259486757384822, 0.9303626625577485, 0.818193263352274], "b8": [0.7543080582299523, 0.9728153095994067, 0.878169394572636], "b9": [0.8533584040674311, 0.9312624447146779, 0.8455024247499654]}