{"b0": [0.7405859242092191, 0.9846479458041881, 0.9047780895378754], "b1": [0.018875962902177773, 0.8995543385368133, 0.8476916764541013], "b2": [0.86695844466732, 0.9631647938540092, 0.9849158829574186], "b3": [0.1707750806511734, 0.9208392833863774, 0.9434846176045493], "b4": [0.6019645873146707, 0.9818087024069311, 0.8429765150361045], "b5": [0.330879634474066, 0.9268712503360268, 0.922554654569211], "b6": [0.6577260142684439, 0.8936535583230564, 0.9679055770261332], "b7": [0.913377295807965, 0.9611365765490691, 0.8452957499828483], "b8": [0.07600671745569225, 0.9288473213326255, 0.9215800329426912], "b9": [0.8132680858061593, 0.8006571634282535, 0.972506947354317]}