{"b0": [0.8929475191715344, 0.9848931192750683, 0.9999645653670122], "b1": [0.6279072367132248, 0.8852171645253335, 0.8108749073632654], "b2": [0.7326377662570634, 0.9724714918775125, 0.8567540556933284], "b3": [0.7373587372529207, 0.8666106377995914, 0.8736325413185939], "b4": [0.8446985111394564, 0.9328506072185471, 0.9432459471621624], "b5": [0.1571553195688763, 0.8678742717799005, 0.8200647029596192], "b6": [0.9940637704268951, 0.8785047029513369, 0.9441637978066058], "b7": [0.3242274063540302, 0.8921337858059349, 0.8697268212477376], "b8": [0.5864590764237625, 0.8432977773503745, 0.9552843996829761], "b9": [0.8702171148772737, 0.8154946547903325, 0.963515891758643]}