{"b0": [0.8802024242009966, 0.9197713691048693, 0.8435485908842624], "b1": [0.15891901047937435, 0.946789522142374, 0.8136275928488433], "b2": [0.1666279905963124, 0.9234357733541034, 0.863576897570315], "b3": [0.8979927237340539, 0.9402498236583248, 0.9282226796823332], "b4": [0.865998745789322, 0.9302336643885285, 0.8436722170408975], "b5": [0.8540625890200786, 0.9299274619304987, 0.8924878993260066], "b6": [0.16761765979870918, 0.8871450556457399, 0.9969272170623882], "b7": [0.5991192385338073, 0.9343582681303563, 0.8013128276167488], "b8": [0.8460159436111797, 0.8603860501613896, 0.897448825697436], "b9": [0.16691747865129578, 0.9805967498331063, 0.8787933358097882]}