{"b0": [0.7742061882706014, 0.8826484642933959, 0.8283028701850571], "b1": [0.8723881155058021, 0.9548831648058431, 0.93961793275751], "b2": [0.10372450334420553, 0.9075500021655345, 0.9320996813319228], "b3": [0.6668551947447157, 0.8920625175640514, 0.9511886081723249], "b4": [0.29439275777291063, 0.8750902940035635, 0.9274756961671387], "b5": [0.16284631222218537, 0.8582636475825529, 0.8354822616997132], "b6": [0.7305870989571268, 0.935631656953512, 0.8417210827820005], "b7": [0.694928930616524, 0.932126898982856, 0.988152090612311], "b8": [0.3384502783608026, 0.9841098594338346, 0.9027785413203044], "b9": [0.636415784220536, 0.8680364946185025, 0.9568158994828532]}