{"b0": [0.8738391257608576, 0.8854835337550304, 0.9664260046119669], "b1": [0.7490265439823034, 0.9943886665546856, 0.9026989579821154], "b2": [0.8557086844908569, 0.9413067210287903, 0.8641761224478679], "b3": [0.08956893571860829, 0.9248594232244045, 0.8933307930338579], "b4": [0.15329040536235053, 0.9563483085512894, 0.9048375935345234], "b5": [0.08353737317512688, 0.9846062548299019, 0.9395303310117571], "b6": [0.15401157954899208, 0.9687320371045409, 0.8201954445267884], "b7": [0.09190680457003494, 0.9632677024099998, 0.8469399782446518], "b8": [0.8776661554560916, 0.8554788372870674, 0.8902159362395631], "b9": [0.9963961746818734, 0.9487401646795321, 0.9539530141516017]}