{"b0": [0.8725228976628902, 0.9956913422592681, 0.910808425719514], "b1": [0.7634271449671505, 0.9596532538897167, 0.8499817770086711], "b2": [0.8618807328907941, 0.9750340227947624, 0.9052355690617202], "b3": [0.8676429771523838, 0.9419488229503898, 0.8754724020081046], "b4": [0.5930973044303054, 0.9302272912894612, 0.9527972280678739], "b5": [0.6184136607634577, 0.937638393756923, 0.9646306504668134], "b6": [0.3477894508165951, 0.9119321377937336, 0.9020560265985976], "b7": [0.082156871582095, 0.8512415865197228, 0.8140603191562014], "b8": [0.15713097577200344, 0.8267802003204485, 0.9651042388833492], "b9": [0.7462704813400962, 0.9027917652680348, 0.8049782324422436]}