{"b0": [0.8191020191765737, 0.9918573573934814, 0.9061435257437835], "b1": [0.0828941066667829, 0.9956656630330101, 0.9374014226409543], "b2": [0.8650420527077388, 0.9261289182633728, 0.9063232303940673], "b3": [0.6299890015426827, 0.9388275752868203, 0.895110962801925], "b4": [0.7725271901941629, 0.9649607759435251, 0.9372646402318542], "b5": [0.1586436882185179, 0.9696816355086433, 0.9424719872701273], "b6": [0.7503802785025561, 0.9511833305876923, 0.9839834312255197], "b7": [0.8550351002131138, 0.8889038021495691, 0.9664243786690985], "b8": [0.34931724894615307, 0.9816357134957753, 0.8880589277815578], "b9": [0.06775984345709825, 0.8986961548145751, 0.9477601272733298]}