{"b0": [0.7760737642087011, 0.8923644554738924, 0.8612389315831838], "b1": [0.8779759290674213, 0.9998487822207734, 0.922982143104766], "b2": [0.7443296035660264, 0.9346789248977336, 0.9573911761408332], "b3": [0.7705911036960343, 0.9471953905658443, 0.913857861921185], "b4": [0.7174840271583932, 0.9129756755121342, 0.8384458866552572], "b5": [0.687876441701522, 0.9556035564204572, 0.9398954212010457], "b6": [0.1589028272348373, 0.9985133092013324, 0.9108494823417054], "b7": [0.8624520122572725, 0.9338264821138512, 0.8545875531450227], "b8": [0.6248158851307644, 0.8807565844612775, 0.8636198143066574], "b9": [0.16194257392724545, 0.9738618887083763, 0.990074013627646]}