{"b0": [0.3448650698197608, 0.8925926517137489, 0.912975088090343], "b1": [0.7638215272505307, 0.9110441595736076, 0.8539604320569683], "b2": [0.718492984665413, 0.9160322253543217, 0.9461421435205533], "b3": [0.7387225581745683, 0.9863805873154569, 0.9484674686799015], "b4": [0.7721630524713227, 0.9563374823395948, 0.8841425574872547], "b5": [0.7432930624887482, 0.9812114262857693, 0.9201896306401197], "b6": [0.7570735096781305, 0.9799735814681074, 0.8611022107723468], "b7": [0.16522248926850847, 0.9191521397240013, 0.9267330193709615], "b8": [0.1683843390918377, 0.9435608504384679, 0.8818594679445968], "b9": [0.005471053023935741, 0.8520428989793145, 0.851627709244525]}