{"b0": [0.08527834935656481, 0.8461044826597586, 0.9596046061007112], "b1": [0.7645541836325062, 0.9015773510548621, 0.9761908971789317], "b2": [0.16579377968527878, 0.6910654674912386, 0.9136436665010567], "b3": [0.6214177605624874, 0.9096982340401554, 0.9719678795626079], "b4": [0.7278947492759577, 0.8766211948443986, 0.8486293374260383], "b5": [0.7785828476644124, 0.9770471909548674, 0.9003953047459606], "b6": [0.3504410683010668, 0.9045020424309483, 0.8794136588197117], "b7": [0.7068152442142476, 0.8803071422543565, 0.9363528891968045], "b8": [0.15731062245008384, 0.9199101333129756, 0.8773753768126791], "b9": [0.3390156901997342, 0.9179193103406833, 0.8512322918068443]}