{"b0": [0.7327577501599751, 0.8501164325165387, 0.8121693370392208], "b1": [0.7571248689008031, 0.8252661025985368, 0.8954493850388553], "b2": [0.28948261954327636, 0.9342329812890626, 0.9098568290982576], "b3": [0.7092073237755667, 0.8209186227777177, 0.8893415793119474], "b4": [0.597911950562341, 0.9604291144817594, 0.849107882398135], "b5": [0.7755101350725156, 0.9558080721562457, 0.8435228044805217], "b6": [0.9818938633006437, 0.893900282892011, 0.9954981548788221], "b7": [0.6573102019968566, 0.99542963424632, 0.8127941442149852], "b8": [0.7474057675261236, 0.9685846042878636, 0.9542173571595116], "b9": [0.998176456514197, 0.9807360159871249, 0.8317632002721262]}