{"b0": [0.15720977787467516, 0.9371708663526911, 0.8213241134524933], "b1": [0.01071671616750827, 0.9146317899341924, 0.9459963869435134], "b2": [0.7485520135854976, 0.9367561365749271, 0.9948243636278433], "b3": [0.1586787183172317, 0.7925343629201558, 0.8908495769610373], "b4": [0.7259898483103956, 0.9443878514370775, 0.8923153612028077], "b5": [0.10300535450082625, 0.9473034559833371, 0.8354465747250592], "b6": [0.7699276254612516, 0.8154727789517195, 0.9102875912070421], "b7": [0.3052937420765328, 0.8829020400442253, 0.9866929923278356], "b8": [0.1577488960740282, 0.9355709699832612, 0.9768985364496747], "b9": [0.09147234792298191, 0.9740860942300347, 0.8228522719433076]}