{"b0": [0.5617057080983787, 0.8584815765463379, 0.812748911536819], "b1": [0.8202037404255499, 0.9419000293898993, 0.8094231397542277], "b2": [0.3660135285662235, 0.9823019295864959, 0.8866183767322177], "b3": [0.8796674689927022, 0.9750547149353546, 0.9010772422417701], "b4": [0.5981989145725176, 0.9258712712687519, 0.8837372988824994], "b5": [0.8721625331941989, 0.8951348824479985, 0.8478502046588161], "b6": [0.7470201123337289, 0.9833372909627103, 0.8794279061840942], "b7": [0.7949327081212385, 0.9183478214231049, 0.9126033115045011], "b8": [0.9821895181993773, 0.9447830216085907, 0.8118199089574094], "b9": [0.005886473319311791, 0.9421471011897604, 0.9369577436888956]}