{"b0": [0.7489740476136002, 0.9715511542752074, 0.9382872202769014], "b1": [0.6345999050465642, 0.86320911188177, 0.8859404110173634], "b2": [0.7429346936825503, 0.8966474557248156, 0.943476482335575], "b3": [0.7374765954386483, 0.8221495115473151, 0.8286700385307849], "b4": [0.9967903362316254, 0.9737775622070245, 0.9065394359702647], "b5": [0.7268713484509884, 0.9329683376746621, 0.936845737231547], "b6": [0.1578938576315151, 0.9274756683415089, 0.8769050384839698], "b7": [0.34565937274510483, 0.9769387616595242, 0.8680042617820775], "b8": [0.7363345427248759, 0.9906407990874934, 0.9170307223804073], "b9": [0.3487170208231407, 0.9713134345970087, 0.9083838657466614]}