{"b0": [0.0010851502434332464, 0.9622095462098327, 0.821776988609373], "b1": [0.6461854888620642, 0.9701073797766125, 0.8637660063801039], "b2": [0.7270488372585775, 0.8377200075378479, 0.831148397591118], "b3": [0.6759993567214676, 0.8756117061379348, 0.8429300102138655], "b4": [0.5810023360447463, 0.9338657432911147, 0.8279747977615424], "b5": [0.09633201391506878, 0.8738473008826421, 0.9664489997270804], "b6": [0.7419856696118343, 0.874831220523165, 0.8519687341414575], "b7": [0.7975816612947597, 0.9417178830397199, 0.8974481382016363], "b8": [0.06017343347398571, 0.8280322528291965, 0.8090146338005618], "b9": [0.15935299235488862, 0.9227873627177583, 0.9337987636139526]}