{"b0": [0.358759966714019, 0.9728337514776487, 0.9620893545819641], "b1": [0.007456320138210419, 0.9490791680628665, 0.866855790670841], "b2": [0.1530972424727015, 0.8204383206955792, 0.9825064034448059], "b3": [0.8895558618021517, 0.9964795713195304, 0.8700749494263552], "b4": [0.33571449896011685, 0.8134859602195158, 0.9956554204874819], "b5": [0.01046816294871753, 0.9378114835579787, 0.9268797987407217], "b6": [0.6179828633649473, 0.946729009736991, 0.9466449580614497], "b7": [0.09369650954378289, 0.7604863539814396, 0.835271758334212], "b8": [0.10632392944474495, 0.998327607506548, 0.821159321299712], "b9": [0.743514395519226, 0.9491662643871037, 0.8860203630560382]}