{"b0": [0.0025146431128989645, 0.9939253513961839, 0.8488955145286772], "b1": [0.9916555963742801, 0.951724866428826, 0.9074431640856596], "b2": [0.33120709806271137, 0.9620878195310739, 0.8237496238661209], "b3": [0.16564625031421062, 0.916697041944095, 0.905521344019556], "b4": [0.7820304850023707, 0.9037659519120663, 0.8898469293061312], "b5": [0.7757663712615163, 0.8822350624443321, 0.9899533462691359], "b6": [0.07668119994130279, 0.9866073157196353, 0.9241215587983754], "b7": [0.0028764236824074425, 0.9684833622798155, 0.8977273564148939], "b8": [0.07269172853895517, 0.9235692515289159, 0.9965253017962559], "b9": [0.6327367477905973, 0.9940864711013258, 0.9381744734883749]}