{"b0": [0.35502330617762823, 0.7955876503903557, 0.9595533526123239], "b1": [0.7559989768622212, 0.9961546557783943, 0.9981810866490178], "b2": [0.9229375933460006, 0.9559625664976007, 0.9327815909599433], "b3": [0.06581134303641163, 0.9199449008286941, 0.8803643259437943], "b4": [0.844462543431777, 0.8983418253010573, 0.9391086079089084], "b5": [0.16639402264419992, 0.9216217393260001, 0.8167476353938659], "b6": [0.7221454200790772, 0.9914511449965517, 0.8048591139539056], "b7": [0.683048351684496, 0.956930063156327, 0.8453083514725495], "b8": [0.27907258889233455, 0.8899049895922154, 0.9097828607102241], "b9": [0.33859482972313, 0.9325277609562846, 0.8181872708537257]}