{"b0": [0.6147878725219634, 0.9486381359221299, 0.9849503613727363], "b1": [0.8974960159747521, 0.98155521401661, 0.8178530433671567], "b2": [0.16436829526866753, 0.9601738969026513, 0.8844177603605888], "b3": [0.009648456338024507, 0.8251081700782694, 0.8809553196763257], "b4": [0.7651076235049769, 0.9692547057817029, 0.8141483945393001], "b5": [0.6364112311299202, 0.9900661635280943, 0.9256741902308309], "b6": [0.0589734812187629, 0.9514493169082568, 0.9855087616858633], "b7": [0.7661895964234298, 0.881004897549954, 0.8733526213194592], "b8": [0.3703445116674821, 0.9609361826068279, 0.9928509542374196], "b9": [0.07160179469742851, 0.8538345806767516, 0.8391640134514493]}