{"b0": [0.15577418098600032, 0.9872396346534559, 0.9739717285794676], "b1": [0.7731093104252023, 0.970322623526412, 0.8827311902086677], "b2": [0.3233932346609084, 0.8603616006867998, 0.8294286597280689], "b3": [0.7466184532352442, 0.8537418348003096, 0.8490663804974987], "b4": [0.8603409184819446, 0.8884331022698171, 0.9267365597672989], "b5": [0.9127981656833991, 0.9351465711428167, 0.9055810092718707], "b6": [0.342934829611209, 0.988611442082731, 0.916759876470728], "b7": [0.30868234925383997, 0.9857343109726284, 0.9979218688662993], "b8": [0.32810728283447155, 0.8923201666473082, 0.960960257858604], "b9": [0.9920721161345898, 0.9212173409134392, 0.9631050789593637]}