{"b0": [0.8652366143672406, 0.9302756431274765, 0.8925093827055458], "b1": [0.7236495095178076, 0.8922082987268906, 0.8100587239552149], "b2": [0.7503377930886066, 0.8240285985130322, 0.9723947398648645], "b3": [0.7903840385976288, 0.9255952287655724, 0.8259889471404795], "b4": [0.7475670762439109, 0.9350293790345046, 0.8078747143292128], "b5": [0.7537762629325652, 0.9745706523360905, 0.8778210784233593], "b6": [0.8436004468504023, 0.9970917646446606, 0.9791834265767742], "b7": [0.6089870289708039, 0.9993373718421168, 0.9709715269975722], "b8": [0.7454638415598227, 0.9019496904190593, 0.9022300995396431], "b9": [0.8358118556633198, 0.9439506876887481, 0.8394490227310992]}