{"b0": [0.7178557608701324, 0.9551205985851685, 0.9470977724821427], "b1": [0.9850716381019593, 0.9037547934838166, 0.9769053424458458], "b2": [0.7382041009964394, 0.9137070539263447, 0.9105040833928275], "b3": [0.16067085762239333, 0.8234719631263117, 0.8525296769854995], "b4": [0.16212154145818136, 0.9904571076228733, 0.8812959875513995], "b5": [0.747018728182678, 0.9634610273110222, 0.9996844300066517], "b6": [0.6201990208383974, 0.9911306541131729, 0.9588190544526745], "b7": [0.8246111271231714, 0.9550636626029424, 0.8278327481697376], "b8": [0.16655956116696938, 0.9732421906836882, 0.8133850038344825], "b9": [0.5951253469951125, 0.9766163433238059, 0.9399183314035295]}