{"b0": [0.07908629593203967, 0.9030685889628711, 0.9035592147963737], "b1": [0.997318697927986, 0.9731374500004989, 0.9869102013341421], "b2": [0.16491494207803906, 0.8996516271245625, 0.8737708966377354], "b3": [0.08927190453578021, 0.921686687837254, 0.8101439119537894], "b4": [0.09046247309848976, 0.8684372952580017, 0.930603346715364], "b5": [0.0714402566423262, 0.9467559931866014, 0.9020450405600972], "b6": [0.7766460764868747, 0.8992849498104246, 0.8190930068911432], "b7": [0.09053626592051561, 0.9488940617248153, 0.8192790983149084], "b8": [0.3339042935886852, 0.9418465132630073, 0.966581090983634], "b9": [0.017939304490304547, 0.8956043217762497, 0.9694362324325134]}