{"b0": [0.8883864085558857, 0.9299998068241626, 0.8788359884636249], "b1": [0.14538059926207045, 0.9305103777433855, 0.9541256593492817], "b2": [0.3430691516253807, 0.9887361490306575, 0.8697442250063938], "b3": [0.583138942359091, 0.8542820070996843, 0.8125154676556267], "b4": [0.7577841105384086, 0.9622992244960522, 0.8335289043325392], "b5": [0.5942391389278534, 0.9397375862351466, 0.9043799018611933], "b6": [0.9834361084516305, 0.8988100365945934, 0.8922051622913462], "b7": [0.0667823583343077, 0.833268782179195, 0.835586713415112], "b8": [0.882441637248471, 0.904361469594925, 0.9732688472734919], "b9": [0.10038981366445698, 0.8032062814706714, 0.8111374686674958]}