{"b0": [0.0005920902744238558, 0.8245205754016147, 0.9465546494706467], "b1": [0.34669231792066263, 0.8711480056148324, 0.8323872438356141], "b2": [0.3657207993593799, 0.9963131165596283, 0.8696973121492868], "b3": [0.30722169089808804, 0.8828892333946419, 0.984736707540122], "b4": [0.9880038255918976, 0.9090887381627474, 0.8893275175616884], "b5": [0.0214004363851522, 0.982209565100058, 0.8449597214765647], "b6": [0.32889005101148905, 0.8264588167049205, 0.8670727109484705], "b7": [0.009034370343477921, 0.7715444349641555, 0.8721412080490392], "b8": [0.36333037891459724, 0.8988775322406076, 0.8989127116477988], "b9": [0.32670335324559074, 0.9570020182911416, 0.9400646546617992]}