{"b0": [0.0015717607757450471, 0.9643247873400002, 0.88367015468294], "b1": [0.5681462800906245, 0.8491137289526827, 0.8026928813517012], "b2": [0.7287839521839519, 0.9095390655834172, 0.9029821832936341], "b3": [0.7802456811138839, 0.8686042839579311, 0.9293518258549882], "b4": [0.9956963684765457, 0.990744965611573, 0.8231024552573666], "b5": [0.7498671058630997, 0.8812165453684634, 0.9067966050578279], "b6": [0.3700115397609353, 0.9872015330305417, 0.9810426489188638], "b7": [0.9884687264218632, 0.9706711188343413, 0.9365085611092365], "b8": [0.0011903846253769781, 0.8775375766037545, 0.8286304949922969], "b9": [0.010316267713054494, 0.771548082198111, 0.9811508002034215]}