{"b0": [0.8123841139507978, 0.8618498606438496, 0.804188251724224], "b1": [0.8649637351309469, 0.948684589818273, 0.8253694305159768], "b2": [0.8531483169215653, 0.9502140698718476, 0.8640232167512271], "b3": [0.09076099683359655, 0.847423918130461, 0.9527409101041735], "b4": [0.3334911116484625, 0.9485996417767006, 0.8410612594896273], "b5": [0.6813909707180599, 0.9733888031766686, 0.9758345048354571], "b6": [0.023243050312628143, 0.9241329505046078, 0.9106643973182712], "b7": [0.8660634342615416, 0.947725036209475, 0.9889240283076696], "b8": [0.09361797436840721, 0.8810900563022834, 0.9234845903493624], "b9": [0.7468724199241876, 0.961923375020905, 0.9332304673102043]}