{"b0": [0.6205237067402162, 0.9905157936198762, 0.8074163664351103], "b1": [0.6411169801207443, 0.9374648718502755, 0.8798644011051483], "b2": [0.6518624861522501, 0.8704304857977958, 0.9913998831333872], "b3": [0.39276355624596476, 0.981303644791708, 0.860145876931428], "b4": [0.07520891696919998, 0.9783285457715815, 0.8571094308798441], "b5": [0.9783964584760954, 0.9608058185171054, 0.9728312442630592], "b6": [0.2887652811217144, 0.9128206629486795, 0.8766080609359942], "b7": [0.8984949753382643, 0.9477314630752232, 0.8946756047769171], "b8": [0.8559854566400592, 0.8133500381716878, 0.8241360437882864], "b9": [0.15196769528695508, 0.914811264275163, 0.9255485685064732]}