{"b0": [0.8981385169015111, 0.8214925917550445, 0.9430200918483372], "b1": [0.08405001934991407, 0.8979386870948625, 0.8727465398496018], "b2": [0.32358898942198844, 0.8991489714795311, 0.8113629765169208], "b3": [0.6807317854375299, 0.9345173658678335, 0.9605598437474089], "b4": [0.009770802900220601, 0.9977753181559426, 0.9711558993938831], "b5": [0.30594510095910027, 0.8423360621636146, 0.8612503997806863], "b6": [0.5763518248495062, 0.8458027400361019, 0.8132751587979533], "b7": [0.15566957159881967, 0.8333790645496509, 0.9163799927322152], "b8": [0.013267992583063772, 0.9955881509113681, 0.8774140147671668], "b9": [0.08182599270777541, 0.8364915612114779, 0.9911168897003985]}