{"b0": [0.7112921712311032, 0.9300125713016988, 0.8260871875144822], "b1": [0.29148114964605093, 0.8460744911372324, 0.8980364388568498], "b2": [0.16094604018307174, 0.8233097597909762, 0.877199912928766], "b3": [0.7396493030940205, 0.9184830197240076, 0.8356136283449723], "b4": [0.7912308882399697, 0.9946952276882105, 0.980525766283892], "b5": [0.16448093665702995, 0.9887806400985091, 0.9980930170990245], "b6": [0.6901183759528934, 0.9555248207023029, 0.9877522763482518], "b7": [0.6082072159592571, 0.9579016493623485, 0.9806652903220393], "b8": [0.017265780759586437, 0.9567626328702841, 0.966160435332857], "b9": [0.753126988065395, 0.9583046312602608, 0.9390395144110829]}