{"b0": [0.28265973234667546, 0.9555457262394087, 0.9535235898512545], "b1": [0.8665581342716808, 0.8405659981649305, 0.9792599747089699], "b2": [0.08793510707296402, 0.8910397967340518, 0.9642941351591471], "b3": [0.16984417543173205, 0.9704125054067744, 0.8802997687002351], "b4": [0.7543481742663658, 0.8393230703399187, 0.9981054649364479], "b5": [0.6902478124463498, 0.9245823590720047, 0.9108714970050096], "b6": [0.6204933643354782, 0.9585461406724335, 0.923890755090962], "b7": [0.572834535684635, 0.9293282918291008, 0.8889691775549707], "b8": [0.979416168051042, 0.8589697008311942, 0.9720193483305214], "b9": [0.6997543608089056, 0.8883134057110271, 0.822840183131972]}