{"b0": [0.3251294186759608, 0.9076361660226755, 0.8768357983454941], "b1": [0.0018013246616028341, 0.9751579167720898, 0.8928564841699894], "b2": [0.9986354637400247, 0.9220798424597997, 0.8113273065206194], "b3": [0.808252965103317, 0.900095502981558, 0.9883061570277696], "b4": [0.5913439147054137, 0.9453490596685025, 0.9902476174357893], "b5": [0.6000425252693375, 0.9206437469677016, 0.9006703747117413], "b6": [0.0009882468898673043, 0.992505367120017, 0.9685753463875528], "b7": [0.7148632979209372, 0.9538373005147303, 0.9728440512471515], "b8": [0.35928370955000216, 0.7980062441116331, 0.8101805473866992], "b9": [0.9934619462638961, 0.977385717507455, 0.8732902931498472]}