{"b0": [0.30566295639395896, 0.9366778823300583, 0.9227988630199394], "b1": [0.9938095149690213, 0.9598570528017567, 0.9146822549639723], "b2": [0.7593523764436185, 0.93958277478211, 0.8905133867695051], "b3": [0.6273343113838085, 0.96075166398884, 0.9854833839244362], "b4": [0.9706652168662343, 0.9122109120606585, 0.9295701618292128], "b5": [0.6273976512435001, 0.8967231276001968, 0.9236539643611207], "b6": [0.8384669177578986, 0.9647756362586353, 0.8814247273538264], "b7": [0.7786776197530493, 0.9254182613814435, 0.9282478458633548], "b8": [0.9991745255417943, 0.9412085828042165, 0.9804054853170235], "b9": [0.6924921894760128, 0.9544329439042027, 0.9426133807446614]}