{"b0": [0.641587760779896, 0.8991556477824305, 0.8577386536299312], "b1": [0.99093464243919, 0.9034127554470882, 0.8706315822887138], "b2": [0.7325084707242837, 0.8833983776377764, 0.9641537465546369], "b3": [0.017925939225933395, 0.9717018148240654, 0.9582490302810158], "b4": [0.014416998008692087, 0.940216654176469, 0.888082421505164], "b5": [0.7817230045352329, 0.8853124239197251, 0.8699968397787766], "b6": [0.1696361215492883, 0.7990600889891346, 0.8394409298119769], "b7": [0.996738776895703, 0.805732143670067, 0.8146113624226085], "b8": [0.01401154038746674, 0.9794869759488835, 0.9327701224948919], "b9": [0.3505406606495992, 0.9918953092344309, 0.9217840823661766]}