{"b0": [0.9909183294078133, 0.9985184095277064, 0.849125761754172], "b1": [0.6390571949864846, 0.9710834995188565, 0.9291512867932569], "b2": [0.16670982186727631, 0.9769936543619029, 0.9116431288964835], "b3": [0.9848397951718286, 0.9876986339010136, 0.9628325095109902], "b4": [0.3140513034599287, 0.9568221339688913, 0.993734431352406], "b5": [0.6476954732858676, 0.8783351539087418, 0.9644278972354399], "b6": [0.95854160280236, 0.8433161748779106, 0.9591685858506716], "b7": [0.6082194660077608, 0.7934927917938162, 0.8145185392393057], "b8": [0.9893499520034035, 0.9150048167474423, 0.8399133732780677], "b9": [0.29709977039016283, 0.9615864772544443, 0.8829120483252183]}