{"b0": [0.5939711727237871, 0.9628364610358279, 0.8695134217295906], "b1": [0.6279821546520297, 0.9995968780123761, 0.9400596394277465], "b2": [0.003753876972872673, 0.9678850678161594, 0.8213588656406984], "b3": [0.7614401694065284, 0.965717650370072, 0.9332644446920842], "b4": [0.3520929783724804, 0.9032960024171948, 0.8663436654459147], "b5": [0.009819681301220195, 0.9826695522207924, 0.959667590703439], "b6": [0.9987561843377794, 0.8821030736606628, 0.9671004592277496], "b7": [0.006260952111295224, 0.8071738911432013, 0.8090341663265572], "b8": [0.3495599081132958, 0.8907346275530831, 0.9533444729756809], "b9": [0.00745624616591265, 0.8856665991281406, 0.9331992498208787]}