{"b0": [0.02012052795117829, 0.9513567353956387, 0.8258054820742404], "b1": [0.3599750443308474, 0.9590741646469096, 0.8591204821962137], "b2": [0.9917017222534463, 0.9347682634085639, 0.8866969243955722], "b3": [0.5868384714200561, 0.9507076711995951, 0.8211769762484831], "b4": [0.7326021520110139, 0.947504851903355, 0.8809001456251161], "b5": [0.7411057936906049, 0.9880924880941763, 0.8455712162422099], "b6": [0.009123447127799434, 0.9459323692749583, 0.9114180198004485], "b7": [0.15808482009977565, 0.9338472318518197, 0.9176008601316938], "b8": [0.36547931637407644, 0.9714333571576759, 0.8123840213139709], "b9": [0.6722596820544392, 0.9760110933281883, 0.9968078565126892]}