{"b0": [0.9729196480639586, 0.8026156620522642, 0.9603496447809277], "b1": [0.157179254015431, 0.9893019942082455, 0.8452553489445959], "b2": [0.8693213942629948, 0.8348535890876057, 0.8446067439234326], "b3": [0.15471022466533474, 0.7884744316621374, 0.8344199402331453], "b4": [0.16391679320755523, 0.81133512603436, 0.8809397722951597], "b5": [0.7634920165047993, 0.9727973660810935, 0.9930735084059313], "b6": [0.32150650941162245, 0.9317678221344334, 0.8936486881145673], "b7": [0.8909788309765964, 0.9774374726664133, 0.8949734783660854], "b8": [0.16963261440334382, 0.8497518605556416, 0.8961362682748848], "b9": [0.09633080867248198, 0.8642199327858171, 0.8032750690176864]}