{"b0": [0.28388504537030185, 0.8244891695366613, 0.9517720771067597], "b1": [0.1539481101654771, 0.9936281753661844, 0.9642068535269462], "b2": [0.6503129906557047, 0.8978499211726155, 0.8924954808868185], "b3": [0.1642189274984075, 0.9527020355259528, 0.9761995027578659], "b4": [0.8958451804353335, 0.9086232576881227, 0.9365526004087141], "b5": [0.5677017459545255, 0.9464341283719623, 0.8934210754216761], "b6": [0.2889604986147768, 0.8455642756615647, 0.9564321750060489], "b7": [0.15120452504502535, 0.912234236795859, 0.9189993887386875], "b8": [0.1665178326907625, 0.9676782882832833, 0.9758341203535527], "b9": [0.7835543364999309, 0.9989263398956514, 0.8067052554144474]}