{"b0": [0.16299980314216891, 0.9275275095533331, 0.9150879238075272], "b1": [0.32034462659715246, 0.9604208429454798, 0.8819585946769132], "b2": [0.1658025753048119, 0.9877448073628134, 0.8916345295110805], "b3": [0.15232392020659763, 0.9710157326357425, 0.8335002120728131], "b4": [0.16117077494603485, 0.9697459740970622, 0.9843219932453385], "b5": [0.7965507369299868, 0.9588121605417318, 0.8176392243689672], "b6": [0.165743250211396, 0.9915440651454016, 0.9581399362916047], "b7": [0.599875946521651, 0.9001487367207592, 0.9312155773409678], "b8": [0.07033505798366356, 0.9782050483556237, 0.8595340025182832], "b9": [0.3783430939788135, 0.9388278251355914, 0.9325991385650397]}