{"b0": [0.15059045289312734, 0.7672316718370688, 0.8044837374641485], "b1": [0.15590355226702568, 0.9695526209533188, 0.8277443150787662], "b2": [0.1577239791928048, 0.9684385563844182, 0.9228438843122562], "b3": [0.3460743311385548, 0.8234384806841121, 0.8816470636799946], "b4": [0.5938895627007448, 0.8981844154208076, 0.8042528980958704], "b5": [0.8966414650279494, 0.7331290578231247, 0.8189413327888763], "b6": [0.15030354047369202, 0.9165588361756056, 0.8281600970665872], "b7": [0.9066214862204345, 0.917515745816138, 0.9487822921894044], "b8": [0.16259094111475508, 0.9332644547641644, 0.8740587104070545], "b9": [0.8440392847357119, 0.7646160300161697, 0.8157259658188432]}