{"b0": [0.16755615004942914, 0.8997513071651898, 0.8002592093587844], "b1": [0.32543777635476906, 0.9905379359484051, 0.8244044211258854], "b2": [0.16138801100522, 0.9638042888052774, 0.9354541729164542], "b3": [0.1621776678811229, 0.8610578090063237, 0.9152282159651212], "b4": [0.9880107726013935, 0.9450936642875308, 0.9435423578002982], "b5": [0.9855083415844511, 0.9816598439790154, 0.941820532220558], "b6": [0.17115665029358682, 0.8547860237990583, 0.8125249116332944], "b7": [0.16089371584817516, 0.9601491548634542, 0.804274383690542], "b8": [0.6423720918759597, 0.9665921777260172, 0.9866089125823518], "b9": [0.08366833226948696, 0.9100949556282778, 0.8528205062043744]}