{"b0": [0.7694341511586502, 0.765693960340154, 0.9843561437743231], "b1": [0.08746043382284116, 0.9573395838464438, 0.9855230157810069], "b2": [0.036702584080246216, 0.9121414114816209, 0.9237807240650331], "b3": [0.10857086759753219, 0.8778481066507883, 0.9052863950843849], "b4": [0.1577289426026982, 0.9836945018268763, 0.8494841589157872], "b5": [0.15195306321895807, 0.9204063349065982, 0.8409184232980903], "b6": [0.1624412723253904, 0.84786953906663, 0.9914109636232571], "b7": [0.1519384292393589, 0.970117407163707, 0.832488174699948], "b8": [0.1057825942947661, 0.988555178848635, 0.9463660724428881], "b9": [0.8676947967966383, 0.8292401458990128, 0.8568966431788209]}