{"b0": [0.7823077070852439, 0.8236157989797525, 0.8363310386351676], "b1": [0.7910312015282817, 0.8141850924802989, 0.9397606057701903], "b2": [0.7710594683427202, 0.9246660594145054, 0.9519346184952826], "b3": [0.5784678819195834, 0.9509411273390573, 0.81309693657226], "b4": [0.5303709846576011, 0.7903434580505714, 0.974258512271901], "b5": [0.3096307153087592, 0.8632065991593129, 0.9729281481572243], "b6": [0.5876855408134258, 0.9512455128859704, 0.9279271766530758], "b7": [0.3083705236572383, 0.7851652423715523, 0.9901156808807494], "b8": [0.3083726905948785, 0.9002606400458323, 0.8378226814098556], "b9": [0.29843974911001925, 0.9289355724735742, 0.85061619492808]}