{"b0": [0.3391607186704489, 0.8525939890576248, 0.9874634404428554], "b1": [0.7606746132351339, 0.9256655751606503, 0.9903122030437903], "b2": [0.8570780069664441, 0.8670644448611518, 0.9187613420518477], "b3": [0.336868829798404, 0.9901041470862266, 0.8443770006443474], "b4": [0.7808407484897242, 0.9619338196675487, 0.874642024333562], "b5": [0.3341129365656527, 0.9734411335585708, 0.9720298025171914], "b6": [0.745612187924908, 0.9425248086680057, 0.8160005521949958], "b7": [0.5753307987155771, 0.9786629906707848, 0.8844745162354678], "b8": [0.9146340055843666, 0.8928458437373478, 0.899559458032223], "b9": [0.5705829456652676, 0.8697070879344233, 0.8946649565274215]}