{"b0": [0.16222639997203264, 0.8877708033240631, 0.8077007549354842], "b1": [0.6006785809555734, 0.9433851994812424, 0.9230676385879746], "b2": [0.7160620324136453, 0.9662842213798116, 0.8249116938744686], "b3": [0.16227396194583035, 0.9095097553912288, 0.886904732413037], "b4": [0.9115203346228924, 0.8004344226899447, 0.9863854207044429], "b5": [0.7707106930046429, 0.8027252972398639, 0.9509683691229115], "b6": [0.5665355363146292, 0.8134627548209192, 0.8974275320907192], "b7": [0.3770543710951169, 0.9210997284712344, 0.9368045362770264], "b8": [0.32633862263931035, 0.95597411979647, 0.9265848506200598], "b9": [0.7353361769896369, 0.976772684412177, 0.8014961144303023]}