{"b0": [0.1673434193999973, 0.9513404951662978, 0.8155391253079074], "b1": [0.083174736644319, 0.9251399600995522, 0.955570458435757], "b2": [0.6278722377750153, 0.8798184807066647, 0.8501201180260682], "b3": [0.1337510979375956, 0.9955088080939184, 0.9698929377086177], "b4": [0.7788812073099192, 0.9864496577209069, 0.9287130550517816], "b5": [0.0928701762741996, 0.8767491358827394, 0.9139214853987735], "b6": [0.6911173551759419, 0.9247489785082402, 0.9405762378847367], "b7": [0.16318976873717275, 0.9955929849372872, 0.833554477629355], "b8": [0.3420763631995577, 0.8782593097126846, 0.9661405447796081], "b9": [0.010693543137964646, 0.9413150695979491, 0.8936706709809146]}