{"b0": [0.6315813826242109, 0.8774858606234531, 0.8949144572241009], "b1": [0.8913842079958811, 0.8548576455023703, 0.8989271925351194], "b2": [0.7295844598111391, 0.9229958951633307, 0.9495085721621337], "b3": [0.782604395869227, 0.8914122593836197, 0.8419486605606394], "b4": [0.15438921435107955, 0.9648159388667615, 0.8088295162185608], "b5": [0.7629895152260666, 0.9322734765382502, 0.885724304863994], "b6": [0.53548989592826, 0.8701788073397856, 0.9528341445299893], "b7": [0.5948393650476368, 0.9856395522432118, 0.9611658556321848], "b8": [0.15855848260520405, 0.8896813735781629, 0.8058618545159785], "b9": [0.1705733042999428, 0.8277848736893136, 0.843982344127135]}