{"b0": [0.9851236282339093, 0.9516877785948759, 0.8380517995154371], "b1": [0.7470049892624712, 0.9652909519596963, 0.9026957763696501], "b2": [0.16995865479498604, 0.8994872775365446, 0.9888429915592954], "b3": [0.7200814181278509, 0.9512255537843152, 0.8883623680948984], "b4": [0.0055673424725655556, 0.9269698083398146, 0.8890613156106815], "b5": [0.16021953883451748, 0.8657411508122935, 0.8365445646640733], "b6": [0.7738739185093254, 0.8823518895067735, 0.9272876595577156], "b7": [0.6001652802981495, 0.8722363283256911, 0.8858863969957799], "b8": [0.16091566147393668, 0.9951763678985514, 0.9237888779128027], "b9": [0.33780630832599795, 0.8681013411151091, 0.8032056626309688]}