{"b0": [0.06386286028464183, 0.8076828007294803, 0.9960594155593854], "b1": [0.8529404635595054, 0.9613464605670516, 0.8268753142012418], "b2": [0.3134594235755061, 0.9059161156921615, 0.8368630950425547], "b3": [0.7468692189001916, 0.8850367485576625, 0.8192388144469963], "b4": [0.3334287039434175, 0.9829352346673688, 0.9510454711430016], "b5": [0.016901519234686795, 0.9909816268209636, 0.8241147618654346], "b6": [0.16869011708181195, 0.9631239180052605, 0.8422846390294508], "b7": [0.92020185811278, 0.8245893742933716, 0.9298078489892545], "b8": [0.15074120732389923, 0.9218090269095043, 0.8313292486085877], "b9": [0.7802405956879299, 0.9561626451798477, 0.8997080443304516]}