{"b0": [0.8642492363311319, 0.9066171967569712, 0.9806545874532655], "b1": [0.8799182617345238, 0.8052381861825282, 0.8810198528761365], "b2": [0.3025328196546548, 0.9374034728648342, 0.8228443387943288], "b3": [0.1648571065528051, 0.9217173881289145, 0.8000724157023781], "b4": [0.6041559956384329, 0.9714655372028195, 0.8383361130135164], "b5": [0.16230332744259607, 0.9188680935294663, 0.8853371136522914], "b6": [0.6374329239755402, 0.9976401661486237, 0.9228744436371099], "b7": [0.07690685106150545, 0.8809116185429785, 0.8978885099271734], "b8": [0.9147512126428801, 0.9006567743377809, 0.9069034125907245], "b9": [0.8586393292769653, 0.9806048593614725, 0.901090306396438]}