{"b0": [0.08767000068926808, 0.8226209888811913, 0.937996914374351], "b1": [0.7390577431773547, 0.8846768398499947, 0.9611638872646935], "b2": [0.657984642023297, 0.9933317840289786, 0.8207808502977596], "b3": [0.9290765866721141, 0.9252178948601046, 0.8055954015334532], "b4": [0.9909592428289662, 0.9758153580984937, 0.9509014283420331], "b5": [0.02076937901664054, 0.9114738529373383, 0.9692003548024835], "b6": [0.3268863787360344, 0.9313107216714113, 0.897571676562576], "b7": [0.013788644575659844, 0.991743575617263, 0.9675951062389109], "b8": [0.8522554681087978, 0.8846645257178355, 0.9621081375552336], "b9": [0.8928486959525356, 0.9083238196721841, 0.9553803352243788]}