{"b0": [0.0851058198454474, 0.7685324686719096, 0.9332868623731682], "b1": [0.9985231753044728, 0.8465476311960886, 0.9949059960852091], "b2": [0.868458526712354, 0.8583516594304365, 0.8714057701273419], "b3": [0.33734311722064836, 0.9535751743520096, 0.9103769762242432], "b4": [0.1713840883568764, 0.9616481286497404, 0.9267346431470231], "b5": [0.8590158957097017, 0.9682502251090682, 0.8377520209261924], "b6": [0.166214100197513, 0.9723321770072805, 0.8197852108480564], "b7": [0.16117564986002977, 0.979877340685606, 0.854849108164776], "b8": [0.580534774669536, 0.9111391078825396, 0.8968145669400355], "b9": [0.8835377579541499, 0.9696338121558128, 0.9318896345731227]}