{"b0": [0.8673239291648112, 0.9444525112189724, 0.949503817249742], "b1": [0.15967398468432822, 0.8993678573731162, 0.8661915325571856], "b2": [0.8666833746025366, 0.9152397314441433, 0.9345666315550054], "b3": [0.04711163377060793, 0.9410943975399276, 0.9305274272599436], "b4": [0.6919118177653303, 0.984876222855393, 0.8364458767808343], "b5": [0.09238638190616158, 0.9570765976707668, 0.9669360103886772], "b6": [0.1582197264633687, 0.8655438694460225, 0.8110676504543167], "b7": [0.16063799253164174, 0.991015209201427, 0.9142140278970726], "b8": [0.3074631214638262, 0.8645215932495287, 0.8788576971035394], "b9": [0.8859061832108196, 0.9512557163163677, 0.8015714234601652]}