{"b0": [0.9972752034482647, 0.9770571780014713, 0.9093339027764793], "b1": [0.10224989892633161, 0.9551161427576464, 0.9475032723292434], "b2": [0.8386843648667981, 0.895922848463579, 0.9266928635560967], "b3": [0.799855917867919, 0.7844065192435012, 0.8086887296186134], "b4": [0.32494418331543495, 0.8082021197387144, 0.8652389556467949], "b5": [0.09268729498692324, 0.9530663611982507, 0.8957639732209783], "b6": [0.3345027870213659, 0.9981052510795404, 0.8563609256712966], "b7": [0.9086274859486763, 0.8928261260174978, 0.9904797744128497], "b8": [0.7461666459926231, 0.9795649641080831, 0.8850868739477338], "b9": [0.5573737578907414, 0.993808379743886, 0.8247852500466533]}