{"b0": [0.14804069095535344, 0.9474543870793241, 0.8320628429366401], "b1": [0.9897853579365763, 0.9403471371427723, 0.8611588893058115], "b2": [0.5612052755780083, 0.9324734230021161, 0.8568003681939881], "b3": [0.09917680260425982, 0.9718764115897176, 0.8528964412923085], "b4": [0.274740993793435, 0.8201975339987814, 0.8172328498057314], "b5": [0.08497000330837073, 0.8960833743880028, 0.9881844069775105], "b6": [0.1562469033369904, 0.7311599324522257, 0.9120160483984716], "b7": [0.7365777895851774, 0.9578532309202695, 0.8262354187636299], "b8": [0.02361163370175028, 0.9353996514201601, 0.8761404142429221], "b9": [0.3056681331083103, 0.9089883898059321, 0.9213281080899577]}