{"b0": [0.7485945058369411, 0.9883648564676887, 0.9600659760424799], "b1": [0.84315481274798, 0.9718732120537303, 0.8642120925436305], "b2": [0.6371370692826788, 0.8872999416520329, 0.9696096926105259], "b3": [0.6069314340474464, 0.821739609153389, 0.9287694262826434], "b4": [0.6441071252994195, 0.9075603377750656, 0.9011624498039891], "b5": [0.9045659425208538, 0.9303888651972033, 0.8543832984750155], "b6": [0.5709617376269386, 0.901167492774865, 0.9820055555887457], "b7": [0.004645514059341955, 0.9247326348368603, 0.8764137682201395], "b8": [0.7634563713234216, 0.9868431430510567, 0.9640360751037381], "b9": [0.592304079700152, 0.9783988099558276, 0.9928710561290822]}