{"b0": [0.5618433397636791, 0.8637318817281456, 0.8637593243842033], "b1": [0.8452156676721775, 0.9027629477961931, 0.8777899818587488], "b2": [0.9922726192267106, 0.9857554397470188, 0.9022425476906969], "b3": [0.0019878001486600457, 0.8554790392665917, 0.9901019896955862], "b4": [0.5946543438494717, 0.9416050333692225, 0.8683342426913854], "b5": [0.37115501532987805, 0.8438219783297939, 0.9433026830842592], "b6": [0.6067409427226845, 0.8826019056457859, 0.8206204268249051], "b7": [0.09427198345461946, 0.9847336452768276, 0.9978038605649908], "b8": [0.16648180548498348, 0.9865175484821483, 0.8106659396287321], "b9": [0.15282033697508784, 0.7420908513678778, 0.8068294106414621]}