{"b0": [0.6145080777442012, 0.9950768955358158, 0.8393874728672341], "b1": [0.058512904271212224, 0.9588108222409234, 0.9126085281240489], "b2": [0.3012337708784895, 0.928000375400847, 0.8998653142883289], "b3": [0.9198374535478228, 0.9684392817056195, 0.9256260515267111], "b4": [0.16389761626598112, 0.9800485871183241, 0.8735184542259132], "b5": [0.36692794001243884, 0.9387169434871803, 0.8545821503462848], "b6": [0.6743134773013444, 0.9845758197786952, 0.954563192660223], "b7": [0.8874398431238686, 0.8357420919272255, 0.920289634163264], "b8": [0.6766654449858546, 0.8396223353729707, 0.9145857813482325], "b9": [0.013655913275966434, 0.8822540899320864, 0.9427444936511986]}