{"b0": [0.8405542357765402, 0.9097911546482444, 0.9586749678118192], "b1": [0.328988979408009, 0.8734489999764458, 0.9852468907566307], "b2": [0.6371245569355053, 0.9411462998023085, 0.9536763372299955], "b3": [0.07216768387197338, 0.9086856741757812, 0.9978114212091682], "b4": [0.1107827988126122, 0.9459964971088123, 0.9513236970988592], "b5": [0.5553162842236867, 0.9398185883422987, 0.8692701935416838], "b6": [0.3110707572443814, 0.9103344509983288, 0.8441745268229859], "b7": [0.004407427194677228, 0.7265901939416787, 0.8030462831477857], "b8": [0.7524848866525319, 0.9382229063821259, 0.8561113187944069], "b9": [0.8424613123235732, 0.8961641398401169, 0.974718579686058]}