{"b0": [0.07404947034114183, 0.9311428560453382, 0.8424042331725587], "b1": [0.9903010061225804, 0.9039493728529506, 0.9112123618322421], "b2": [0.0025676012919431165, 0.9626787776909757, 0.9224348408847743], "b3": [0.8475111815340952, 0.9099706760407816, 0.9203544443630338], "b4": [0.9889356335107364, 0.8986149895122391, 0.8686629069860742], "b5": [0.15533813306911304, 0.9626063190325905, 0.9923542434288679], "b6": [0.07690112890267306, 0.9162122681910703, 0.8565076879332607], "b7": [0.07226757830004854, 0.9129972316620015, 0.8567709003382139], "b8": [0.9955012333768875, 0.9796332401565518, 0.9103966349767728], "b9": [0.5918011044008935, 0.8580842655139869, 0.929789092317892]}