{"b0": [0.03081027849695442, 0.8601024636111242, 0.8589644805254977], "b1": [0.5786026655906151, 0.9051740978223293, 0.8749435161050501], "b2": [0.008470824465306039, 0.9945351115743241, 0.8238416849799464], "b3": [0.566157614582481, 0.9870597246201238, 0.9868481034411692], "b4": [0.7356527527703985, 0.9427592605691403, 0.8590181202415964], "b5": [0.5235879785427671, 0.9610392461781031, 0.838995701181622], "b6": [0.624879637726478, 0.9343715004990314, 0.8622266967386324], "b7": [0.5848968489626223, 0.9626078602425424, 0.8753051076682254], "b8": [0.6139584684428331, 0.9971453107615169, 0.8665352987478977], "b9": [0.33996098925453366, 0.9787707069245422, 0.8233836690033048]}