{"b0": [0.7729637665068664, 0.8441295174474608, 0.8024218855313121], "b1": [0.3865147794157545, 0.8268467924066676, 0.9325890281984286], "b2": [0.33233691736616516, 0.901429153125045, 0.9108874000738837], "b3": [0.9148432846970594, 0.9796381192107531, 0.946219597661935], "b4": [0.10091167937779497, 0.8451180062645741, 0.9443385200057045], "b5": [0.7062080216398027, 0.7812530071003332, 0.894684489773253], "b6": [0.16840541349294155, 0.9336110461798667, 0.9071494854314801], "b7": [0.9876661237794437, 0.980951756237906, 0.9613304914703137], "b8": [0.5865493224077881, 0.7894129825381371, 0.8298756592051639], "b9": [0.16010032477036706, 0.9252232673245439, 0.8700682510578076]}