{"b0": [0.3332344690492767, 0.9133955433393305, 0.8906190655963246], "b1": [0.3295467319588103, 0.9402682129232969, 0.9660847055537599], "b2": [0.17075672939227926, 0.9240040062688111, 0.9170745810639183], "b3": [0.15596511527685603, 0.8958389499266488, 0.8972447141880149], "b4": [0.3379170027919327, 0.986170292127194, 0.9729120981401341], "b5": [0.09291372498230657, 0.9166234105390649, 0.9892833496863167], "b6": [0.08428071010587622, 0.9547779182795008, 0.8148391417765619], "b7": [0.07937060407596852, 0.9863805606588418, 0.9339459999138943], "b8": [0.7339834799711514, 0.9580580098303532, 0.972765108647992], "b9": [0.16603617172938448, 0.9643138285088153, 0.910992170530546]}