{"b0": [0.8842767726438581, 0.8539083829933003, 0.949098741800272], "b1": [0.3391472035880777, 0.989732070183925, 0.9390052206577715], "b2": [0.31208254755947185, 0.9662358284288305, 0.8256209592880644], "b3": [0.16263383923730856, 0.9449568786408498, 0.8948925194185061], "b4": [0.5753928714979526, 0.9756106021204853, 0.8150249823966595], "b5": [0.7431696736832178, 0.9791806571283287, 0.907499360478239], "b6": [0.16733762793134904, 0.9420889689101642, 0.8990400800133064], "b7": [0.09132620904767969, 0.9605501610268985, 0.8894463244567276], "b8": [0.10105129349488738, 0.9699794712095197, 0.8551871612343552], "b9": [0.3268529057494148, 0.9556446616717755, 0.8459661649890066]}