{"b0": [0.7805440037481547, 0.9794369264518938, 0.9555675713986518], "b1": [0.3354043818690403, 0.9988181361870433, 0.9890485860274911], "b2": [0.7649471708450193, 0.8226537408739857, 0.9899332089023173], "b3": [0.372261450125149, 0.9330371749031678, 0.9547220490429873], "b4": [0.16111083247839178, 0.9849559679552878, 0.8014066166993417], "b5": [0.7488485242018461, 0.8977208696372988, 0.8131687430359809], "b6": [0.352006451018808, 0.9584368468761728, 0.8239939861845107], "b7": [0.9973678081831124, 0.9767162160599365, 0.9629197449168592], "b8": [0.31640332467796306, 0.9372087671547411, 0.9862131995860207], "b9": [0.07405261285032382, 0.9656204970076052, 0.8661157116705]}