{"b0": [0.10045061304518453, 0.9935574364784507, 0.9351115138635718], "b1": [0.7315927669628379, 0.7571062177254929, 0.889402918788308], "b2": [0.17003862934302014, 0.96898122842991, 0.8565478674873616], "b3": [0.35401335474821716, 0.9746470363412576, 0.9474596377955317], "b4": [0.08535697803537001, 0.8324868577670442, 0.928342027287748], "b5": [0.015236900456175779, 0.936325390359326, 0.8142064921476938], "b6": [0.07812117465464632, 0.8223718963347777, 0.9080410912416351], "b7": [0.33799191937024375, 0.8389389985344077, 0.88682490374818], "b8": [0.16245005125778852, 0.9236388443792847, 0.8395799567943811], "b9": [0.10393097464929152, 0.8643228603273104, 0.9678971865395585]}