{"b0": [0.08651601470190068, 0.8209667671745406, 0.9098884522244067], "b1": [0.15657913831520312, 0.9825546771110636, 0.900160723834849], "b2": [0.16412250045735863, 0.8244016253878903, 0.9834716342077365], "b3": [0.07441659726753415, 0.9705473945635792, 0.8364429302105755], "b4": [0.7423039133389352, 0.8112192698002119, 0.8313144768605215], "b5": [0.6076051896098619, 0.8494147056526596, 0.967812570729839], "b6": [0.35513011101978637, 0.927840372733898, 0.9230919703679102], "b7": [0.6209729687037439, 0.9126843776579716, 0.8501806546002445], "b8": [0.3088072867754324, 0.9026012777899944, 0.8337640556342049], "b9": [0.6436109942225418, 0.9602850891609016, 0.9372933053129308]}