{"b0": [0.1642857107976069, 0.9818134959764808, 0.8940958097707213], "b1": [0.1530935611576988, 0.9386288811000426, 0.9370618391118023], "b2": [0.35199464498175986, 0.8372768014864321, 0.9414140333145252], "b3": [0.9129150058965034, 0.9493464678231051, 0.8321408461491704], "b4": [0.7777830253298209, 0.8298370774678966, 0.8432903039705109], "b5": [0.3453191945918737, 0.8161766474534687, 0.868681565474477], "b6": [0.33743568768336796, 0.9571186157883091, 0.9473276817603569], "b7": [0.09541848085944847, 0.9127597409900707, 0.977196705873463], "b8": [0.0835579373267373, 0.8552712153037311, 0.9943823401918459], "b9": [0.9787606959754374, 0.8067249677386715, 0.855718924122443]}