{"b0": [0.15586034780130884, 0.8773698111670352, 0.896719903462842], "b1": [0.6265802702672909, 0.9868077656169302, 0.8562853337037245], "b2": [0.009367823504140145, 0.9596885839673547, 0.849867596764628], "b3": [0.16295481623334646, 0.9514017213212799, 0.9850201379090089], "b4": [0.7715436222013291, 0.816589119785337, 0.9826060397535297], "b5": [0.08279707358232499, 0.9041193198196402, 0.8941241838758771], "b6": [0.5531815690638381, 0.9516439070343362, 0.8835103997457674], "b7": [0.16810609760358206, 0.9262702331162251, 0.9486351002561848], "b8": [0.1550222311700992, 0.766658849658162, 0.8389536898959103], "b9": [0.9967319304341602, 0.8251741569148286, 0.82645788143092]}