{"b0": [0.369816953773228, 0.8890285901666379, 0.8693679108088108], "b1": [0.6114787098953381, 0.885549613308539, 0.9124280946001381], "b2": [0.164026583969546, 0.9121757366461998, 0.9194050986009197], "b3": [0.15775791403716558, 0.9067501550184689, 0.9752678077340917], "b4": [0.16053279676688953, 0.9785724207924583, 0.8244345306801116], "b5": [0.33432578311257205, 0.9775397309286689, 0.9678786204255526], "b6": [0.28733380967357447, 0.9120015619208967, 0.8803373335720706], "b7": [0.15894493147021824, 0.9948632615550097, 0.9661161088067665], "b8": [0.6177137201176954, 0.9638373179257322, 0.8507912456434817], "b9": [0.07473328097525704, 0.9863897767135867, 0.8555771458851079]}