{"b0": [0.08993535510298141, 0.9924647218162833, 0.946437681467326], "b1": [0.15005167531437366, 0.8874505769181884, 0.8400881218495942], "b2": [0.5975097704886195, 0.9789604961910015, 0.9353301908933142], "b3": [0.1573065569359854, 0.9411000202698729, 0.9171971480030429], "b4": [0.6200339256432534, 0.9384191218470387, 0.9804939977370211], "b5": [0.39612012776632194, 0.7597865295164178, 0.9879804217462917], "b6": [0.5937169633659458, 0.811634762020001, 0.8116137990377517], "b7": [0.5624014553890915, 0.9349757197699495, 0.8529480433949456], "b8": [0.8870821608885692, 0.8568869474213896, 0.9001050049736802], "b9": [0.8757495492384497, 0.965384200611514, 0.984280599832314]}