{"b0": [0.7272634984863167, 0.904558590506448, 0.9324912245958304], "b1": [0.765127050761186, 0.9782573324904034, 0.9031096699591126], "b2": [0.08749138060390659, 0.9881979167946499, 0.86428034678843], "b3": [0.6056437441283965, 0.9568304801009103, 0.8288059494112876], "b4": [0.7532761595316612, 0.9851624363421888, 0.9762325274613604], "b5": [0.7676394721038937, 0.8026859541724717, 0.890939590133606], "b6": [0.011876524751712922, 0.98001451071857, 0.9332104573106761], "b7": [0.16467910473416655, 0.9645063328742939, 0.9331686422568751], "b8": [0.7287847149833556, 0.9864003863625139, 0.8954240564267915], "b9": [0.5899292701359091, 0.9843535028270591, 0.9049970423202057]}