{"b0": [0.0014807574398202888, 0.835172260945441, 0.838545934078886], "b1": [0.10443620182759991, 0.7990072763789623, 0.9264302819423341], "b2": [0.2633271357256088, 0.9610491032552666, 0.9910553523137244], "b3": [0.33787773067049287, 0.9820959075532572, 0.9698277464521238], "b4": [0.0798017497764299, 0.9803037379760084, 0.9165702042847411], "b5": [0.763323546445816, 0.9118896708050512, 0.8117434966137878], "b6": [0.7148951237318214, 0.9551435459461621, 0.8633401415796379], "b7": [0.8695932526868394, 0.943489383205579, 0.8010133909458088], "b8": [0.15415404244439213, 0.9617700240970541, 0.8552294041950848], "b9": [0.7620959010829713, 0.9021677218245719, 0.8206877549752811]}