{"b0": [0.8616622420637556, 0.9987472015343231, 0.9017119288381598], "b1": [0.0917855302509897, 0.9830862113987421, 0.8675574527330532], "b2": [0.32508477626545856, 0.9898965840922946, 0.9975196118611313], "b3": [0.15734435267167712, 0.9802157315606398, 0.9314865594839149], "b4": [0.32887739766495067, 0.9724143473263352, 0.864850484039195], "b5": [0.00956122838645227, 0.8682540264030915, 0.9802885474261387], "b6": [0.992401260580167, 0.9826761160874043, 0.9378483836749525], "b7": [0.5956532279490774, 0.872008757002419, 0.9460140676163552], "b8": [0.5723450847913609, 0.7465049675350736, 0.8248513422193443], "b9": [0.9978780421758441, 0.7851264069969407, 0.8152690381812927]}