{"b0": [0.9989592814711733, 0.9723555696648727, 0.8635096480184968], "b1": [0.7478933813871307, 0.8351407623310605, 0.8763248398423837], "b2": [0.8638335968988909, 0.8663105645815767, 0.9618498186652203], "b3": [0.16224244354015432, 0.9035759145806214, 0.9171319991657069], "b4": [0.09813109270337293, 0.9193351686878429, 0.9404982747674311], "b5": [0.7971690457764373, 0.9699356198200978, 0.927301154122834], "b6": [0.9861121457851835, 0.9240470620079215, 0.8750729846221325], "b7": [0.5865344116904601, 0.8748406041979153, 0.9408297925907751], "b8": [0.15772911478137588, 0.925131544064946, 0.9535345623972995], "b9": [0.7423363775010094, 0.9749666397069617, 0.811204258145214]}