{"b0": [0.07659381220468318, 0.9849295255168665, 0.8994913858884357], "b1": [0.8710597180350752, 0.9692144441549209, 0.8295502488297689], "b2": [0.08430901957957308, 0.96871086201686, 0.8020620012465988], "b3": [0.1677162036627676, 0.9902709573635053, 0.991131925219121], "b4": [0.07523040352473148, 0.9414152563065702, 0.8130525883049823], "b5": [0.1598529805140936, 0.835134320926686, 0.9058263208766261], "b6": [0.8403036109468208, 0.9729821995683406, 0.8169065283564336], "b7": [0.8745824721633181, 0.8779111381249933, 0.8290258132815492], "b8": [0.006223704039641155, 0.8649519677279488, 0.9042685279694276], "b9": [0.8955122228908021, 0.7492138775935757, 0.828882851598708]}