{"b0": [0.08342614106817078, 0.8084432717302623, 0.8331532997370114], "b1": [0.7682158987754145, 0.8541840146210259, 0.9358678436092511], "b2": [0.10012232948599249, 0.9630786951373008, 0.9003311997999586], "b3": [0.9039372969974511, 0.9703690457953161, 0.874274158540628], "b4": [0.16090081969810288, 0.9176147692136393, 0.8032353708086398], "b5": [0.720653000693405, 0.966755916883467, 0.8525558381244466], "b6": [0.022011598902086725, 0.9469090576094814, 0.9776580013873793], "b7": [0.15749298644168136, 0.926863986420435, 0.9824411954799676], "b8": [0.867767816856054, 0.9593713303543723, 0.8215258827701086], "b9": [0.35103755498432726, 0.9163111295437791, 0.8381512467429897]}