{"b0": [0.15533217043649017, 0.9170290955348118, 0.9212665683243428], "b1": [0.06559608731763814, 0.9831475392169154, 0.9641853480593651], "b2": [0.5565207196722688, 0.9463915990374804, 0.9791622696980986], "b3": [0.626792317147538, 0.9413534475863912, 0.9799447726962117], "b4": [0.3338376888984376, 0.9628277666950862, 0.9295670409566911], "b5": [0.34194635627590714, 0.8939188306195881, 0.89221995021813], "b6": [0.7545617524604269, 0.8960478475248085, 0.9044505937305413], "b7": [0.7325826422861194, 0.9206103573427875, 0.9876101280378868], "b8": [0.7908715876611506, 0.8813771721761634, 0.9583686596515516], "b9": [0.3338804587289821, 0.8202659822618975, 0.9178892375799991]}