{"b0": [0.30586126906914823, 0.9572132380124119, 0.9700852546702435], "b1": [0.992481364511961, 0.9770382364487, 0.8518111997304123], "b2": [0.9145573999837666, 0.9445277400928883, 0.9677782181188526], "b3": [0.9706547402404639, 0.9434756986693129, 0.8048733983508822], "b4": [0.7638954224854416, 0.8703956463444851, 0.8430310445621462], "b5": [0.15532988313262933, 0.9640592238438466, 0.8045811406403669], "b6": [0.09231235480118338, 0.8936488478366001, 0.8659606564994404], "b7": [0.005575811274069738, 0.8134639765487073, 0.9641267945295285], "b8": [0.6545536929276844, 0.9348495185019446, 0.9776359129653326], "b9": [0.8726517219322569, 0.9594718459953717, 0.8623285335542624]}