{"b0": [0.32833346024303334, 0.9801583477755293, 0.8485295771376813], "b1": [0.17308990895896784, 0.9521115031549552, 0.9664677324297982], "b2": [0.852901772528846, 0.8960361586314838, 0.8393416095370622], "b3": [0.8874330028580231, 0.9898135716949379, 0.9697716493535766], "b4": [0.6330639616443123, 0.9508680827845905, 0.8778859258910792], "b5": [0.9723852903190214, 0.9441833332362721, 0.8199010784327673], "b6": [0.17276256062299336, 0.9576887562609357, 0.8407551263648301], "b7": [0.9946382981065001, 0.9208713258005784, 0.9329299461741206], "b8": [0.09650898698848222, 0.7384410360715455, 0.9132985100590963], "b9": [0.8103710752723571, 0.9482576104920264, 0.8741922072509679]}