{"b0": [0.34406418797652094, 0.8715287300160293, 0.8386664445946331], "b1": [0.8491324527142097, 0.8963832121236429, 0.934968866862551], "b2": [0.09691028014205569, 0.9332244340952519, 0.8449760435026183], "b3": [0.028494141620904054, 0.8938497412054245, 0.8649440459815985], "b4": [0.623754413948374, 0.9993995119925195, 0.8422156974066681], "b5": [0.159937495776993, 0.9074684672237266, 0.9773277576156765], "b6": [0.8921996639533307, 0.8826501593087296, 0.8932214705710944], "b7": [0.6180149213614382, 0.9246085146798839, 0.8454738282563957], "b8": [0.16733087183687978, 0.8931295796481102, 0.9137743952587556], "b9": [0.0939905045508461, 0.8757780788152334, 0.9562309762946889]}