{"b0": [0.5843687340097489, 0.8008723927163086, 0.8665602838881696], "b1": [0.3265517687102154, 0.9887056210345274, 0.9116450061112172], "b2": [0.5914048367992304, 0.8773319066848734, 0.853961215468124], "b3": [0.8637335468868339, 0.9486530440379473, 0.903682605345201], "b4": [0.35082753853615467, 0.9973900248597083, 0.8511838862877242], "b5": [0.7475895570415196, 0.9367201425729914, 0.8230895209463989], "b6": [0.1622028955320196, 0.8906870451042175, 0.8442399404716825], "b7": [0.8638429696103036, 0.9861004876439202, 0.8280172359006416], "b8": [0.7369134052501747, 0.9593939019179348, 0.957335041148797], "b9": [0.16291727165707123, 0.9088903358895757, 0.9768689429004884]}