{"b0": [0.38799647870175646, 0.7908190381314543, 0.9321152909401278], "b1": [0.5947177226028301, 0.8821513578025548, 0.9834831938041397], "b2": [0.0029446480130177243, 0.9896826898988549, 0.8042370834947511], "b3": [0.33993013237980974, 0.8331126860842708, 0.9795179705590615], "b4": [0.08372435009409461, 0.90714783023389, 0.9798132258917371], "b5": [0.8529872692912468, 0.9960795028438975, 0.9186865953169269], "b6": [0.16803584977585392, 0.797821292744179, 0.9653107214135779], "b7": [0.16274658672964915, 0.9728399072407834, 0.9200449266033339], "b8": [0.9811431912440117, 0.9693246199098497, 0.8520084315646441], "b9": [0.08276552674966835, 0.9767644524322361, 0.9500769467021989]}