{"b0": [0.15811641920767752, 0.9609626296491287, 0.8875518778929188], "b1": [0.7495708498605839, 0.9744270777442611, 0.9142359404159046], "b2": [0.5764260068822, 0.8203930774594532, 0.8811061499369995], "b3": [0.7896826023207653, 0.9475843204604886, 0.8104429326989531], "b4": [0.3246503679097155, 0.9150214258016675, 0.8448800111595773], "b5": [0.3311353251471105, 0.9747875167322297, 0.9987259477225798], "b6": [0.3843281263506774, 0.9906757738779067, 0.923232224460347], "b7": [0.8877760987188228, 0.9988401039530171, 0.9735874893160369], "b8": [0.16520940588341657, 0.942713944105741, 0.867526282992675], "b9": [0.7649778134592338, 0.9607590631075261, 0.8731856695283788]}