{"b0": [0.7694231337641768, 0.8566863359558349, 0.971251097846494], "b1": [0.3487895956845703, 0.8555899352704369, 0.9402071861962327], "b2": [0.15174904972994732, 0.9995245101320762, 0.8902526645582418], "b3": [0.011375642044066008, 0.9275913373101697, 0.963021299399989], "b4": [0.02705267158602426, 0.8128514741705811, 0.8357699155410745], "b5": [0.16004905641210737, 0.9010876257988366, 0.8642285150576705], "b6": [0.02700492233780026, 0.9006776005197337, 0.959292671999866], "b7": [0.0888475084613097, 0.9116886951670503, 0.8096629621938425], "b8": [0.005796013596788945, 0.914650483670077, 0.8207091669600933], "b9": [0.8916604446800291, 0.7741798056757677, 0.940434332630193]}