{"b0": [0.8263776048930302, 0.943920323034255, 0.8971458471244692], "b1": [0.10559946986854543, 0.9469426364826431, 0.882821761237014], "b2": [0.6168195168180568, 0.9365150521352483, 0.9426179082016302], "b3": [0.0878909128620476, 0.8783893423497184, 0.9033619893845409], "b4": [0.8720116689318179, 0.9623074323463551, 0.9959012625942338], "b5": [0.1595186065278621, 0.8997210603765297, 0.9293058075366369], "b6": [0.02853303840847837, 0.8033667165292784, 0.9809482240751473], "b7": [0.33004712674132597, 0.9799954923245413, 0.8771673926815972], "b8": [0.5967177641194804, 0.9046552524126035, 0.8893550784958499], "b9": [0.0033955411844355994, 0.8056929390178709, 0.815262933799004]}