{"b0": [0.7232257905065766, 0.8517135840439392, 0.9896202633863415], "b1": [0.9056791446742516, 0.9591706391818404, 0.9941654901387715], "b2": [0.09811961616880732, 0.9875524303613435, 0.8072195939120936], "b3": [0.15438766688524377, 0.9169172781831679, 0.9750799375360194], "b4": [0.7812452911778209, 0.9695700785336869, 0.8543880982018501], "b5": [0.775947677970953, 0.9288810419149729, 0.8018322340101923], "b6": [0.6810930992332987, 0.8265813444465075, 0.9014685109245332], "b7": [0.09754303700882996, 0.988788929007698, 0.971977527240881], "b8": [0.725034584621066, 0.8776594551825923, 0.9044006517953658], "b9": [0.11796554064819169, 0.9705998557660327, 0.984447229288218]}