{"b0": [0.36955156195142796, 0.9577539324164561, 0.8021285345934487], "b1": [0.06723444676319128, 0.9431109797418216, 0.9777908333258913], "b2": [0.7736537536440683, 0.9758689230068961, 0.9242292198830825], "b3": [0.14731044242877087, 0.963591593844569, 0.9945952209880443], "b4": [0.7386055720648705, 0.9789145172307602, 0.8448482740381776], "b5": [0.7605449982205477, 0.9866361229227057, 0.838317627835967], "b6": [0.8616486673472171, 0.7316932511886552, 0.9275462813636131], "b7": [0.7016002225175739, 0.9617459907913015, 0.9736307919638718], "b8": [0.09366717021906364, 0.981323579181742, 0.9165929393215319], "b9": [0.07438436188521555, 0.9150328850887878, 0.8929570106021406]}