{"b0": [0.31548654094164236, 0.8388153790831319, 0.9483123268620589], "b1": [0.02924813057946709, 0.8258964057382693, 0.9278110884610197], "b2": [0.30050948335750965, 0.9790886354478829, 0.9097667006885933], "b3": [0.07372036924133231, 0.9703218151804752, 0.9594167838265385], "b4": [0.10197949639202925, 0.9548271762169265, 0.9968658627565995], "b5": [0.1634190654407645, 0.9242505882964213, 0.8192513226291059], "b6": [0.9901908938311931, 0.7981663600821018, 0.8499009625704887], "b7": [0.3938572115855713, 0.8798550109139288, 0.9939868906423344], "b8": [0.6124508093664072, 0.9965681033932249, 0.992637050868712], "b9": [0.25961175076684817, 0.9678651948258556, 0.8075191794411033]}