{"b0": [0.07802304935616527, 0.8930704182197536, 0.8059765170697116], "b1": [0.34015294044977973, 0.7544901820564324, 0.9505599040965353], "b2": [0.6460176158313132, 0.9058113710900082, 0.8374613083027646], "b3": [0.898746860000489, 0.9060943143362228, 0.8023029123951205], "b4": [0.8415575946062132, 0.8047050100786383, 0.9824299558820705], "b5": [0.3250268364265673, 0.91888344126329, 0.8618497809548501], "b6": [0.3312592119962126, 0.9643412551334001, 0.9888156008908627], "b7": [0.09156880954455898, 0.9388868607756697, 0.9616238167634888], "b8": [0.28755545225843643, 0.834199719419385, 0.9015993330417644], "b9": [0.31749834438789304, 0.9981053968291508, 0.9780105803191624]}