{"b0": [0.617889851695876, 0.9082330633632442, 0.9045458641153058], "b1": [0.7429781753597413, 0.9249348965829381, 0.8026900870595278], "b2": [0.31633527837771536, 0.849841503492529, 0.9596363597038022], "b3": [0.6062730038199865, 0.9510303450201049, 0.8231152571441155], "b4": [0.0907041233320501, 0.7830305091367699, 0.922789834756021], "b5": [0.36286195437241475, 0.9757752549926836, 0.9176331932158088], "b6": [0.350196868020138, 0.9441557495861477, 0.895584011021326], "b7": [0.9162943645841476, 0.9873330475058519, 0.8282754185626231], "b8": [0.33133894264577995, 0.9669219857136627, 0.8297330033541739], "b9": [0.8481618475889625, 0.9384426619501041, 0.9191967694915202]}