{"b0": [0.3030404836009263, 0.9925298390811231, 0.8522981256933636], "b1": [0.26814836492236005, 0.9335740978488021, 0.9825191600417679], "b2": [0.33178616186377335, 0.9461716254126642, 0.9880928354230951], "b3": [0.32298267758297633, 0.9506151859872936, 0.9268591848621263], "b4": [0.34336478696825834, 0.9511594386944441, 0.8790190565777576], "b5": [0.0003432856685375584, 0.9887373445958463, 0.8840448384144385], "b6": [0.0076448061258459045, 0.9797866356476292, 0.8885323368210252], "b7": [0.37046066518200005, 0.9187590881143664, 0.8090793660717754], "b8": [0.7207232500871527, 0.985860842145438, 0.941429410517114], "b9": [0.8823582015377568, 0.9928230269920749, 0.96795469461411]}