{"b0": [0.0041812893338898875, 0.7903237859599581, 0.804493433770284], "b1": [0.32976308807338506, 0.8797039042332017, 0.9135973868075798], "b2": [0.6963556134779897, 0.7593765370443493, 0.8676351574054553], "b3": [0.16255995053721167, 0.8698296909805252, 0.875694955178921], "b4": [0.16078840022402566, 0.9219473407787282, 0.9161834408114768], "b5": [0.3165731914858793, 0.9690747747310445, 0.8881630382215436], "b6": [0.6167277160080311, 0.9521695787459161, 0.9596381494696449], "b7": [0.5787497795570011, 0.8606992154556461, 0.8517627261556018], "b8": [0.7622346001571917, 0.9610994054563251, 0.8766122850166391], "b9": [0.3392564155967701, 0.8036307877911849, 0.8330770622650908]}