{"b0": [0.07457463938855467, 0.9643660303209229, 0.8180470467795352], "b1": [0.6516874244276488, 0.9914929945155657, 0.9624750132737163], "b2": [0.09983761946107941, 0.9057783656904561, 0.8201644159377395], "b3": [0.7868868882535993, 0.6661223223865165, 0.9718982671921171], "b4": [0.09920749039253053, 0.8601168889815257, 0.9055803252695334], "b5": [0.07642580811091437, 0.9938632799260982, 0.826507243750465], "b6": [0.15197155266650259, 0.9598414845338833, 0.9181108075999558], "b7": [0.10367197282244543, 0.9789562676535927, 0.926837988377659], "b8": [0.08533351877720376, 0.945661786290257, 0.9257400555553542], "b9": [0.8519455297857031, 0.9505459292165166, 0.8583158215556621]}