{"b0": [0.07226119359639008, 0.9302000231466088, 0.8001429326948096], "b1": [0.16162626947635916, 0.8271537208485075, 0.9751971831544695], "b2": [0.5649911674021172, 0.9775214255275202, 0.8660058568069041], "b3": [0.9733532680017292, 0.9601009631323759, 0.8252415613360807], "b4": [0.7475567747355311, 0.8739106212025861, 0.8223793769728382], "b5": [0.09096549795605613, 0.9220090126633926, 0.90923420562159], "b6": [0.09456941222424947, 0.9040175506876537, 0.9792725947992511], "b7": [0.10443922564409448, 0.9029533126827941, 0.9777958699248649], "b8": [0.005705891834367475, 0.9505838134938138, 0.9675989885179392], "b9": [0.07168434484631088, 0.9311671050698669, 0.8096022331977443]}