{"b0": [0.06484660426676846, 0.8856008912946972, 0.8999607954897673], "b1": [0.29098770644099164, 0.8172603058828133, 0.8079670234168407], "b2": [0.7746020071094801, 0.8973251058732241, 0.8043590040767948], "b3": [0.08309656466112822, 0.8709633104627759, 0.901042804165899], "b4": [0.15703387783865558, 0.9281165653035989, 0.8385656615540943], "b5": [0.09266737434275239, 0.9940382428171063, 0.9035019791356356], "b6": [0.660493395372757, 0.9719095371692407, 0.9006081892627941], "b7": [0.09073868934661727, 0.8319855637711493, 0.9451368333982463], "b8": [0.08255500639174175, 0.9231330507990972, 0.9327632562972991], "b9": [0.07414291553698567, 0.9398886127388117, 0.9909431349034378]}