{"b0": [0.9118386223454791, 0.9272002426566052, 0.9250945616428461], "b1": [0.8657233483401631, 0.8511773026847473, 0.960737627301951], "b2": [0.8909984277582724, 0.9972172602278658, 0.831615529663716], "b3": [0.16423168213230444, 0.821801564879383, 0.9305809413374139], "b4": [0.8505626589056879, 0.8735008827850305, 0.8359756748439561], "b5": [0.6279171756836456, 0.9065812954909961, 0.891673278266586], "b6": [0.15852595619944743, 0.9507725468125047, 0.81079017642472], "b7": [0.17111390229517603, 0.9997824232371049, 0.8724697441356877], "b8": [0.8944877407205696, 0.8743207266415299, 0.9159595957678949], "b9": [0.9262625987011316, 0.7991806021371045, 0.8368838333558614]}