{"b0": [0.5490817196953786, 0.989787421620219, 0.8773870622457087], "b1": [0.886232346012501, 0.770797137132578, 0.9800241390562], "b2": [0.8594708702665692, 0.863071095875106, 0.8913486423439372], "b3": [0.1533612150101826, 0.8822394132006136, 0.9273356987475365], "b4": [0.8828195463034728, 0.9851113297089501, 0.9415623914200318], "b5": [0.16107155251731176, 0.9517537517091084, 0.8139784579052168], "b6": [0.8687175508286654, 0.896635442646229, 0.9372890228145541], "b7": [0.08589173965859781, 0.9638480482266669, 0.875933826348456], "b8": [0.9951247824879039, 0.9389331691715708, 0.925459477533764], "b9": [0.7428764581265106, 0.8410312876609504, 0.8103690246932266]}