{"b0": [0.08144211148972735, 0.8861601400309617, 0.828160201374439], "b1": [0.3570215442034285, 0.9237116297495217, 0.8128681849325113], "b2": [0.8608991045498855, 0.8776695669858582, 0.9642161858439117], "b3": [0.617487331515985, 0.9141030325065833, 0.8542468251134328], "b4": [0.8908222746605178, 0.7846348982212357, 0.9392459964925125], "b5": [0.8971579368640051, 0.8142918315591982, 0.8483316832252668], "b6": [0.9125376368646847, 0.9099702811502809, 0.9929395066538542], "b7": [0.8667659245609269, 0.9958480695380737, 0.985981249434802], "b8": [0.8857545621304052, 0.8230895838725396, 0.8723984420448665], "b9": [0.0018560515078098257, 0.8637071419393776, 0.8686611144250329]}