{"b0": [0.013425878875940756, 0.7484002638266773, 0.8513879693406733], "b1": [0.011502219122847579, 0.9038245498056675, 0.8241333054470539], "b2": [0.7189235736197823, 0.931721677069079, 0.8288335626807204], "b3": [0.009609312591478587, 0.957339193184745, 0.943963182297217], "b4": [0.8837230987509269, 0.9845371925914022, 0.8842689519667745], "b5": [0.06664151149715555, 0.9812061921127925, 0.8228973654447945], "b6": [0.170094468423476, 0.9152610963684559, 0.8873803642608884], "b7": [0.9806843081891964, 0.885154066544537, 0.9781637760019638], "b8": [0.017079078436320127, 0.8018500272470181, 0.9893182633647813], "b9": [0.8551032317157725, 0.8620809395882086, 0.8831782847149059]}