{"b0": [0.008469141671747843, 0.870561000154529, 0.9775677154947655], "b1": [0.16511735495436722, 0.9945235141382633, 0.8147467353460865], "b2": [0.9996754562617235, 0.8865326478032719, 0.9267075951622362], "b3": [0.8644970933438387, 0.9962942647343163, 0.9591826270148692], "b4": [0.7377410630054401, 0.8680420118374744, 0.8014073867531252], "b5": [0.009119755533872356, 0.9182178331303712, 0.9678343315876852], "b6": [0.1568643476362596, 0.8856023190714649, 0.9418273724477453], "b7": [0.8850763752797871, 0.980570460431436, 0.9249819533520665], "b8": [0.16141345750956135, 0.8072402552234853, 0.8001385382458247], "b9": [0.8862319308333962, 0.8688327447875471, 0.8317409499574845]}