{"b0": [0.9947677471843531, 0.9295899170569135, 0.9952359063535131], "b1": [0.855951477725457, 0.9823384341126122, 0.8004151618351584], "b2": [0.00469602154939237, 0.9681134872679845, 0.9642376216129673], "b3": [0.16317978073820033, 0.9998770388477215, 0.9049517410963988], "b4": [0.1700465335952182, 0.7895202806266528, 0.9282460949828036], "b5": [0.011145403272486918, 0.9593704493525541, 0.9091974412233738], "b6": [0.020345690675371855, 0.9267566035024148, 0.9497391812645364], "b7": [0.9891148561919095, 0.9673207431004713, 0.8023773720726908], "b8": [0.3193118198203077, 0.9334163340714886, 0.8174963737274389], "b9": [0.8763207207186551, 0.8800168187842474, 0.9529250727207141]}