{"b0": [0.9902955022523758, 0.9027017430445257, 0.9267446594166405], "b1": [0.013700022698407805, 0.7996150063720515, 0.9412495478180132], "b2": [0.02445399136723392, 0.9819670521357861, 0.8850630926422705], "b3": [0.8684274240367889, 0.9804985121281856, 0.908138109068652], "b4": [0.1467341247142878, 0.9146762393935738, 0.8755281381927693], "b5": [0.8983358798463738, 0.9858013161197152, 0.9140035393413944], "b6": [0.1552224120083103, 0.9567818888749722, 0.9789337856675199], "b7": [0.0037402279459585876, 0.9453320506244336, 0.8404293901988794], "b8": [0.0037295764496230077, 0.9553160912583136, 0.8792787596777475], "b9": [0.15397497222991322, 0.9699377813066202, 0.9859526729129152]}