{"b0": [0.16411552122684026, 0.8154032808437951, 0.8229006370666347], "b1": [0.1616149344443672, 0.9079000817803622, 0.9732419680664586], "b2": [0.16104975725507883, 0.958947372471047, 0.9778518860486368], "b3": [0.009472999116857792, 0.9222901309148186, 0.8306246897000523], "b4": [0.8589759249443587, 0.790126588895437, 0.8051287312223551], "b5": [0.9790646349393392, 0.9907253209914522, 0.823425514265789], "b6": [0.9869944691955941, 0.9725834314510144, 0.9416082874446303], "b7": [0.017766735365673147, 0.812687585357258, 0.9661459816634528], "b8": [0.9991395720678997, 0.9964872784598754, 0.9685785593330375], "b9": [0.008743380528769856, 0.9038269357147672, 0.8153419868876642]}