{"b0": [0.15157069701911988, 0.9875689856914366, 0.8009203857928747], "b1": [0.15311984590250516, 0.9777457874120062, 0.9697775054511273], "b2": [0.36602188864540375, 0.9660145584192251, 0.9659325494305997], "b3": [0.33745060486101935, 0.9313385560993052, 0.8504816942422986], "b4": [0.15789891944918438, 0.9032203199858189, 0.8346373318033679], "b5": [0.2973226643586084, 0.9749381378575418, 0.8952162127282925], "b6": [0.9086432130466933, 0.9679856103200966, 0.9824967917680633], "b7": [0.8562719652631331, 0.845007963324931, 0.8876786739917586], "b8": [0.609355701785858, 0.8350980303369272, 0.9534337864409618], "b9": [0.8704310991791722, 0.8518795198692802, 0.9837888396799418]}