{"b0": [0.8785418219004713, 0.9664483014276278, 0.8679280101280337], "b1": [0.16144214821012917, 0.8563224522395223, 0.9581971954645209], "b2": [0.3434989693944759, 0.9750997749593426, 0.8973083203673805], "b3": [0.08461482209754402, 0.9809348076521057, 0.9788221103736742], "b4": [0.3687300953050009, 0.9998629425500298, 0.8993256743114209], "b5": [0.8456161154158898, 0.8778864671185075, 0.8963839500646417], "b6": [0.8468269142857113, 0.7516560308315979, 0.890981628674671], "b7": [0.16528275480822935, 0.8866560990079878, 0.8126003815370137], "b8": [0.15421282323491817, 0.828642237225886, 0.9594074234862852], "b9": [0.16231112497801528, 0.9523926040067338, 0.8618674142040862]}