{"b0": [0.36206040684631896, 0.9341752502356572, 0.943679496014499], "b1": [0.3346621868186399, 0.9003658630201323, 0.9467638252156589], "b2": [0.865561685452906, 0.9517353401522917, 0.8569028569873922], "b3": [0.8595914279106307, 0.928050307138814, 0.8511861974761146], "b4": [0.16464650008004234, 0.9227127373961909, 0.994887689557563], "b5": [0.8645960435861538, 0.9585610344079487, 0.9301714163852117], "b6": [0.16207495157100127, 0.8804823624129743, 0.8546757595122915], "b7": [0.6992207692212812, 0.9011100450936564, 0.8384305596028142], "b8": [0.3467719315476386, 0.9806319465708709, 0.8238511861711661], "b9": [0.1609799836850534, 0.8817848904569118, 0.9886386946642842]}