{"b0": [0.08382664406670293, 0.8418891759569869, 0.8839032253633208], "b1": [0.09652339929497476, 0.8837335336736277, 0.9608363241804555], "b2": [0.1033458325030209, 0.9675328064928528, 0.9531385517749885], "b3": [0.6711245144368543, 0.978328081098612, 0.9149078462156062], "b4": [0.31198015692317943, 0.7650988277773265, 0.8192519958706409], "b5": [0.019281716283787224, 0.7938222198442993, 0.9799511575737625], "b6": [0.6953316216932808, 0.878458625376243, 0.9466401626550569], "b7": [0.9963802136359212, 0.9737969040148906, 0.9932542951849683], "b8": [0.3264925370744911, 0.923266769703416, 0.8631966960563713], "b9": [0.7338566229052287, 0.9813456162417037, 0.9198486459590641]}