{"b0": [0.9630687999873419, 0.9444657198585, 0.8748311947939876], "b1": [0.7483844667477496, 0.9788502521072004, 0.912331636228237], "b2": [0.16140316736872518, 0.9892199092967521, 0.8191002282552228], "b3": [0.0633257055876197, 0.9647971854504399, 0.8201139732516539], "b4": [0.026208816059166574, 0.9343111173060775, 0.8880243871565849], "b5": [0.7882685116236172, 0.9415351286915481, 0.8099803364145137], "b6": [0.9832772848951571, 0.8838313761695856, 0.9507960991014509], "b7": [0.7474941532446515, 0.9837652297677582, 0.8070501460896294], "b8": [0.7503420812209896, 0.9834229799520713, 0.9289608003151444], "b9": [0.6939374363464722, 0.9718147126678335, 0.8921052378670821]}