{"b0": [0.7178120207175978, 0.8892292489434402, 0.851206053936816], "b1": [0.998548434966905, 0.8787111994334909, 0.8254154825114874], "b2": [0.8824136036846114, 0.9016975866968882, 0.9945094257180979], "b3": [0.7759814182077005, 0.8761187761371848, 0.9742798192562858], "b4": [0.9715076017559803, 0.746464815550223, 0.8380475548390109], "b5": [0.6157370056208142, 0.9692511892903763, 0.8014336403404768], "b6": [0.7276733575964468, 0.8773919337300586, 0.8431044006044336], "b7": [0.3468693563079701, 0.9070067378731456, 0.875658553854059], "b8": [0.7683073030501554, 0.9645671318948125, 0.9480785896099853], "b9": [0.05851973552863492, 0.969506711539043, 0.8763794533729827]}