{"b0": [0.6556924487969518, 0.9623491910585642, 0.9194465213644445], "b1": [0.3397610679034613, 0.9940173413913116, 0.8147691524293699], "b2": [0.5510972040056515, 0.9504419104674808, 0.9797747336939672], "b3": [0.8795366443752218, 0.8935318407550931, 0.9805443991456712], "b4": [0.8851486134196661, 0.7824498795997701, 0.9665763474369337], "b5": [0.9730493215547985, 0.9705030573792297, 0.9768196205692056], "b6": [0.014023058654107861, 0.9217708642269367, 0.9524649901180635], "b7": [0.7407963682362396, 0.9621053549735583, 0.8117288516195654], "b8": [0.7712350940095446, 0.8666802230607119, 0.9886393840683719], "b9": [0.605562038971067, 0.9361982929547307, 0.9080246396977057]}