{"b0": [0.35522069141152507, 0.988450195805674, 0.8620397327743254], "b1": [0.7774159795823162, 0.9491664961185332, 0.9598754495470864], "b2": [0.0773207268607308, 0.9703920069689095, 0.8394274100901881], "b3": [0.34657915376682125, 0.9843584147569066, 0.8091271401541595], "b4": [0.33835806116475525, 0.8547196856556775, 0.8918918983438938], "b5": [0.07682504452058017, 0.939334945678175, 0.9300415670316585], "b6": [0.6592838860771139, 0.8756334695881048, 0.9680533521781927], "b7": [0.8608902719635325, 0.9684764604414333, 0.8078111540403037], "b8": [0.34914435553241935, 0.8679510182837287, 0.8892709798267094], "b9": [0.723384725757464, 0.9497051273311939, 0.8352267884595278]}