{"b0": [0.7758220057244145, 0.98157454005049, 0.8399954345116666], "b1": [0.09389471385023496, 0.9836150494482326, 0.8376824625382909], "b2": [0.9918748974948071, 0.8150223653890145, 0.9140681202761257], "b3": [0.10093597446028645, 0.9336465248573219, 0.9980486590675888], "b4": [0.6221696297423388, 0.8916467454771584, 0.9059679701495088], "b5": [0.38183822560084707, 0.9705001967713668, 0.9194930717623118], "b6": [0.2905093379604276, 0.8936149841953385, 0.8121250831785721], "b7": [0.7623733434076546, 0.9296438438362081, 0.9385236411075515], "b8": [0.33312092739838, 0.8258984737956407, 0.9467176464784031], "b9": [0.40033739664705387, 0.9912084933334571, 0.8871035099479039]}