{"b0": [0.6483592421413009, 0.9544646403964231, 0.9614254950072513], "b1": [0.6084146935096618, 0.9924736929068341, 0.9755286791807634], "b2": [0.16736974444793373, 0.9642581751651862, 0.855425390942909], "b3": [0.1579626470887889, 0.9123681374853344, 0.8555235307034782], "b4": [0.30444992593186876, 0.8579663227053504, 0.9298097879447826], "b5": [0.0915019766782889, 0.9629009975692249, 0.9040154774868189], "b6": [0.08321212755570943, 0.9868318550885661, 0.9690844432335133], "b7": [0.05699785192266291, 0.9778856802347639, 0.9960597056657419], "b8": [0.08469069794150073, 0.9424640621031, 0.8340724054132871], "b9": [0.316169770711657, 0.8724908367236569, 0.9013106207589998]}