{"b0": [0.33731012030861485, 0.9044863311378886, 0.9444686782272061], "b1": [0.15846849708483116, 0.8963831527771832, 0.8576822453800144], "b2": [0.3286171658572535, 0.9850867674494447, 0.9387934798929516], "b3": [0.3189707706524598, 0.9465778846548877, 0.9269358822763104], "b4": [0.7205673463021518, 0.9967851940464911, 0.8922992399699651], "b5": [0.16065817567620488, 0.9822116681089615, 0.8942669775423758], "b6": [0.8968626988867767, 0.910308686632984, 0.920686202772604], "b7": [0.8959228207499653, 0.9119501363450966, 0.9992249692453266], "b8": [0.15620432995327665, 0.9290268226534307, 0.9517619836482061], "b9": [0.8710990774659219, 0.9785343606530009, 0.9330805183867804]}