{"b0": [0.8896828615634981, 0.9081326652197563, 0.8620379985790754], "b1": [0.34669808234446486, 0.8988890248808755, 0.9758430879347161], "b2": [0.1620886487760469, 0.9848520468712125, 0.9560412548356692], "b3": [0.8610115127500884, 0.8800829805594725, 0.8787505807233507], "b4": [0.15467709946782152, 0.7535131634490528, 0.9453284976927704], "b5": [0.060654648990575225, 0.9501229121345783, 0.8929445213091307], "b6": [0.16408332398595887, 0.8609976870773042, 0.950735301757386], "b7": [0.34567736173931957, 0.9987208232625382, 0.9986910175001127], "b8": [0.1665330611933416, 0.9722386647005254, 0.9228926774700887], "b9": [0.8829133191558545, 0.8554416738949169, 0.8481705521377123]}