{"b0": [0.8737097838196649, 0.8879245349016961, 0.973869786952296], "b1": [0.05906965584725467, 0.8942718767578907, 0.8079851854703841], "b2": [0.882310851814471, 0.9732084349656805, 0.9034172678165566], "b3": [0.2927072275723637, 0.9689677613368791, 0.81458965092927], "b4": [0.15353377843201121, 0.8729086322923431, 0.9299511185096984], "b5": [0.16823744382668981, 0.8664039677696351, 0.937812032787697], "b6": [0.8650382023847663, 0.8914838648381205, 0.8083583882353826], "b7": [0.15733916329351824, 0.859369965693972, 0.9146917355545543], "b8": [0.06505724236517438, 0.8184994888627173, 0.9243849257208878], "b9": [0.15953104064506657, 0.9980480445326133, 0.92531382048881]}