{"b0": [0.8624120130360649, 0.9878485929413714, 0.820165546397768], "b1": [0.75338542080889, 0.8401569143460605, 0.9467350209296874], "b2": [0.8450011435322037, 0.7834079368408683, 0.9097919098130777], "b3": [0.33138541579702346, 0.9878094265679179, 0.8548837223113346], "b4": [0.6150628454803304, 0.9540452824795319, 0.8177472759265945], "b5": [0.08389204472372214, 0.9217260061026546, 0.8759430639019036], "b6": [0.7215042128368474, 0.9391565274962648, 0.899538299350981], "b7": [0.7337730823077223, 0.9533004692074195, 0.8483850898285061], "b8": [0.16360273084982208, 0.9402111911284899, 0.9239913740248314], "b9": [0.16216664094893576, 0.9162658557800373, 0.9995959388604]}