{"b0": [0.635382057624973, 0.9951422287618696, 0.9983410296034324], "b1": [0.8818732648811143, 0.9960963093349325, 0.8350530453135536], "b2": [0.7407485186902725, 0.9319980111810331, 0.8851989400629127], "b3": [0.791718695283853, 0.9875347834819189, 0.9657124777983351], "b4": [0.6071544602968162, 0.7558111782865143, 0.8587500150522956], "b5": [0.8710410624869677, 0.9299150348306641, 0.8921653046526834], "b6": [0.0784514821772854, 0.9977196681504412, 0.8216620896171486], "b7": [0.7446005623500441, 0.8150505292205134, 0.8658892461475227], "b8": [0.017141280232939128, 0.9115161775990104, 0.9155013521266554], "b9": [0.15100516542773953, 0.9989654159601558, 0.8269363007338505]}