{"b0": [0.16175580355783542, 0.9234698840898303, 0.8848375911069795], "b1": [0.15581397800540045, 0.9365615312903323, 0.8095453374726372], "b2": [0.156458499864172, 0.9561771688528516, 0.8811106643228176], "b3": [0.006142795757107158, 0.8655119576960715, 0.9310945186134184], "b4": [0.7279698960621406, 0.8920274584331435, 0.9185090811387109], "b5": [0.85202290290139, 0.8849405188687456, 0.8725558646663706], "b6": [0.3532308755451197, 0.9298988089553987, 0.8727405591426498], "b7": [0.016599425240464847, 0.8633743412086952, 0.9224326480388018], "b8": [0.8744895682009755, 0.998667822300016, 0.9617971443349973], "b9": [0.6640333659824029, 0.9389499011925528, 0.9272529744450924]}