{"b0": [0.8911435646270965, 0.8980947862647757, 0.8507458999904935], "b1": [0.906204869890137, 0.928573572070927, 0.864228841792103], "b2": [0.5499649274275993, 0.784719163454602, 0.8178874857118856], "b3": [0.28899979454982566, 0.91187922067069, 0.9997425986707376], "b4": [0.8368214227299127, 0.9309286962632609, 0.956538559958683], "b5": [0.16308751821151307, 0.9545717259072274, 0.8450656465647248], "b6": [0.16672892257730149, 0.8483998599932734, 0.8446828981048959], "b7": [0.9052897301772208, 0.9725433386623813, 0.9775703100045797], "b8": [0.393760269772155, 0.8439397899768654, 0.8138747350189468], "b9": [0.5941552220577005, 0.9084316441435295, 0.8668226002392834]}