{"b0": [0.9117042255875805, 0.8664749014910589, 0.9785819546705796], "b1": [0.09078964883818859, 0.9194931279626333, 0.9137634129025238], "b2": [0.7386210127350299, 0.8394796134927702, 0.9150961504654831], "b3": [0.15430206808576805, 0.9066493848462369, 0.8044621137366613], "b4": [0.728731481901026, 0.9397410067521774, 0.9787227202124106], "b5": [0.328539420039114, 0.9192824477891296, 0.9279315777124622], "b6": [0.8761842705880144, 0.8280271653338026, 0.8863375849976342], "b7": [0.3573372505002576, 0.7318394043184359, 0.9601236794748087], "b8": [0.743231312619449, 0.8746157629256995, 0.9933723427065426], "b9": [0.296423540814601, 0.9593790130524177, 0.9686440746687094]}