{"b0": [0.7348849058378423, 0.9349921801764972, 0.9984424166630239], "b1": [0.8741600572761975, 0.7417283933471824, 0.882204033472571], "b2": [0.8848254695800811, 0.9287638623630974, 0.8179407694361717], "b3": [0.07218318343045127, 0.9941382889621257, 0.9072010758823079], "b4": [0.6025758259235047, 0.974983122925679, 0.9273227424680965], "b5": [0.724689279981714, 0.9116059865892246, 0.9420582221406587], "b6": [0.011958861802607879, 0.9696652191252594, 0.9480870404858404], "b7": [0.606858126180167, 0.9478156602034111, 0.9488159442566334], "b8": [0.835204934218022, 0.9949883817314098, 0.8876405932500094], "b9": [0.8583679204467073, 0.9864244242254893, 0.9555800221296299]}