{"b0": [0.7612823989965847, 0.925213425772435, 0.9802392397550945], "b1": [0.1581406590137885, 0.964947861388807, 0.8000883933207984], "b2": [0.7389983396129607, 0.9414950589156191, 0.8428033661788821], "b3": [0.9031274781273991, 0.8682325807719105, 0.9540124676179826], "b4": [0.8300735696268339, 0.8276892182262552, 0.866328178730558], "b5": [0.006655044556065021, 0.9697584263397201, 0.8388655496395292], "b6": [0.3039613509909502, 0.9177254357865557, 0.8837320374712329], "b7": [0.8530913916420069, 0.9314975868833717, 0.8317898453406094], "b8": [0.7582835370872502, 0.7672545359287849, 0.8434869539170978], "b9": [0.08756114663949668, 0.9559868424088168, 0.8126685243401791]}