{"b0": [0.812084199983826, 0.8628023886976934, 0.8963980588423581], "b1": [0.009959605851739299, 0.9696281270251522, 0.8779432768546113], "b2": [0.3853987360278688, 0.8115416350824851, 0.8392077124771378], "b3": [0.5913608115367647, 0.9849426430312347, 0.8965049034616187], "b4": [0.09203746375986686, 0.9668731697995898, 0.8812801185867594], "b5": [0.6452463510280864, 0.8186567603883554, 0.9742416971554637], "b6": [0.8714451681403282, 0.8436026895103902, 0.9183563623062183], "b7": [0.8859695910458167, 0.9838342367164989, 0.9804459986492203], "b8": [0.9086209371935261, 0.9501488754507625, 0.8369832241605013], "b9": [0.7893477329580146, 0.936361208218422, 0.8075348697541158]}