{"b0": [0.33498829633159405, 0.8034630359994007, 0.82274549483054], "b1": [0.6439071876756312, 0.9726868106730652, 0.9988859683263527], "b2": [0.30171915035964963, 0.94957213943593, 0.923714252894086], "b3": [0.8805756770367789, 0.8711385828694511, 0.8723918765269103], "b4": [0.09840402668316717, 0.9391913103561025, 0.9038957977835436], "b5": [0.008791097128382221, 0.726598544419548, 0.857782821240389], "b6": [0.8473907901665205, 0.851449836159154, 0.8177304753689668], "b7": [0.6353267267803371, 0.8656527460335687, 0.9598892931567511], "b8": [0.8494501128168467, 0.9284061496985256, 0.9006518808589324], "b9": [0.9772390030010538, 0.8354044744951536, 0.8866396836248106]}