{"b0": [0.08907425795225085, 0.9703800836036399, 0.8223341751366837], "b1": [0.08101109338239118, 0.9411363979697103, 0.840590155742814], "b2": [0.007221040460305369, 0.9185751485507404, 0.9453464473267224], "b3": [0.8774216696814815, 0.9085019751036646, 0.8285936411506941], "b4": [0.8841547430987576, 0.8600899587419413, 0.8636432131850724], "b5": [0.32221443350028833, 0.9635936211081385, 0.8778253070395489], "b6": [0.16173413006976006, 0.920540582488903, 0.8209764210300844], "b7": [0.3165660674354086, 0.9591410761764597, 0.804298319026708], "b8": [0.5755631312080705, 0.9160621102595761, 0.8486510979875083], "b9": [0.3516926762174554, 0.9269377234421999, 0.9049628177259499]}