{"b0": [0.5573514364717811, 0.974094339076697, 0.8464768871314391], "b1": [0.7383458914878335, 0.97168665666395, 0.9312506055047767], "b2": [0.9931684626713577, 0.9960420172660538, 0.9426925444560728], "b3": [0.8512317994046273, 0.9750988996022611, 0.9934876845031259], "b4": [0.9832764101946698, 0.9633995804659841, 0.8314695355603168], "b5": [0.16459912855473366, 0.8374454719512318, 0.8700283181378998], "b6": [0.8499308296143279, 0.8666241995442396, 0.9653600025102164], "b7": [0.3098380783992193, 0.7759132973819263, 0.9842596743808943], "b8": [0.8816661260953255, 0.9079369642563243, 0.8176121690534737], "b9": [0.014751452632528876, 0.8621128491974899, 0.9844817802620466]}