{"b0": [0.9951126855777648, 0.8752520664220609, 0.8469667846527541], "b1": [0.3451952102237181, 0.8072335384852675, 0.9738120358513227], "b2": [0.3508875910286057, 0.9449143508513849, 0.8020320311390944], "b3": [0.997582727700088, 0.9063222793298868, 0.9503516579076755], "b4": [0.6025203912622523, 0.9257825910827309, 0.9452446196679821], "b5": [0.649058622163745, 0.9782154908956961, 0.8251013187813999], "b6": [0.8671144669270936, 0.9158539838608141, 0.8635909620148684], "b7": [0.6096143310254805, 0.9207010663102397, 0.9923680994809723], "b8": [0.34964309295116835, 0.9461127632582368, 0.857464478531879], "b9": [0.3277137811343781, 0.9900012774698012, 0.893757997567198]}