{"b0": [0.5750590771668463, 0.8814874445530089, 0.8956623834125259], "b1": [0.005317791890243272, 0.9698235453138266, 0.995851646849263], "b2": [0.615892445115852, 0.8920649670537526, 0.8110383753022873], "b3": [0.8958000931202761, 0.9526493801401409, 0.8709823007714417], "b4": [0.33700375067476485, 0.9782664087874187, 0.855532039170939], "b5": [0.6430011731285059, 0.9677639075973613, 0.8823768817151091], "b6": [0.998338109372356, 0.8635453800245199, 0.83052114786122], "b7": [0.0816261528045597, 0.9686904994282013, 0.8774264971586638], "b8": [0.32519118756519133, 0.9510357181408878, 0.8174216986174707], "b9": [0.5762441799337438, 0.9437513206122197, 0.8902250991293877]}