{"b0": [0.9900731772981266, 0.9038822278631449, 0.8838087939958597], "b1": [0.29789140731338964, 0.9571514269807396, 0.8017695763455788], "b2": [0.0703878337152881, 0.8878330901714828, 0.9321173925196535], "b3": [0.3806594979162186, 0.8594635912823125, 0.8453202933394018], "b4": [0.5618997533502894, 0.9128179002100757, 0.8097460464254549], "b5": [0.15884780859370928, 0.8210358080665776, 0.8051205122627604], "b6": [0.15763453826749912, 0.9692864589725525, 0.8371525837828766], "b7": [0.14863982130643522, 0.9296220257844336, 0.8139983580299449], "b8": [0.989801437107684, 0.8790795153791459, 0.8478064377993946], "b9": [0.16661649902302336, 0.9331133303458441, 0.8465529387928661]}