{"b0": [0.36151537407468903, 0.9996877291744333, 0.9788664516668257], "b1": [0.1593884160216949, 0.9812514029873212, 0.8874466850932897], "b2": [0.1579784797714015, 0.9151588792579044, 0.9601388423604469], "b3": [0.16581749790619343, 0.9058824963698546, 0.9635725730919471], "b4": [0.8464183418554428, 0.9565131530679589, 0.8485889286550191], "b5": [0.1666352449384496, 0.927405829992315, 0.9489617901169812], "b6": [0.7748757087381203, 0.9434375337217508, 0.8920133395998059], "b7": [0.0721435268440432, 0.9470055492064422, 0.9471480689251899], "b8": [0.33124062394755244, 0.903494936669219, 0.9085215036726126], "b9": [0.312077132224307, 0.9391619847345123, 0.8931099884415771]}