{"b0": [0.1659022650485832, 0.86458926838106, 0.8870597411299489], "b1": [0.8557997978847905, 0.9574054248141897, 0.9717680868342873], "b2": [0.15629982051214808, 0.926133645583013, 0.9706559659689874], "b3": [0.3136551209039402, 0.9588147996708181, 0.9124214727284564], "b4": [0.8869081842438163, 0.9620914583405399, 0.9944867178732072], "b5": [0.1606164422118275, 0.9130669103797578, 0.8124376104178042], "b6": [0.16529484356284185, 0.8849303904261423, 0.8511335731727823], "b7": [0.8728837391981024, 0.8499816043514167, 0.9496074687727213], "b8": [0.15943419481066745, 0.9547130085032588, 0.8774826259337642], "b9": [0.16353455932651922, 0.9320955423241153, 0.9015750244505598]}