{"b0": [0.9006820252535221, 0.9603052002665775, 0.8940904884223921], "b1": [0.7138203695587836, 0.9177737933900643, 0.9060039353274638], "b2": [0.7429767348332773, 0.9561973475656222, 0.9200109866186653], "b3": [0.6556339645715109, 0.9828308800145961, 0.9899485279066477], "b4": [0.9054347043965224, 0.9765248243358013, 0.9078484567686808], "b5": [0.3289759605424246, 0.9845584572015131, 0.8028985032863281], "b6": [0.31783706109090765, 0.9500591494207907, 0.8857070834217748], "b7": [0.8247026006331595, 0.9964002716915603, 0.9142514312940654], "b8": [0.9875284976344976, 0.9530780439020217, 0.93759218327505], "b9": [0.7851509318198301, 0.961194411570143, 0.995178065478687]}