{"b0": [0.16312416664980464, 0.8318073858141457, 0.9663666623036758], "b1": [0.7900949185291749, 0.953662459937853, 0.8896199973949435], "b2": [0.3422250571114247, 0.9498037977333975, 0.8172672929420353], "b3": [0.026897028490532594, 0.9918916701778403, 0.9279182191426378], "b4": [0.9139886832720764, 0.9892250061858906, 0.824238921897645], "b5": [0.15818098080422047, 0.9836562833487922, 0.979320870920904], "b6": [0.17382230761544104, 0.8934846693999464, 0.9814978098318101], "b7": [0.29986537416174963, 0.940048761155612, 0.950683922658928], "b8": [0.8531990151199309, 0.8754362313953729, 0.9045298708340149], "b9": [0.1552001864173739, 0.9660982288934968, 0.8394834928437325]}