{"b0": [0.07456705785398458, 0.9679251512943357, 0.8378028367713364], "b1": [0.908570607003134, 0.9714384598707336, 0.8608269048646552], "b2": [0.0010432866647955411, 0.9487641079400614, 0.8365917377034917], "b3": [0.16199177971011586, 0.8718956841310995, 0.9774082170623568], "b4": [0.8889784885200214, 0.8163506308654194, 0.8906166276281766], "b5": [0.16537333570558524, 0.9534529021004247, 0.9297704100816532], "b6": [0.1615525789386573, 0.9735391598335802, 0.9137010235533364], "b7": [0.8564651103841162, 0.925747229361828, 0.9592216536568945], "b8": [0.865496320062197, 0.9827109966940604, 0.9434698534123934], "b9": [0.166010745398295, 0.9273599865353855, 0.8079587887273973]}