{"b0": [0.894979329431272, 0.9027680383997513, 0.9337370282457406], "b1": [0.9962714094598766, 0.8563030391153689, 0.9063899885962005], "b2": [0.1672352076979372, 0.8118701087400559, 0.8982393357960947], "b3": [0.3392891020732117, 0.8274453459168057, 0.8661619421823308], "b4": [0.15969300200466235, 0.9782878354017496, 0.942016691705801], "b5": [0.8816524694474667, 0.7952738913246256, 0.8213109089588795], "b6": [0.1612095334131978, 0.974992442570897, 0.987339997439228], "b7": [0.32258988110855624, 0.8652676572181854, 0.864917339914207], "b8": [0.3402448146935182, 0.9457934127810966, 0.9622148598971185], "b9": [0.8958891411884234, 0.9651485908215011, 0.8728343123154388]}