{"b0": [0.16441606772746545, 0.9948500904515579, 0.8699506421205109], "b1": [0.16064924766234615, 0.8632243219103551, 0.8328687887726376], "b2": [0.8588279737642597, 0.8998676153864418, 0.8756344682866581], "b3": [0.16036619233627103, 0.9815801375474433, 0.8972456160769022], "b4": [0.8461263034667809, 0.910032664887733, 0.9667867550620993], "b5": [0.16152144057884177, 0.8594138190573608, 0.9581186831245206], "b6": [0.7075100330718314, 0.7150210917447236, 0.8240778123046603], "b7": [0.8418444373490925, 0.991754185985353, 0.8808635184722035], "b8": [0.16556553345295813, 0.8758782589096171, 0.862044426627544], "b9": [0.1548303405915245, 0.8706176283886673, 0.8782472011336904]}