{"b0": [0.8712140657279582, 0.9812626126639795, 0.8644845357788455], "b1": [0.6358724919248885, 0.9492938269830786, 0.9664832201245426], "b2": [0.06324076127983912, 0.9583374718302757, 0.9127746371668229], "b3": [0.8881658058228639, 0.8370744069287972, 0.8504898260438816], "b4": [0.1629907878534941, 0.8992679720175422, 0.8870081521863007], "b5": [0.6280649416619467, 0.9889418303217533, 0.8302692978552852], "b6": [0.8741940066452734, 0.8489445822957188, 0.9079763851754511], "b7": [0.15768307015178543, 0.9256513219270743, 0.9255773519479127], "b8": [0.1577309518549328, 0.8551868180354094, 0.9614152951586199], "b9": [0.375780902529489, 0.8753205283442002, 0.8854179145764415]}