{"b0": [0.7590119686459599, 0.8551589128877513, 0.8619860038026457], "b1": [0.16135661837841653, 0.7518262785139841, 0.8034139381074933], "b2": [0.16236429272499614, 0.9924374721661653, 0.9880348927933167], "b3": [0.16169309170953064, 0.9582343015911835, 0.9305068807748184], "b4": [0.7579663670330838, 0.9396861050317407, 0.8757711577711612], "b5": [0.022706895454701757, 0.9623800604982364, 0.9991822588995207], "b6": [0.6908103869283618, 0.9626682009583605, 0.856216551744983], "b7": [0.16236370801497776, 0.8141934539496427, 0.8075116067485988], "b8": [0.15663956428129422, 0.9912376149626762, 0.9540475672750091], "b9": [0.6480428876134063, 0.9535267656338401, 0.9788111663208638]}