{"b0": [0.3104784844413903, 0.792215376099403, 0.8791847218976859], "b1": [0.6283862145969517, 0.8969537442273183, 0.8270502637512906], "b2": [0.6514871089866817, 0.9286034542011095, 0.9367945195022601], "b3": [0.15454800157231913, 0.9689720399303268, 0.8059425453921923], "b4": [0.3549705363293518, 0.9096981828193733, 0.8307261447247616], "b5": [0.8039539324958561, 0.9982982813556436, 0.9757137247796364], "b6": [0.15694056885435587, 0.8782487578275766, 0.8372140806800284], "b7": [0.16624525002546472, 0.9933421027664844, 0.9719647708362086], "b8": [0.742096154206367, 0.974663464887271, 0.9595005764960662], "b9": [0.9923412183252723, 0.934947153381399, 0.8313608293901862]}