{"b0": [0.1507892831821375, 0.9465556963289414, 0.9640858072616794], "b1": [0.9867979663820252, 0.9579013280411293, 0.8135327596753877], "b2": [0.7992477430862946, 0.7342662462441045, 0.8099928497083922], "b3": [0.16279193118242474, 0.8780921079846168, 0.9845000350155789], "b4": [0.760433455608272, 0.9083562339705444, 0.9918904681263437], "b5": [0.009012914406432891, 0.9075989130484368, 0.8783422486262065], "b6": [0.5863559834533543, 0.9143556345166202, 0.8396137947368257], "b7": [0.16807603238216967, 0.9370786539554428, 0.9223074404516675], "b8": [0.16371355337568982, 0.8600800139697377, 0.8559565118281082], "b9": [0.162333801599749, 0.926851737548007, 0.973715903001201]}