{"b0": [0.15748349718529656, 0.9633692326720698, 0.9357163578791688], "b1": [0.6078147533052598, 0.9449959489848858, 0.9341326845574265], "b2": [0.7843575179598217, 0.9297536574407747, 0.8480820946657264], "b3": [0.16202057432693479, 0.9408069649804176, 0.9746581084798261], "b4": [0.9668357091663631, 0.8488578253998377, 0.8935802650494575], "b5": [0.8934617489305694, 0.7534632221848157, 0.9737871277992941], "b6": [0.010074939831663333, 0.9013791441627892, 0.9694595442048886], "b7": [0.16745153677280872, 0.9851317396716138, 0.8512110668385218], "b8": [0.5749944727038199, 0.9760501534326509, 0.9057754346174941], "b9": [0.592540543856358, 0.7551634943598086, 0.9374961968696752]}