{"b0": [0.15714223597795823, 0.9194507018348412, 0.8587315270126862], "b1": [0.15098408059901186, 0.9835651235673515, 0.8915978581790018], "b2": [0.09936690459403133, 0.9350949224232328, 0.911812884314849], "b3": [0.592082762789061, 0.8629682484690426, 0.8217896987582338], "b4": [0.6184767950878319, 0.9466761369219928, 0.9763000823628988], "b5": [0.011025974920198937, 0.9709097363285702, 0.9638892134724467], "b6": [0.8639301208393629, 0.9761530735989672, 0.9444347075722888], "b7": [0.1611193723205089, 0.9742798681611557, 0.9306091555396043], "b8": [0.7786063855899544, 0.9849703957633146, 0.9668310965949005], "b9": [0.06711177440506633, 0.8042662091280267, 0.9653519900275745]}