{"b0": [0.688273317278471, 0.9562984776899822, 0.8584688418000971], "b1": [0.15667073443847393, 0.9712325542169719, 0.9674873638365307], "b2": [0.7885624347941175, 0.9001661563103822, 0.8885347045207856], "b3": [0.7692918530291412, 0.9136631113912675, 0.9115817157983909], "b4": [0.15877789960344152, 0.9772873858509773, 0.910552321385092], "b5": [0.0776435321242157, 0.9973533545658908, 0.8209277162462221], "b6": [0.6040565540534937, 0.9754738513139266, 0.9327106283191384], "b7": [0.16559013121193414, 0.8857282342302877, 0.8819462548343355], "b8": [0.36975171023902986, 0.9452181513614828, 0.8749685950778553], "b9": [0.15501322654329414, 0.9529041546334686, 0.9151948842775083]}