{"b0": [0.7148118112492396, 0.955262824021737, 0.8326953390445624], "b1": [0.7448206169601991, 0.8881197021861942, 0.96930805061914], "b2": [0.7219683190601731, 0.9618141738157504, 0.9783473252404953], "b3": [0.7516432234709731, 0.912998073012854, 0.8288751993149074], "b4": [0.10017530158606983, 0.8267990566880045, 0.8062411518181298], "b5": [0.006730655449461121, 0.8958983231530069, 0.8072543385283092], "b6": [0.16701568250210452, 0.9923608092708914, 0.8321580804624227], "b7": [0.16989002251970983, 0.962435645053489, 0.9792985745633804], "b8": [0.753264401845875, 0.9660694265549801, 0.8806735816111491], "b9": [0.08587536129904885, 0.9029682523834657, 0.9144283764230482]}