{"b0": [0.9897255386078524, 0.8302746317570885, 0.989104190293731], "b1": [0.776061772616497, 0.9775523533187223, 0.9782971107298684], "b2": [0.087108536052157, 0.9600126621421576, 0.9664960546693875], "b3": [0.15624530686958307, 0.9257761586916807, 0.8251433758594098], "b4": [0.7130090829917832, 0.9923950104437285, 0.8807385802980024], "b5": [0.0952417471598927, 0.836906847506878, 0.8099171696337254], "b6": [0.7434375785680871, 0.9864979269291057, 0.8683784813558948], "b7": [0.006168544548026297, 0.9720209791133901, 0.8714709775448855], "b8": [0.787402808238886, 0.9312866898525343, 0.8427399397488845], "b9": [0.15676684061655746, 0.8700855749117644, 0.841323714590933]}