{"b0": [0.16894264633466308, 0.8386048145783829, 0.9672170120400624], "b1": [0.013510187114896002, 0.9944851948090898, 0.8221849135082521], "b2": [0.6602162598475984, 0.9512557103435683, 0.8028892571964438], "b3": [0.5526339686339179, 0.9909630763058886, 0.9374031548610521], "b4": [0.6035557609122448, 0.9509051438682681, 0.8354333617132198], "b5": [0.9909000684145997, 0.9700191416787807, 0.9961720508862577], "b6": [0.7339936815825742, 0.9538718146099753, 0.9645942006402961], "b7": [0.8900966545627472, 0.9909573370582474, 0.9070129631733513], "b8": [0.35121154095630885, 0.9468774526399405, 0.8850089419038318], "b9": [0.7254892769099023, 0.9273006787270855, 0.8878251685233443]}