{"b0": [0.8981660342900935, 0.9010066923857193, 0.8016578155958501], "b1": [0.33422717598523444, 0.970602827661612, 0.9345221684339893], "b2": [0.5842063466087586, 0.9706286484422432, 0.9024967272166124], "b3": [0.09770633806464132, 0.9428837932923517, 0.8253886772731635], "b4": [0.7373093612517262, 0.8528970705246519, 0.9638898494323221], "b5": [0.5603426955127572, 0.8195489189219427, 0.8691586276991454], "b6": [0.6649627274895374, 0.9647038903802784, 0.8475714252780719], "b7": [0.16461159649998322, 0.9455487747144434, 0.9509683924502559], "b8": [0.7556429565040504, 0.9827077042450919, 0.8928894816491906], "b9": [0.6478479745325536, 0.9236979303897829, 0.8946328550725755]}