{"b0": [0.8579090755055446, 0.9287849032813785, 0.9052265268222799], "b1": [0.005400222762937278, 0.9454856201174282, 0.8568485711387107], "b2": [0.869145144019846, 0.97428651493537, 0.8016939004883277], "b3": [0.5988245178365524, 0.8619468264704051, 0.977840363076521], "b4": [0.024570228133507083, 0.9447120372906319, 0.8408561719758519], "b5": [0.15968963262185226, 0.9902226037267025, 0.9059817100271579], "b6": [0.10089293179344319, 0.9309077521933665, 0.9722840232643912], "b7": [0.624770202384672, 0.9713188879036359, 0.8353972390656117], "b8": [0.5973484802224991, 0.9424740294709041, 0.9614503802410037], "b9": [0.774068973632547, 0.8557290723522187, 0.9647800385140789]}