{"b0": [0.10239143639527733, 0.8853085529708632, 0.8466501160026358], "b1": [0.15085300404689012, 0.8702190366351207, 0.9834750760568072], "b2": [0.9175692983179121, 0.9440922369312361, 0.9642830341230471], "b3": [0.5821972161403971, 0.954290498117927, 0.892891139791773], "b4": [0.0847410603684407, 0.9995288205677142, 0.9795025902767823], "b5": [0.9880565690339184, 0.9981997858692324, 0.8752384882883298], "b6": [0.8255945027409343, 0.7863907842830322, 0.9752349425922775], "b7": [0.7525561491266459, 0.8322943141119339, 0.859221089735411], "b8": [0.6051929092822843, 0.8024750583761127, 0.8628624924734112], "b9": [0.924022012514621, 0.9495208869577593, 0.8251979545385939]}