{"b0": [0.7842839223868885, 0.987827998535463, 0.9473778105721502], "b1": [0.0143840009376772, 0.9557981367260937, 0.8724130461150615], "b2": [0.8914294164486233, 0.9513107679274411, 0.8108327793152259], "b3": [0.15520556504077632, 0.9946060831726612, 0.8798087577067732], "b4": [0.3427385160315227, 0.8525715568014641, 0.9705004582088413], "b5": [0.06874887911362411, 0.9857789573759839, 0.965371222529278], "b6": [0.29656824419092126, 0.9709744707280779, 0.8808924379276933], "b7": [0.3078763766228508, 0.9150272686288422, 0.8052624214821148], "b8": [0.7292015261779455, 0.9483100231719164, 0.9339837615895807], "b9": [0.5907506391580782, 0.9594909449658634, 0.8594009931017916]}