{"b0": [0.535699955667302, 0.9949637818602717, 0.8098217055182784], "b1": [0.8967560130553522, 0.7871690562661705, 0.9092112342138612], "b2": [0.5777680593262875, 0.9353984289176266, 0.8254045174653484], "b3": [0.8840383751192665, 0.9723665077761187, 0.8224733656487803], "b4": [0.5838800361658244, 0.9735764808183229, 0.9740367079041967], "b5": [0.5846413131453955, 0.8039761441523339, 0.95983403345859], "b6": [0.30915483280995454, 0.9997127550339782, 0.8082721666093429], "b7": [0.6073692843311028, 0.8820376194314231, 0.8685478900530206], "b8": [0.7664557800138863, 0.8228701475326539, 0.9539521522959382], "b9": [0.9976499490352198, 0.9470440839669547, 0.8133225369664216]}