{"b0": [0.8382613476383978, 0.9609941978859387, 0.8593057574241303], "b1": [0.282032501345369, 0.8772842708763239, 0.998632430595464], "b2": [0.08782114110355742, 0.9929101882519455, 0.8465190843652973], "b3": [0.15577898807837584, 0.8904771805435564, 0.8250619664350541], "b4": [0.7641821350721183, 0.9684897506698998, 0.801651326640625], "b5": [0.8211582540130273, 0.8090909844884291, 0.9955887922500191], "b6": [0.3157388239067434, 0.9565248716482574, 0.8095077257049739], "b7": [0.9894130572508566, 0.8737106780119612, 0.9340167087434358], "b8": [0.5940446731557134, 0.8561572433889705, 0.9830595812124343], "b9": [0.36016051523179, 0.8946961240003928, 0.9015573289490502]}