{"b0": [0.3961988303805432, 0.9409777573505878, 0.8847346358024356], "b1": [0.16397332303589426, 0.9200503848246268, 0.8142484999038209], "b2": [0.7710880132193393, 0.899280639830704, 0.8720659644672546], "b3": [0.9930040746290429, 0.9019216180725995, 0.8371205473223118], "b4": [0.6386758481128243, 0.9066149976771029, 0.9080780369672204], "b5": [0.3469646258995525, 0.9078617865688682, 0.8838445899913164], "b6": [0.1660205594469828, 0.9382157833275813, 0.895487582781908], "b7": [0.6203645309903395, 0.9540039498130588, 0.9764588536649161], "b8": [0.6269078622171655, 0.9113656565622525, 0.9161889351854496], "b9": [0.6183166057447802, 0.8401889334923023, 0.9499058550808224]}