{"b0": [0.06511173724306003, 0.9855156796592935, 0.8781525861325307], "b1": [0.15904571686583904, 0.9984795826479091, 0.8203912614441053], "b2": [0.08098208337700223, 0.9150557323111641, 0.8466515611421126], "b3": [0.7507669874190768, 0.8885277751707775, 0.9903032795862381], "b4": [0.6274833015110244, 0.9812099699224981, 0.8500832023627887], "b5": [0.0811860080904073, 0.9284546763442245, 0.8790367317820601], "b6": [0.07978395491272844, 0.892145404890449, 0.8191405747143685], "b7": [0.5896990220729912, 0.9368056069734411, 0.8384678082745493], "b8": [0.30062552537831727, 0.7599175477870738, 0.8708826564864236], "b9": [0.15670612716187493, 0.96673543255349, 0.8864547613092998]}