{"b0": [0.07544558833854388, 0.9694329976736887, 0.9578983083375312], "b1": [0.7354287741408634, 0.8844049799668217, 0.8280036897604296], "b2": [0.08875366997403442, 0.9308986407366063, 0.8003032823546263], "b3": [0.5852671808931873, 0.9626300259803466, 0.8936913577941145], "b4": [0.9105124310466605, 0.9861181893581389, 0.9274544014340471], "b5": [0.15405806109547185, 0.8710005658887718, 0.8208790327265573], "b6": [0.8583178324285216, 0.960667217836531, 0.8516208946584934], "b7": [0.29456049479852714, 0.9872556539790502, 0.8372913763071572], "b8": [0.8104308334026773, 0.9267823912108183, 0.9619155997859045], "b9": [0.3232034652461187, 0.9033343166588875, 0.8214032989805077]}