{"b0": [0.9879006692899029, 0.9853347484423028, 0.90313259482199], "b1": [0.5912217382059352, 0.8277815416730584, 0.922685561386075], "b2": [0.16109254246735064, 0.8821113913048434, 0.9975464228777643], "b3": [0.8726166715023628, 0.9916298389343571, 0.9202037842378863], "b4": [0.9883853367609435, 0.9395497290486152, 0.9947463265834295], "b5": [0.7610709830914887, 0.9656029520800717, 0.9991313405756006], "b6": [0.2910853150493645, 0.9662402872730561, 0.8308889504368545], "b7": [0.16062356945231795, 0.876636695511777, 0.9017786083873738], "b8": [0.8668911555748798, 0.9317481680368783, 0.8017229027597281], "b9": [0.7332923844500375, 0.9739149639108002, 0.8948459381426064]}