{"b0": [0.9852412715993186, 0.9954572190393519, 0.9171303827937797], "b1": [0.6220977357753729, 0.9532853975491392, 0.9502967031051395], "b2": [0.7177842873195449, 0.9467291496704522, 0.9486784632502527], "b3": [0.7363258535144288, 0.9678579979974251, 0.9179101572444349], "b4": [0.36824094204312735, 0.8226821295458311, 0.8585717261069284], "b5": [0.7612357256430076, 0.7966446472713347, 0.9398155097504798], "b6": [0.006328230782068627, 0.9043255640485051, 0.8065387728098468], "b7": [0.5843722094017005, 0.9345307075005114, 0.8010896796864989], "b8": [0.6042408726766584, 0.9733014263433555, 0.8615131507702339], "b9": [0.7842606618728019, 0.8457068271749641, 0.9958965665182614]}