{"b0": [0.6084942699537282, 0.9604938540480054, 0.8816535912841086], "b1": [0.7536423405670324, 0.8676314306325332, 0.8207901070424648], "b2": [0.5875738381803816, 0.9311205862448954, 0.9929587879142784], "b3": [0.010209325742542862, 0.8898454139116994, 0.8564204959605809], "b4": [0.9971221409771964, 0.973922341833853, 0.91095088536209], "b5": [0.7244547058627607, 0.942770245693072, 0.9034724438323082], "b6": [0.6246869949273034, 0.8506997051043649, 0.9059774652449977], "b7": [0.33172148371771626, 0.9618242845845917, 0.8023569810748532], "b8": [0.5946826531435978, 0.8453030947629074, 0.8238354534206103], "b9": [0.7675495332142097, 0.9908300502345112, 0.8599431398123798]}