{"b0": [0.1641716455003535, 0.9321810907887145, 0.8265030442266387], "b1": [0.623065160252246, 0.9277544710508685, 0.9919931648931574], "b2": [0.5744142575958048, 0.8561408632442804, 0.9257327244849058], "b3": [0.8617752256232246, 0.9391937689637259, 0.9210967600348299], "b4": [0.6194186849129382, 0.9509696898342354, 0.8207064684763137], "b5": [0.6142667110665848, 0.9839633216025081, 0.8120889642927847], "b6": [0.718948578173732, 0.8919055104379097, 0.8591486097059051], "b7": [0.6755497861603068, 0.9854195677741567, 0.9584443355789247], "b8": [0.7347656712808388, 0.9694884760670186, 0.951921564542462], "b9": [0.6819932481974205, 0.7875318388911361, 0.9051615721147013]}