{"b0": [0.8604560921218343, 0.9335157092641231, 0.8968241984227774], "b1": [0.5803419623600664, 0.8827819781929307, 0.8619290561431275], "b2": [0.5928894924466138, 0.9152513956324142, 0.8953072798172458], "b3": [0.16741848409753846, 0.8890273626509466, 0.9317530936013272], "b4": [0.3412926283844797, 0.9547689290684207, 0.8713337122379292], "b5": [0.15852655768672302, 0.9768379146712546, 0.9077283814169033], "b6": [0.9879037319939904, 0.8797582240504239, 0.9701725356269932], "b7": [0.8665617216857022, 0.9262648033871491, 0.8312214288104132], "b8": [0.7194085206497577, 0.8186172802132826, 0.9513457514612388], "b9": [0.5965230481138127, 0.9213631589957413, 0.9698919209904264]}