{"b0": [0.3050001260119176, 0.9621320322443263, 0.8584520926173291], "b1": [0.8886183008372476, 0.9705597684705942, 0.817366462458229], "b2": [0.17408858747184425, 0.84971018280811, 0.9757255116200176], "b3": [0.5974249004102112, 0.957810585435434, 0.859886375603664], "b4": [0.5688557229939044, 0.9670475191610705, 0.9411405211414092], "b5": [0.6344755804983465, 0.9816761904621011, 0.8968881406538415], "b6": [0.5983163170979516, 0.9471215458870187, 0.8103733867632613], "b7": [0.5942124347928955, 0.9028376874166074, 0.9435005952432811], "b8": [0.6523471368182372, 0.9907133454336335, 0.9303101799515477], "b9": [0.5906642431805753, 0.9753439294797956, 0.8011137702064579]}