{"b0": [0.6112717078107943, 0.9507988565796361, 0.9880924873002782], "b1": [0.864735407175101, 0.9473284954341388, 0.8618473041861426], "b2": [0.3471821036156219, 0.9754426331651059, 0.9020591617640795], "b3": [0.6544224422611271, 0.9811553598444672, 0.8150801810275283], "b4": [0.854029441409579, 0.8049163992015624, 0.8856154085044117], "b5": [0.734778725473586, 0.9614034282726277, 0.8290824579921948], "b6": [0.8690423909093429, 0.9714308886160132, 0.9502569336984089], "b7": [0.0084504402385848, 0.8715307953907763, 0.821926215636099], "b8": [0.8692107246891841, 0.7722469913837616, 0.8787903787383111], "b9": [0.30147501409257305, 0.958252722077766, 0.85608075932177]}