{"b0": [0.8689323739272097, 0.9348154078061803, 0.8603256177669933], "b1": [0.38542744679840835, 0.8671637092187424, 0.9266066073254429], "b2": [0.08137570613476028, 0.8448275569473782, 0.8257420174970624], "b3": [0.6024671402012419, 0.9759261483078173, 0.9149039216728448], "b4": [0.6349949520976235, 0.8572344712943076, 0.9644153753814085], "b5": [0.07846252659941884, 0.8981769141355676, 0.949322415660186], "b6": [0.8538054392795883, 0.9748225988243716, 0.9266510545456684], "b7": [0.9289759528363721, 0.8861673671445884, 0.8425226563042427], "b8": [0.3684470846251695, 0.9264031079341781, 0.8779090229044525], "b9": [0.8717458782473225, 0.9782391596916308, 0.860246565212889]}