{"b0": [0.07317446664031324, 0.8944065877415849, 0.8303652336180063], "b1": [0.8617762549937821, 0.89198393874678, 0.8066649156378304], "b2": [0.7868387162200474, 0.9032927748238674, 0.8030234824051018], "b3": [0.8598995606135074, 0.7796365598542212, 0.8686013176690264], "b4": [0.8997441437499186, 0.955899986929836, 0.9724586321960652], "b5": [0.084420876333167, 0.7971534204122106, 0.8195196250619067], "b6": [0.08012925157039813, 0.9540135859711474, 0.8540569263793855], "b7": [0.7750087473273394, 0.9284495598563529, 0.843853645996473], "b8": [0.8229839106101912, 0.9727337433858732, 0.9760560862974372], "b9": [0.0776364861328867, 0.9872686471772867, 0.889484564562786]}