{"b0": [0.0814060050222666, 0.8729438465506386, 0.8385428928621852], "b1": [0.8695108507761979, 0.963803555186031, 0.9380455002124104], "b2": [0.03877517374066859, 0.9749847464605211, 0.9669052699281293], "b3": [0.34182505165914734, 0.8376992841048368, 0.8341742782645923], "b4": [0.7542923221114295, 0.980825644134596, 0.9334441068257643], "b5": [0.8571188791742799, 0.9928806567411442, 0.8247101314920151], "b6": [0.6391354851409179, 0.9979949742011559, 0.958310601442099], "b7": [0.2834594598858836, 0.9816386878590418, 0.9074195570430548], "b8": [0.09586797751082012, 0.9195075533303192, 0.9474932888399867], "b9": [0.09508321854742921, 0.9266317291563518, 0.9848648816673954]}