{"b0": [0.07983377082610893, 0.9422131543338481, 0.8089604317327919], "b1": [0.7507455453059481, 0.9257194488449819, 0.9037813416591751], "b2": [0.7395706714200013, 0.9290631189566851, 0.924506461315213], "b3": [0.3992938485340945, 0.8914878869888685, 0.8986473706112331], "b4": [0.7713653816531739, 0.9496299682446042, 0.9947374328368096], "b5": [0.1657371150019904, 0.8256039238879203, 0.9504226520568411], "b6": [0.8735507895962107, 0.9453933231666508, 0.8900355283529169], "b7": [0.7331755844468472, 0.9561046851353155, 0.9533116079689851], "b8": [0.07228870688588311, 0.9512005156303129, 0.8211872606216322], "b9": [0.0839267488934458, 0.8568366190654452, 0.990322418371354]}