{"b0": [0.012543221401742142, 0.9368263323291552, 0.8401561867652739], "b1": [0.3769169098356371, 0.8335419137952204, 0.8698777606962312], "b2": [0.07591513118684898, 0.9770961429283339, 0.8905474516415114], "b3": [0.15668711394789517, 0.9098176259329329, 0.9182880216771165], "b4": [0.16343353783115164, 0.95725263901222, 0.967800971720944], "b5": [0.16173472912287423, 0.9652941636673958, 0.8229005854927115], "b6": [0.9786343568561842, 0.9158241775141996, 0.9027382959981991], "b7": [0.8106423306408359, 0.9827105657408884, 0.976381642896107], "b8": [0.00813804361370531, 0.9586316870392025, 0.9799107151714382], "b9": [0.15942159602778014, 0.8391268335800888, 0.9507720997293272]}