{"b0": [0.17271128291997162, 0.8425784831988063, 0.915792091379067], "b1": [0.15654775368743687, 0.8957740765694722, 0.8323586068522468], "b2": [0.1566744900487303, 0.9889484371218742, 0.9106135784634882], "b3": [0.08052666961494434, 0.8908124983350958, 0.9957369733486413], "b4": [0.6096051070763095, 0.8699963451464747, 0.891540934909147], "b5": [0.6574130818053757, 0.7248577318415229, 0.9206285852254773], "b6": [0.1610046972828937, 0.9459969555964745, 0.9260391107266466], "b7": [0.34083068549863604, 0.9133014591596783, 0.9235258961194442], "b8": [0.010717516788044138, 0.9610117980201008, 0.8659829348692725], "b9": [0.1576573886448526, 0.9938266554057543, 0.8794391661584379]}