{"b0": [0.013305302949078189, 0.792139124574852, 0.9597904365327986], "b1": [0.16286198626691578, 0.9707320627828885, 0.8171488414118955], "b2": [0.1562265122362275, 0.8108110843180397, 0.9725146573291914], "b3": [0.9888608815327443, 0.8824681995332324, 0.9997641935341339], "b4": [0.07584679896927701, 0.8740578956659542, 0.8007586958496526], "b5": [0.16924070766987584, 0.9736079481275763, 0.9489562662749276], "b6": [0.16537441892358828, 0.9241768976768493, 0.9134457078906004], "b7": [0.15731094221374614, 0.9456384383313238, 0.983075446689199], "b8": [0.9985031388789061, 0.9553265025073864, 0.821949444527865], "b9": [0.9887414638264772, 0.9145374364038474, 0.9618844955752415]}