{"b0": [0.7167263027791304, 0.8605263514162216, 0.866895841928747], "b1": [0.3221403221325096, 0.9458769689981995, 0.8394839024054432], "b2": [0.9896486032024641, 0.9927805156020685, 0.9184089795070477], "b3": [0.16152076807536628, 0.969560568951931, 0.9506769110676426], "b4": [0.3343469132475994, 0.9390235121028546, 0.993431725059832], "b5": [0.16116754306390355, 0.9107340417838935, 0.8224789934741804], "b6": [0.16201254465085094, 0.9056040902128202, 0.8446859920983826], "b7": [0.014923607957173507, 0.9512894094439776, 0.850443176224769], "b8": [0.17110312570719088, 0.9872670216163829, 0.9523246767518988], "b9": [0.15475813722088672, 0.988175578633693, 0.8476619752046249]}