{"b0": [0.15166445016954827, 0.8772916972254196, 0.9486213889211064], "b1": [0.16607956576455327, 0.9757464556754573, 0.9732777073219823], "b2": [0.2575130133876701, 0.9572250705886286, 0.903800181720588], "b3": [0.1565431654627904, 0.9699010982192614, 0.9280204140075798], "b4": [0.16642709653767235, 0.9756316131390116, 0.838104816610247], "b5": [0.9816073602728548, 0.9357496648099758, 0.9068106500754591], "b6": [0.1596473562443623, 0.8718656254833688, 0.8608096442246524], "b7": [0.3477838268799204, 0.8498116319579858, 0.8369786558300909], "b8": [0.9910295813530456, 0.8953559292318047, 0.8779251919330079], "b9": [0.16825768154922996, 0.8959664671633893, 0.9219849255527132]}