{"b0": [0.3131946015937876, 0.8567178795542472, 0.9169870294372399], "b1": [0.006458124506243496, 0.9588367257981838, 0.8254598415873903], "b2": [0.09038924071877288, 0.857206636634291, 0.8486208628375137], "b3": [0.997001247534648, 0.9630697478653311, 0.8526982974157075], "b4": [0.5757200860881202, 0.9460877705928445, 0.9741950104853188], "b5": [0.07811516754855113, 0.8996211684273469, 0.9966750840289796], "b6": [0.5939015663054847, 0.9047863155330316, 0.9065922781554983], "b7": [0.0245256598615338, 0.9251792352075624, 0.9289548178923924], "b8": [0.9226773455074272, 0.9565841627538427, 0.9852473824792031], "b9": [0.659801875364578, 0.8989984954143649, 0.9152090179106206]}