{"b0": [0.9956946313955747, 0.9648126758378062, 0.9030161254218101], "b1": [0.15847183131227932, 0.9571151013398316, 0.8286839446070582], "b2": [0.3510173232147, 0.9466240139098582, 0.8659236061231751], "b3": [0.8631190692916592, 0.9856022183295559, 0.8966637189273401], "b4": [0.3359683089590454, 0.9068495258105171, 0.9979557380163172], "b5": [0.15899406344269576, 0.8711776146048466, 0.9964637246234477], "b6": [0.004870938892634858, 0.9627676793436092, 0.8499270366442596], "b7": [0.2908271962805441, 0.863170887948259, 0.860975946793265], "b8": [0.648385351500406, 0.961373550402341, 0.8376571554946228], "b9": [0.07654455162925584, 0.9919764641849504, 0.9560121552189165]}