{"b0": [0.32787157937565853, 0.8736083287585603, 0.8336267833709643], "b1": [0.3219657350072467, 0.9465947039593463, 0.885908647869932], "b2": [0.35113437644226914, 0.9729851742412327, 0.9256353545647528], "b3": [0.08209105378791927, 0.9853059791217301, 0.897160295409208], "b4": [0.8703595972884702, 0.9003839305072767, 0.8122990893741783], "b5": [0.9913880903810505, 0.8845219732946606, 0.8598279185280271], "b6": [0.07915515560467136, 0.8852435377338987, 0.8863627893158847], "b7": [0.9891238372013885, 0.9422463330291296, 0.9179428997387619], "b8": [0.3408183599756389, 0.9574343780722983, 0.9771003873970345], "b9": [0.6048649278526027, 0.9205615708851643, 0.981964913790786]}