{"b0": [0.16224763220675206, 0.9471828567295247, 0.9925452767784866], "b1": [0.3448652523774586, 0.9635379112090842, 0.8311554533754639], "b2": [0.31108042906881056, 0.9673366534746967, 0.9466862277679209], "b3": [0.08950920177095525, 0.9729874298899813, 0.8512933144990678], "b4": [0.5858537805326837, 0.9145468815295756, 0.8456068465196311], "b5": [0.9911543315045576, 0.9531624867868105, 0.9710385490365608], "b6": [0.1611831893971041, 0.909352944604517, 0.8413699862653046], "b7": [0.8458140613527021, 0.8787769694593882, 0.8133328006866791], "b8": [0.3192026706725837, 0.9824188823855663, 0.8406618557249053], "b9": [0.9885817076555631, 0.8849645746020924, 0.8368175419299558]}