{"b0": [0.31007981545172714, 0.9132056141335562, 0.854509416251384], "b1": [0.6124523430936769, 0.9047499095511651, 0.8707509457470779], "b2": [0.6965828986424424, 0.9249988149133734, 0.9817971497044724], "b3": [0.6266768522980577, 0.824768618971095, 0.8305221644678639], "b4": [0.8070184567797402, 0.9070770869367627, 0.8849664910273509], "b5": [0.8864364275556162, 0.910917952359474, 0.853459118516186], "b6": [0.1493057372294857, 0.8633385159216479, 0.9292811771612628], "b7": [0.7367907886969731, 0.9508085703300627, 0.8295838543431592], "b8": [0.9069818730262362, 0.9639958217804329, 0.9415072629573408], "b9": [0.5727130008165878, 0.9432075547716257, 0.8149625961958274]}