{"b0": [0.37329577237021316, 0.9140437407419116, 0.9019968230688455], "b1": [0.8349687958702077, 0.952720383970374, 0.8357397309223192], "b2": [0.09881694836828342, 0.962829909167313, 0.8611053368960115], "b3": [0.34183790175469236, 0.8931926034378389, 0.9313863337732537], "b4": [0.7332315329942901, 0.837113442233505, 0.8230989884575801], "b5": [0.09097260507462472, 0.9829292485873232, 0.8788308900974685], "b6": [0.857347291427732, 0.9791524469893758, 0.8727280881027771], "b7": [0.08915562927006966, 0.8851089558361857, 0.8157226488613241], "b8": [0.1594934148177575, 0.9399102174782518, 0.8385540473711777], "b9": [0.125397426232534, 0.997157982291472, 0.9538847308926249]}