{"b0": [0.8576000147439413, 0.8751487548720204, 0.9386421505077028], "b1": [0.8679965383753186, 0.9650146226044675, 0.9694112577867332], "b2": [0.7325199460935425, 0.8037970804817425, 0.8584763350134509], "b3": [0.7254111520829837, 0.9493307203889197, 0.9300633859887748], "b4": [0.7292369425924662, 0.8698480337240216, 0.9696380143825482], "b5": [0.6468212006198548, 0.9870387062821706, 0.9602021808414973], "b6": [0.7419472523575935, 0.9755036075670924, 0.8062472786973949], "b7": [0.06705332562568102, 0.9386528635269622, 0.8904004985742746], "b8": [0.7514567712980319, 0.9848817617906451, 0.9830702805950408], "b9": [0.7319057248217884, 0.8906435897729971, 0.8480615834619689]}