{"b0": [0.8822226216544883, 0.8647635143305679, 0.8461084777626353], "b1": [0.006033939258011797, 0.9203919933806168, 0.9450845718750491], "b2": [0.7142539756134261, 0.8949391556984287, 0.8501587358647155], "b3": [0.009000340567902514, 0.9533776155504848, 0.8394509761778413], "b4": [0.8745562765462058, 0.9495706495733817, 0.8638252449175576], "b5": [0.7683027271155122, 0.9461813466447194, 0.8487717687995721], "b6": [0.009822941872490833, 0.9831428992857424, 0.8716267182458711], "b7": [0.7775443148131044, 0.9721022158554824, 0.9863821635287157], "b8": [0.7361257150841414, 0.8449213617907978, 0.8458598439441127], "b9": [0.1595819069733687, 0.9439285372029913, 0.8399894155357938]}