{"b0": [0.3197492423145922, 0.9095991685873053, 0.9384785387585616], "b1": [0.09008859504401609, 0.9278571870832176, 0.9207424959779981], "b2": [0.1652379221210429, 0.9648097721557558, 0.8350744763851672], "b3": [0.6973717531042698, 0.9734048215068916, 0.8608489912485444], "b4": [0.7509335363850618, 0.9929392951947442, 0.92914504369174], "b5": [0.16996391113039835, 0.8566608284223329, 0.8529296717958924], "b6": [0.15515971346663787, 0.9639960370310473, 0.9900070678196272], "b7": [0.07282145056660666, 0.9225018497080174, 0.9824829155545765], "b8": [0.080897179023538, 0.9921107935204586, 0.9138110248833118], "b9": [0.0787763700537848, 0.9025394398969927, 0.9731224018147192]}