{"b0": [0.7293643819146957, 0.8443139672069807, 0.8162070422528461], "b1": [0.6689618861872451, 0.9149822760645757, 0.8438364204602173], "b2": [0.7872086422893164, 0.9537670855479522, 0.9914412762696309], "b3": [0.7286569444980903, 0.9270704945486387, 0.9777305886312949], "b4": [0.3275817706729595, 0.8532429156695008, 0.9662741029105808], "b5": [0.0756264748928946, 0.9886693966387299, 0.9319218156267014], "b6": [0.7344445778443611, 0.9043419447035052, 0.8348662559001255], "b7": [0.5271266013387789, 0.8214850297250674, 0.845295161136433], "b8": [0.6411513047555295, 0.924739764324004, 0.9459565832892136], "b9": [0.7288142377341464, 0.849177187216642, 0.8914151710356087]}