{"b0": [0.9114829851812729, 0.955211762895444, 0.8130727987397512], "b1": [0.6125886165643424, 0.9627596447254821, 0.964761931621915], "b2": [0.6366196765116764, 0.9874614807111962, 0.9175875041553053], "b3": [0.9913917539089221, 0.927882328836887, 0.9741652985520752], "b4": [0.7870804553099907, 0.950293749699371, 0.8435882885725868], "b5": [0.8580280401051446, 0.9491437864769752, 0.8536301017228192], "b6": [0.5709118934824887, 0.8549618469421535, 0.9434172938838489], "b7": [0.34643674281974896, 0.9263028440466612, 0.9641361176078077], "b8": [0.6231356844928818, 0.9300597837172557, 0.8397255761788928], "b9": [0.16236183245522728, 0.6986051590649116, 0.8963669107869728]}