{"b0": [0.8641376497875127, 0.9788463881107953, 0.8424903630220041], "b1": [0.321929040108284, 0.9841950859139235, 0.8674666117095055], "b2": [0.9853013118859085, 0.9706285479128052, 0.8747744430077387], "b3": [0.8475058322851399, 0.9645274283900133, 0.8501039293301034], "b4": [0.15968028246676907, 0.8553836575705049, 0.9629377172175677], "b5": [0.89086992006941, 0.9925641594753113, 0.9747967053988182], "b6": [0.08474182450274002, 0.9871845995380436, 0.9410350818806499], "b7": [0.9780082155989934, 0.9292932302859833, 0.9202075641355694], "b8": [0.8430339967957156, 0.9123057921244084, 0.8030314015877394], "b9": [0.15912458738815302, 0.8321203497170597, 0.8802188486938783]}