{"b0": [0.07508720357193396, 0.9635359692036952, 0.89326045318602], "b1": [0.11235637034814618, 0.7310092463736286, 0.8418445010963984], "b2": [0.16079933412783223, 0.9918311216645646, 0.8265766168057139], "b3": [0.15554555830394837, 0.9802501847455963, 0.8850944405886085], "b4": [0.5893459762740143, 0.7947119863286154, 0.9976469416885486], "b5": [0.004240245408971644, 0.8726576904285952, 0.9657936178889386], "b6": [0.013364270116361187, 0.9369060942894101, 0.9635451944325334], "b7": [0.8938237650180202, 0.9769565725571376, 0.9806622793620622], "b8": [0.3543196475969063, 0.9073788938708758, 0.8274514009082539], "b9": [0.8893782872240034, 0.881257128219064, 0.9267914588262691]}