{"b0": [0.8674754660635223, 0.983679535381785, 0.8446351496195338], "b1": [0.08317982040305846, 0.9582415688643028, 0.834070805969993], "b2": [0.8858535299352468, 0.7852587776704332, 0.9380500046490091], "b3": [0.8836164627911431, 0.9769694510591155, 0.9822197318182654], "b4": [0.3756961453256368, 0.9815038166103764, 0.9163231508975792], "b5": [0.16485105782747866, 0.9430981562755457, 0.9287770140584369], "b6": [0.34442161609454636, 0.9897290941620642, 0.925260566875292], "b7": [0.15951271448056165, 0.8961771642147484, 0.8957227944446023], "b8": [0.16171938224675547, 0.8416643755128973, 0.9220290419758456], "b9": [0.32912166786726615, 0.9685258100193457, 0.956501978506791]}