{"b0": [0.16053324765200455, 0.989899943267148, 0.9940617844709034], "b1": [0.6494358806848008, 0.8650024914286603, 0.9785668343987542], "b2": [0.8326347888560067, 0.8982735872155732, 0.8641547353841582], "b3": [0.8742316974982295, 0.9956696392319948, 0.8159623350301721], "b4": [0.16964050980229228, 0.90318318704443, 0.9370171988309884], "b5": [0.15469699469857756, 0.8221219085098721, 0.8954905440740833], "b6": [0.15852499423550395, 0.9287399860838877, 0.8130309344987701], "b7": [0.2794143107626992, 0.8410357668103349, 0.9074492054445633], "b8": [0.16051463091966436, 0.9749037958228776, 0.9862974214027278], "b9": [0.1568779521200719, 0.9800489929393383, 0.864186451577503]}