{"b0": [0.8651544794721815, 0.8778672213576175, 0.8433929397766758], "b1": [0.15637663798623355, 0.8637799965916598, 0.8291482941946953], "b2": [0.014249071618309945, 0.9945877160426433, 0.9417711649677522], "b3": [0.30944215174741135, 0.9323149339710497, 0.8138612764839394], "b4": [0.3327457181373264, 0.8972577342920909, 0.8090119522458876], "b5": [0.09798568727611723, 0.9182451769877639, 0.9011478660011987], "b6": [0.08454996248756766, 0.9662536104132698, 0.8699789033954736], "b7": [0.16220911501143515, 0.9741490416676045, 0.8674808347718508], "b8": [0.08849809708634669, 0.9861422382390802, 0.8266194570102681], "b9": [0.07526915362903751, 0.8788076587589222, 0.8043849885361551]}