{"b0": [0.07907201726715449, 0.9936203140568096, 0.987761075592072], "b1": [0.8931023959917865, 0.839562784812572, 0.905115758527082], "b2": [0.34880502839705274, 0.980508232537209, 0.8229818019050259], "b3": [0.9037585824504477, 0.8534790065495883, 0.9281789346744658], "b4": [0.021419569602254895, 0.8917757520878732, 0.871359009492854], "b5": [0.7214452831479621, 0.9265896357103344, 0.8753683504088733], "b6": [0.33890632724747, 0.77813069767965, 0.8640603499309598], "b7": [0.07800328293390424, 0.7570884438324694, 0.886527282044938], "b8": [0.0691779935649236, 0.9352558939180523, 0.8386401375767255], "b9": [0.09202550297326517, 0.8167910208088907, 0.9750262638108761]}