{"b0": [0.630232126672597, 0.8715591078427809, 0.8906228118765313], "b1": [0.02244944270792772, 0.8875889334952789, 0.9838045475642607], "b2": [0.33233994242304843, 0.9007462180247999, 0.9215889832086078], "b3": [0.04906054428286389, 0.9705752641705306, 0.958110513664522], "b4": [0.10100873496362964, 0.9593668778167391, 0.9314405969101286], "b5": [0.8517863147740249, 0.9070421648867131, 0.9602140320238578], "b6": [0.08299986409840869, 0.7687567206107605, 0.8547290798674804], "b7": [0.7800571073456994, 0.8777180281018828, 0.9928651664064694], "b8": [0.7190984145381755, 0.9357041790949441, 0.8138743574400412], "b9": [0.7907598035734761, 0.9580257170755595, 0.9922357307991939]}