{"b0": [0.09489077537700753, 0.8284569404142076, 0.9408727707808123], "b1": [0.2973316462770443, 0.9544200528222092, 0.9210518419095667], "b2": [0.16383689578414895, 0.9730955978388839, 0.9474359563166628], "b3": [0.15593678335528716, 0.9637077592426223, 0.8760443570159643], "b4": [0.15806489064318582, 0.9622753108454353, 0.9362211321618595], "b5": [0.059287721776143505, 0.9675436780660641, 0.8472317644966377], "b6": [0.004712204846588972, 0.9218490495095343, 0.851126986799877], "b7": [0.15500603502502927, 0.9404846638481941, 0.8604350508051225], "b8": [0.8943832747455188, 0.9437968939398468, 0.8190551373079538], "b9": [0.09738398630254329, 0.9647281762530102, 0.975540978381792]}