{"b0": [0.1573584362354392, 0.9790315457912533, 0.8477869347728647], "b1": [0.7338180325300228, 0.8296556140145264, 0.9101498771148422], "b2": [0.15220891427631808, 0.9990324668329995, 0.9413682220954394], "b3": [0.157710593242662, 0.9096702129802331, 0.8271958849511436], "b4": [0.1606472442077718, 0.996189033195403, 0.9485183963743467], "b5": [0.15839084941133502, 0.8784225342923301, 0.9068142677883444], "b6": [0.7866422217836204, 0.966954078285419, 0.9167109659301415], "b7": [0.07088193218269619, 0.9239591258924699, 0.8788724121725547], "b8": [0.7642025746489349, 0.8880646616261808, 0.8530546784967876], "b9": [0.7548108826006217, 0.9357348661067578, 0.8330855228265834]}