{"b0": [0.0423983221400623, 0.9615887022637977, 0.9924906871611442], "b1": [0.16658801001657686, 0.7739547805287128, 0.9178330168769184], "b2": [0.7201802803888141, 0.9401279269572218, 0.8590624232897164], "b3": [0.083487549140573, 0.9407353940626227, 0.8148303523435568], "b4": [0.8905766368481587, 0.9970299210586961, 0.9293173153983044], "b5": [0.1682169174439549, 0.9644865191677084, 0.8094282745921761], "b6": [0.15038233837406342, 0.8955582706421237, 0.9763684071073261], "b7": [0.8561042469066068, 0.9336910233900306, 0.8471458067435713], "b8": [0.754348054455284, 0.9545451556657747, 0.8274468929863343], "b9": [0.0859886412966692, 0.9551471346757819, 0.8223275389264754]}