{"b0": [0.16793890035851372, 0.9414260161266855, 0.8370294962731935], "b1": [0.16568602497937554, 0.9837338640530792, 0.9073845680594208], "b2": [0.5094152993524871, 0.9667604594669664, 0.895023968899677], "b3": [0.6837257217724104, 0.9481002575043704, 0.8685094110377852], "b4": [0.019998433353426107, 0.8908161891409067, 0.9084838400365761], "b5": [0.008356160020557741, 0.834729375457626, 0.8710649833636146], "b6": [0.006073133465887439, 0.8268504014150466, 0.9871273034916378], "b7": [0.16190773948790946, 0.8764568322510417, 0.9482920794226567], "b8": [0.09030954343702163, 0.927855666707879, 0.9839422533380586], "b9": [0.6057764379327304, 0.9677778209803239, 0.9235293381364239]}