{"b0": [0.16439647784775593, 0.8225515789687742, 0.9426409844364371], "b1": [0.5757985439953015, 0.9178944796169276, 0.9164572330838715], "b2": [0.6385298760006805, 0.9702646086326797, 0.8529075619489287], "b3": [0.15905852589604996, 0.9825880434747457, 0.9467371630601435], "b4": [0.7122445562345914, 0.8474248827286219, 0.8390863243535166], "b5": [0.16443912196762653, 0.8634667459882123, 0.9085903515256795], "b6": [0.1621509624783769, 0.7993073704609359, 0.925445328746757], "b7": [0.31863027609667405, 0.9683924607189415, 0.9248719675712295], "b8": [0.7459361504250456, 0.9658972309348302, 0.9349504853763136], "b9": [0.7510582507891688, 0.9458259066251774, 0.8471598987186998]}