{"b0": [0.35343835151056896, 0.9020953151005386, 0.9810062350966936], "b1": [0.9083558451033182, 0.8596089358560718, 0.8245139092771054], "b2": [0.8874809137718698, 0.8269531461094004, 0.9880098581841105], "b3": [0.9165526684182688, 0.9846754541263248, 0.9064833481744045], "b4": [0.8203884355821045, 0.9388070855642419, 0.8368871636908753], "b5": [0.09475747221389849, 0.8894456582408412, 0.9271051716659631], "b6": [0.7428091431398524, 0.7686095258039444, 0.8484811695341484], "b7": [0.3344811863543848, 0.955199876602616, 0.9901474677433124], "b8": [0.6978645230392356, 0.9449689016016325, 0.9040447986659481], "b9": [0.08376561935063002, 0.8127259303822268, 0.9564288551894984]}