{"b0": [0.8952041939087397, 0.976057188128786, 0.8893350633465508], "b1": [0.2874472871387848, 0.9436739609818643, 0.9059536265420866], "b2": [0.35373571058721415, 0.9629868244885986, 0.8076962971962319], "b3": [0.3419599885678224, 0.8676234814332644, 0.8772672093354413], "b4": [0.163616253964295, 0.9480105855183091, 0.8921957428370162], "b5": [0.7936232073266279, 0.9982489259806813, 0.9017449532357369], "b6": [0.0684428170744494, 0.9066945808012278, 0.9381120507671636], "b7": [0.7606730245820887, 0.9079387332687681, 0.8979252206450152], "b8": [0.8951385294356804, 0.993690293962871, 0.8856634956076627], "b9": [0.05126445661554025, 0.8760228398361447, 0.9553831860836189]}