{"b0": [0.0376791302009472, 0.9306980336331069, 0.9960090929725447], "b1": [0.7610299651794176, 0.934650115020779, 0.9078618303103354], "b2": [0.5789796582390142, 0.9190167581482868, 0.9808670279016414], "b3": [0.08775902864158444, 0.8061602048549542, 0.9572101880007723], "b4": [0.33040156035267804, 0.961829903987162, 0.8803165303931548], "b5": [0.8959065427681522, 0.996044567902068, 0.9089624898451423], "b6": [0.16558895764002432, 0.9960171743948025, 0.8117038685617557], "b7": [0.8856215390581166, 0.9521404077275867, 0.8983677603562458], "b8": [0.3003590692657044, 0.9605433783592819, 0.8846410088002012], "b9": [0.10398590948276853, 0.9380660308335588, 0.8863975343735422]}