{"b0": [0.8982662573426252, 0.9402829436097427, 0.9013561260547007], "b1": [0.6087385644801585, 0.8437533301475239, 0.8600145793660634], "b2": [0.839968247199463, 0.8405944162821523, 0.8555268711605853], "b3": [0.8728330038271278, 0.9556658334618033, 0.9148305630682279], "b4": [0.5254433941591817, 0.9271781417962848, 0.8798940467342775], "b5": [5.274278453222582e-05, 0.9403429232388478, 0.9638970178955817], "b6": [0.33894280980151203, 0.9783667496505012, 0.8767875745160555], "b7": [0.8808377833934748, 0.9951321299451156, 0.9263644252164626], "b8": [0.6318348158123716, 0.913418158150238, 0.9543659101286656], "b9": [0.645794838792036, 0.910795948952151, 0.8601678016835366]}