{"b0": [0.7667369966287858, 0.9754121841873393, 0.8106452111164905], "b1": [0.1688713060140198, 0.8758959836583691, 0.9935701730441601], "b2": [0.9707597762206316, 0.8463810507527845, 0.949675930743854], "b3": [0.6285823564876147, 0.9996605233106557, 0.899407488779509], "b4": [0.8003418108719235, 0.865288651691699, 0.9513719389295326], "b5": [0.999440159853821, 0.980214664618888, 0.9961001278403359], "b6": [0.05886628437209059, 0.9925816087631995, 0.8925334646130402], "b7": [0.5972621668840641, 0.9705338432533572, 0.8697964863328623], "b8": [0.855748482411642, 0.9257683127849806, 0.9997877017089671], "b9": [0.3446768383120121, 0.9756814048244214, 0.9190651703384721]}