{"b0": [0.7752331639629695, 0.8602137132409712, 0.8184836759118886], "b1": [0.09998180499945358, 0.9029504150304821, 0.8284902907482306], "b2": [0.7705755480337244, 0.9119317065987821, 0.8845826017041497], "b3": [0.6115517652292988, 0.9854445732453656, 0.8435245902398207], "b4": [0.3183692415703308, 0.8960490914958424, 0.8702823691023015], "b5": [0.6041956608341544, 0.8022135835807118, 0.9664387214418269], "b6": [0.15536284809826895, 0.9519746172028165, 0.8479659208075163], "b7": [0.8752517987795941, 0.966810542501124, 0.8064604062812241], "b8": [0.16288058273478645, 0.7798884680089105, 0.8170470172220362], "b9": [0.1579473154519945, 0.8997522439754448, 0.9933426530404597]}