{"b0": [0.3162057802284189, 0.9489979440639214, 0.9032168702616002], "b1": [0.0800931103997014, 0.9533320781931246, 0.8614193036049713], "b2": [0.7751931634746702, 0.8783178948449196, 0.8502438096835596], "b3": [0.3184005638601554, 0.9239745872188228, 0.8846005932918831], "b4": [0.3278683397830157, 0.9806788412049531, 0.9874094781103245], "b5": [0.32878572442292897, 0.9984757742862546, 0.8023529218461717], "b6": [0.0810694481729519, 0.8770561721762826, 0.8945241807818728], "b7": [0.9862386385394855, 0.9446263061433008, 0.9144988785782879], "b8": [0.8678210123276919, 0.9160874326026291, 0.8101841116416957], "b9": [0.09131754496533681, 0.9850408579323617, 0.8074089563955582]}