{"b0": [0.5697134317905281, 0.880654750484988, 0.8943441364517564], "b1": [0.2961964556595967, 0.8056716719906107, 0.9762744787721196], "b2": [0.02643282969221177, 0.9800201387774075, 0.9907169409277354], "b3": [0.09449766644495507, 0.896292786201976, 0.8068493506562026], "b4": [0.0969562029214531, 0.8909935768000535, 0.8267055552892263], "b5": [0.08994047853315516, 0.8684066336070735, 0.9255397209094903], "b6": [0.3129551875903361, 0.8835033608104667, 0.9703656130771643], "b7": [0.8583208486990587, 0.9366790832811506, 0.8744954909542837], "b8": [0.39860098125671917, 0.8757563778976004, 0.9403823786812836], "b9": [0.7641066717082426, 0.9661653572431206, 0.9046106503450786]}