{"b0": [0.9828326575992521, 0.9031944716328213, 0.8338234446194835], "b1": [0.06773983479671948, 0.9291336950762051, 0.914740845970034], "b2": [0.3374609232528662, 0.9629078516883658, 0.8701094617461612], "b3": [0.08573365649423527, 0.9644390870915432, 0.9200165956539591], "b4": [0.08227246241153892, 0.7963022045765752, 0.8532554677306137], "b5": [0.8918440448596424, 0.9313176266107152, 0.8806616995223122], "b6": [0.8860250123332252, 0.8949443170820496, 0.8710175912022783], "b7": [0.9372570717018464, 0.9649467443099078, 0.9161071693385762], "b8": [0.299357681458306, 0.9850923190872167, 0.8997755084818314], "b9": [0.013139300860679225, 0.9619471356015806, 0.9369158734744788]}