{"b0": [0.06345193588902304, 0.8655297024123307, 0.9097482823184013], "b1": [0.9850339122170709, 0.9019045116396314, 0.8108549654565368], "b2": [0.9962553156118985, 0.9324236559937751, 0.925075605063533], "b3": [0.8949285650517608, 0.9374482201455083, 0.886743907965136], "b4": [0.8986454115362558, 0.9677375974860978, 0.9219263444604598], "b5": [0.07325530571309241, 0.9928393499216572, 0.820419913245951], "b6": [0.08144370917311924, 0.9957934276233815, 0.9866350249290678], "b7": [0.835579322255234, 0.9410536981039008, 0.9790667648307327], "b8": [0.31676006651589, 0.8956064230041169, 0.965501750603587], "b9": [0.34451699899256416, 0.9658502374852224, 0.9015633748937231]}