{"b0": [0.09637748467864891, 0.8821331984363385, 0.9537739039033954], "b1": [0.1640338159457302, 0.9267901658835274, 0.9639115063079913], "b2": [0.9803486928563774, 0.9862565241861239, 0.9005244028253365], "b3": [0.32216873689519526, 0.9218453945593885, 0.9050748087795527], "b4": [0.09760577530238963, 0.8689013736275557, 0.8459153693675587], "b5": [0.16006366473767006, 0.8945192305742359, 0.8982451030395149], "b6": [0.9963406498193027, 0.9675761895160546, 0.9971270695978909], "b7": [0.31212997412465576, 0.73882218121972, 0.825150515522919], "b8": [0.162649190151077, 0.9802472094271444, 0.9719584673898575], "b9": [0.3446333899720901, 0.9460830341563954, 0.9666779211372122]}