{"b0": [0.8903268094823054, 0.9333864056483869, 0.9895576482052683], "b1": [0.7224254187289193, 0.9346120702291685, 0.825627798963842], "b2": [0.07525447382935874, 0.9571413712702895, 0.8969250095358777], "b3": [0.876581868935762, 0.8897764900001903, 0.8127058566864259], "b4": [0.3388331782551731, 0.9804809766047248, 0.9391392159099297], "b5": [0.09364638244619071, 0.8492628119024246, 0.8891894989744703], "b6": [0.09223013367492372, 0.9580693379353376, 0.908167612327199], "b7": [0.3587599693687512, 0.9339861188932257, 0.8573949590438973], "b8": [0.08807966180109192, 0.9359500478940262, 0.9059195032150074], "b9": [0.08804024013920055, 0.9642108542295469, 0.8813466369983374]}