{"b0": [0.007098591171104289, 0.9583616963914452, 0.9038369256241139], "b1": [0.34511723180575765, 0.9210741840332954, 0.851803444704658], "b2": [0.99730016091479, 0.9243197744694832, 0.8084750911100607], "b3": [0.9972273904772118, 0.988037634739661, 0.9325225114538748], "b4": [0.7568335229886372, 0.9774431301979541, 0.8798971959435989], "b5": [0.16694110422868177, 0.8946309492990919, 0.8375846533727607], "b6": [0.9841957451252443, 0.9373750853930501, 0.9314315981194299], "b7": [0.1635477024975886, 0.9749907433219295, 0.9702657170257445], "b8": [0.16298383107725514, 0.990193447505067, 0.9950678089880793], "b9": [0.16230295885279222, 0.9693286894745239, 0.8778435717805451]}