{"b0": [0.02369709364250535, 0.8866730650479812, 0.882115620303378], "b1": [0.9651014267645386, 0.8910925969147524, 0.9276101803075621], "b2": [0.1720137395419722, 0.8833639414712683, 0.9660140580183684], "b3": [0.1594543594723231, 0.9828895877476704, 0.9572785012530936], "b4": [0.8542993406432458, 0.9169504456142338, 0.8704294344866759], "b5": [0.776152174320517, 0.9302672500285252, 0.8473506119021507], "b6": [0.8566571049112927, 0.9533385198481124, 0.9401210749693328], "b7": [0.8470510605854652, 0.9802531123969502, 0.9341335911678581], "b8": [0.1650158904917361, 0.9497854873999455, 0.9487160090460656], "b9": [0.012707426068687822, 0.9718143576332997, 0.9343511249168988]}