{"b0": [0.16307546884881335, 0.9949994547179414, 0.9540385649694946], "b1": [0.9864369496369931, 0.9133139488408213, 0.9306540038337627], "b2": [0.15997784444369006, 0.9403917601303866, 0.8014613349859817], "b3": [0.8248375957797768, 0.9577768298070966, 0.8779037237395032], "b4": [0.0007718981002016817, 0.7837660407277428, 0.9673893512462193], "b5": [0.878792136846983, 0.8558853979672467, 0.9168454451259822], "b6": [0.9953962422057334, 0.8283652283152797, 0.9299219646080591], "b7": [0.01467740273688001, 0.8645533083428808, 0.8191963462279762], "b8": [0.15920300444798202, 0.9852037694651701, 0.9705932977282273], "b9": [0.7314109817523573, 0.8263005959080515, 0.8801734565383519]}