{"b0": [0.8976820881904587, 0.929027358024744, 0.9464492809460552], "b1": [0.9923565987512863, 0.8770266376893724, 0.8436844335828401], "b2": [0.9853427831752042, 0.8537168034129448, 0.9267669574391418], "b3": [0.014946532619046174, 0.883529668924833, 0.9931222252163094], "b4": [0.8915632455019521, 0.9020906290698563, 0.8576112251939415], "b5": [0.11084145742850432, 0.9849748930348389, 0.9352987876737551], "b6": [0.8773312603400811, 0.936980821042546, 0.8612085005212124], "b7": [0.8972908762169043, 0.9570919994921206, 0.9441052583602508], "b8": [0.16414017880464452, 0.8734418055274972, 0.9275394038698637], "b9": [0.9910535616271432, 0.8414086322688239, 0.9215410623698976]}