{"b0": [0.9677828296016087, 0.9686956678739926, 0.9767297759432985], "b1": [0.9918810978811627, 0.9763222522297422, 0.9331914233879592], "b2": [0.060674544264851075, 0.9921743698238717, 0.8747205671195302], "b3": [0.1637460639250184, 0.9096209475096712, 0.8896593161703751], "b4": [0.1588450373720101, 0.8965264289560337, 0.9933031464059847], "b5": [0.0034205655792742245, 0.9464429648693314, 0.8371641072307563], "b6": [0.8545508002481512, 0.9661279667468048, 0.8548507393082412], "b7": [0.9905142632105971, 0.9663971119291035, 0.8573765072698979], "b8": [0.9926513694890572, 0.8606730956163081, 0.991856661520982], "b9": [0.8708759208381562, 0.9665186579917656, 0.8905659839057397]}