{"b0": [0.6806923593785024, 0.9480106254260318, 0.8034391584708281], "b1": [0.29029174525401535, 0.9813028103850472, 0.8759998283788631], "b2": [0.8626182153307858, 0.927582886674419, 0.8895991611651606], "b3": [0.7520987864840449, 0.8768419247568275, 0.9598847390837634], "b4": [0.986903284611526, 0.9278907245243042, 0.8613900175995656], "b5": [0.16277141108490903, 0.8960330984577906, 0.8226289660151664], "b6": [0.08902914060649122, 0.9035855338871257, 0.8672808950902207], "b7": [0.8477498015772043, 0.9368226901759421, 0.837953985716083], "b8": [0.6524085313367338, 0.9772858381530038, 0.821710478813677], "b9": [0.8178476347906904, 0.9062584574624999, 0.8538863965447773]}