{"b0": [0.7325942344736269, 0.8556060047013642, 0.9069931444281213], "b1": [0.7774654320529442, 0.9968387755064579, 0.8273137463102402], "b2": [0.14843438876872145, 0.8643196778298224, 0.8060642352065825], "b3": [0.9957758073113091, 0.880435695061911, 0.817879115245853], "b4": [0.8783941214060246, 0.9177335742394906, 0.9689347562407292], "b5": [0.5928316542979699, 0.8553765859394411, 0.8501707394607706], "b6": [0.7672885870397695, 0.8874850546233682, 0.8689649282742258], "b7": [0.9841138378963405, 0.9392419576570101, 0.9977112537529496], "b8": [0.8982815380792194, 0.9829330997456838, 0.9466610117850981], "b9": [0.9850637726676896, 0.994019072124669, 0.8427041025933736]}