{"b0": [0.7073301646545315, 0.9818259750894454, 0.8150972146157048], "b1": [0.8522846312900408, 0.8682620716420282, 0.9213114752300896], "b2": [0.7911477966444538, 0.896220048206066, 0.8633760446089584], "b3": [0.3186853502285462, 0.9104020666046863, 0.9833209036211433], "b4": [0.8756808985434316, 0.9440037233966864, 0.8480697867758047], "b5": [0.8460667801805509, 0.9067179312105577, 0.9768642378218781], "b6": [0.0023188402476345656, 0.9671861458421777, 0.9268373300974302], "b7": [0.6345743634845481, 0.9870066309608717, 0.8007839533919217], "b8": [0.887652572532402, 0.9895734507122653, 0.8054421189818661], "b9": [0.3298963587314036, 0.8733435726988518, 0.9345170708072602]}