{"b0": [0.2892511067140896, 0.9140478533479052, 0.9508539660866135], "b1": [0.05842680267377754, 0.9173353311152797, 0.9799874244669994], "b2": [0.38646205238316284, 0.8613212411473018, 0.8647709167046712], "b3": [0.785834454441612, 0.9924647725660304, 0.8317804695908382], "b4": [0.3638391868662164, 0.9075136321573658, 0.9691396638727298], "b5": [0.8108282835183178, 0.9550793834144118, 0.9989914107499298], "b6": [0.7501551960102865, 0.9045136538294382, 0.8854906306487403], "b7": [0.3404642269175032, 0.8296636662163628, 0.9983615953787163], "b8": [0.9021258130305583, 0.9243379826616895, 0.9279587447476823], "b9": [0.16092621587161826, 0.8342807068581997, 0.8176968502578577]}