{"b0": [0.8593055672476627, 0.9927818677246337, 0.855059620254269], "b1": [0.05756912524248471, 0.9465787073581119, 0.8384290370617796], "b2": [0.32258482657106735, 0.9878615566006022, 0.864669744022752], "b3": [0.6229478740286232, 0.9517554426918973, 0.9051035466029886], "b4": [0.3139318250759507, 0.9802807737152449, 0.9714933758865734], "b5": [0.8564558247788838, 0.9752501292187351, 0.8508551977897664], "b6": [0.7507719575022108, 0.8612489183630925, 0.8759185884070696], "b7": [0.32044840892769494, 0.735480465266849, 0.9801170170135859], "b8": [0.7931906063915848, 0.8282450202686925, 0.8203439764814096], "b9": [0.2987867365184304, 0.9806375481979905, 0.9225018131786229]}