{"b0": [0.8517622257516329, 0.9144149746300905, 0.942102670311204], "b1": [0.08681244307637823, 0.9300028419903036, 0.8729235548738197], "b2": [0.7627800803514516, 0.954756741598482, 0.9404568156468778], "b3": [0.589295016833359, 0.9690106181419599, 0.8018276184038556], "b4": [0.7300620532698943, 0.9619092886882971, 0.9478980569310402], "b5": [0.9813159046146808, 0.9685264242479193, 0.8869577608086842], "b6": [0.8443716097027503, 0.9640010633499378, 0.9129863433984062], "b7": [0.8518874560978621, 0.9677093769225261, 0.8468255139529363], "b8": [0.8744618368677299, 0.8646149635054903, 0.8665809897402974], "b9": [0.8426895029515578, 0.9126253004953313, 0.8388757169395558]}