{"b0": [0.7737369419012714, 0.9358459416554209, 0.9876665726658367], "b1": [0.16432901286263235, 0.9174503992417395, 0.8709860106303755], "b2": [0.1637830870257472, 0.914687138141937, 0.8748733841725952], "b3": [0.8740260997314155, 0.8789302690643582, 0.8703434162602663], "b4": [0.7550916397984467, 0.9376159834935129, 0.9910357645115324], "b5": [0.7701789015906059, 0.8135602077855123, 0.8495057934795613], "b6": [0.7337561744621616, 0.9538621203496611, 0.8127005155968509], "b7": [0.629147905765045, 0.8319267915668535, 0.8006329258815135], "b8": [0.1599660409009098, 0.8784804616418179, 0.940524456913087], "b9": [0.7314035647683551, 0.8544085494571061, 0.9969051242234194]}