{"b0": [0.08754194778891249, 0.9800480935105662, 0.972288777682647], "b1": [0.16562813444000507, 0.9807233073827716, 0.9376893982250333], "b2": [0.09523822187381129, 0.9273854955687788, 0.98136979883896], "b3": [0.07662809607269304, 0.9067444162332131, 0.9827723431963057], "b4": [0.1497683746887309, 0.9680341966479739, 0.847261044655448], "b5": [0.3484315926117701, 0.897085941461066, 0.9770315019088684], "b6": [0.01310784709290462, 0.9705669266716649, 0.8644213309163312], "b7": [0.16729135708897747, 0.9564776209920793, 0.9980761634341562], "b8": [0.3299180493766984, 0.8902497788690112, 0.9578694180653051], "b9": [0.35995458336652325, 0.9121628969369628, 0.8141472136952814]}