{"b0": [0.16759700549564044, 0.9595639165616998, 0.9617643074225358], "b1": [0.8294223080270519, 0.6195988232020463, 0.8521461795975184], "b2": [0.15610641298852812, 0.9809144625406119, 0.9110882127432517], "b3": [0.3139344883170564, 0.9871133724924467, 0.9824006366218931], "b4": [0.16002402132726556, 0.786007786146213, 0.9462079581583431], "b5": [0.5992175072535129, 0.9595490994105159, 0.893401189712295], "b6": [0.6229835402657511, 0.9395483612160604, 0.8933220972959767], "b7": [0.07611889851559947, 0.9863455185990836, 0.9628378467475343], "b8": [0.7204366262708836, 0.966680343609444, 0.8570878278423331], "b9": [0.33560728524047695, 0.8092185033135536, 0.900057820380709]}