{"b0": [0.6847716302751171, 0.8930310489219963, 0.9771861903267529], "b1": [0.15658296796696491, 0.961326640414305, 0.9383150551146084], "b2": [0.10300020394940879, 0.9289757631822749, 0.9068563222178294], "b3": [0.14231843435759572, 0.9788397092398812, 0.9697304868488907], "b4": [0.1650360997790107, 0.8775966049546559, 0.9061839618132023], "b5": [0.855998564473802, 0.9752648241807504, 0.800632482648759], "b6": [0.15671450325439967, 0.98555933103866, 0.8876178141369415], "b7": [0.161107143054999, 0.8630795083190431, 0.9098170507949619], "b8": [0.16987097174784135, 0.9539992557910721, 0.8854171680684553], "b9": [0.5411377591300544, 0.862893757611475, 0.9596892110037208]}