{"b0": [0.8839324467645422, 0.9969541185330091, 0.9242522118514026], "b1": [0.8487168109926522, 0.9875191123087994, 0.9380337118728599], "b2": [0.9092117299992014, 0.9757042029063561, 0.9306190383973025], "b3": [0.1603146958771842, 0.8723007883157307, 0.8427983638724862], "b4": [0.6058771919707878, 0.8792795363954748, 0.8961178638702733], "b5": [0.16017085725718322, 0.8482844233635131, 0.8958693559080331], "b6": [0.16161654126983216, 0.9860814487587642, 0.8724079092343279], "b7": [0.06825395005233376, 0.9061394938091734, 0.9695231693030579], "b8": [0.7825251178808348, 0.9951072040729991, 0.9742600139361342], "b9": [0.8761356101901899, 0.9067352887401897, 0.8085631736169091]}