{"b0": [0.873717193973102, 0.9784312932277709, 0.977225764969223], "b1": [0.0020219353464847032, 0.8106374520112705, 0.9246117801818885], "b2": [0.3470090355853624, 0.9962321156446419, 0.8762090984063196], "b3": [0.8120048887263251, 0.9781305319146203, 0.8047275681959692], "b4": [0.16820227348590236, 0.8957711725168358, 0.9815684726279962], "b5": [0.9931772766901418, 0.9373035948776193, 0.8455085424885442], "b6": [0.6420499584536014, 0.9215763476767487, 0.880068690126233], "b7": [0.9077038876142965, 0.9921409501132598, 0.893084208971603], "b8": [0.00487146597862214, 0.9644415702397311, 0.9739495396522156], "b9": [0.34717739377834245, 0.9509028698649312, 0.9195830505251764]}