{"b0": [0.9162717008829366, 0.975508191616781, 0.9469589314750166], "b1": [0.007237814808200604, 0.9692846743184788, 0.9061023981757153], "b2": [0.3112147595751553, 0.8274176089493039, 0.8957779298376387], "b3": [0.8723753046735742, 0.9363131727162481, 0.8616180033686579], "b4": [0.8666243280726199, 0.8289866336675416, 0.9932454563879317], "b5": [0.0861020576543383, 0.8828943924048888, 0.8387551298396961], "b6": [0.005629961006968497, 0.9470545980522899, 0.9822651234566053], "b7": [0.08779984321973824, 0.8364295367603011, 0.8402926364320833], "b8": [0.8519079378396716, 0.9680820471986167, 0.9347689685463775], "b9": [0.07562703094808366, 0.8159059157434513, 0.8361789196949151]}