{"b0": [0.9874993018966913, 0.8954338917053277, 0.9394038777975291], "b1": [0.8557051983443187, 0.9601243294206534, 0.9948973562020725], "b2": [0.8920845937196126, 0.9155313764649747, 0.9516544197325847], "b3": [0.16065702441882654, 0.9254040317659846, 0.8839055833127127], "b4": [0.9731911650410787, 0.9375136084891862, 0.8643156375821435], "b5": [0.16799411765058878, 0.8867399227921553, 0.8024556791827123], "b6": [0.9911846647159521, 0.9991442005440108, 0.8962509442052397], "b7": [0.29852095577294585, 0.9637771032205843, 0.9447205644819292], "b8": [0.7324109233845886, 0.9984087946132253, 0.8264724307124687], "b9": [0.6024767241087958, 0.8629176846305043, 0.9567843808721831]}