{"b0": [0.15406674471006285, 0.9770965580586248, 0.8010416977240523], "b1": [0.014565380580988057, 0.9106184347302475, 0.8141445767463367], "b2": [0.15226534158766994, 0.8882724257525912, 0.8401572751358425], "b3": [0.8968749387092645, 0.953955705039116, 0.9640400058858198], "b4": [0.9997273649722617, 0.9201263724760476, 0.8629673102002223], "b5": [0.07479509137551188, 0.9820458482120852, 0.8155385069959712], "b6": [0.0033766920228064036, 0.8572588786462965, 0.9848601001920133], "b7": [0.9035447064363343, 0.9423796472467617, 0.9721618629249611], "b8": [0.8560755666421308, 0.952391611168659, 0.9441240181707934], "b9": [0.16375799614126182, 0.8053941900082177, 0.9064603208287408]}