{"b0": [0.009057030835150614, 0.9131658477731706, 0.8221435242198473], "b1": [0.9934794748580745, 0.9737542120967696, 0.8022743370125569], "b2": [0.8750410653158315, 0.9800118515699852, 0.812850497930608], "b3": [0.15404152077493813, 0.9459191600415608, 0.8403254139899063], "b4": [0.16793005606417274, 0.8000708991837365, 0.8542941906214756], "b5": [0.9967793873438912, 0.9767990694010852, 0.8781738835131176], "b6": [0.7507090596984649, 0.8479320454349363, 0.9339024551981424], "b7": [0.16495759162538065, 0.9766466997843614, 0.998888876809033], "b8": [0.98388389967208, 0.9878949087579943, 0.8111052345968767], "b9": [0.0017564497043606817, 0.998017641010851, 0.872147379322277]}