{"b0": [0.7339386642888255, 0.9136350925491706, 0.8214315182925788], "b1": [0.0193681084869943, 0.8741106343704628, 0.9391751355746868], "b2": [0.2725300227125787, 0.9097543365366202, 0.9545199776750198], "b3": [0.3058634806472726, 0.9246782811295664, 0.8045703972234799], "b4": [0.15456701745426377, 0.8217803848491709, 0.8339110039983291], "b5": [0.7402039719106308, 0.8419549441330096, 0.8981033181789171], "b6": [0.6251141256229128, 0.9610849013914283, 0.9138824210339969], "b7": [0.7490285793754484, 0.8994336542392807, 0.8369998111591568], "b8": [0.8904315238784594, 0.9890080081400605, 0.9216488366790396], "b9": [0.7470950860373354, 0.9403048302576288, 0.9597801295076009]}