{"b0": [0.7567109050441307, 0.8202070156303514, 0.9300023890206355], "b1": [0.7998426629245727, 0.9070582833666192, 0.879111942840899], "b2": [0.7390913138304082, 0.909730652020081, 0.9126932236862138], "b3": [0.7097746132142513, 0.7684595891243617, 0.8178814976561943], "b4": [0.9537684922776439, 0.9604251156601562, 0.8990383478056384], "b5": [0.16191276297611273, 0.9620631831998768, 0.9573407205220684], "b6": [0.1626631232136437, 0.8855682572925454, 0.8765921141392841], "b7": [0.14647302605063145, 0.9972772951790992, 0.9135049554524294], "b8": [0.11189041904785563, 0.8097208309777517, 0.8612777013617898], "b9": [0.16009461247833928, 0.9358698652393178, 0.9270413523246352]}