{"b0": [0.6294184087974627, 0.9877731874674248, 0.9754757428446661], "b1": [0.8943046795141169, 0.978492268995181, 0.8044073553959952], "b2": [0.5974053717367886, 0.958020930654039, 0.9283761320657454], "b3": [0.2973528989565412, 0.938600940510184, 0.8439679728545443], "b4": [0.15671743846608802, 0.9705168903988198, 0.9204024127733941], "b5": [0.8891371914192693, 0.9000926945839066, 0.9864139708609756], "b6": [0.339905310284181, 0.971991049291254, 0.9373772145103925], "b7": [0.3444815509187189, 0.9487973993494117, 0.940607708406572], "b8": [0.34046214536867603, 0.9880997748341832, 0.8460769387948427], "b9": [0.004956064941171739, 0.9688223971297897, 0.8230072880729072]}