{"b0": [0.7490865720766, 0.9354154958717592, 0.8312444409104078], "b1": [0.3372988225226583, 0.9911998804140449, 0.9310611541623288], "b2": [0.7145202144903344, 0.914606622451657, 0.9466795964180231], "b3": [0.7579965945648885, 0.8007066803988434, 0.8939162012635323], "b4": [0.1690958010169673, 0.9707029642904861, 0.9847486823796888], "b5": [0.6774591224108072, 0.9598380833622105, 0.9425939419247483], "b6": [0.15988022530709106, 0.8439814504507944, 0.9849273270408725], "b7": [0.7561357082723358, 0.9779353770358726, 0.8183154992383967], "b8": [0.9021695863229506, 0.8277939026726115, 0.9939951391928937], "b9": [0.9126184660301682, 0.9024389956140226, 0.9595056843913315]}