{"b0": [0.3546633341618433, 0.889043150916796, 0.8775782127015296], "b1": [0.15697534758274972, 0.8296667086729842, 0.8055796386718619], "b2": [0.8523294301590282, 0.8973508485393363, 0.9031748488810833], "b3": [0.09070323578028829, 0.9775027974990554, 0.9215892642760731], "b4": [0.08134492977378006, 0.8548019059013486, 0.8936881914376832], "b5": [0.35337493907711376, 0.935195890498247, 0.9417494765041764], "b6": [0.8830527749557241, 0.8768624537189009, 0.9018965560822196], "b7": [0.6049267328794167, 0.983977100368574, 0.8738985084093528], "b8": [0.008368263406513471, 0.954084762415683, 0.9963690119730755], "b9": [0.8009679331295925, 0.7460230898157008, 0.9401315630765132]}