{"b0": [0.07621707541376271, 0.9970979395440192, 0.9997567267299577], "b1": [0.6045525758971398, 0.9883187984999995, 0.8042432065138186], "b2": [0.06412320201474171, 0.9767966799245485, 0.9279364881721003], "b3": [0.028167620187571667, 0.9917625272891, 0.809637177799722], "b4": [0.26614643892818024, 0.9824219529822461, 0.9422612842315619], "b5": [0.8934693429703303, 0.8456807425099222, 0.8254550404520827], "b6": [0.07599016812489741, 0.9296102535551222, 0.8350889063949194], "b7": [0.6602102273691709, 0.8764988076999064, 0.9295813334902067], "b8": [0.9856622434915592, 0.9175805365174616, 0.9895451940491982], "b9": [0.3186734193134779, 0.941542790129388, 0.8526587933644495]}