{"b0": [0.3251967261666696, 0.7708322536782518, 0.8838043132358443], "b1": [0.5871166832273538, 0.8401765363996803, 0.924834285558334], "b2": [0.09626140617629966, 0.9551218133351023, 0.9691557398447153], "b3": [0.33247399885095336, 0.9376745861105726, 0.8568012617454016], "b4": [0.5902182123923495, 0.9553926936700295, 0.8177883755053708], "b5": [0.6085425891994719, 0.9293858824480843, 0.8975978929110656], "b6": [0.3512717572816711, 0.8947598408730798, 0.9288784540429738], "b7": [0.06632403907732026, 0.8411682295384506, 0.9592895715569589], "b8": [0.8361800295640462, 0.9937610393475937, 0.8275581189678383], "b9": [0.7187808194027986, 0.9741888682754133, 0.8198138181889901]}