{"b0": [0.003272021944341079, 0.9660803877224913, 0.901914237537464], "b1": [0.6092240854744485, 0.9213257551678652, 0.8017756050874247], "b2": [0.6649719053797358, 0.8854781237698015, 0.9156845130448759], "b3": [0.8609423996618571, 0.9013517197182489, 0.8025693623451923], "b4": [0.578587890795042, 0.9351300653910415, 0.9577723084202436], "b5": [0.08197249027056609, 0.9810269078543431, 0.9905303575154106], "b6": [0.8637863217207353, 0.9993816662020641, 0.8345093590363919], "b7": [0.7605019598271897, 0.9891171091466066, 0.9226229004005785], "b8": [0.8601629769001904, 0.9898364408215954, 0.8991881081419553], "b9": [0.845947200541213, 0.7828060708698262, 0.9293694293064115]}