{"b0": [0.9136717790951685, 0.9764698053444867, 0.9476018637176273], "b1": [0.8382214345504887, 0.7657131168691278, 0.9620289053229274], "b2": [0.0989045730203843, 0.8209523429525908, 0.9061925769631763], "b3": [0.6035176686983243, 0.911989627726904, 0.9480703631586317], "b4": [0.029634860021424285, 0.9801491854651906, 0.9378240971261605], "b5": [0.06838922593835027, 0.8809911046057033, 0.9410160627924081], "b6": [0.8880473239605682, 0.9954582756794969, 0.8268853985636829], "b7": [0.6826795566733439, 0.9419146903813735, 0.9666950038042665], "b8": [0.591449192780427, 0.9958642514962871, 0.812193410211429], "b9": [0.028610523385397987, 0.8518935455410004, 0.8831818765394414]}