{"b0": [0.8586193499202394, 0.9744197588193916, 0.8543111005168456], "b1": [0.6353478388715643, 0.9257086296873895, 0.8020023684385376], "b2": [0.7658962418835934, 0.8235741455299754, 0.9966512301240605], "b3": [0.6047946264944223, 0.9640436916208496, 0.8254620903850458], "b4": [0.6808889901448394, 0.9974975354690198, 0.8573180108647404], "b5": [0.874135594144104, 0.9167953683816076, 0.8717449506356039], "b6": [0.8656635242764092, 0.8510249228453507, 0.9946759541399487], "b7": [0.5609847971371174, 0.7469748898417614, 0.966681247697193], "b8": [0.7167564721180493, 0.9543477255709353, 0.8798950729807118], "b9": [0.7509886341047135, 0.8650508519519611, 0.9387311438552883]}