{"b0": [0.788022327432307, 0.890397323678696, 0.8559942298800209], "b1": [0.08634618056236933, 0.8532479980892401, 0.8404346963355277], "b2": [0.1655877966722785, 0.7869515482058602, 0.9606323865124877], "b3": [0.7214261165434892, 0.9020781562637044, 0.8087019949399671], "b4": [0.15770324216345602, 0.9885223583416232, 0.9772942754429177], "b5": [0.9983497154856836, 0.8884509858140835, 0.8312271708236899], "b6": [0.739853872664648, 0.9178424904174882, 0.8221261222406935], "b7": [0.17161222673599957, 0.8410132694829235, 0.8901298795413317], "b8": [0.16499186086450807, 0.8885233522667886, 0.8151203514448693], "b9": [0.7387949810147763, 0.8933792309098753, 0.8037899715460197]}