{"b0": [0.3057380200273854, 0.9843860872825289, 0.8165499872301564], "b1": [0.10760328378908922, 0.9693087071469157, 0.8395975956969355], "b2": [0.9781030105249932, 0.9020818148603688, 0.8837045870692912], "b3": [0.32673934248833114, 0.9154019395909743, 0.9476381757355743], "b4": [0.8446092453519186, 0.95137870631774, 0.9576983829747006], "b5": [0.08840602263569484, 0.9266603097551587, 0.957513920821687], "b6": [0.7409316712198138, 0.9507450841889233, 0.9316592580100207], "b7": [0.7480123531697151, 0.9111296679980728, 0.9676540549476752], "b8": [0.8860299167788689, 0.960492504047719, 0.8137263915490442], "b9": [0.9937248069445624, 0.9115443690189192, 0.8537976687282647]}