{"b0": [0.3172367928131527, 0.9286241683823836, 0.9254870804472246], "b1": [0.06407894709370932, 0.9293307085132512, 0.9455762332565191], "b2": [0.1454953070796021, 0.9552101750850633, 0.8800770774495965], "b3": [0.8850799910873451, 0.879263866299777, 0.8074875302670469], "b4": [0.755427865877496, 0.9933814065068125, 0.9422805595893162], "b5": [0.09394841532167858, 0.9617580883244885, 0.9759582740761488], "b6": [0.15776385106535523, 0.9749117299039818, 0.8196163095784869], "b7": [0.7356274227070786, 0.9530045309484179, 0.8187506884252549], "b8": [0.9911000124125606, 0.9466829588413058, 0.8911384286299979], "b9": [0.9882381625326461, 0.8107708631935782, 0.8498367591613565]}