{"b0": [0.783292343316174, 0.9616099815962973, 0.8041995329872007], "b1": [0.6272574379496656, 0.794970008018532, 0.8753743854994732], "b2": [0.7627002152331189, 0.9719779579047666, 0.987556766605059], "b3": [0.15153356590284317, 0.9573937961512384, 0.8887068183629772], "b4": [0.16223338807806342, 0.9438175280687543, 0.97481805001061], "b5": [0.7950707452453993, 0.9441352879944767, 0.825830483901674], "b6": [0.1602303438211214, 0.9762391560177425, 0.8073041275149427], "b7": [0.9862533752560324, 0.9436520570585211, 0.9447295509033609], "b8": [0.36732029404546934, 0.8281043145537752, 0.9887198601801337], "b9": [0.9071327580199615, 0.9746868977561198, 0.8145925680160925]}