{"b0": [0.9716637061431354, 0.9351857459849943, 0.9689594960157644], "b1": [0.15897654851174267, 0.9731661039713236, 0.8583401042424117], "b2": [0.09222944305659171, 0.9382099062555508, 0.9554499473125566], "b3": [0.07915519107496315, 0.9429569035929843, 0.8720104082938139], "b4": [0.3261388237810457, 0.967272861673507, 0.8933973827910774], "b5": [0.29149421046312357, 0.9881697303445524, 0.8604453425760883], "b6": [0.16150599556317602, 0.9297171799131995, 0.9069300064789474], "b7": [0.15940492027714284, 0.9272159355489338, 0.9240653379193918], "b8": [0.16777545441762304, 0.8999408538767277, 0.8115488874285832], "b9": [0.08066653861608364, 0.9792125151265022, 0.8414692336000165]}