{"b0": [0.05873505823003753, 0.9289555241829004, 0.950916862741135], "b1": [0.33023959096191907, 0.8167336536005293, 0.8205276077630045], "b2": [0.09292145100890722, 0.9893888893164393, 0.8607057990454555], "b3": [0.9900616808973177, 0.9628040461400603, 0.9307945040859722], "b4": [0.09435857343393121, 0.975360930092058, 0.8477866443189661], "b5": [0.10502368184408997, 0.9046890237475544, 0.9976407169216357], "b6": [0.7405348621564822, 0.9251785200375983, 0.9461893405017996], "b7": [0.3164365105866459, 0.8376955758730612, 0.8258014145072624], "b8": [0.3234881323890006, 0.8536371495317635, 0.9839060941535699], "b9": [0.16534087085862764, 0.994485512576729, 0.9767622497880523]}