{"b0": [0.58632560027093, 0.9564579519401591, 0.9627453419177299], "b1": [0.0806975529213593, 0.9317061479743738, 0.8098545188834929], "b2": [0.09724325584655208, 0.9637488777882255, 0.8409217475415021], "b3": [0.33403280487248915, 0.9559878730321705, 0.8385023083848344], "b4": [0.9970927333485045, 0.9615969950264401, 0.9950041757661502], "b5": [0.29984835971859736, 0.9635338137997995, 0.941006410441727], "b6": [0.5963296742788919, 0.8820858487432788, 0.8659809055655695], "b7": [0.6523709586680336, 0.8725337528976399, 0.9871395454839978], "b8": [0.7644667303797743, 0.9578918715117802, 0.9444079319764467], "b9": [0.3511616869453615, 0.9086813817288831, 0.9199099767062257]}