{"b0": [0.08913974793911365, 0.8918682454284331, 0.9127837760566755], "b1": [0.6085270435480205, 0.9194886292980052, 0.8292462495267117], "b2": [0.1620015413300494, 0.9673235351786268, 0.9204533924957903], "b3": [0.15755854795000201, 0.9778213927167415, 0.8766898029514177], "b4": [0.0893426596585355, 0.8798285141093745, 0.9413397977324323], "b5": [0.34220067335198706, 0.8426366457718294, 0.8842895114512498], "b6": [0.6944751499772523, 0.992667315791545, 0.8966731675422841], "b7": [0.07736440429185878, 0.8984797721174357, 0.8367944758237218], "b8": [0.591485619290854, 0.9611922134657255, 0.8441716998468958], "b9": [0.3444287553813258, 0.8281380945702108, 0.8322009882596033]}