{"b0": [0.07746512888229606, 0.9482101549719135, 0.8011092342340451], "b1": [0.6174080715841135, 0.9805231979733813, 0.8580353391083575], "b2": [0.8914841790255015, 0.9234942665445294, 0.9939667522744533], "b3": [0.8846754046937932, 0.9125702403081779, 0.8374602937987085], "b4": [0.07849698775013421, 0.9252416901034408, 0.9237220611872607], "b5": [0.7657340704772271, 0.9410929843357743, 0.8801194293709882], "b6": [0.734908152274757, 0.8687192994175363, 0.9888764847318136], "b7": [0.34432197787138064, 0.9993772733560193, 0.8758476099222493], "b8": [0.07830063458343631, 0.9863306769305079, 0.9882228014728976], "b9": [0.6501715172422332, 0.9821225424791683, 0.8053171789163386]}