{"b0": [0.8718787054350731, 0.8002331287515099, 0.8787120908965055], "b1": [0.7315782406107719, 0.9713572922403365, 0.9878362812379522], "b2": [0.09948479135816209, 0.8641721799892097, 0.9518277744899265], "b3": [0.8687941547311325, 0.7880832646997767, 0.8702280224107315], "b4": [0.0703460299684588, 0.840431666025061, 0.8899518583156966], "b5": [0.16791051113168426, 0.9463769290858098, 0.8226883001680494], "b6": [0.7269231815523273, 0.8811497794693187, 0.9137506291622901], "b7": [0.8882735878633884, 0.960924303499436, 0.9197693693871003], "b8": [0.06810211608217336, 0.9083739618986951, 0.8944089951307491], "b9": [0.14819442816824213, 0.9975552846192909, 0.8508194799864387]}