{"b0": [0.10264217741421007, 0.9702377060863695, 0.8032609996779334], "b1": [0.6285902471162338, 0.9438275884413627, 0.9309257290463371], "b2": [0.7781476225009015, 0.9730683514023483, 0.840683726306888], "b3": [0.10515239944177208, 0.952888846410982, 0.8892354193195717], "b4": [0.09289062916802157, 0.8113895087591257, 0.943870722053485], "b5": [0.8708465703292393, 0.7102201442810561, 0.8994206166111968], "b6": [0.1546372178736371, 0.9250124203462972, 0.9575541267672298], "b7": [0.8908846423069712, 0.9418643068408922, 0.9465956625767054], "b8": [0.08582129357780188, 0.9862843416473583, 0.9077313489078022], "b9": [0.765999008615276, 0.9523396482813139, 0.8491778187465971]}