{"b0": [0.871508474321073, 0.9902074059333853, 0.8313970633942774], "b1": [0.09065090922451667, 0.8841206603324396, 0.8629405560539767], "b2": [0.8799518831927644, 0.8351275617748755, 0.894156411402867], "b3": [0.8687956931731704, 0.939466840470064, 0.8609442575842392], "b4": [0.06717592614193482, 0.976677379070683, 0.8507950404457941], "b5": [0.08411489519818004, 0.9735266001537375, 0.8199685076096889], "b6": [0.062218110440863, 0.9832545557480844, 0.9394864881287575], "b7": [0.6683300705109078, 0.8990064282543816, 0.8562025443942523], "b8": [0.7108492157715399, 0.8175465131088027, 0.9782510655215713], "b9": [0.10220816423277194, 0.8661228844836688, 0.949425360761569]}