{"b0": [0.3171371318344571, 0.8846364480156131, 0.8736793280690462], "b1": [0.7148827301592751, 0.9343588112261176, 0.9393677360241105], "b2": [0.8628716897514462, 0.8572993318530391, 0.8900096690970113], "b3": [0.7306759449453095, 0.9760397839630215, 0.93766918468003], "b4": [0.07287253939709917, 0.9424366341637709, 0.9543511714283314], "b5": [0.3426189739906468, 0.9322157482686814, 0.9457485825492497], "b6": [0.11362022684136126, 0.9413295733743138, 0.9460261057394045], "b7": [0.31476005390237505, 0.771620123599507, 0.9617393225296468], "b8": [0.79456521614607, 0.6970886123808333, 0.9365339079611917], "b9": [0.8751927741651417, 0.8743835684587121, 0.9120324789567954]}