{"b0": [0.16038517228842367, 0.9910600919633675, 0.8737215900693849], "b1": [0.7000314974956566, 0.8688028302516507, 0.8855262528340827], "b2": [0.10801289097763199, 0.9961414058205134, 0.8625730353381702], "b3": [0.0018619244516508723, 0.973852828493464, 0.9390178239424217], "b4": [0.09105206976850487, 0.9949757388487507, 0.9507522786974171], "b5": [0.9788780382468104, 0.9386721664485279, 0.8398223574860322], "b6": [0.5755813423086997, 0.9720312134122544, 0.9675627237825282], "b7": [0.8583711833801053, 0.8090773559752155, 0.8790032170059832], "b8": [0.3380589395403984, 0.9275993451465439, 0.9712743229815392], "b9": [0.8306871827531758, 0.9296704722177656, 0.9964663883891389]}