{"b0": [0.7150357134698259, 0.9984703322020184, 0.963526157204036], "b1": [0.15700252150228172, 0.945684554641871, 0.9430279989204259], "b2": [0.37797557540710097, 0.855812955791894, 0.9268138109313506], "b3": [0.7451707922914628, 0.9136667753395545, 0.879168762707424], "b4": [0.7291795258370449, 0.9394323262124751, 0.9498354070454572], "b5": [0.8412520848091866, 0.9717055638686872, 0.9117905208599077], "b6": [0.7643901403669494, 0.9439458796953368, 0.8548717475349966], "b7": [0.39262458131923095, 0.9779189072065332, 0.8883032935510506], "b8": [0.337242560439839, 0.9889768448623052, 0.905517955772822], "b9": [0.7629161602706048, 0.867666383710383, 0.9938978558554303]}