{"b0": [0.006661153719422409, 0.7051755768027401, 0.9395367641584018], "b1": [0.3763609557009486, 0.8760002587638792, 0.8896356979781115], "b2": [0.08613727177946609, 0.9746812421631575, 0.91073390221547], "b3": [0.013797688570643722, 0.880024094036965, 0.9596089108391824], "b4": [0.8591296648911516, 0.9462673097960473, 0.928111635086745], "b5": [0.993061130896058, 0.9914486198176011, 0.9069253559729071], "b6": [0.16873746186287378, 0.7902895627751185, 0.9254003217438719], "b7": [0.15769310139397796, 0.9732698817023084, 0.9510895735564414], "b8": [0.8905881412070416, 0.9006433111344951, 0.937103489197885], "b9": [0.7684737718461733, 0.8377538332599923, 0.8269088829748099]}