{"b0": [0.005030124466348516, 0.890640518349188, 0.9738538717050628], "b1": [0.006913894718874638, 0.9106381808172321, 0.8942587153645714], "b2": [0.31336051677588744, 0.8430648040185237, 0.819463305829925], "b3": [0.9870891559285739, 0.8670713565920671, 0.94501965847356], "b4": [0.5816409326689246, 0.86908071546483, 0.9675897500845316], "b5": [0.1703180026009333, 0.9963124168108131, 0.8750041645645174], "b6": [0.9948117995818619, 0.9649149825838904, 0.8468534228973358], "b7": [0.8962531355397142, 0.9686573740715559, 0.8130114019992384], "b8": [0.009779148781310922, 0.8191047436734732, 0.9142403735676556], "b9": [0.0673951870922879, 0.9145321205943334, 0.9729749071702045]}