{"b0": [0.5755309964285934, 0.9639023646619271, 0.8729817390751299], "b1": [0.9785743744012477, 0.9357505783235712, 0.8690683783154944], "b2": [0.16438381993310489, 0.9357625314407619, 0.8880672001505775], "b3": [0.987316878645182, 0.9767123536403756, 0.8715248330105285], "b4": [0.013269289037044966, 0.7943807009847768, 0.9367488397201883], "b5": [0.09096877275621212, 0.8906407863520391, 0.8758597077642561], "b6": [0.022536649487605014, 0.793513056384318, 0.8410612129793954], "b7": [0.9711334277279522, 0.9334222284309981, 0.8303103761909147], "b8": [0.35519983350770606, 0.9730994298132019, 0.9647667163583374], "b9": [0.8808313492801904, 0.9046594579474119, 0.8009181176233348]}