{"b0": [0.6154405980239743, 0.8808490529422452, 0.9866867887260448], "b1": [0.8646596728301253, 0.9941102153991521, 0.9926559579656957], "b2": [0.09983840584082428, 0.8622989615706445, 0.8111857612821441], "b3": [0.0041769950109868835, 0.9939117470141602, 0.9593577747423966], "b4": [0.0034558160109952442, 0.9526685961782968, 0.9520882079679268], "b5": [0.010685657854973012, 0.8848422827824843, 0.8929519076582424], "b6": [0.00693112311789338, 0.9974898020527874, 0.958651889545711], "b7": [0.30929473122919193, 0.9667512177016182, 0.8708782495206085], "b8": [0.0037744302768072304, 0.927023405046539, 0.97485952423626], "b9": [0.02959382657269197, 0.9859124479408143, 0.8602632386470032]}