{"b0": [0.768813790986968, 0.993418525128878, 0.9288051099534218], "b1": [0.8463855171878873, 0.8677999254469411, 0.883315739275656], "b2": [0.35355781815797704, 0.9770344327219576, 0.9182995621779145], "b3": [0.7401539340384555, 0.9126557482526988, 0.8084349046649966], "b4": [0.32094326201699774, 0.9728455141664202, 0.9465124778133744], "b5": [0.34774774087485016, 0.9445156503755905, 0.9469095662644267], "b6": [0.1650354369215035, 0.9819148219186702, 0.8955549609374316], "b7": [0.07785654301717349, 0.9942459585959572, 0.8502691211248836], "b8": [0.011207743283872315, 0.7787540127258703, 0.8628749340035915], "b9": [0.8043267139955306, 0.9094333297943978, 0.9095392096443546]}