{"b0": [0.8358561596257009, 0.8174019027262497, 0.973368752839874], "b1": [0.07649116147868468, 0.9723419090150922, 0.9749380956537046], "b2": [0.7634733942611021, 0.9040428857313134, 0.9271619812721777], "b3": [0.3294390838996918, 0.8931863617906872, 0.8674581734297797], "b4": [0.6600237694133316, 0.8528909555252556, 0.8248771747576837], "b5": [0.7471885073183073, 0.9513286126614295, 0.841842689859589], "b6": [0.7831433716229639, 0.8750626192340155, 0.9592197153761748], "b7": [0.09840872628930679, 0.9925417251879921, 0.8031446190582937], "b8": [0.35178461651130866, 0.9674989260166751, 0.8782368235900961], "b9": [0.28664869236226187, 0.9900690958947407, 0.8800677471399543]}