{"b0": [0.893719266906151, 0.8478527550668482, 0.8680241118531546], "b1": [0.892637757152492, 0.9267685795276661, 0.9578016108178291], "b2": [0.6557840347092726, 0.9415832530568317, 0.8109935452872732], "b3": [0.8701796133125141, 0.8870837219418213, 0.9235293218588478], "b4": [0.8912221311066254, 0.9294244386570304, 0.9956718836307097], "b5": [0.5682931895459721, 0.928771576114077, 0.8170612089769637], "b6": [0.06362149197104973, 0.9985647436389911, 0.843258288715123], "b7": [0.33009358838972924, 0.901037116100312, 0.831538855940409], "b8": [0.8875713700701126, 0.9914089341817802, 0.9158709993314181], "b9": [0.0976205077757252, 0.9674148663509462, 0.8586439758449665]}