{"b0": [0.0756364653758954, 0.895598832245591, 0.8269078498054953], "b1": [0.9041217563802274, 0.9280602841806125, 0.893318683553272], "b2": [0.08462896221834072, 0.9414373824161244, 0.8263120945552451], "b3": [0.8728469425352172, 0.8398348272184599, 0.9175757791861783], "b4": [0.6101959239411839, 0.9875841187625156, 0.8865342607549864], "b5": [0.5932140082148908, 0.9472008927797195, 0.9557714090674821], "b6": [0.8720833632195769, 0.9992737188931212, 0.9621814684491735], "b7": [0.8666211138895595, 0.8958371502048457, 0.9286423628106754], "b8": [0.3423921757442705, 0.887884122688149, 0.9927703029600558], "b9": [0.08628985822505042, 0.9197001998203583, 0.8362102506865244]}