{"b0": [0.8699196156514357, 0.8648931770463619, 0.9353527102355527], "b1": [0.854614529330539, 0.8893320116683675, 0.9738314698991674], "b2": [0.5892121043320501, 0.7829154006406469, 0.8050992956631581], "b3": [0.0012235860573107165, 0.9780627701067357, 0.8780236732869959], "b4": [0.6385036579458105, 0.9938876641875318, 0.9754271140836532], "b5": [0.6381149301337974, 0.8205647076848095, 0.8883937392162014], "b6": [0.5797541125758938, 0.9979625529700082, 0.8412864361361361], "b7": [0.5823848708258395, 0.9963944451007392, 0.9208682785221695], "b8": [0.10361016824506265, 0.8737033902507307, 0.8648244101067541], "b9": [0.9014047073205492, 0.9415122244832737, 0.8843541648483131]}