{"b0": [0.0749470302400891, 0.8971050207179772, 0.9987264149740166], "b1": [0.005362426459550346, 0.9851825524615403, 0.8624364347934454], "b2": [0.09223335157732192, 0.8189347064517123, 0.8377232133474375], "b3": [0.16197688597893423, 0.9985215497880827, 0.9959295007815594], "b4": [0.32041192773808125, 0.9972706924780291, 0.8663662458884079], "b5": [0.012527718939919425, 0.7224889002696264, 0.8661444005727789], "b6": [0.6129182520968555, 0.8383695568380324, 0.8285524803666651], "b7": [0.32355220262806433, 0.9583960419553068, 0.9163306936079245], "b8": [0.8794630349879041, 0.9526080323385641, 0.928125564222442], "b9": [0.28865694739114417, 0.8616142342114937, 0.9521636980833835]}