{"b0": [0.1661601442398312, 0.9869875073516323, 0.8050676425964879], "b1": [0.982594964114603, 0.8379962957839073, 0.8535869495978956], "b2": [0.9910322858458206, 0.8778041112583412, 0.9965267253271992], "b3": [0.9908493766994404, 0.9083709524813988, 0.9652349954952332], "b4": [0.6105706445438032, 0.9786118244839409, 0.80880640336451], "b5": [0.33264867289800565, 0.93339021419044, 0.8005789487507807], "b6": [0.009662547263507897, 0.9409389565634824, 0.9588797627482255], "b7": [0.06247226506423823, 0.9993607378812094, 0.8955347207499531], "b8": [0.07716561136004803, 0.8723415249091795, 0.8848335570219362], "b9": [0.764366005383798, 0.9388235997120608, 0.9256346378923169]}