{"b0": [0.8935785166279877, 0.8925908593284739, 0.8636887394760546], "b1": [0.07529906526922393, 0.8202183266793764, 0.8735239145422821], "b2": [0.9030652998286949, 0.9245629174882353, 0.9813282890790086], "b3": [0.15674508166574966, 0.9318050569219264, 0.8880579775941339], "b4": [0.5985690219228799, 0.9222477505848569, 0.844898607153497], "b5": [0.0934043127930825, 0.9577170992826912, 0.8193406772760207], "b6": [0.7674432381085577, 0.916516554759577, 0.8617500578100002], "b7": [0.5878814098137031, 0.9054751357033177, 0.8243079696794403], "b8": [0.17762025443877483, 0.942382258736249, 0.994901487750894], "b9": [0.3085674464595926, 0.9271323768740785, 0.9759140576489012]}