{"b0": [0.7549071562809592, 0.8321176951763115, 0.9396958116806744], "b1": [0.16565560909823826, 0.9460954439445989, 0.9506444248145997], "b2": [0.15825432891756086, 0.8563295459535428, 0.9683274321760106], "b3": [0.8300014751515424, 0.9382872161167022, 0.967318679385227], "b4": [0.913419221341387, 0.8170321388773406, 0.8078224426953292], "b5": [0.6376975951575674, 0.8778299956188317, 0.9056443074884685], "b6": [0.8383563656918314, 0.9174326026727464, 0.9174973240815083], "b7": [0.1576265992735195, 0.9227989408360497, 0.9127566599860946], "b8": [0.9044095785855175, 0.9724716754213548, 0.973395051053583], "b9": [0.5640668459893571, 0.8196694397642381, 0.9650029450677935]}