{"b0": [0.8789536949728647, 0.9763674473603047, 0.9542452138327038], "b1": [0.08060958635703466, 0.890492844754672, 0.87344911791747], "b2": [0.869673712262016, 0.9226658435240145, 0.9886275969859751], "b3": [0.989221636849155, 0.9377099532126727, 0.9336031021873994], "b4": [0.6259539788245114, 0.930714794484455, 0.9363538177170035], "b5": [0.5936001323284009, 0.9092832265799471, 0.8643998534244313], "b6": [0.16132845198119483, 0.9519600963970253, 0.9685291564770658], "b7": [0.1555042110256991, 0.9198350313886814, 0.8920078693067207], "b8": [0.0961990991447239, 0.9686969984763384, 0.9731938309440704], "b9": [0.1587615025006886, 0.9607733900941935, 0.9907440683790295]}