{"b0": [0.8377090195644868, 0.8511338200576312, 0.8110671097028743], "b1": [0.3117891991781402, 0.8934012620521632, 0.9428212741910675], "b2": [0.8813836773840542, 0.9219587324038616, 0.8162813689811926], "b3": [0.8729433586915687, 0.9901221401540827, 0.8120816467131131], "b4": [0.30524868147262363, 0.91060766247513, 0.8370368059392681], "b5": [0.999631590827561, 0.9861099137234313, 0.8499630758987685], "b6": [0.7158717784716485, 0.989651623484406, 0.9302493622351055], "b7": [0.29967985981285034, 0.857048597603764, 0.8212920456157339], "b8": [0.08634108657229937, 0.8365331786555436, 0.9785356250158316], "b9": [0.7565182908547142, 0.934774603325429, 0.9497465319065016]}