{"b0": [0.08154204460242472, 0.9181371278420204, 0.8311131439719428], "b1": [0.5985768612339267, 0.879746310831573, 0.8152029387573916], "b2": [0.6001645678306555, 0.9378524494152793, 0.8034074689037252], "b3": [0.9104933105302844, 0.995242093391753, 0.862592882858111], "b4": [0.2509533597622557, 0.8545090098663899, 0.8681398031841044], "b5": [0.00775699174177733, 0.9788696346021262, 0.9415898871240631], "b6": [0.9801194272314495, 0.9557717409162834, 0.8599619463704384], "b7": [0.13073410795129795, 0.822712700875401, 0.8666669782949843], "b8": [0.5658824028639731, 0.984765356765386, 0.9598819113921307], "b9": [0.7610593829612086, 0.9737087389943612, 0.9435555069586414]}