{"b0": [0.3793580348629966, 0.9114186043823486, 0.8490340621760866], "b1": [0.3370864421289949, 0.8248198791862122, 0.992629895058484], "b2": [0.16450581098469752, 0.9144107579220528, 0.9431298081235286], "b3": [0.7417370416641362, 0.9251633148855831, 0.9616895898130909], "b4": [0.1456371919813417, 0.9733152343081631, 0.8027774745000508], "b5": [0.5754494028801375, 0.9496231324630532, 0.9777989977502303], "b6": [0.07832803309071261, 0.9731909753040269, 0.8325663761503939], "b7": [0.08556857302089618, 0.9057081217179433, 0.8518459473172202], "b8": [0.3472287309228964, 0.9394069737889315, 0.8712675036530184], "b9": [0.8729348112996561, 0.967164282924577, 0.9634248880134438]}