{"b0": [0.7526798014383352, 0.8918403298920129, 0.8500752475597233], "b1": [0.09003409522193234, 0.959622797665095, 0.9597532300029913], "b2": [0.7386452506110419, 0.9124614111887063, 0.8271413925658283], "b3": [0.7190746722612265, 0.9326458335525427, 0.9495987253467455], "b4": [0.15862543060100534, 0.941890238595647, 0.8505275869414927], "b5": [0.08172432040656258, 0.9750277919570108, 0.857822932187475], "b6": [0.16237306042606015, 0.9437594524353062, 0.9059149296121314], "b7": [0.5727491429017636, 0.9039758614454609, 0.9607963646288394], "b8": [0.007038509086548675, 0.9731587901376922, 0.9678945642983708], "b9": [0.7148133431353249, 0.9314729836517168, 0.92014694848674]}