{"b0": [0.002520475553501618, 0.8619494914229832, 0.9842912187011846], "b1": [0.16264308968071184, 0.7476348712219177, 0.9228549694870152], "b2": [0.6082168696757227, 0.9618031511832049, 0.8325268828572664], "b3": [0.8594248493148904, 0.9880790366230802, 0.9401681796875299], "b4": [0.0767163974418738, 0.8440572103274318, 0.954886778503761], "b5": [0.9032818155735332, 0.9150191008264983, 0.9902316799722972], "b6": [0.9723046221007317, 0.8823191883605074, 0.8808168616698384], "b7": [0.8868674009916695, 0.8898027295234955, 0.9845858243364127], "b8": [0.09364215084708993, 0.9516521357933708, 0.9009026475595328], "b9": [0.584485391760891, 0.9657222120658768, 0.9554069393875886]}