{"b0": [0.31980132221036145, 0.9378457754687591, 0.8738674174713149], "b1": [0.9847993714859716, 0.9118016144655422, 0.8045458085764255], "b2": [0.705125920468436, 0.9887651531391434, 0.8161356929396345], "b3": [0.0844211837994324, 0.8922621048217135, 0.8601703549103178], "b4": [0.0807290719010945, 0.9252608683402405, 0.9931132646916165], "b5": [0.7419466466838865, 0.97041389562243, 0.9011737206381638], "b6": [0.6543123738873454, 0.8889960878102917, 0.8402991850520093], "b7": [0.35118587579835386, 0.9774918031400217, 0.9560045334322324], "b8": [0.16151455422885835, 0.8482959565083648, 0.9004920312188004], "b9": [0.33700796044541503, 0.9743371875691641, 0.891462284051643]}