{"b0": [0.3388748320449414, 0.9023616504326647, 0.874494293002692], "b1": [0.7648218416023608, 0.9347657292424602, 0.8842728141549583], "b2": [0.7577897142336774, 0.883693693230407, 0.9563325910274725], "b3": [0.8621385205020051, 0.8934617495723428, 0.9578665168031506], "b4": [0.6444776930808732, 0.9069855689595093, 0.9866409825969069], "b5": [0.6250307353421958, 0.9705276642257915, 0.8160310324309336], "b6": [0.30595674937577383, 0.9242543804488076, 0.9302625744970018], "b7": [0.3434882413433554, 0.9517787057991892, 0.9910278090538998], "b8": [0.000798045754383717, 0.9642596204408868, 0.8555757291733369], "b9": [0.16498368058681212, 0.8702952125310943, 0.8220413537825987]}