{"b0": [0.8684089196619145, 0.9062621338203287, 0.8204225425337793], "b1": [0.5962727388853051, 0.9147674169492487, 0.9824453774076701], "b2": [0.7454249612875432, 0.8146724490656179, 0.8127450428395213], "b3": [0.15205165245862934, 0.9038442851196613, 0.8423831374248962], "b4": [0.611275838481649, 0.9241857864112812, 0.8653394219437839], "b5": [0.7511133481671236, 0.8458962568557407, 0.9142032870355097], "b6": [0.006635752175212297, 0.9004690594526521, 0.8143725300509536], "b7": [0.1607941102171629, 0.8956793783619232, 0.9672965198750212], "b8": [0.16504777959078762, 0.9116977941872044, 0.8322307298191381], "b9": [0.5474771981731125, 0.8618616682571661, 0.8931225646326766]}