{"b0": [0.9851416278439551, 0.8812791342820152, 0.8880641836513974], "b1": [0.16779909730469014, 0.9028619299555587, 0.9419319179619908], "b2": [0.358851935741969, 0.9161447817380752, 0.9501334126878771], "b3": [0.7680094428986127, 0.9377855469453081, 0.990168612829922], "b4": [0.15702961569436366, 0.9563516374651891, 0.9672192161483087], "b5": [0.6005293182318212, 0.9642259802384572, 0.8146609355039013], "b6": [0.8754781563923106, 0.9429859096222225, 0.8496476309514014], "b7": [0.6166043789452239, 0.9401330525295544, 0.9685843720242638], "b8": [0.010402597829202173, 0.9956292044139861, 0.8536682995230765], "b9": [0.1679993716866856, 0.8897073776774725, 0.8228894309768244]}