{"b0": [0.010217882401155618, 0.9687992871315306, 0.8519300586072001], "b1": [0.8110907811826972, 0.9313567131436349, 0.8020109757401654], "b2": [0.16192165109085874, 0.8843020868528549, 0.853466511378009], "b3": [0.7517513094142306, 0.9074319734738975, 0.9835429880242443], "b4": [0.8682275995862979, 0.9740981363892147, 0.9787206014127547], "b5": [0.15220400688523184, 0.9615156828603518, 0.8128237610905156], "b6": [0.3788389708922822, 0.951914008781843, 0.8484381871615987], "b7": [0.0800956919037065, 0.870660371694577, 0.9340937442446621], "b8": [0.16262028133230175, 0.9180681042652813, 0.8350778286924165], "b9": [0.7470784233447431, 0.9382085639752552, 0.9237547929707179]}