{"b0": [0.3395425048947191, 0.8292215886169714, 0.9862739802829258], "b1": [0.1658489874293998, 0.9838116660651763, 0.8295103020417248], "b2": [0.07761719437285625, 0.9064484507954673, 0.8851601671015098], "b3": [0.9857727251332957, 0.9792322460962631, 0.8599998953507471], "b4": [0.550830863279019, 0.9810157530459849, 0.9384900261560527], "b5": [0.9794172931249152, 0.9698132132827066, 0.9457654812578062], "b6": [0.9950784221370828, 0.8994283594730405, 0.8571292329501239], "b7": [0.15420406394160377, 0.960857441609996, 0.9832137600518105], "b8": [0.16091660541336805, 0.9452656197209512, 0.9783891532590779], "b9": [0.16282774950588635, 0.9689312824399849, 0.8924190802059578]}