{"b0": [0.7334525906533288, 0.990296867104987, 0.9494506039039062], "b1": [0.653373053727871, 0.8520697111044967, 0.929877469513573], "b2": [0.8804896807324936, 0.9665882683512825, 0.9197269194869796], "b3": [0.5608382847446883, 0.9999796879645898, 0.9638368249718557], "b4": [0.1603359887611617, 0.9061123381321952, 0.8893928438686567], "b5": [0.5563419173841515, 0.9468142454566367, 0.8924151629101487], "b6": [0.16065028965493633, 0.9084270465591772, 0.9551431114917841], "b7": [0.9872808330333288, 0.9395239921469615, 0.9366182462884531], "b8": [0.16027284459024724, 0.9626616579537423, 0.995183160364728], "b9": [0.31499983357212913, 0.8358236558610211, 0.8944542471356794]}