{"b0": [0.16636048641225845, 0.895537884753862, 0.9765847698234655], "b1": [0.5851128401690279, 0.9353959217492133, 0.8490105848238635], "b2": [0.06250430920062464, 0.9012301537808027, 0.9788031875273542], "b3": [0.07166476765638205, 0.8864862360729333, 0.9185518093349252], "b4": [0.3066696725845202, 0.8258082645464522, 0.9059922826581126], "b5": [0.6011171155094441, 0.9828257426749545, 0.9424054722434559], "b6": [0.15130580263177504, 0.9919086566031255, 0.8721246308045342], "b7": [0.08092913820089671, 0.8457114020777344, 0.895036736618435], "b8": [0.7551643932389608, 0.8755525558372497, 0.8850216456025948], "b9": [0.16257574714698536, 0.9382194945152704, 0.8594280988940342]}