{"b0": [0.6024177549771346, 0.9630357696833743, 0.8281761654036637], "b1": [0.31113867531192235, 0.9269625062853021, 0.9238258074651694], "b2": [0.31784546741973174, 0.9615671528671323, 0.998798754607394], "b3": [0.1541525402840085, 0.993366495518437, 0.9958975346981065], "b4": [0.07584953453964582, 0.8289321153008271, 0.9544502664863809], "b5": [0.1472255310458525, 0.8598765469225507, 0.9073281165897699], "b6": [0.16406970252368297, 0.7750058011765938, 0.9310893097289822], "b7": [0.6143645202642832, 0.9591164993581739, 0.9233417951984532], "b8": [0.9920144744664272, 0.8839264214101314, 0.8287964640098363], "b9": [0.0936993875436055, 0.9719787302528481, 0.9647834465616062]}