{"b0": [0.016730624081237, 0.9556794614298244, 0.8065559091153582], "b1": [0.593222163442535, 0.8257573056582964, 0.8053284798620862], "b2": [0.164935459990625, 0.911582927241468, 0.8945270536225938], "b3": [0.07754925041961797, 0.9368820810399301, 0.9185686146424556], "b4": [0.10534970761338544, 0.9689739998147451, 0.8154936714143374], "b5": [0.1614344493007787, 0.91946870161789, 0.9780240288238002], "b6": [0.7734640734178708, 0.8902093617202448, 0.8948792674462572], "b7": [0.1607831838081428, 0.8228622102897873, 0.9135657857394827], "b8": [0.7188990198623482, 0.8093711976108837, 0.8458201400173739], "b9": [0.9952304391307937, 0.9306001156537915, 0.8868865251097574]}