{"b0": [0.1777478888958193, 0.8552159617190894, 0.8009725367526751], "b1": [0.784338608594592, 0.8492418090349344, 0.8620963937522277], "b2": [0.3131053793051897, 0.9749323058261541, 0.9169902138625196], "b3": [0.7378530686455733, 0.9454865799193725, 0.9525253177150756], "b4": [0.10258633686421946, 0.9204065758306128, 0.9548585506887018], "b5": [0.7604649255456803, 0.9311842340259945, 0.8245526805405257], "b6": [0.7379992130449098, 0.9992770362765662, 0.9441739088171259], "b7": [0.8650790953436588, 0.9040971178917434, 0.8774120307139541], "b8": [0.5948593367149961, 0.9339394255566721, 0.9185333715926813], "b9": [0.6283753961935382, 0.9654741537380098, 0.8764000096410114]}