{"b0": [0.605833145770732, 0.8989302763815892, 0.9473502577735122], "b1": [0.7274743842815979, 0.9912883629944517, 0.9415451228283673], "b2": [0.8087227685433227, 0.9504757700933655, 0.9686135609865287], "b3": [0.16155613996239718, 0.8537923380955341, 0.9256202881642398], "b4": [0.6988936007871529, 0.9713386934479656, 0.9555924646635267], "b5": [0.7095499487910337, 0.8966277702216269, 0.9596567260101493], "b6": [0.32750622518061057, 0.9193643104588012, 0.9276840466835745], "b7": [0.8722388584340696, 0.985006806753042, 0.9876166568149334], "b8": [0.3716364847075042, 0.8295266118953813, 0.9991018004461322], "b9": [0.8727499187769991, 0.9694753650673722, 0.8623535716074968]}