{"b0": [0.08190501557936346, 0.9302716326478869, 0.9218317771335471], "b1": [0.319652570087606, 0.9610972707289669, 0.8631075709085048], "b2": [0.9166800773122579, 0.8818127810696478, 0.9216295476207746], "b3": [0.15526362699668886, 0.8784882392937096, 0.9316558168403444], "b4": [0.7567174051356467, 0.8409798620561639, 0.9546924494038788], "b5": [0.6143331687592491, 0.9569797416290986, 0.9453854843381041], "b6": [0.8879689499725462, 0.9585180653918592, 0.9428583303840513], "b7": [0.15739056582489494, 0.9832579230385737, 0.8618442726153471], "b8": [0.8726170575884413, 0.9073433929373366, 0.8395202019180783], "b9": [0.15547184065133546, 0.9336064298719623, 0.9007183500341399]}