{"b0": [0.15942798737459202, 0.9113500735381586, 0.8634038330338353], "b1": [0.8424747236274257, 0.8179531173820902, 0.824271052767751], "b2": [0.9989336563835226, 0.9274930640773988, 0.8571191671193215], "b3": [0.8736768837051403, 0.9507215340645065, 0.9273286888168829], "b4": [0.3477269187710661, 0.8732270777788913, 0.8489439442091908], "b5": [0.555688151268347, 0.9471405093837556, 0.8362217053391123], "b6": [0.10037249080303307, 0.7381947087860868, 0.959293334014134], "b7": [0.16973902794603327, 0.9188236392294445, 0.9789104948291499], "b8": [0.6402619504651803, 0.740747706536485, 0.9014526467487727], "b9": [0.9924620201597553, 0.9369533267081056, 0.8594808726188677]}