{"b0": [0.9966781503720058, 0.9751237249443314, 0.8909405920286305], "b1": [0.005522121229281931, 0.9245628730273746, 0.9887431205659554], "b2": [0.3484631104987986, 0.9634880514476979, 0.9609148412389524], "b3": [0.1613322489558164, 0.9244341340823258, 0.9509264335078599], "b4": [0.9715137748882572, 0.7857422212385891, 0.8418601197103018], "b5": [0.10768347245246503, 0.9585888869194864, 0.9780101751410174], "b6": [0.9918136445213708, 0.988841093324158, 0.869303375205616], "b7": [0.5907753229270625, 0.9304275960205517, 0.8957796586383331], "b8": [0.8407599107140509, 0.936065771420877, 0.9574987985393077], "b9": [0.31716389697444763, 0.9635519891080695, 0.9678184888669793]}