{"b0": [0.3257336968012083, 0.8319057136109871, 0.9653056979748835], "b1": [0.8525068987921647, 0.9937273770192212, 0.8528229157934669], "b2": [0.8370474507520239, 0.9394483705193677, 0.9059837874879727], "b3": [0.9840196163104368, 0.9615433158112333, 0.9895568599469249], "b4": [0.30816936046593596, 0.928188510098659, 0.8213402480967653], "b5": [0.8612380207593295, 0.8508002168966705, 0.8364711529289492], "b6": [0.012554535587091034, 0.8536822654112929, 0.8279243576325217], "b7": [0.5778053721090427, 0.8580344197850978, 0.8251344558595463], "b8": [0.286449959352419, 0.9695943900920467, 0.9364425117187732], "b9": [0.365278497795906, 0.858766140883677, 0.9128548725876557]}