{"b0": [0.31369407041385194, 0.9887668798456994, 0.9924841126253869], "b1": [0.32092931663169694, 0.9415883516181051, 0.9431646764995496], "b2": [0.7393816732343117, 0.9601275504043311, 0.8051599387305245], "b3": [0.8893557679466815, 0.9356820444091839, 0.8738328426964631], "b4": [0.08459729359535655, 0.8932939469146777, 0.9690805843543983], "b5": [0.33155854178583, 0.993548660969723, 0.8992586077592964], "b6": [0.3763522370176437, 0.8041963227848484, 0.9020718162524605], "b7": [0.7420620019720304, 0.9126295515615789, 0.875633434993232], "b8": [0.0980708838836639, 0.8579003244445066, 0.919317691165972], "b9": [0.6425843988186546, 0.8683011609865295, 0.9717147616971151]}