{"b0": [0.993932602144923, 0.9232020877530646, 0.8509799082895362], "b1": [0.33006914255865366, 0.7435277628064066, 0.9559453933091757], "b2": [0.3431038243615356, 0.8281322675893178, 0.8000844112608348], "b3": [0.16253073918702732, 0.9394425270882979, 0.9636782716608174], "b4": [0.7845711359147383, 0.9640125462534884, 0.8511073789183468], "b5": [0.011637498265161519, 0.8815617274773175, 0.9291120435840464], "b6": [0.08922499265730656, 0.9179987167249386, 0.8157121810450754], "b7": [0.7791954795167674, 0.9592189566204459, 0.8084602695392219], "b8": [0.3322353779727819, 0.8986604354651979, 0.9987079038957225], "b9": [0.8844241564065815, 0.9547028735730979, 0.8910828091279609]}