{"b0": [0.1631697495721814, 0.8697830488200973, 0.9944619706166722], "b1": [0.091106913224609, 0.9967723207020123, 0.9022908859389748], "b2": [0.3588308283693324, 0.9241274408017891, 0.8367749358096013], "b3": [0.024874429243853743, 0.8872127200965458, 0.8489717859788563], "b4": [0.16004499719250728, 0.9985017291290237, 0.8701662676470537], "b5": [0.16238705942220552, 0.8221500084022587, 0.9982819976890773], "b6": [0.15902288111847515, 0.9849570779568836, 0.9515174140603938], "b7": [0.577079232570345, 0.985528527818867, 0.8638186664984353], "b8": [0.08371957500718198, 0.9509795330854228, 0.9346796488108761], "b9": [0.1576331406018258, 0.9684477446367691, 0.9391742002457744]}