{"b0": [0.17374013201104918, 0.9954413029758303, 0.9552109887638415], "b1": [0.9943171525591158, 0.9386053722100577, 0.8140867688955491], "b2": [0.6287401605197164, 0.9954186511588854, 0.8129584784145283], "b3": [0.09290551051401284, 0.9055740316056559, 0.8625275097926658], "b4": [0.16593152535645495, 0.9357340520109234, 0.8662401408231726], "b5": [0.17051911551829563, 0.959470017272766, 0.8139216883554441], "b6": [0.7617457513430168, 0.9392497820292138, 0.9788029918263886], "b7": [0.7541219796952052, 0.9464768581398764, 0.9172665172096606], "b8": [0.16053638377209933, 0.9243287759220936, 0.9300579415206981], "b9": [0.6425520286864358, 0.9473854456534773, 0.9936009793865509]}