{"b0": [0.015226677771275598, 0.9841760764733273, 0.8781357416856891], "b1": [0.15920000050267352, 0.7798286088826393, 0.9754174328815737], "b2": [0.16290108416498206, 0.9084774109390557, 0.9287851990611924], "b3": [0.8677083106692862, 0.9150449591860315, 0.82361449492604], "b4": [0.1535764219517242, 0.9584941211992027, 0.8064378609778596], "b5": [0.6076387689201798, 0.830228198461205, 0.8915869117256473], "b6": [0.15754549147470764, 0.9178603739659027, 0.8625898124173916], "b7": [0.16520784676807146, 0.9556065368450493, 0.9504545161134094], "b8": [0.7649734455116877, 0.7097397497654603, 0.8322907955056358], "b9": [0.8238394383007221, 0.9759523035803721, 0.9750388607044543]}