{"b0": [0.9929408232856092, 0.9878919589771629, 0.9921635372275971], "b1": [0.5878084179188593, 0.9651247457027536, 0.9335343683102273], "b2": [0.1538169856978856, 0.8974020784819373, 0.8662257449714516], "b3": [0.16073033500704376, 0.9961558291896, 0.9526614748360719], "b4": [0.09497610195975317, 0.9249467738233613, 0.8457119428782894], "b5": [0.15474258245010872, 0.8786694229074737, 0.953650949629351], "b6": [0.15904166838152375, 0.9687392016112193, 0.8261742114962962], "b7": [0.16770473322370433, 0.972919309401974, 0.9357388243172869], "b8": [0.013249612514784135, 0.8645133713005555, 0.9331086340982607], "b9": [0.5680002901216856, 0.8684002952319202, 0.8941727904726473]}