{"b0": [0.9894944133325234, 0.8190140495234575, 0.901509433573333], "b1": [0.6313537344884703, 0.8153304304661999, 0.872378230854016], "b2": [0.17067057256778562, 0.9545576372060239, 0.9590552103848544], "b3": [0.901181566323612, 0.969442489133601, 0.9626301353960912], "b4": [0.0010999326534257955, 0.8659918225982176, 0.914257616995528], "b5": [0.35412810261761263, 0.9652943447846232, 0.9812259610738592], "b6": [0.1722103100139777, 0.9532306240081528, 0.8870940875810908], "b7": [0.608662699888536, 0.9106356252572209, 0.9447344523407214], "b8": [0.627255854797991, 0.9580755977527211, 0.8080728209524287], "b9": [0.15175213275101526, 0.9749002381928219, 0.9242034099252676]}