{"b0": [0.7237032687563371, 0.7420471529435776, 0.8461190121496128], "b1": [0.15283840095024626, 0.9540476461020717, 0.8560314245520766], "b2": [0.10139086220214873, 0.8852619142318718, 0.9416501075329562], "b3": [0.6297192423917142, 0.8734007314113093, 0.84583868809532], "b4": [0.1661626299326495, 0.955215332117561, 0.8517249932145043], "b5": [0.7342006968837711, 0.9501173923786439, 0.9253189094376453], "b6": [0.7151491216553112, 0.9663091354258256, 0.817965142260611], "b7": [0.16086614393688803, 0.9602954037194624, 0.866636434101253], "b8": [0.1585881539860737, 0.9071601879230458, 0.852078720274944], "b9": [0.15398830167809466, 0.7751254941811261, 0.9362702166063646]}