{"b0": [0.9869343504724827, 0.8408993821505214, 0.8438025856295311], "b1": [0.38651741991025274, 0.9393673494274672, 0.9949745901871533], "b2": [0.574355234616585, 0.843031688372465, 0.8797291952498463], "b3": [0.15823534811005285, 0.9399918972403394, 0.8763573228157989], "b4": [0.16101930361669262, 0.9648753442116704, 0.9638579198768581], "b5": [0.622697956341869, 0.970958933556723, 0.8181965237773199], "b6": [0.7809320136888629, 0.9415164528170377, 0.9339246292360228], "b7": [0.9114920575153661, 0.988791187760686, 0.9355344440329616], "b8": [0.15653038067481057, 0.7602681412444139, 0.8342962499249592], "b9": [0.734701985109151, 0.8020836672043147, 0.9765052219561938]}