{"b0": [0.0076730502474311344, 0.9504405003781615, 0.9635576980371305], "b1": [0.14773338488363133, 0.8547514849427899, 0.9061045447749373], "b2": [0.17143936611048083, 0.9720442428139745, 0.9265232439466814], "b3": [0.014086353093001023, 0.996612272394868, 0.9325335810301562], "b4": [0.6128815774011062, 0.9154874155286105, 0.9503047898458529], "b5": [0.1494492832637855, 0.8758702354269384, 0.8465338096964915], "b6": [0.9963153781188027, 0.9666255846441587, 0.8243579179608961], "b7": [0.1569209607708449, 0.9955000260413541, 0.8996153296538785], "b8": [0.7654873276455735, 0.9749921735527646, 0.9641849473778877], "b9": [0.1507196705653952, 0.8993979285169909, 0.8124184279025347]}