{"b0": [0.546926013894566, 0.9860581456728493, 0.8856254155934614], "b1": [0.15517442586972643, 0.9428118169485878, 0.9659794076595134], "b2": [0.5748981074561299, 0.8896597091300785, 0.9545879080611415], "b3": [0.16490558557977764, 0.9393725660309533, 0.9398638623458446], "b4": [0.1628603675573888, 0.9956338083228125, 0.903420645181512], "b5": [0.9920982428362862, 0.9790153953279096, 0.9786216141436341], "b6": [0.6822365471970787, 0.9468470964834705, 0.904687941545091], "b7": [0.16360588584907734, 0.912404752554945, 0.9476524855721101], "b8": [0.7402567069261246, 0.9943799006302211, 0.9534222636245329], "b9": [0.1715366098596039, 0.8413700077734839, 0.9280732829970245]}