{"b0": [0.15951597804388362, 0.82558428119187, 0.8186365087146484], "b1": [0.7609646941720384, 0.9046089296597388, 0.9823170196187475], "b2": [0.6453230764884837, 0.9924128821764114, 0.8288504695946807], "b3": [0.09328782810171361, 0.9239215998193887, 0.8648352496856753], "b4": [0.5942680423300705, 0.9726337805457681, 0.8447368998216058], "b5": [0.7743671519221946, 0.7946934298838645, 0.932628190338949], "b6": [0.736198212909726, 0.9195859919059772, 0.8079103794262263], "b7": [0.15140813711740272, 0.8595642390113396, 0.822843822594686], "b8": [0.16453233400040726, 0.8218070798482917, 0.9512035745140287], "b9": [0.5532179729782808, 0.9237940185216573, 0.9523989817257552]}