{"b0": [0.5976159819651962, 0.9221425804251002, 0.9875805880784294], "b1": [0.9872488176694741, 0.9531644825159894, 0.9780928414399187], "b2": [0.015739546892913025, 0.868649265322137, 0.9594867262709356], "b3": [0.16341621168128662, 0.9024084870407861, 0.8784947940844776], "b4": [0.15702688257562555, 0.9032163863745114, 0.8529974579830423], "b5": [0.34326949554800007, 0.9449658156510471, 0.9010955347351897], "b6": [0.16453587490911073, 0.9946349432677934, 0.9961225034981763], "b7": [0.596880518177319, 0.9555225431218679, 0.908036639931525], "b8": [0.07987478294110975, 0.8546409633365627, 0.9736244315860797], "b9": [0.7589559777806695, 0.8488795044697933, 0.9605879708345385]}