{"b0": [0.7517589963990345, 0.9952699586340829, 0.8025474003040936], "b1": [0.609938871549123, 0.8871735235746857, 0.8579801121664365], "b2": [0.9963326253853636, 0.8243699432631945, 0.8856460375999952], "b3": [0.1613117944483361, 0.9848605622673265, 0.9384789802940711], "b4": [0.6039561802718951, 0.9823864218162147, 0.892981306503557], "b5": [0.6024104410246218, 0.9730903748879338, 0.8463873503451844], "b6": [0.9809127130840344, 0.9592417202398781, 0.9147254959340976], "b7": [0.1648520280803487, 0.9153814921386116, 0.9101268683526044], "b8": [0.3536508872534095, 0.9138771708663624, 0.8274570791226344], "b9": [0.16294298706620697, 0.9576334129712413, 0.9688336359516739]}