{"b0": [0.8828838819831607, 0.8375985283199034, 0.8820191886484163], "b1": [0.08235292525367212, 0.9734645952945742, 0.9065510762474864], "b2": [0.7483745224620574, 0.9315407883629828, 0.8846928612066357], "b3": [0.5672973656331561, 0.9049907156254782, 0.941073880930785], "b4": [0.8549425212368748, 0.884823713409539, 0.9300114099398802], "b5": [0.1651020028370913, 0.9519723987695127, 0.8980995435015445], "b6": [0.10339576432763123, 0.9798190824518518, 0.9816852044137483], "b7": [0.8839582586574751, 0.9702144439685473, 0.9173155450155016], "b8": [0.008079433655399221, 0.886166451266641, 0.9099325251108533], "b9": [0.1668409453877516, 0.8205933453747959, 0.9548700573922099]}