{"b0": [0.15638643284599726, 0.9357688005527354, 0.8936456973657155], "b1": [0.014950022129675142, 0.9830165037544429, 0.9498233376437106], "b2": [0.8940417061614007, 0.968506678794012, 0.9995564440540063], "b3": [0.0874631816094415, 0.6972232265905955, 0.818611076052446], "b4": [0.15784649365367195, 0.9046209881165338, 0.9717502697644835], "b5": [0.30946426508629316, 0.990102909546446, 0.8801718887147438], "b6": [0.0037427163322761177, 0.9606873948402916, 0.873227619660894], "b7": [0.33765512560079436, 0.8240223634516255, 0.8105586629349821], "b8": [0.993838906033972, 0.9495520404130613, 0.9463160484948095], "b9": [0.0898908645373468, 0.8564903160426292, 0.8363433458010284]}