{"b0": [0.015459313621069453, 0.8568726884736186, 0.8007703165708162], "b1": [0.315799444246, 0.9867074802760178, 0.9894917331187019], "b2": [0.8923355758018896, 0.9945312951791436, 0.9637688384165031], "b3": [0.07908254705252588, 0.9207993696203803, 0.9015478158794192], "b4": [0.3179883963518763, 0.8971297576262264, 0.8737366788265323], "b5": [0.5848110526300634, 0.9654862867269839, 0.8750404529861331], "b6": [0.10299733601657321, 0.9841028066114736, 0.9843967433580993], "b7": [0.0016105316055641142, 0.937644976723061, 0.8310921585560419], "b8": [0.7199705434476854, 0.9105973891418762, 0.9887743118044777], "b9": [0.9925128668323073, 0.7968288290552885, 0.8264829037359661]}