{"b0": [0.9158359023302881, 0.9765574922940807, 0.8810686957038889], "b1": [0.6193955299205034, 0.9868434732372476, 0.8819389568599744], "b2": [0.6163778749780093, 0.9162794518313088, 0.8309843527214553], "b3": [0.9881183749530572, 0.8965367342307857, 0.9496186908639175], "b4": [0.06931048136204015, 0.7167732284923676, 0.8446528329297798], "b5": [0.8489307048684657, 0.8732640448920727, 0.8329529758229259], "b6": [0.6308852184151515, 0.9824587601161384, 0.9998729878695949], "b7": [0.2921752089810616, 0.9312574872086185, 0.816112757856623], "b8": [0.2836619395993567, 0.8930145905808347, 0.80877774540264], "b9": [0.28587916650427553, 0.8682887803649305, 0.9500347594881898]}