{"b0": [0.759821298641421, 0.8424436033347693, 0.8554430694896579], "b1": [0.35071658504783365, 0.9827723566967205, 0.940557712177543], "b2": [0.020285607441807997, 0.9883615178112088, 0.8043034661030256], "b3": [0.15681247235917056, 0.9245522459546756, 0.9540967285070064], "b4": [0.8776248757711399, 0.9044819095945834, 0.9340408952116414], "b5": [0.0007240413626928374, 0.9397627423679319, 0.8519551257488146], "b6": [0.28434856343786163, 0.9816620912526695, 0.8997018161933501], "b7": [0.31187564548563534, 0.9863788991346456, 0.8035561968832603], "b8": [0.3974631849496575, 0.9843673670618179, 0.9702879335049356], "b9": [0.8858360704692846, 0.9333883693135633, 0.8296282687743038]}