{"b0": [0.3604533829422257, 0.9795515466436356, 0.8606585389063407], "b1": [0.8803423558583198, 0.8037065744986286, 0.8331931244630689], "b2": [0.9929569900676555, 0.9670971981211798, 0.9331149474597908], "b3": [0.8993402968323775, 0.9993202638450023, 0.8794739231402966], "b4": [0.29949923385370647, 0.9821861091158988, 0.918768702175274], "b5": [0.3260428392249359, 0.9575482410605127, 0.9593139652015961], "b6": [0.9043118335025758, 0.9810708608495922, 0.8348636206663855], "b7": [0.15487027850311497, 0.9390453896167223, 0.9120991668410341], "b8": [0.8887955027669464, 0.9519382270610968, 0.9048338413872579], "b9": [0.1567904820472035, 0.9781927573867424, 0.8293789298628585]}