{"b0": [0.7839986660040387, 0.9187106936961754, 0.8444439589740931], "b1": [0.8602881807287096, 0.9207836453036359, 0.8550410845902918], "b2": [0.324017268768511, 0.9005218571342322, 0.8910765743392628], "b3": [0.7618390127729622, 0.9995951499876167, 0.8943385238343763], "b4": [0.9123199889883693, 0.8194299379122683, 0.8267400332625583], "b5": [0.3037868132499603, 0.9887806249407611, 0.8142780051855246], "b6": [0.8391757044732916, 0.9009350364280861, 0.8266561990488132], "b7": [0.6058679550112394, 0.8958674125326107, 0.8234821388508413], "b8": [0.6134182931964304, 0.8528494429828593, 0.9784300626102774], "b9": [0.9974177997141231, 0.9903282779068212, 0.9400296734121834]}