{"b0": [0.5843461304454295, 0.9327154254214475, 0.8474596278149142], "b1": [0.5927113098961602, 0.8315714537748099, 0.9752096165121834], "b2": [0.6255570842881442, 0.923756604949643, 0.9396545430405925], "b3": [0.17400368987737339, 0.8738824006717492, 0.8077063951126959], "b4": [0.9960298049228697, 0.940257878953407, 0.8935484659212701], "b5": [0.1610706690900891, 0.7865692431269917, 0.8739523804478563], "b6": [0.1166660441368647, 0.9950748767710134, 0.8599063557293403], "b7": [0.057969413409151, 0.9432702767255148, 0.9139899905730098], "b8": [0.6439413999628982, 0.9650934026098352, 0.817031112604266], "b9": [0.1679136378464138, 0.9597649666961098, 0.9317560619112419]}