{"b0": [0.1584572886323091, 0.8495483924686362, 0.9708412983325688], "b1": [0.15314409968394718, 0.8582098367287158, 0.9329669946971655], "b2": [0.8500621694392616, 0.914152915557982, 0.9107715371619369], "b3": [0.8092614784039363, 0.9805469281392469, 0.8130746553512997], "b4": [0.6523439590204722, 0.984373410973729, 0.9674438105503252], "b5": [0.6233107328537044, 0.9502312168844865, 0.9390322072627038], "b6": [0.16800745479688106, 0.8767289973246514, 0.9904096749953609], "b7": [0.5919336641910706, 0.8844740156685521, 0.9929524493934742], "b8": [0.5900717370108197, 0.9141911133029723, 0.9302506626930679], "b9": [0.16516183980447616, 0.9495622268804577, 0.9241237521902156]}