{"b0": [0.6190606223802095, 0.9084172298837765, 0.8643529502567621], "b1": [0.15598024137576666, 0.8786611496387837, 0.8540312298634491], "b2": [0.8833382344695728, 0.9333399798993207, 0.9460474126726666], "b3": [0.6166298691575819, 0.995629310527268, 0.8441203314846595], "b4": [0.6341793531390642, 0.8481557411476669, 0.9380096309463412], "b5": [0.8567245384090486, 0.9107631444127171, 0.9643084815710767], "b6": [0.15776457316588094, 0.9851404117446759, 0.8790683478929087], "b7": [0.1582927557932651, 0.9881349547810594, 0.9862878460270096], "b8": [0.664545145987348, 0.9333756424480222, 0.9591488162151742], "b9": [0.16154911004843633, 0.9418422009795503, 0.8204712821027619]}