{"b0": [0.9820359296434193, 0.9290294403428021, 0.955472318393853], "b1": [0.6577373290939534, 0.9122714980180249, 0.9895196051267459], "b2": [0.8400664916974452, 0.9271898157457217, 0.8522703024903532], "b3": [0.5804287850832819, 0.9304324036690044, 0.9897774860774728], "b4": [0.1647120778144739, 0.9790972355555815, 0.9393018691632186], "b5": [0.08304872020539106, 0.9585306732448537, 0.803789342439215], "b6": [0.5959550823972897, 0.9837251652430506, 0.8950693759524069], "b7": [0.6295779724420383, 0.9661941288367263, 0.8805818320175075], "b8": [0.1548229064643327, 0.9616313388645582, 0.8769981850524137], "b9": [0.16610164218545218, 0.9696686337056266, 0.8116457521847008]}