{"b0": [0.15820701696738915, 0.8992385105373498, 0.9981156439726558], "b1": [0.600259622845302, 0.8840919411253697, 0.9072105190063854], "b2": [0.5815027730352478, 0.9417088855302554, 0.9252341051472769], "b3": [0.886614530884964, 0.9053046215159131, 0.8589085791758609], "b4": [0.7641366149968306, 0.9963257846808127, 0.8415472637541086], "b5": [0.3142668739311321, 0.9833909754546483, 0.9623698660444572], "b6": [0.013052906171538852, 0.9262024479368695, 0.9976872424560471], "b7": [0.8539950416497065, 0.963505082691989, 0.8885721511750391], "b8": [0.32088956170746086, 0.928382958807426, 0.8268847872819123], "b9": [0.975172622636954, 0.9785651460167518, 0.9664880403060839]}