{"b0": [0.6147365817214054, 0.9563022717132551, 0.9991188352897581], "b1": [0.1594925791268157, 0.9787827306668027, 0.8525116526482472], "b2": [0.7994187756523669, 0.7584474473182568, 0.8826602879058089], "b3": [0.768945151203818, 0.9152091592602402, 0.9775319034383532], "b4": [0.7040251860154888, 0.8910141752455019, 0.9749263397926122], "b5": [0.16692055755844032, 0.9976114548619662, 0.862894193279002], "b6": [0.9045512799098829, 0.9710313310944665, 0.9857672433231371], "b7": [0.6163035786338733, 0.7945888328463404, 0.9339859703485639], "b8": [0.307700801657147, 0.9449605380501108, 0.9872110646706516], "b9": [0.016563762598331436, 0.9698826904094431, 0.9644721729312696]}