{"b0": [0.3132157349864249, 0.9190678698749266, 0.9968746057656293], "b1": [0.00787676107896385, 0.8552563902615511, 0.8034207599835176], "b2": [0.6937856700442576, 0.9926882152384426, 0.9123763224472989], "b3": [0.7083116710575136, 0.7855110976199258, 0.8867332465441273], "b4": [0.006842952687305622, 0.8874866528572078, 0.8715739875498071], "b5": [0.07832294039101567, 0.928912030067353, 0.8849213639817387], "b6": [0.011478844496745466, 0.908194591412139, 0.8303328191189009], "b7": [0.7692658471444419, 0.9057499249473001, 0.8105624781889262], "b8": [0.5835560679498478, 0.9487932159548689, 0.9856524548510487], "b9": [0.09125468499403068, 0.8004570286075264, 0.9794992959669826]}