{"b0": [0.8037855527488975, 0.9186882730967951, 0.9184919922212319], "b1": [0.1588461325618994, 0.8567235582472409, 0.8395492205174467], "b2": [0.15679976505301452, 0.8967369102288183, 0.8767524555886764], "b3": [0.340571410499961, 0.9835748878860063, 0.8567263892149313], "b4": [0.07730867870900648, 0.9829402034839185, 0.8385736456862837], "b5": [0.011080982017522799, 0.9622919237532669, 0.884965159402685], "b6": [0.6632928999886633, 0.9656386231093734, 0.8902978636305846], "b7": [0.8765137017089429, 0.9266936215486092, 0.8712447481065666], "b8": [0.8298085574400588, 0.9317875177874781, 0.8863710409936337], "b9": [0.16558983895815677, 0.9644557508369145, 0.9635028942631284]}