{"b0": [0.6948275777728778, 0.9144308200550583, 0.9793135410011328], "b1": [0.07873281714747171, 0.9637201777598343, 0.8857371201417499], "b2": [0.08849752522257544, 0.8301227999659128, 0.8394995360153197], "b3": [0.7474657660715924, 0.9503975125467621, 0.8235620782598508], "b4": [0.5819705024121868, 0.8767279497419236, 0.9299846531842425], "b5": [0.3018141140086405, 0.9716476791063373, 0.8952200932473304], "b6": [0.8598750994094613, 0.998861432806618, 0.8735674958815514], "b7": [0.9801271010579647, 0.8540101784062114, 0.953956810370162], "b8": [0.15761646619731917, 0.9814251352899752, 0.8020440131112925], "b9": [0.3056464749002362, 0.9464583313182365, 0.9355072538374478]}