{"b0": [0.9992214266467389, 0.8517654805526581, 0.8956959100480018], "b1": [0.1561061274703233, 0.7704613514309628, 0.9670590657422974], "b2": [0.009923251754951177, 0.8024337328290925, 0.8972890161726091], "b3": [0.08622597739937934, 0.8077050651542845, 0.8149259354875115], "b4": [0.6586868268813033, 0.9763119856675272, 0.8916590103259042], "b5": [0.3090368681024996, 0.9201246814105208, 0.9279551154001386], "b6": [0.8432445366677161, 0.8894241829878305, 0.9672781601651649], "b7": [0.003936390083307148, 0.7638860239324256, 0.801736123966547], "b8": [0.0854068560394758, 0.7147302878066067, 0.9562012921164661], "b9": [0.16001213393035013, 0.9975488897198642, 0.8726750372987684]}