{"b0": [0.31196870541495836, 0.9834890471269568, 0.9728889544682392], "b1": [0.0643012845595932, 0.9446485275911545, 0.9809066946682085], "b2": [0.6506088719602029, 0.9647160593915136, 0.892137160028658], "b3": [0.9355660178534739, 0.9971045707453576, 0.8947767409908052], "b4": [0.006263851119657082, 0.9908855344874888, 0.9761866352000007], "b5": [0.16009781879318766, 0.9504197069021478, 0.9501297467457137], "b6": [0.07870862331152431, 0.9544565037493022, 0.8706707051680346], "b7": [0.6528767043543721, 0.7521508387175495, 0.8949616857707994], "b8": [0.598732383727646, 0.9538754228336868, 0.9418763808339777], "b9": [0.9995494784251755, 0.8468038798638409, 0.8265944159951897]}