{"b0": [0.1574701067149453, 0.885286201436686, 0.9970656528586237], "b1": [0.6289277897098666, 0.9201027604819372, 0.8682265595530224], "b2": [0.17260020676426419, 0.8971561032323256, 0.923174253834554], "b3": [0.006003647188960404, 0.9657261751915925, 0.9221956140207758], "b4": [0.3121646854482247, 0.932894497763034, 0.954012502663474], "b5": [0.8513911501632792, 0.9658072568999788, 0.9227635052584559], "b6": [0.6227909790294994, 0.9447053508860506, 0.8572773765755695], "b7": [0.8873723443870487, 0.9306557751612562, 0.9499997141255234], "b8": [0.0998138473234841, 0.8968661707799461, 0.8448410650091617], "b9": [0.1589790917405726, 0.9354404201721493, 0.9052891686548228]}