{"b0": [0.7272391231239146, 0.969563896363984, 0.8615559580779418], "b1": [0.8783160363366062, 0.9241769024532431, 0.8227123293075675], "b2": [0.32776112865004364, 0.9082364961832597, 0.9164895130327336], "b3": [0.09156604332290223, 0.9577439523680533, 0.8281899778278802], "b4": [0.8809158188047358, 0.9029717295778592, 0.9693535385548223], "b5": [0.7763667691204403, 0.9456695330922261, 0.916843967523403], "b6": [0.06333253377662046, 0.986360081361909, 0.9468606938982859], "b7": [0.8847680784586512, 0.9025739858925406, 0.9816988533266274], "b8": [0.16873782693124287, 0.857019253068215, 0.8472806805534951], "b9": [0.32991598478968676, 0.8664318675594483, 0.9307049250422534]}