{"b0": [0.5655202230514424, 0.9586867495981796, 0.9876665759600833], "b1": [0.6522250735835624, 0.9338626797752612, 0.8870153347042398], "b2": [0.7806007448547203, 0.9543437514676603, 0.9971691317652304], "b3": [0.00042764230949838785, 0.8688752755146116, 0.818154956179301], "b4": [0.8809390599446587, 0.8982344545158502, 0.8266410760966026], "b5": [0.10284800388457244, 0.9517714664133108, 0.8043048288317263], "b6": [0.5942858607511403, 0.8399917104155549, 0.8044052833634173], "b7": [0.6117299447307858, 0.9714042861728288, 0.8078409029778961], "b8": [0.6753376924705077, 0.9220961143589248, 0.8955214042531303], "b9": [0.5800745387320758, 0.8471715378406353, 0.9427156930102154]}