{"b0": [0.6091108395486429, 0.778885996737475, 0.8222330972301732], "b1": [0.35236577028573923, 0.9537199301222324, 0.956339398852164], "b2": [0.015325463726048913, 0.8974449513363983, 0.8538536481297847], "b3": [0.5585434788550606, 0.6555882356001311, 0.9736731049363893], "b4": [0.7791854182334416, 0.9860182301641821, 0.9028598282323129], "b5": [0.5978300388394006, 0.8265101138544072, 0.9945552282199559], "b6": [0.6216530732600931, 0.9498973882603111, 0.8307632114738067], "b7": [0.08534045421157993, 0.8860128321263576, 0.8081811504610044], "b8": [0.6669370429296757, 0.9506206287774597, 0.9292522357949531], "b9": [0.9891702204246718, 0.9952935436916431, 0.8303715233429773]}