{"b0": [0.622304856429203, 0.9743444184463947, 0.82197917770714], "b1": [0.7820054439266921, 0.9338088869468026, 0.8956265974520092], "b2": [0.970704929696122, 0.9807639379729889, 0.9963614811200598], "b3": [0.6306108549500844, 0.9085721603332414, 0.9542380339268997], "b4": [0.5870976568445379, 0.7992389114713291, 0.8899093712772703], "b5": [0.15815176958956043, 0.9452511274138788, 0.849857312510118], "b6": [0.6264059775480173, 0.7300922687837269, 0.935874835058329], "b7": [0.6267787441826489, 0.9714078650534244, 0.9127850562223209], "b8": [0.6085747871466272, 0.8698925742950167, 0.9356884777961356], "b9": [0.9964147998414233, 0.8388399183110136, 0.9827654856625395]}