{"b0": [0.004391564904585868, 0.8556673881689525, 0.8281410208035688], "b1": [0.09103092599732167, 0.9320685359923618, 0.9052922171730207], "b2": [0.6166578189099498, 0.91148255922931, 0.9305992472099738], "b3": [0.6003958664886974, 0.8766788861366609, 0.8988295737980276], "b4": [0.11940016889196677, 0.8589002461223468, 0.9714035096720511], "b5": [0.7148998011713661, 0.9984098832027546, 0.9709495685221917], "b6": [0.6829649349492207, 0.85587585654181, 0.8305103364121115], "b7": [0.09690191384544049, 0.9665132182753453, 0.9505289150874107], "b8": [0.7480070517445931, 0.9874715469870116, 0.8753236783706856], "b9": [0.15222014724523925, 0.942455509270941, 0.8522825809109361]}