{"b0": [0.7618441507270878, 0.8529265107921161, 0.9848585212621082], "b1": [0.5796999258788474, 0.9348966646072816, 0.9411407026866094], "b2": [0.6081086753470084, 0.7789400176027793, 0.9236241384441191], "b3": [0.7493518642509884, 0.8446541860889352, 0.9597354498818266], "b4": [0.6125081886990773, 0.9983230978132697, 0.9035781764186893], "b5": [0.6300732252639832, 0.8761757179935423, 0.9936981998658961], "b6": [0.16242490073052557, 0.9829498952119026, 0.8690346259939927], "b7": [0.6462361066878372, 0.870185596606506, 0.905465064607014], "b8": [0.65129109558388, 0.9655620220134676, 0.9570615958239685], "b9": [0.006038121968024334, 0.9374036110027473, 0.9211313470133102]}