{"b0": [0.16642710272128794, 0.9953631381619785, 0.8745997423569876], "b1": [0.1571855185490158, 0.8433477458382211, 0.8997746038316095], "b2": [0.1542954087412412, 0.8876709738709806, 0.8673651071487986], "b3": [0.0868461915024136, 0.979309463058, 0.999869763510687], "b4": [0.1557743095696858, 0.8841733596729405, 0.9792001385043282], "b5": [0.16971841875396654, 0.9645048012557923, 0.9989223378041677], "b6": [0.0859586539937356, 0.9691122177376019, 0.9818956120985523], "b7": [0.15836433565612784, 0.7868852046956936, 0.9242651244981092], "b8": [0.09725393598985312, 0.9450090055813068, 0.94098991166861], "b9": [0.7367451921532185, 0.8172226637940578, 0.8269333784343742]}