{"b0": [0.06734527292892263, 0.8856405039884127, 0.806117083797086], "b1": [0.08226513690438718, 0.9527017671252876, 0.835485708785771], "b2": [0.07762826857728605, 0.8810765648983374, 0.952413719323998], "b3": [0.15620647368457571, 0.9840925460055154, 0.9722093602390026], "b4": [0.160270926585354, 0.8771674802625458, 0.8013527634629487], "b5": [0.08465242911856154, 0.9537771251785496, 0.8771307215404953], "b6": [0.165536635085711, 0.9739226291354988, 0.8909156878564718], "b7": [0.11606306287884328, 0.8372995351778881, 0.9661002155344524], "b8": [0.16550691477242402, 0.9566756256670889, 0.9637270065982356], "b9": [0.08004102482901253, 0.9843879616635425, 0.9817011831883196]}