{"b0": [0.6078876701022612, 0.9058811021232498, 0.8645375757660537], "b1": [0.018790278562180185, 0.8620836890700019, 0.979019553843241], "b2": [0.7277283823464991, 0.8383096591613682, 0.9334236050850929], "b3": [0.5962014721218221, 0.9675016694906187, 0.860581166514813], "b4": [0.35638355193390914, 0.9136879666023399, 0.9068570127606467], "b5": [0.16010512485853443, 0.9319832235583274, 0.8476945192078327], "b6": [0.7521116928493126, 0.9051957228923129, 0.9886111543633828], "b7": [0.5977011398028687, 0.9022673510186853, 0.917052016068058], "b8": [0.7340621402021089, 0.8576792210227856, 0.8470159131930798], "b9": [0.1617367780847729, 0.8343077483858565, 0.965196335863013]}