{"b0": [0.8647851852618881, 0.9153493818264948, 0.8504015886044791], "b1": [0.09106864815487116, 0.9963375235432383, 0.8656995769742467], "b2": [0.6677473988445668, 0.9826089488654446, 0.9204118669220902], "b3": [0.5301276339674557, 0.9962764124640876, 0.918632513438022], "b4": [0.3238372879820643, 0.784578448731644, 0.9331895017162158], "b5": [0.15268598557605328, 0.9939428804655861, 0.8589255893471375], "b6": [0.6103520052770031, 0.9054530857029814, 0.991760998893778], "b7": [0.01783225188314684, 0.8665782717333207, 0.8370489912665764], "b8": [0.5952749323793496, 0.9015098835162935, 0.8189408287242378], "b9": [0.009281055876001766, 0.9873995013418501, 0.949184131028559]}