{"b0": [0.15621590671710764, 0.9298685438903332, 0.8614437780773113], "b1": [0.3034955809098341, 0.704532916175654, 0.9627406511259737], "b2": [0.3680734695739993, 0.9724271423616528, 0.9789426935522846], "b3": [0.15735574436637767, 0.914041724444387, 0.8016922378446742], "b4": [0.7208986382361381, 0.836327044402039, 0.9934260875893376], "b5": [0.5713685347880045, 0.9604844201062426, 0.9537213294235687], "b6": [0.8622908023946309, 0.8324627430654639, 0.9988437647258748], "b7": [0.6154574055262118, 0.8386099331996587, 0.9732975435385636], "b8": [0.10040239273828702, 0.9618838901617925, 0.8112755623669733], "b9": [0.7877631118983546, 0.9241764625855248, 0.8649185858222888]}