{"b0": [0.1561635804442444, 0.72802667333329, 0.9832507448874495], "b1": [0.32247741615817277, 0.8975710854831249, 0.8672308738783037], "b2": [0.16749968016687217, 0.8628601010619075, 0.9784084299695267], "b3": [0.36079375282528886, 0.7322834012552879, 0.8258919968301761], "b4": [0.1610712595769868, 0.9766711779387903, 0.8885828370359146], "b5": [0.838754281608065, 0.9107695985788444, 0.830961905570987], "b6": [0.8541627008842092, 0.9776324749675758, 0.8873756587057064], "b7": [0.7339471695752722, 0.9053003484100886, 0.8527121307012558], "b8": [0.7512221985134433, 0.9979712848997135, 0.8534097264766676], "b9": [0.3526774497289775, 0.9652705794744412, 0.9843333024149338]}