{"b0": [0.7312332440558232, 0.9972383763804119, 0.9339623104822578], "b1": [0.994210094904379, 0.9080025746997831, 0.8459499168128248], "b2": [0.5618552868285128, 0.9642025051397606, 0.9706397541814309], "b3": [0.7478486267496081, 0.929701635142438, 0.894624057551207], "b4": [0.161883041474934, 0.8804193119860213, 0.8072485988531013], "b5": [0.903077929338007, 0.9665588257378637, 0.8240010410368587], "b6": [0.03004030014150203, 0.9371838361906382, 0.8019576583258845], "b7": [0.999182028847335, 0.9693575953014958, 0.9668556179190263], "b8": [0.8477648131914398, 0.9408178039015854, 0.8384428659785474], "b9": [0.17032439584018147, 0.9295462095415123, 0.8771831119454769]}