{"b0": [0.10397433437027667, 0.9235349668472362, 0.9469836205443136], "b1": [0.16016522492565802, 0.9952402070351399, 0.8305205347136462], "b2": [0.33193068052265123, 0.9639784978981109, 0.9515767732426377], "b3": [0.6437820348482074, 0.9848590412463796, 0.8117279247380548], "b4": [0.09742549838237385, 0.8267884150634615, 0.8938116370488458], "b5": [0.09230002426199638, 0.9114186646424123, 0.9315449462078486], "b6": [0.5942136249173209, 0.9192255477649836, 0.9897896140219737], "b7": [0.00161221571642067, 0.9098313902889281, 0.9360623603425249], "b8": [0.005296501006202411, 0.8056647519959615, 0.906232458176171], "b9": [0.7448617753750792, 0.9339478350694764, 0.9682452315348123]}