{"b0": [0.9022540393609062, 0.7623800186282671, 0.9166424813136058], "b1": [0.5967886024072463, 0.979100344877977, 0.8377494359261735], "b2": [0.33714563750764676, 0.9646395947444715, 0.8468894247844208], "b3": [0.36245075434715496, 0.9290157379119371, 0.8909920864060674], "b4": [0.6814249463074117, 0.9407496780818002, 0.9805174483544156], "b5": [0.3370161035271893, 0.9796047635785591, 0.8995186552326294], "b6": [0.33484031161712996, 0.9247381097753902, 0.9369523145312779], "b7": [0.15552785110523934, 0.9737854826609041, 0.8582937234925797], "b8": [0.15962650931693317, 0.9289072442641071, 0.8535235382086006], "b9": [0.07449705600245746, 0.8361167146508077, 0.9241278274721025]}