{"b0": [0.31044549526293214, 0.9723402170258022, 0.8911205122093775], "b1": [0.16423582980234894, 0.9404995547128617, 0.8905243015596696], "b2": [0.16326102179187796, 0.8511203570153922, 0.9749754202544562], "b3": [0.2989310226124324, 0.8066873091461452, 0.9165884029397353], "b4": [0.16090045615634538, 0.8915666642957683, 0.8335473225303005], "b5": [0.08679605097455942, 0.9065522532217856, 0.8247417750586494], "b6": [0.8639534500194536, 0.9407307972517309, 0.9338372701935286], "b7": [0.3441564464704186, 0.9597756674949874, 0.9575213169392076], "b8": [0.1615796270585465, 0.8878308339296191, 0.9090897699560986], "b9": [0.8558156808698736, 0.9988347841371685, 0.9031720640262254]}