{"b0": [0.31200818976292377, 0.8809001652039334, 0.9428603936260481], "b1": [0.3508587378957701, 0.881838857076176, 0.9096581616205219], "b2": [0.34011703307518276, 0.9294443792844654, 0.9174351179437342], "b3": [0.15911246279578165, 0.8397257628672753, 0.9384284727337326], "b4": [0.1633955087509695, 0.9975895381014727, 0.905161306850302], "b5": [0.8755243458110421, 0.9021180524974407, 0.8152346135854797], "b6": [0.6166467624075004, 0.9236720402979464, 0.8001463499425495], "b7": [0.3383931107455065, 0.9813728027248563, 0.9537112163036722], "b8": [0.16266743231263298, 0.7895999659974011, 0.967605815721667], "b9": [0.3163965762484811, 0.8613158124023756, 0.871635643034342]}