{"b0": [0.15432340560653823, 0.9636977507081713, 0.9138784259548214], "b1": [0.16742534746295454, 0.9840856514557481, 0.8680870070872366], "b2": [0.3569239944485753, 0.869705776198658, 0.8307698025479638], "b3": [0.29261772894532406, 0.7774208486172145, 0.8167902521124111], "b4": [0.3277228268560829, 0.7607691242246662, 0.9615140558817798], "b5": [0.170182347915233, 0.8589078694121786, 0.8835500611221971], "b6": [0.15785471985177024, 0.9055177429589298, 0.8004735947665711], "b7": [0.15813692310405073, 0.8760445561623966, 0.8408374573395804], "b8": [0.36543743238016313, 0.9538314583246138, 0.9024531680954874], "b9": [0.1623394308194426, 0.9694834752471192, 0.9410869128726942]}