{"b0": [0.1765840191704054, 0.9605927772209324, 0.8254531007809153], "b1": [0.1687839735535345, 0.9436228439968813, 0.877096582354226], "b2": [0.16541769214372629, 0.983119036667267, 0.9167729303239944], "b3": [0.16655182695913248, 0.9995540519878838, 0.8817499184056953], "b4": [0.3090225015074886, 0.8437315421246585, 0.9917736024866719], "b5": [0.35471144409166777, 0.8607604112323807, 0.9336300004375799], "b6": [0.30191825308032966, 0.9720009370318213, 0.8085538760154947], "b7": [0.328918428608341, 0.9207456917651281, 0.8962763320842367], "b8": [0.35172233015425647, 0.9091905727680683, 0.8457419023389114], "b9": [0.3672466175745414, 0.9847151732301185, 0.9486902564874662]}