{"b0": [0.31176754065984386, 0.9993983458360539, 0.9275978988670408], "b1": [0.7460303456955246, 0.8987624317263787, 0.9522423717883316], "b2": [0.15767811053833192, 0.863983948316877, 0.8017437015900952], "b3": [0.8967779830119195, 0.9801251550454579, 0.8844846007970577], "b4": [0.3332717918402998, 0.9585099088219654, 0.9472811218232923], "b5": [0.3144792035699574, 0.7544464590300382, 0.8636349566074916], "b6": [0.32793954360163363, 0.9769286617682762, 0.8525531040647134], "b7": [0.32471836926937114, 0.865330146339914, 0.9838956758603261], "b8": [0.1596194284285411, 0.9024619290775091, 0.8602136298473879], "b9": [0.16929165157077478, 0.9379549397512389, 0.8565950813306649]}