{"b0": [0.7745952857989821, 0.8563752174528821, 0.8101853173756791], "b1": [0.0046344015791810475, 0.906869989942309, 0.9528529092381475], "b2": [0.9935652174000268, 0.930128781378229, 0.941078009965878], "b3": [0.9896951830829088, 0.8820693027317279, 0.9536170724326591], "b4": [0.6404570288584527, 0.9292130399069444, 0.845314635207377], "b5": [0.16151212913491805, 0.9581118851500028, 0.8375226370623401], "b6": [0.8942839499741734, 0.9502384590820943, 0.8899633124561136], "b7": [0.9186337899920332, 0.8974939494976529, 0.9417667122785843], "b8": [0.7443523314812799, 0.9626156311441992, 0.854292292916385], "b9": [0.9951563880086698, 0.9946842107408921, 0.9781533830422992]}