{"b0": [0.9846153577279786, 0.9053065276041905, 0.8325213292365848], "b1": [0.1558433510058074, 0.8554156582668143, 0.8473395574652907], "b2": [0.6386021163219768, 0.9272765374477526, 0.8901092063744573], "b3": [0.07093631177483432, 0.9816322440905968, 0.979952502688121], "b4": [0.6372928818908613, 0.9637539666750493, 0.8681507916300183], "b5": [0.16190628648192004, 0.8629497095921573, 0.9649948157584401], "b6": [0.9694116835325737, 0.8327910892972034, 0.8723527990072475], "b7": [0.7474006004574476, 0.8002042133118684, 0.8439112185788064], "b8": [0.16152241895984634, 0.9916995990425076, 0.9485641320586018], "b9": [0.774925090334019, 0.9675347365563689, 0.9138460500330896]}