{"b0": [0.7392126639872942, 0.8807722795174626, 0.962216572218705], "b1": [0.7172341652631249, 0.9839090625572936, 0.9777965033656472], "b2": [0.9833216590919435, 0.7799344979171922, 0.9729086740511278], "b3": [0.743034070784951, 0.8331977491041459, 0.8022114520674011], "b4": [0.07612868008662885, 0.9327892496701723, 0.9657336650130957], "b5": [0.01693295162436708, 0.7435307198157137, 0.8782505391820805], "b6": [0.8649114830082906, 0.8271513968573301, 0.9557339900539167], "b7": [0.16467295126725293, 0.8170094667380579, 0.8778927643147898], "b8": [0.7674989532261833, 0.9453329536863122, 0.967000685739324], "b9": [0.9933884060211491, 0.8906836669969591, 0.8223166810005347]}