{"b0": [0.9946330326157335, 0.9793593929141128, 0.900452698741794], "b1": [0.9842285518726211, 0.9872815870011661, 0.8732590182934561], "b2": [0.7391242657218485, 0.9479914683904499, 0.8476433988872104], "b3": [0.7609223330719892, 0.9824936412118664, 0.9423757786093087], "b4": [0.5826021911018373, 0.9982419992176973, 0.8913311274821125], "b5": [0.7830554205542741, 0.8294232996286343, 0.8578384349892829], "b6": [0.0003966454435876992, 0.9196192812547865, 0.9692003373244478], "b7": [0.5854660961716125, 0.9162316037843019, 0.9688420510838172], "b8": [0.7969429028142637, 0.8625920406063101, 0.8115813017875826], "b9": [0.9918591597697514, 0.8195326058595106, 0.8064587260399573]}