{"b0": [0.749339285778867, 0.6985455816501623, 0.8344675134328483], "b1": [0.006891715303507929, 0.9603681038890829, 0.9063001736756888], "b2": [0.7528544407148645, 0.8674957066008564, 0.8102372476184319], "b3": [0.7734787755955889, 0.9266619102895196, 0.9539438906670624], "b4": [0.751552027297976, 0.9153455792654965, 0.8016861129363633], "b5": [0.01825528072972154, 0.8864213312821991, 0.888800474606867], "b6": [0.001978053367148334, 0.9709540970727191, 0.9507177519291321], "b7": [0.6192365947649396, 0.8898962952386984, 0.8072798940790232], "b8": [0.9849122936684097, 0.7815906911580671, 0.8421060885293855], "b9": [0.8762219473615234, 0.9059526652880195, 0.9996519622832131]}