{"b0": [0.3142971357622491, 0.8831945135294285, 0.9063613403722731], "b1": [0.8781998211855402, 0.9554513822402991, 0.8709002209175201], "b2": [0.639548338823322, 0.8406038965352578, 0.9248794730820241], "b3": [0.6983384272554748, 0.9273453227981979, 0.8406791193020221], "b4": [0.886496207938568, 0.908363173026432, 0.9116748539220704], "b5": [0.017269560748661296, 0.9937951129634602, 0.8186988575034811], "b6": [0.8662235730952547, 0.9966954732865376, 0.8768898553280278], "b7": [0.7490581744921725, 0.7770965886522382, 0.9590654085185335], "b8": [0.9755435729547948, 0.9414277709753103, 0.9434235800214487], "b9": [0.7472495362505902, 0.92583770853665, 0.9082885848253234]}