{"b0": [0.6500227211303161, 0.8564121905321853, 0.9727256537454672], "b1": [0.7301608827436958, 0.9690575449230951, 0.8094283513413428], "b2": [0.588532469530441, 0.9265113913730455, 0.9828316045379749], "b3": [0.9086225386785114, 0.9349643203487134, 0.8919966487843817], "b4": [0.0843277414413931, 0.9558891942768919, 0.8038948042135736], "b5": [0.33460087169088476, 0.9462160592474885, 0.8688741962592756], "b6": [0.8418131692557974, 0.9779333158508712, 0.9077486192811502], "b7": [0.31952062255021274, 0.9915454638290729, 0.938894942179576], "b8": [0.7424443415500767, 0.8373854306155724, 0.9791161934910733], "b9": [0.07900861665085056, 0.9379488804177863, 0.9501783081736791]}