{"b0": [0.8652599061279749, 0.9063893018088884, 0.9731283481000458], "b1": [0.9960371199615378, 0.8991514266944511, 0.890021596493149], "b2": [0.07513880124877809, 0.9812791824137134, 0.8577701762282666], "b3": [0.8882513518481093, 0.9907173162794419, 0.9849344833134888], "b4": [0.07305156763278918, 0.908877359285525, 0.9582465040901327], "b5": [0.9190324827421352, 0.9419223896266371, 0.9790568352040572], "b6": [0.9901987410246395, 0.9225723747343837, 0.8025751276531858], "b7": [0.8498650660023288, 0.9635031298424281, 0.8141557717891671], "b8": [0.07268862630805767, 0.9043062369576009, 0.8806010086962338], "b9": [0.10130882285346371, 0.8815720437427601, 0.9191173549706474]}