{"b0": [0.8458315427266022, 0.8926659851927927, 0.8835505677959393], "b1": [0.0744248772018331, 0.8871661977021794, 0.9213732374603513], "b2": [0.8882423387525686, 0.8115924995638625, 0.8309823256561445], "b3": [0.3441710006311587, 0.9214472831803658, 0.8006621959758198], "b4": [0.3346951841201588, 0.8168740530791861, 0.8020118270736782], "b5": [0.31610828086806997, 0.9341704125585973, 0.951320739152721], "b6": [0.9147797500789195, 0.9050771225797283, 0.9146060916187742], "b7": [0.07147385260403755, 0.8686681214528881, 0.9718122982534626], "b8": [0.847989830528581, 0.8649049092330036, 0.8419869090333078], "b9": [0.08253565718581152, 0.8844647870506174, 0.9571822924121599]}