{"b0": [0.3270345617303394, 0.9579785250045488, 0.9217557555646462], "b1": [0.8744130544091032, 0.9694881526663761, 0.8259512728607072], "b2": [0.6981994518288331, 0.9547223555056107, 0.8825462577783475], "b3": [0.7270141526027917, 0.9323981272822135, 0.9526637800736515], "b4": [0.16670216271139304, 0.9997323303787173, 0.8588990791686], "b5": [0.7314697643181424, 0.9865749538450979, 0.9444886028282332], "b6": [0.8763116670329242, 0.9236104868332071, 0.8379501896234146], "b7": [0.0970798738078432, 0.9762751502673177, 0.8139218130020484], "b8": [0.8479674107363269, 0.9178745978185264, 0.852374206327251], "b9": [0.8804050262465267, 0.8982575843986624, 0.8519394114515129]}