{"b0": [0.34281133782677126, 0.9888038165499359, 0.9382681096844695], "b1": [0.8710162811471269, 0.9029550525561527, 0.8579259148231028], "b2": [0.0007703600139871985, 0.9865524859891484, 0.9310424746850191], "b3": [0.7051978571605769, 0.9415814279068652, 0.9315446354395772], "b4": [0.7413513136069549, 0.9259021923797964, 0.9960841088478276], "b5": [0.641870598856136, 0.9872220898477835, 0.8210314239375855], "b6": [0.3006381921664234, 0.9461541624201655, 0.9997157935248723], "b7": [0.8824028351401829, 0.9271957392636448, 0.9611111419249967], "b8": [0.8769608137209504, 0.7748925820723883, 0.9398563751246207], "b9": [0.1751848398329158, 0.9259715484110145, 0.9602684253319035]}