{"b0": [0.15277472702289846, 0.9582895879869742, 0.976245153743658], "b1": [0.7557534370663339, 0.9825699190368258, 0.9477447390080812], "b2": [0.5899345978817324, 0.9175451703494454, 0.8195273374840615], "b3": [0.7812760930099291, 0.9508749996038247, 0.9923728008822243], "b4": [0.07701952898834201, 0.9289434619360135, 0.9606205954155296], "b5": [0.8884919572278972, 0.9854312920397841, 0.8664529740771095], "b6": [0.747624623064633, 0.8290873304230268, 0.892485823042741], "b7": [0.6554387076262652, 0.8895221433180649, 0.8109811546473025], "b8": [0.16264819719622067, 0.9575729333717098, 0.8900516152363749], "b9": [0.899792778988919, 0.8536589031986438, 0.9063835952334961]}