{"b0": [0.8854768154155555, 0.8051042712275346, 0.8418861616359986], "b1": [0.10212605567207199, 0.9943554646329147, 0.8461971581130477], "b2": [0.08747608583386084, 0.9419940749864416, 0.9491423068620699], "b3": [0.09650356555944475, 0.9440502750536061, 0.9978140430591239], "b4": [0.765225544485337, 0.9759438871115909, 0.8843063180620914], "b5": [0.16499476710807007, 0.9452188542849739, 0.9438290509067473], "b6": [0.7296100925882439, 0.9474794977490001, 0.9263369574073643], "b7": [0.8526818511237589, 0.9002277640839176, 0.8588658968425085], "b8": [0.5992614956883956, 0.8218124250597353, 0.9716119542508249], "b9": [0.8664430287432293, 0.9731235891208351, 0.9363567930248332]}