{"b0": [0.1084251059810338, 0.9617283789315352, 0.9598464644257543], "b1": [0.14989194000031855, 0.9595129540983716, 0.9813110910720682], "b2": [0.16646942628650888, 0.8620063658892272, 0.9772144924147296], "b3": [0.16787684459438976, 0.9687592653123128, 0.8814779446505652], "b4": [0.15906838294224193, 0.9082944889643586, 0.8191426667634772], "b5": [0.5882285115920012, 0.876205776469523, 0.9424417786212993], "b6": [0.6504379126461631, 0.921812232953759, 0.9596420647042967], "b7": [0.012807211986037544, 0.9812782979984941, 0.9742874109298667], "b8": [0.5470115099401283, 0.9043040895448223, 0.8329820117651502], "b9": [0.08888586174250283, 0.916375960205984, 0.9731421001730163]}