{"b0": [0.30783072540205203, 0.9670765623138204, 0.9938015450191443], "b1": [0.1602529241880991, 0.9443908996275059, 0.8613492403437077], "b2": [0.9979020520320785, 0.9563637256466344, 0.9179033037362236], "b3": [0.15688612914177763, 0.8433288035135428, 0.8579722873747119], "b4": [0.6775505973268455, 0.9314063283036274, 0.8592481386324091], "b5": [0.16107015321948753, 0.9902779608031307, 0.9477643373652315], "b6": [0.9770289860149429, 0.9904251074885586, 0.9158426081406374], "b7": [0.16051331808671165, 0.9853861602826283, 0.8053224700905806], "b8": [0.6262640783278784, 0.9318778454783359, 0.9359905611458088], "b9": [0.15570842717366143, 0.9968373420433391, 0.9439305637469276]}