{"b0": [0.15941559517130485, 0.9606188405332964, 0.8161019728190859], "b1": [0.16126898783011168, 0.8803733613296737, 0.88869491575955], "b2": [0.15518326587985304, 0.9527448030193528, 0.8166781866678144], "b3": [0.7474392326478977, 0.9736012863947232, 0.9884625201979728], "b4": [0.15455210142919754, 0.8894227389293473, 0.9955143862383544], "b5": [0.16767071718336105, 0.9382380080934554, 0.9393433692561917], "b6": [0.9895826198923617, 0.9371524737379511, 0.8777223223241625], "b7": [0.6032766251993446, 0.9515112271910762, 0.8195891403793403], "b8": [0.15616290900791938, 0.7807300200965882, 0.8804749975993437], "b9": [0.3284266122404147, 0.9370695343570965, 0.9422184161344385]}