{"b0": [0.8732780220073977, 0.961003156665987, 0.9320555263209808], "b1": [0.16782473759705885, 0.9413725023526226, 0.8412151760859433], "b2": [0.9110745840870941, 0.858275232467229, 0.8053561673053838], "b3": [0.8708356830489895, 0.8177490340154702, 0.9737797224631399], "b4": [0.1679529271781969, 0.9392153979293066, 0.9107562641326177], "b5": [0.3642005020272353, 0.8967078862651158, 0.8092898560447748], "b6": [0.3200789584074084, 0.9417870613079035, 0.9108590541816841], "b7": [0.3602975053769981, 0.9018332192508816, 0.9788795703385302], "b8": [0.8837197797118264, 0.9454217762464517, 0.9188301333636886], "b9": [0.876035500655839, 0.9873455250233494, 0.8732863333639004]}