{"b0": [0.30436648520403137, 0.9835869692068107, 0.8237917162878151], "b1": [0.16554721655068513, 0.891557632065995, 0.8380535704940988], "b2": [0.9090878521242765, 0.9298043860207023, 0.8842989792573737], "b3": [0.16485654999546526, 0.892731049008846, 0.9493149089505095], "b4": [0.7333181590304804, 0.9738515879530847, 0.9983158270453362], "b5": [0.1469296716634493, 0.942594102549918, 0.9973545455520388], "b6": [0.8631445964665541, 0.8112338784113949, 0.9446235406371545], "b7": [0.16333752960970738, 0.9364389415456776, 0.8937122879705488], "b8": [0.8595403805740084, 0.9992196723052201, 0.94017836572629], "b9": [0.845569346119277, 0.8272240955566688, 0.8174571963791121]}