{"b0": [0.08397741258296847, 0.9873184284609572, 0.942101756566121], "b1": [0.1569490031355976, 0.9259753006528518, 0.8734494687863714], "b2": [0.9202788494283557, 0.9208653979599059, 0.9614606822012746], "b3": [0.8565529934694801, 0.9449356123466207, 0.9822651768239079], "b4": [0.34405051403938025, 0.9313288065024498, 0.9306745147620922], "b5": [0.8411752092102179, 0.9752277375890926, 0.9411093988265329], "b6": [0.06828349586177723, 0.9346307836305521, 0.8297190667406908], "b7": [0.7731167579831759, 0.7545128823617259, 0.9490213582763729], "b8": [0.8283463680112948, 0.8767076366836812, 0.8162477621859822], "b9": [0.34477060423980604, 0.7535536739003987, 0.8213896507962614]}