{"b0": [0.08847957020453427, 0.9039412614819181, 0.9807808173813026], "b1": [0.0008697428227162505, 0.8839834857943033, 0.9043717399710564], "b2": [0.9920905119407135, 0.804983222228239, 0.8384350220534829], "b3": [0.08059678363809518, 0.8262474181123867, 0.9414037023108075], "b4": [0.005746600245611221, 0.9114217766098696, 0.9318969887121078], "b5": [0.01940473969272354, 0.7886174143189436, 0.8887229760376019], "b6": [0.09209224901677841, 0.7891859751668366, 0.8422934915783833], "b7": [0.05915055687828088, 0.9697251195593212, 0.8926643231026701], "b8": [0.08799099407158902, 0.974562126671369, 0.9224548954463933], "b9": [0.094593913673921, 0.9188861016402424, 0.8564038662741413]}