{"b0": [0.022869404173750607, 0.828682848710036, 0.9955019980019728], "b1": [0.0313516633886989, 0.9375585179406347, 0.9033009420610761], "b2": [0.07210273443148733, 0.8318635207715194, 0.9850895016952379], "b3": [0.021848584735343436, 0.7655154802140113, 0.9125147416327855], "b4": [0.9898347109203841, 0.9770740248475193, 0.9620245472971659], "b5": [0.09183779677829453, 0.814118440894529, 0.9507925126451019], "b6": [0.9873682280578353, 0.9377465393270391, 0.9812440348506556], "b7": [0.012462299346744475, 0.8356440632703666, 0.9366433156810214], "b8": [0.1581707502120803, 0.9042216547433697, 0.8229230971913201], "b9": [0.09501539030342204, 0.8673815276145777, 0.9916282610672882]}