{"b0": [0.15965356562590266, 0.9959624717724695, 0.9386656361074815], "b1": [0.8881053528624413, 0.9265911100238181, 0.9036324125483834], "b2": [0.14835249970032877, 0.9760353277802427, 0.9458663203992391], "b3": [0.1627998406124831, 0.94711105490416, 0.8163885993518036], "b4": [0.8251184169964092, 0.9048043866120242, 0.9475768394505114], "b5": [0.36203773114855586, 0.8260257841031939, 0.9823938003336237], "b6": [0.2901512555836383, 0.8960044591561424, 0.9641985109705338], "b7": [0.15423534371181818, 0.9259362601000621, 0.9802588005758345], "b8": [0.8679598264324072, 0.9828997562144082, 0.8820919689842843], "b9": [0.8781705406054066, 0.9286249240930323, 0.8292838258878514]}