{"b0": [0.6744925546413586, 0.8653631310646382, 0.9245795196880608], "b1": [0.8594158722944397, 0.9917150858880524, 0.9288718547419176], "b2": [0.06748350222513802, 0.9945471796290406, 0.8050337418266297], "b3": [0.2831382535368967, 0.9131487062830721, 0.8598376674917796], "b4": [0.8829250872374145, 0.9330500503586261, 0.8443350154859739], "b5": [0.32954180405227207, 0.8710093826930383, 0.9330519657025508], "b6": [0.7076236541995955, 0.8939048646099857, 0.9472518277926141], "b7": [0.09720789713512522, 0.9871543663935058, 0.8782513320317024], "b8": [0.8357325736554503, 0.9515456583395803, 0.8880175751136303], "b9": [0.5895510429024534, 0.9416607681474806, 0.9598534539636593]}