{"b0": [0.8981223237513309, 0.8863734139440461, 0.8443018079437516], "b1": [0.31494447945394477, 0.9360035700394569, 0.9020471913752488], "b2": [0.0879765561870383, 0.9724330962099615, 0.9677405713102846], "b3": [0.7332991086750783, 0.8697831968363623, 0.8917186228496436], "b4": [0.6510132042571639, 0.9546220188757887, 0.841877675691541], "b5": [0.7629807226343301, 0.9715808037685817, 0.9038925782468097], "b6": [0.3533127461225011, 0.9101487050887538, 0.9486649120633381], "b7": [0.8525663483817146, 0.9916556849587156, 0.9963792845993177], "b8": [0.08216762864747972, 0.981084955204627, 0.9762618371380306], "b9": [0.6164093050350473, 0.9289919209137526, 0.8398430726319482]}