{"b0": [0.7983396704935943, 0.8840245383838169, 0.9772112159820793], "b1": [0.8880700769549565, 0.9159207029631521, 0.9234139403733228], "b2": [0.39058773120874485, 0.9314395265765287, 0.8982224790400426], "b3": [0.31174746941628817, 0.9454310022378563, 0.8112006497716042], "b4": [0.7253972842617405, 0.9930655032711434, 0.9290432313625655], "b5": [0.8612253675944385, 0.9805213826156985, 0.8364389482682819], "b6": [0.6447999087180304, 0.9309590389165656, 0.9456562175918981], "b7": [0.34812154209922797, 0.8009684494933197, 0.805906593112415], "b8": [0.7538872073269022, 0.9110082322381226, 0.9441183808378638], "b9": [0.8721717035868282, 0.7946462396419242, 0.9241171834686729]}