{"b0": [0.00915914037354939, 0.9101781242564618, 0.8786429779279572], "b1": [0.9895430091739351, 0.9141808314141181, 0.8563901711907143], "b2": [0.7208896392030824, 0.9217951617746734, 0.9472725286920237], "b3": [0.1618297450963642, 0.9739298808802189, 0.9461242678431643], "b4": [0.16020771810312656, 0.9958588334727385, 0.8690114999723559], "b5": [0.7561823407870928, 0.951058526580986, 0.8108968605491407], "b6": [0.15104471374559666, 0.8499109510741347, 0.9156209224561386], "b7": [0.1558794466154366, 0.9388447984382176, 0.8546734343512814], "b8": [0.16186507584845292, 0.9362860533787645, 0.8455917965201888], "b9": [0.15802358363079183, 0.8878646717399572, 0.9881834068148312]}