{"b0": [0.16959167317313384, 0.8894922133738968, 0.8266421029729066], "b1": [0.9978027298740446, 0.9428350178218727, 0.8947794460747179], "b2": [0.17028804558056332, 0.9974802027912049, 0.9959790575759496], "b3": [0.16024648334315691, 0.9408784078495327, 0.8721909394886737], "b4": [0.16869660123966612, 0.9965971477262362, 0.8432239057544826], "b5": [0.741853067140088, 0.8500041227022638, 0.828253279342683], "b6": [0.16508674206217586, 0.9009985118866684, 0.8926509861478233], "b7": [0.627676070813593, 0.9649351631976557, 0.9105723602299097], "b8": [0.7466397112771083, 0.9148987384951244, 0.8755501899486802], "b9": [0.15983392216273917, 0.8622819267979966, 0.855458408354132]}