{"b0": [0.7500138832017327, 0.9042286469390006, 0.9253383134999189], "b1": [0.7560091573127249, 0.9218961434712806, 0.8826151595300173], "b2": [0.15255288989447138, 0.9496245133597597, 0.9685912953050498], "b3": [0.16259950644983562, 0.8674611940107759, 0.9373763149847804], "b4": [0.1578425320464916, 0.8172034926306242, 0.9678077870239705], "b5": [0.745410827191644, 0.8887962273072586, 0.816132949036891], "b6": [0.16144576709731306, 0.930795227571874, 0.8076355955703393], "b7": [0.16951079658042004, 0.9217365228449432, 0.8700997100540362], "b8": [0.6190468834529465, 0.9302387322280333, 0.8073866978078482], "b9": [0.0026683527681450173, 0.8791351692849864, 0.8290177520039211]}