{"b0": [0.7802782234554264, 0.9086863593424499, 0.8548009582259831], "b1": [0.878567793134567, 0.9464591272711139, 0.8633771375594709], "b2": [0.08030724265206317, 0.9600659273763147, 0.946873316489741], "b3": [0.7782493181427356, 0.9404782538671013, 0.9868164828896262], "b4": [0.6002599437766293, 0.9476641360236491, 0.920637912876336], "b5": [0.7558636638071703, 0.9962251390605307, 0.9072997643468094], "b6": [0.001186873991852379, 0.9664436617739274, 0.9816752375107743], "b7": [0.671095808382477, 0.8335831229153137, 0.9480351612342394], "b8": [0.007628180685237236, 0.8479844389383315, 0.814743566230145], "b9": [0.7692968550581938, 0.9614671992582068, 0.9696497695472239]}