{"b0": [0.9929781499962091, 0.8811277663854633, 0.8240812408461775], "b1": [0.7737672005839376, 0.9353287995349255, 0.8852868559537663], "b2": [0.9309322117117691, 0.8476032209129656, 0.8622091157994919], "b3": [0.7313401828500833, 0.9120263465542716, 0.9839470656240056], "b4": [0.06263067455266794, 0.9310957485897364, 0.8087413988277328], "b5": [0.7663626802791589, 0.9846019862099213, 0.8779466431459427], "b6": [0.01051473697456078, 0.9718038859344579, 0.867709022138729], "b7": [0.5795494719565484, 0.9055564886967011, 0.8882466658916397], "b8": [0.7036939336481641, 0.8115515080065563, 0.9907850984405066], "b9": [0.0007872570491868464, 0.9325375540386952, 0.8605395843367409]}