{"b0": [0.7347764124759167, 0.9876426149237706, 0.9144023389084452], "b1": [0.5764139592701525, 0.971028086902072, 0.9986291659244674], "b2": [0.7325703749088933, 0.9502680877285025, 0.9681808971254608], "b3": [0.7572534411457897, 0.7991619370321235, 0.8746986390747225], "b4": [0.9951307577503775, 0.9839847702946449, 0.8654015395844783], "b5": [0.5695825926985676, 0.9398540478542492, 0.9867580096442309], "b6": [0.16233728092113725, 0.720735075892907, 0.8874762322509483], "b7": [0.008835338500577914, 0.9477459856775873, 0.9655436895019066], "b8": [0.07861400343427923, 0.9538155562383811, 0.9214486653894689], "b9": [0.9842501415362793, 0.9665118273138336, 0.9369102996452378]}