{"b0": [0.33437500375588003, 0.9748274742126761, 0.8296271158239082], "b1": [0.10292567740273822, 0.9858981529815983, 0.9992900546106788], "b2": [0.5708316280537433, 0.8580161870221668, 0.992018338411704], "b3": [0.005382447238293564, 0.9105987490181058, 0.9672139870368437], "b4": [0.6708001571712834, 0.8590576368510676, 0.9159162357302645], "b5": [0.9962306666252093, 0.9305363987917846, 0.8416758514507814], "b6": [0.9056216663541379, 0.9828069182902549, 0.9166477554085322], "b7": [0.30269352043465814, 0.9877399008632939, 0.8953158597559912], "b8": [0.601850629399189, 0.9659850603533244, 0.8674306873180333], "b9": [0.006204245562667066, 0.8955776367739119, 0.9016654937434144]}