{"b0": [0.8751125105039337, 0.9639711079968398, 0.9630598051510164], "b1": [0.979858636049673, 0.8866310254831555, 0.9568270288758601], "b2": [0.6864826036320976, 0.8334714103073363, 0.8558539788838175], "b3": [0.6201507751762758, 0.9864606393724406, 0.9902234218047441], "b4": [0.9814050008895763, 0.9448925431986674, 0.8819870636562712], "b5": [0.6631695182765818, 0.9503664414906366, 0.8992276516424067], "b6": [0.6346147869771902, 0.9475322404351951, 0.817680818552557], "b7": [0.6226200753989309, 0.963329675883361, 0.9225578737091681], "b8": [0.6581366779359621, 0.9510986839805389, 0.9287083761031212], "b9": [0.9873461898161332, 0.837867974239578, 0.8068407489720939]}