{"b0": [0.0005920821891505754, 0.9476439968839027, 0.9817845154168036], "b1": [0.6030762175308191, 0.9871365777326231, 0.8129229923579426], "b2": [0.6610803962766301, 0.9125935997114872, 0.9329420535847697], "b3": [0.02112886302690033, 0.9869179466700397, 0.9002355636501987], "b4": [0.9735369657044248, 0.9205410733429009, 0.801934653165697], "b5": [0.6265716254251881, 0.8140323624329204, 0.8153447351776378], "b6": [0.6320689989575068, 0.9748590583579393, 0.9767140430128701], "b7": [0.9893494016884544, 0.7258920865659343, 0.9877103302483091], "b8": [0.6243603976821624, 0.9826289099757446, 0.8191591993837352], "b9": [0.7493390516823146, 0.9816446145170684, 0.860172751720691]}