{"b0": [0.6071957905874217, 0.9267546147568688, 0.9692087719399609], "b1": [0.01292391226842702, 0.975020462319616, 0.9565324775745612], "b2": [0.5875315388421888, 0.827522695658695, 0.8881207206113395], "b3": [0.7349454771333105, 0.7879728665874947, 0.8063661770378733], "b4": [0.9983504560746852, 0.9107483027718095, 0.946230409918823], "b5": [0.006318392828333432, 0.9178029055122195, 0.8973063595339495], "b6": [0.633142410532287, 0.9617466968665898, 0.8136544935168629], "b7": [0.5928996201720517, 0.952888136606997, 0.9288384556354429], "b8": [0.3382345507943698, 0.9905928926937086, 0.856112520468014], "b9": [0.648172690453139, 0.9059206617151824, 0.8685272971060872]}