{"b0": [0.5868486219051345, 0.820574910975959, 0.9084534407441839], "b1": [0.6345312017293069, 0.8078100295901397, 0.98181529221494], "b2": [0.6746109715644227, 0.9289286384986883, 0.8639310299717354], "b3": [0.3096428299294526, 0.9706200594634755, 0.8807337651875798], "b4": [0.016188368011943396, 0.639277304904698, 0.9406502323595065], "b5": [0.5581057845576699, 0.915798567808722, 0.937793264003585], "b6": [0.6564263350724849, 0.9025014702964979, 0.840715696358272], "b7": [0.9959107373688895, 0.9435021135112734, 0.858461073740503], "b8": [0.9997199772556081, 0.9659142970054302, 0.9201794299738628], "b9": [0.09130778627599037, 0.9584272381104436, 0.8810158495660286]}