{"b0": [0.7285893993821329, 0.923261716826273, 0.9705678392287925], "b1": [0.3437834065588183, 0.9445454259385407, 0.9792031793176595], "b2": [0.8665012708986956, 0.9742118997549292, 0.8585401679179404], "b3": [0.348771281830137, 0.8816160397301473, 0.9783387522484128], "b4": [0.09202266502471679, 0.9358601427271086, 0.8165250607350852], "b5": [0.02766193209270265, 0.9452363587190808, 0.9084869766562048], "b6": [0.6464716646082875, 0.8478854817134711, 0.9183423805628103], "b7": [0.07268967713499447, 0.9066669380156662, 0.9825096204971903], "b8": [0.15513402492073675, 0.9946535295503091, 0.9847726876003956], "b9": [0.8794510044305494, 0.9791403875593103, 0.825755891603336]}