{"b0": [0.0913692690950041, 0.8748874421793493, 0.8374900357792849], "b1": [0.9920038947337004, 0.9846554570670333, 0.9179783211342161], "b2": [0.8658773774075939, 0.9695853887984041, 0.9694713751298052], "b3": [0.006437228902781104, 0.884280359917762, 0.8831710615974305], "b4": [0.8776355158724573, 0.925774200777687, 0.9253437707053948], "b5": [0.3762668273313911, 0.971026658882241, 0.9441680851754994], "b6": [0.570442074374492, 0.977302306185997, 0.9481859425855867], "b7": [0.06758762737838152, 0.9232793289276984, 0.837270657708921], "b8": [0.3804584119437958, 0.8771768162302216, 0.9337345758945784], "b9": [0.008573870219600233, 0.9876676882730792, 0.9385457282307154]}