{"b0": [0.09314474480186904, 0.975906196318567, 0.843751324467737], "b1": [0.6392010994187196, 0.9055389840147693, 0.8515578795154969], "b2": [0.07058422062405413, 0.8353335291920473, 0.9973145822873232], "b3": [0.16863988281951545, 0.9685366559314675, 0.8952718094668939], "b4": [0.162587271246985, 0.9970279040257718, 0.8694168216313882], "b5": [0.9795352950183565, 0.9621395103621745, 0.8173920899877126], "b6": [0.32365317426718376, 0.897973225225188, 0.9030799870641067], "b7": [0.8870424362390203, 0.9366368710647088, 0.9272185607621759], "b8": [0.0747973878634023, 0.9798524926329145, 0.8104152725344431], "b9": [0.875675577530954, 0.971251444961111, 0.854316162328425]}