{"b0": [0.10456917273805302, 0.9399998420525257, 0.9500790004880111], "b1": [0.9180096695076005, 0.8727042063347181, 0.9800965300566427], "b2": [0.8810907295615442, 0.8738113128179263, 0.9230572770062834], "b3": [0.153712344643035, 0.9057388395477229, 0.9748945774054918], "b4": [0.7673788031653079, 0.8753587228330248, 0.8554328589467953], "b5": [0.8722088344840513, 0.928548304767801, 0.9231830224355909], "b6": [0.7335909035959765, 0.9083409389627368, 0.9519768509080296], "b7": [0.08096543671728287, 0.817741184954268, 0.990895858217979], "b8": [0.8443484215936088, 0.9846657485839401, 0.9433685665403239], "b9": [0.1605876255571127, 0.8646357678543173, 0.9911141254793204]}