{"b0": [0.9948437422693935, 0.7913161223880345, 0.9304972638340349], "b1": [0.5751914360075101, 0.8823606964016417, 0.8286374408840851], "b2": [0.9018625034060723, 0.941114322411526, 0.8127816669858015], "b3": [0.16093648587873016, 0.9024139167225765, 0.8328834992464834], "b4": [0.8739488229835674, 0.9145629041594805, 0.8994288716918929], "b5": [0.35745104279883483, 0.8830090344096932, 0.8090255925190161], "b6": [0.8499943597535311, 0.8993413662155683, 0.9805794897249893], "b7": [0.3767060565162378, 0.8760928051358572, 0.899912176892747], "b8": [0.8755508731387444, 0.980848335833293, 0.9762638876643429], "b9": [0.16431439872292983, 0.8121746528907589, 0.8986303179436044]}