{"b0": [0.8940955489779593, 0.9615744485617234, 0.974467809253471], "b1": [0.5725401423507442, 0.9414223873290579, 0.9918892256017418], "b2": [0.32506931789876836, 0.8660020166273139, 0.9726017454546698], "b3": [0.16414819713601975, 0.8764827680234026, 0.9674268909939175], "b4": [0.6537140512431904, 0.9644767017862047, 0.9716998119041129], "b5": [0.7756506450968427, 0.9160660409479844, 0.8131238465834678], "b6": [0.9027876264639002, 0.9626411822989166, 0.8190895393222994], "b7": [0.8488653782371819, 0.9399982558119274, 0.9619211194635635], "b8": [0.28893027753828454, 0.8757843739896417, 0.964176759951524], "b9": [0.1683741577444547, 0.9836089930508995, 0.9483083100701122]}