{"b0": [0.2813785666650414, 0.8872823678784287, 0.8141263035390639], "b1": [0.8649814576356779, 0.9602101990689401, 0.9675095017951041], "b2": [0.6537339739835282, 0.9350130140401903, 0.8389117913649011], "b3": [0.6049094853623302, 0.9707957407959704, 0.9150628811206438], "b4": [0.16134313869448785, 0.9636418905263144, 0.8229538728742383], "b5": [0.7347664224344321, 0.8746802634830959, 0.9748781053764166], "b6": [0.7188022522050161, 0.9118503278305354, 0.861012278896809], "b7": [0.3102139957010291, 0.971136983811267, 0.996482798442363], "b8": [0.1589065875845347, 0.9971257448362464, 0.8464741706164977], "b9": [0.9882709978625219, 0.8328270205265753, 0.9969769152974582]}