{"b0": [0.9859403329505823, 0.964860829282302, 0.9462575958883717], "b1": [0.016189520286722443, 0.9850642972384565, 0.9810478737170386], "b2": [0.8922132143839278, 0.9785969497250998, 0.8344598502366832], "b3": [0.9260143570388405, 0.9211718098276447, 0.848105350802708], "b4": [0.6472004004489906, 0.855871504913475, 0.9995849876372178], "b5": [0.05699923260376825, 0.9631114092238604, 0.9666782581079199], "b6": [0.3354354050348721, 0.9099520792602803, 0.9433702652542914], "b7": [0.3018964462587005, 0.960474769779633, 0.96402126625723], "b8": [0.2984568415219632, 0.9819611658982993, 0.8374629585058038], "b9": [0.09446424444506739, 0.8814065201023255, 0.9880579712227745]}