{"b0": [0.16074984989124638, 0.9075696456019747, 0.8268519062982836], "b1": [0.7521866279073306, 0.8552763328177144, 0.8620378155642713], "b2": [0.1713055373590522, 0.9980754028854257, 0.9206944030904114], "b3": [0.594604708461369, 0.953310645422646, 0.8731664820518482], "b4": [0.08321321846020713, 0.9841126728875984, 0.937154553027439], "b5": [0.7579495626626175, 0.9363018487870377, 0.8438064841326952], "b6": [0.6209363552057836, 0.9785122164019578, 0.9746361725344507], "b7": [0.01199287045732411, 0.8810809294158501, 0.8741568603013739], "b8": [0.8859814564737793, 0.9307522749792948, 0.9125039347988904], "b9": [0.8730414229053397, 0.8495682729027255, 0.8117255531798173]}