{"b0": [0.15510267735361713, 0.7652186506814538, 0.9462928953305573], "b1": [0.17075893586850877, 0.8850967691595131, 0.8226250225898997], "b2": [0.09941467188442221, 0.93998658923204, 0.8409421983203396], "b3": [0.7622811478717647, 0.9453696786036079, 0.9722163921008905], "b4": [0.8693828737990387, 0.9777882064339931, 0.8347684335343534], "b5": [0.7641021537081982, 0.9631867181301069, 0.9215687239911847], "b6": [0.7513983424469468, 0.9921655506087572, 0.9049320643737794], "b7": [0.9184301209136693, 0.8996262631981176, 0.9636799198179784], "b8": [0.7352380735336793, 0.8710522805232227, 0.9157840952509261], "b9": [0.07549237874099872, 0.8772707312428173, 0.8111858563300983]}