{"b0": [0.15996822872794636, 0.9587502574522887, 0.8015404343167691], "b1": [0.08944508626840424, 0.9857525722292675, 0.8792966261085522], "b2": [0.7479672064417439, 0.9954686843910717, 0.960784451689765], "b3": [0.17452858551605618, 0.9027401373956627, 0.9427338364751349], "b4": [0.7629266633065193, 0.8386201068907349, 0.9948755735087815], "b5": [0.7459337969721423, 0.8535179070652191, 0.8168107054051126], "b6": [0.7320627455131984, 0.9816903313395846, 0.9011584157814712], "b7": [0.7640746805812296, 0.9120526724544888, 0.9275993159278016], "b8": [0.7634506612583105, 0.9408542753807058, 0.9244063652980117], "b9": [0.07842391103058689, 0.8634308223152385, 0.9689441803106643]}