{"b0": [0.6513587869673932, 0.7911563357946266, 0.9404949093882646], "b1": [0.058592668101261916, 0.9404112495830923, 0.8037336782106727], "b2": [0.15500769557215086, 0.9590726721317582, 0.930542258097575], "b3": [0.10950406750598807, 0.8222072720953468, 0.8820184606141594], "b4": [0.7458130491189903, 0.8727744267393084, 0.9797399269998056], "b5": [0.7742505565509259, 0.9751084772340503, 0.8570765648530896], "b6": [0.17831619859177233, 0.9744544014141507, 0.9706523358740731], "b7": [0.7244693884135447, 0.9370135302246899, 0.8147783653864845], "b8": [0.7718420396098569, 0.8394830727416474, 0.8265230934226564], "b9": [0.585176767452554, 0.9975435361807337, 0.9987407101955186]}