{"b0": [0.15288960238862415, 0.8310528592387965, 0.8556789356883833], "b1": [0.10036640617508401, 0.7960480530150329, 0.8776810889195743], "b2": [0.15566771923036535, 0.9430563920714934, 0.8103371667052894], "b3": [0.16175409384727665, 0.9258576725779091, 0.9478748579706017], "b4": [0.15530911192634891, 0.9967570733469278, 0.9376908179089345], "b5": [0.15759257766495943, 0.845553008761499, 0.9842775200704914], "b6": [0.6069600444794269, 0.9342737923660991, 0.8185761551766357], "b7": [0.883715716814341, 0.9232812004098218, 0.8105676764472723], "b8": [0.1664146751755374, 0.9439513928835533, 0.9482210727319417], "b9": [0.07108877494914399, 0.8867721076726194, 0.8644385768263204]}