{"b0": [0.1064888354883268, 0.8857603533666898, 0.8356549590022692], "b1": [0.6321780452510396, 0.8842148134570437, 0.8409239706978322], "b2": [0.10187882902705438, 0.951485651798923, 0.8132436905795707], "b3": [0.15750611543507595, 0.9490946692365564, 0.9181221883371987], "b4": [0.662762829466743, 0.9673677484054864, 0.9752334576071533], "b5": [0.6722879157297712, 0.882473107378954, 0.8335143141247474], "b6": [0.6313288876773037, 0.9113337206336836, 0.8565122089231276], "b7": [0.7487015767239058, 0.976300088442938, 0.8191283971022432], "b8": [0.8590631943757273, 0.8786337916110165, 0.9263308051467822], "b9": [0.3576774720019829, 0.8627301367347066, 0.8911672157242756]}