{"b0": [0.7026937812041224, 0.9756034043213623, 0.8203976763834971], "b1": [0.7641891353333528, 0.8789824988451792, 0.9214892296236447], "b2": [0.09396923373919736, 0.963642961190191, 0.8720928468824849], "b3": [0.606311702120841, 0.8382863110700529, 0.9154354493091594], "b4": [0.6120709266204206, 0.7493858997221704, 0.8551261874108732], "b5": [0.7228625483577713, 0.9179999122692797, 0.9445878387194182], "b6": [0.16009034755093915, 0.9889364762912851, 0.9671610194909835], "b7": [0.07667461322870148, 0.9604177593799349, 0.9263191276298107], "b8": [0.1565158920887566, 0.9154778423654522, 0.9672322745279475], "b9": [0.591984100656049, 0.9957850525983105, 0.8992038868198113]}