{"b0": [0.009844787736597428, 0.9482903444114226, 0.9647454639622769], "b1": [0.7308273456406184, 0.9671915603896712, 0.8737046541643199], "b2": [0.15972110265703632, 0.8819827864470815, 0.8186456117096861], "b3": [0.08334922955114378, 0.9846904693907006, 0.8987070662584099], "b4": [0.07088881480051852, 0.7806501001694841, 0.902346324908582], "b5": [0.16276172751355167, 0.9456212613255914, 0.8179618767283098], "b6": [0.16999486012322612, 0.9839056315699964, 0.8514239278610076], "b7": [0.7339545536644125, 0.8979592619373129, 0.9200927646333799], "b8": [0.9877256899926272, 0.9236105024941438, 0.9609355318045817], "b9": [0.16544010572468873, 0.8829016197447339, 0.8542383898736086]}