{"b0": [0.1647845768054202, 0.9673993249412774, 0.9058110176993752], "b1": [0.5986923312113066, 0.9640789162263679, 0.9154190535950336], "b2": [0.7175296307012431, 0.9468726378372574, 0.8501825892387678], "b3": [0.6011386948337886, 0.9350044257963662, 0.9572101109567706], "b4": [0.16414323111752577, 0.9565596262284611, 0.8043059227492723], "b5": [0.9783511695252024, 0.9527755164893573, 0.8836182365565313], "b6": [0.996073890760686, 0.7905700363529391, 0.9183027808556972], "b7": [0.16097221469054765, 0.8942961301216517, 0.9756260136819371], "b8": [0.1575540739926545, 0.9240943955806968, 0.9880016447222948], "b9": [0.16377753855249708, 0.9334883115757893, 0.9146633768196958]}