{"b0": [0.05198297223485016, 0.9253128113450964, 0.8903960221789926], "b1": [0.16194629494274498, 0.9271273230419307, 0.8471563877982997], "b2": [0.002014822212407359, 0.7644741987315916, 0.8557282216218638], "b3": [0.1587376933287083, 0.9677575583231284, 0.979631608299389], "b4": [0.014651454670371766, 0.9757263394535876, 0.9069450436706558], "b5": [0.15993775083981926, 0.9815416437106509, 0.9498475567305614], "b6": [0.15338131311936018, 0.8742134830747122, 0.9715965593436582], "b7": [0.5444285282975321, 0.930685574720651, 0.9180292212548757], "b8": [0.1536269270071221, 0.9892994748549708, 0.9547327496351911], "b9": [0.16983466394751795, 0.9713037769224236, 0.8057105091193033]}