{"b0": [0.6439612335185825, 0.9600696923047485, 0.8419406469574282], "b1": [0.1638270388264419, 0.9232214090340617, 0.854103262880774], "b2": [0.02010461437238152, 0.9261827466485876, 0.8741107470411273], "b3": [0.29571500041708326, 0.9859481618011635, 0.99093558011853], "b4": [0.16690596116561224, 0.8963451790191703, 0.855143577725525], "b5": [0.7263381653547814, 0.8844068134190082, 0.8079275538941557], "b6": [0.9828737000227161, 0.919844632591922, 0.951642572692814], "b7": [0.6532820339132173, 0.9741355236634209, 0.8575978669580556], "b8": [0.1633900884307559, 0.9479682115368597, 0.9161158669354701], "b9": [0.16639333378050813, 0.9836705659159335, 0.8229686403072378]}