{"b0": [0.1682160468558232, 0.8226088222103606, 0.9919158923757694], "b1": [0.9953693202363538, 0.8123704130704287, 0.9025540805681538], "b2": [0.16582489331259528, 0.9706706484402868, 0.8039996788794558], "b3": [0.16769764351607122, 0.8730044780123991, 0.8920023074785728], "b4": [0.7992840326457934, 0.8297039599408503, 0.8348422892669002], "b5": [0.7412430433820254, 0.9992507368185604, 0.8210652530606134], "b6": [0.16212219816100254, 0.9652147333175196, 0.8860125494044311], "b7": [0.15474760471615442, 0.9750977277924434, 0.9209984361644509], "b8": [0.016825188324352158, 0.9668522170073838, 0.9953825073233127], "b9": [0.5955939953441213, 0.997754789995833, 0.9585861228043336]}