{"b0": [0.1656221130596096, 0.9968463146819282, 0.8355154738564753], "b1": [0.5850040586877958, 0.9433262283819802, 0.8313576322247485], "b2": [0.15796043521320915, 0.8863329987239463, 0.8061104703753321], "b3": [0.16313236036812573, 0.9766628542321611, 0.8277051582383677], "b4": [0.3245292228229731, 0.946038094379263, 0.840922987494155], "b5": [0.16200153599630604, 0.8253570249328499, 0.9386394475339214], "b6": [0.15850122599465935, 0.7429492303579817, 0.9756281962055966], "b7": [0.6468062863822638, 0.9077541017225857, 0.8316177400903397], "b8": [0.09265468616704617, 0.9344921852585263, 0.8385624264971628], "b9": [0.7865492638427628, 0.8904919794705028, 0.8474100030631827]}