{"b0": [0.0785767768333792, 0.9442563430224841, 0.9724077814782817], "b1": [0.16330968186475286, 0.9541869725233199, 0.8490502689312923], "b2": [0.8945092744345773, 0.8994136242084242, 0.9952469372174919], "b3": [0.16976777334192733, 0.9028602863162489, 0.8448561018488802], "b4": [0.7203080487031344, 0.7887072506268471, 0.8783475425469769], "b5": [0.17492189185409887, 0.9643457846553681, 0.9820793768874735], "b6": [0.6755478770380493, 0.9178704346266787, 0.9750469525727639], "b7": [0.15281265872441135, 0.8845363106623907, 0.9382761873386849], "b8": [0.5925433035988159, 0.9833727987133423, 0.8652630187467316], "b9": [0.8668273801428974, 0.8993838971226635, 0.973683724164236]}