{"b0": [0.36343402328647634, 0.9312886935465349, 0.8313804779391575], "b1": [0.5459737311244093, 0.9856798960405633, 0.9222938851566903], "b2": [0.1619409240955982, 0.8276194499438154, 0.9848131078380798], "b3": [0.9994085242847774, 0.9939855008401578, 0.8193565008107457], "b4": [0.5807019532544334, 0.9980106670183109, 0.9341357474574669], "b5": [0.024833390426597397, 0.9277284657926411, 0.8001109282988821], "b6": [0.3514423255600758, 0.9215283903442978, 0.9769456128449943], "b7": [0.32784136730564234, 0.7729530143213797, 0.921059390387625], "b8": [0.98923871106978, 0.9298909424891981, 0.9870479142501557], "b9": [0.9852629279542908, 0.9352447620354037, 0.8010771625359469]}