{"b0": [0.07315492130440945, 0.8805696013745563, 0.8945416893486986], "b1": [0.7409396071599896, 0.9800650929103785, 0.8550072063116245], "b2": [0.31546212292677855, 0.9562904773375087, 0.9751760959133944], "b3": [0.0036379960275889508, 0.9020211553328609, 0.9029344640906578], "b4": [0.31035323570397966, 0.9241481595394628, 0.9375988592206507], "b5": [0.16845268798073018, 0.9627999064404343, 0.8669916430444137], "b6": [0.8628470174631921, 0.8287598527641378, 0.8768022279036961], "b7": [0.17976423111774886, 0.9214395638639431, 0.823363892736332], "b8": [0.31675798081134593, 0.8280544102387091, 0.9981904209030169], "b9": [0.009758024227285899, 0.9283529470028904, 0.8034925391223264]}