{"b0": [0.7336636631689705, 0.9791715885017279, 0.8807411952167967], "b1": [0.004392541595882403, 0.952300022282735, 0.9981827671134624], "b2": [0.01616429297184293, 0.8012690806369054, 0.898547548109455], "b3": [0.058172284793364296, 0.8268792543346453, 0.8505540294287112], "b4": [0.36615056803029167, 0.8279107800701686, 0.9906989434258654], "b5": [0.32560455697529944, 0.9932102618424179, 0.8500837795056322], "b6": [0.0905037925717719, 0.9616445263824164, 0.9304853952114529], "b7": [0.09706005783956265, 0.9235176215302396, 0.8140536010015633], "b8": [0.3555033580467258, 0.7658899249466492, 0.917846138971881], "b9": [0.6200546183813607, 0.9881244477623368, 0.9844647664884321]}