{"b0": [0.5521278405829526, 0.9384213356404005, 0.9955253980593558], "b1": [0.09645773778080897, 0.9963660402584875, 0.8563776821805633], "b2": [0.15815401083372355, 0.9753276291941642, 0.8678052190754267], "b3": [0.9864858061086237, 0.985310155866259, 0.8313987953475187], "b4": [0.7158736077312727, 0.9526960863436418, 0.8244568868567077], "b5": [0.342121957459386, 0.8784728359824592, 0.9533042385429136], "b6": [0.34003100423962296, 0.9060917937375436, 0.8135426806896427], "b7": [0.32398236893527893, 0.9187792218388882, 0.8545572074704103], "b8": [0.9011424416562511, 0.9755288793472405, 0.9491904067180407], "b9": [0.9968236807827654, 0.8824348703080048, 0.8286581792761618]}