{"b0": [0.006230637571790141, 0.9669308676205175, 0.9658627382764987], "b1": [0.9972975527220322, 0.750998569395573, 0.8159496822416915], "b2": [0.0655842848483026, 0.9562961135875452, 0.9658533250616838], "b3": [0.0025959440964574546, 0.961189086556614, 0.9346472050163342], "b4": [0.7533711031555202, 0.968985395740194, 0.968056986626616], "b5": [0.679941937936877, 0.9406989482903805, 0.8546547831130527], "b6": [0.3387019917209806, 0.7528354851950425, 0.9567277657827512], "b7": [0.6173759968083126, 0.9475310226555647, 0.9748897527064977], "b8": [0.2800754822136776, 0.9883790607216818, 0.8278663910978173], "b9": [0.3386150249222882, 0.9833505973826067, 0.8311540658375662]}