{"b0": [0.1559385290419357, 0.9496094377410641, 0.8426262567961854], "b1": [0.9020696616983445, 0.9687605243738031, 0.9825430514790332], "b2": [0.07732436628566981, 0.9237501762253383, 0.9633365035178767], "b3": [0.8339044533094647, 0.888632245001904, 0.853741593227609], "b4": [0.0005751412736955764, 0.9077567899302204, 0.8240486348893516], "b5": [0.8716314857799975, 0.8606821091242979, 0.8570561709018736], "b6": [0.9053165635948391, 0.9476052526434886, 0.9960720706240364], "b7": [0.8817321129101156, 0.9581487415328753, 0.9939418958755829], "b8": [0.2929745803209281, 0.8432863883476854, 0.9361317689017312], "b9": [0.9954326884144808, 0.9700024366908798, 0.8897930085706338]}