{"b0": [0.8618726613993267, 0.7913087139756765, 0.952175806402288], "b1": [0.7394327056814624, 0.9104184795394258, 0.8591395720494961], "b2": [0.16743164983853276, 0.8977486757153205, 0.9324326753649713], "b3": [0.7306581930019728, 0.8621264528454633, 0.8337558720561765], "b4": [0.8345297414873805, 0.9788792610165815, 0.8170706969245358], "b5": [0.875055525774026, 0.9437869504283989, 0.8344043255035607], "b6": [0.9964868368223178, 0.9323149725555314, 0.9270116913464826], "b7": [0.7369453579836602, 0.9337663250227294, 0.8076387941776002], "b8": [0.007008229853858181, 0.972255848447913, 0.9299847448064904], "b9": [0.8518108152472853, 0.9154206913782016, 0.9125643382608143]}