{"b0": [0.8208656983693675, 0.8823527116329578, 0.8517173987126747], "b1": [0.8772654241246685, 0.7406932201709515, 0.8255686198660958], "b2": [0.166260796234117, 0.8225352402956758, 0.8537664281642589], "b3": [0.31845796164728973, 0.933411978321365, 0.9743504867194196], "b4": [0.8895441805245785, 0.9434758810458937, 0.9359413495721234], "b5": [0.6373074827004388, 0.899447156448884, 0.9159116374471552], "b6": [0.16685579349183338, 0.9435727923076008, 0.8462588630308262], "b7": [0.8847586780001708, 0.9175169098366014, 0.9694351301150169], "b8": [0.861343622056096, 0.9997455761186881, 0.8943381812475633], "b9": [0.8954603786478147, 0.9743308652563162, 0.9391080514616986]}