{"b0": [0.8449210008987983, 0.9902734403337887, 0.9369300386935692], "b1": [0.8497498695310326, 0.9748145508094899, 0.9588070537786622], "b2": [0.9061170779542661, 0.9391179552762732, 0.9250659076744371], "b3": [0.9780508157460929, 0.9170371827890872, 0.9462460179890018], "b4": [0.1601517524221311, 0.9278951835190621, 0.8814370543011435], "b5": [0.8941042481496317, 0.9985311622009828, 0.9286157677243047], "b6": [0.7397179125650591, 0.9378955910604004, 0.9404463924772056], "b7": [0.8742229806583834, 0.8828488401380317, 0.9188625747118969], "b8": [0.8861482425389114, 0.9280495157546943, 0.837748857205622], "b9": [0.5930685511261017, 0.9759948036443366, 0.9969330712973941]}