{"b0": [0.34584240205749067, 0.7538872741142586, 0.9211539100278724], "b1": [0.08163254583325762, 0.977126611486022, 0.8413701351613099], "b2": [0.8884873022298957, 0.9954490293430572, 0.9853515428934587], "b3": [0.32633700446426084, 0.870176137522443, 0.9107725216434287], "b4": [0.9988250219664281, 0.9804527902817369, 0.8185750233970279], "b5": [0.9985277864039436, 0.8931598840183093, 0.8678220757097783], "b6": [0.34577749841033373, 0.8728165117932754, 0.9191984894315783], "b7": [0.9031118461346536, 0.9491421373659773, 0.8848462858220728], "b8": [0.15601036902260454, 0.8808696969034222, 0.8865317270204167], "b9": [0.885166263986982, 0.8184730932931669, 0.9749780919400912]}