{"b0": [0.8579445692158401, 0.9848068412592008, 0.8889486966294022], "b1": [0.16280951370659305, 0.9908929596983954, 0.8919824753164701], "b2": [0.8283738808848783, 0.80306057142249, 0.8525426816194657], "b3": [0.8616729384823355, 0.8349907612196864, 0.8630788525516979], "b4": [0.8220529714059304, 0.967726775924845, 0.8520949319595427], "b5": [0.09521516370027214, 0.8171018113877351, 0.9581130293582101], "b6": [0.8938341705889898, 0.9563834581075412, 0.8241128620912113], "b7": [0.7518150053809503, 0.8218839659741467, 0.8621028341158814], "b8": [0.894460544252522, 0.9303394233280717, 0.9701850484899006], "b9": [0.576431747007193, 0.9408058760800254, 0.8574910199745872]}