{"b0": [0.16611341353129755, 0.9908567151949914, 0.8379513157961145], "b1": [0.004009498236328098, 0.8151307756394495, 0.8529926421381596], "b2": [0.8741793485780233, 0.9256633961293589, 0.9508192077552312], "b3": [0.06478776750205084, 0.7798467689915879, 0.8830210491437411], "b4": [0.15119349981805372, 0.9261058137668727, 0.8600117483195026], "b5": [0.892458876606852, 0.8501985115036255, 0.9391961009805861], "b6": [0.7344882655442064, 0.903795521802496, 0.9057657134369265], "b7": [0.8601990966990966, 0.7368286046510523, 0.8691217533662917], "b8": [0.1666133241138153, 0.9359959004679994, 0.9418275530627135], "b9": [0.1612374219480202, 0.8936917814817248, 0.8767913331434666]}