{"b0": [0.9238581797868121, 0.9329354064292609, 0.8882159641609333], "b1": [0.08963821414590098, 0.9583902678983105, 0.8308246839207147], "b2": [0.9121526750904517, 0.9784465479933968, 0.9151767137488226], "b3": [0.8607730053708916, 0.98775752243089, 0.881264341167047], "b4": [0.9873063679463222, 0.9385624565385643, 0.9449522200444999], "b5": [0.8574906260285402, 0.9377304818499393, 0.9266531550255109], "b6": [0.8960925497850423, 0.905410895419117, 0.9396262562736653], "b7": [0.7022416195910214, 0.8883611519204077, 0.8254761773436864], "b8": [0.5727407521530878, 0.9931369682036879, 0.8346698078262922], "b9": [0.8821644878168513, 0.867475069290166, 0.8576262761257302]}