{"b0": [0.002247717468040481, 0.8713343172390734, 0.9699437194362298], "b1": [0.6016063631864839, 0.9067687993226932, 0.9023334862774576], "b2": [0.613738835912758, 0.9700668142808289, 0.9328262302689335], "b3": [0.769951099538119, 0.9709996019506576, 0.9865476395753404], "b4": [0.15804638461572368, 0.9862629090614158, 0.9251475861860317], "b5": [0.7428232429458032, 0.7564830158794059, 0.8474330882286716], "b6": [0.6497373382769618, 0.9785622137490095, 0.9523671968426619], "b7": [0.8609409067750095, 0.871354811050488, 0.8808866955510163], "b8": [0.16476801736422608, 0.9547999134586993, 0.988147905004674], "b9": [0.15791257916108659, 0.947170073910665, 0.8865308312794608]}