{"b0": [0.06862788213456145, 0.980021141255325, 0.9738739623882183], "b1": [0.6005359073878693, 0.9921794915350252, 0.8733874909194873], "b2": [0.7664385222829272, 0.8130153103022886, 0.9303005837036005], "b3": [0.16236640770980026, 0.9663961238096046, 0.9941311880285564], "b4": [0.008282530033002253, 0.9956586255840313, 0.962295579793655], "b5": [0.997468418635523, 0.9252506903585825, 0.968487818258959], "b6": [0.16086729443616077, 0.9576171008379316, 0.8577246932626607], "b7": [0.14917442991475224, 0.929781742067658, 0.9227371500518519], "b8": [0.1513981995020937, 0.8922317990437502, 0.8576743027273852], "b9": [0.7290314036993369, 0.9077783633726555, 0.9933168009848005]}