{"b0": [0.14743425299426482, 0.9152865871412288, 0.8971789965044976], "b1": [0.6078295011189904, 0.906013158606181, 0.8361090883928387], "b2": [0.7094937252170499, 0.8147323299398905, 0.9136377577874215], "b3": [0.7952243016188894, 0.993764659860276, 0.8006080503724546], "b4": [0.3254558280069431, 0.8487301388825566, 0.968251356930759], "b5": [0.5871163498789385, 0.8937374081619762, 0.9633265381242494], "b6": [0.7472846678045175, 0.8132901321811622, 0.8869835702110404], "b7": [0.1611434467378584, 0.9874552585702091, 0.9740088541728111], "b8": [0.09280082925551694, 0.9619390040687817, 0.8905760916161595], "b9": [0.5709699583887438, 0.8485661470062638, 0.9343394435774229]}