{"b0": [0.8856040661241624, 0.958423366557486, 0.8417954549242229], "b1": [0.5969398860460274, 0.74285524690201, 0.9740492753067513], "b2": [0.15662793793934285, 0.9342932626811249, 0.8802371465293788], "b3": [0.28328532334640355, 0.8395341063795115, 0.9178881780638286], "b4": [0.07232670708602412, 0.9975092041109622, 0.9639108040275691], "b5": [0.33536100617464354, 0.9753406872599695, 0.8916121596620562], "b6": [0.7669012697870758, 0.8463328902026587, 0.9994374472368238], "b7": [0.2994722979158228, 0.8682232876436182, 0.8448412422896568], "b8": [0.09105279185735517, 0.8909406870654293, 0.9151480395978402], "b9": [0.9826838080389529, 0.9747357535994204, 0.8630165737511897]}