{"b0": [0.07192310754182982, 0.8330463556834259, 0.8523579565218428], "b1": [0.017507880172302967, 0.9541154275195889, 0.8587322329642264], "b2": [0.3103238474573784, 0.9952395755080308, 0.8679699731069905], "b3": [0.15344887779122893, 0.9844350623831098, 0.9524472171048045], "b4": [0.9959795086957536, 0.9902096238199875, 0.8017471834667091], "b5": [0.9055619885120423, 0.9075836684957956, 0.9733475292334535], "b6": [0.9273986344714276, 0.9890534835586989, 0.8986186735612346], "b7": [0.3128017817371079, 0.9533416538601306, 0.9656527249065557], "b8": [0.9854759179886845, 0.9889082911692958, 0.9007120808506454], "b9": [0.0009977772982603151, 0.8469189351146352, 0.961726803513582]}