{"b0": [0.8857799613504664, 0.9798701895820673, 0.9141414843138205], "b1": [0.717102417107563, 0.8684577771590232, 0.9475445748642768], "b2": [0.36523835541874405, 0.7604689385992444, 0.9018133129339625], "b3": [0.9758790963919143, 0.9202695382419017, 0.8091479113376736], "b4": [0.9884713725223577, 0.8093513731561995, 0.9414520469233328], "b5": [0.0012412243232368452, 0.9105448091748215, 0.9925150428731072], "b6": [0.7420778877512109, 0.9547835908810582, 0.9086573251940936], "b7": [0.7915665063129386, 0.8390985093544795, 0.8179283882518554], "b8": [0.10141027770885067, 0.9455648738751837, 0.9263691154312688], "b9": [0.10110269618487763, 0.9347537843955892, 0.9956527300155537]}