{"b0": [0.7415120322449968, 0.9054134702765281, 0.8266844050317608], "b1": [0.15889936647479622, 0.9436065518696285, 0.8307640137626149], "b2": [0.06855608111193334, 0.935316746150365, 0.8708221848436576], "b3": [0.3256434018054499, 0.9558245607972651, 0.8195149677299282], "b4": [0.007184308465077251, 0.9041915913474905, 0.9338246856139935], "b5": [0.6446439228155788, 0.9789948484265719, 0.9459854172505842], "b6": [0.9707350018075691, 0.8514204320840487, 0.9453334604891086], "b7": [0.6760513870757265, 0.8360617534260142, 0.953946498178931], "b8": [0.5706706344467086, 0.8423717293672668, 0.8158274780382722], "b9": [0.09553728844074415, 0.9089194025300428, 0.8904902375116852]}