{"b0": [0.3611360180233048, 0.8851988972706909, 0.8703668246514218], "b1": [0.09285977024843232, 0.9598356298515914, 0.8470761188554001], "b2": [0.10571574396571135, 0.8732393422030919, 0.9834439770693615], "b3": [0.08706269563859129, 0.7534465296836942, 0.837235227168383], "b4": [0.09245889396220522, 0.9995986022905577, 0.9932145198392561], "b5": [0.0020723866190185992, 0.9978513601551465, 0.9422486386323371], "b6": [0.3091672135343908, 0.9853458701065805, 0.9601680543671063], "b7": [0.9301492041205011, 0.8455743972414601, 0.8254080891155912], "b8": [0.9944830854207781, 0.9642518705176877, 0.9787211166599655], "b9": [0.5792020889494469, 0.8648991653531861, 0.9826490131284319]}