{"b0": [0.5873651865756554, 0.8626713263460887, 0.978914985705101], "b1": [0.0981793697678113, 0.9959794923010565, 0.8491394161031798], "b2": [0.07562857092943931, 0.8236054329787735, 0.8894403909657294], "b3": [0.08814845614991176, 0.880148933139826, 0.9998675556301504], "b4": [0.08352985329110096, 0.7889651871317479, 0.9087551804926892], "b5": [0.9993131548668654, 0.9016694999341311, 0.86543449581268], "b6": [0.8825949092377455, 0.9113878734284425, 0.940085838597864], "b7": [0.9076298744619221, 0.9015095087375196, 0.8584588830453405], "b8": [0.9918792744915017, 0.9155052721856798, 0.8149197614942955], "b9": [0.7635133935256762, 0.8917147512896164, 0.9421023958485568]}