{"b0": [0.09513032269098387, 0.9782021843584394, 0.8837156445356329], "b1": [0.00791006213978185, 0.7556715058372443, 0.8401411343869094], "b2": [0.7630894310794943, 0.9481538314270902, 0.8246939273789855], "b3": [0.061478199615979924, 0.9455425764172865, 0.8423470631623526], "b4": [0.15775862248247483, 0.9869851613176909, 0.9976271056094984], "b5": [0.30462330327164333, 0.9736650681810786, 0.9468592719538879], "b6": [0.0776261698847868, 0.9497199473003536, 0.8510214883097986], "b7": [0.08293056429217172, 0.9145375331184121, 0.8830071232834932], "b8": [0.3329858927341508, 0.9984144498027314, 0.8299422583302557], "b9": [0.26657949966477096, 0.9951408991896791, 0.9226674011896864]}