{"b0": [0.009842496277373408, 0.9018887184321497, 0.8743868975280711], "b1": [0.07769097356261778, 0.991210738796257, 0.9112498626974778], "b2": [0.16146190524340395, 0.9137924656656997, 0.8244368910357978], "b3": [0.9976457965760146, 0.9185045013092519, 0.9996868304679978], "b4": [0.07571582006065407, 0.8791831942873594, 0.9109642810004713], "b5": [0.15735985363285063, 0.899377750088606, 0.9199871531220316], "b6": [0.8486143570488166, 0.9722617652238954, 0.8111469341823048], "b7": [0.329304177151696, 0.8570562167480823, 0.8838992032691197], "b8": [0.8803009640787408, 0.9046681038755423, 0.8666365555175507], "b9": [0.7241127611098777, 0.9829510687211972, 0.810621925639958]}