{"b0": [0.1652096961675906, 0.936703548571147, 0.8030512070353818], "b1": [0.8875419992549008, 0.923866192358313, 0.9979303705038752], "b2": [0.09110558125749744, 0.8724305320092305, 0.8983403371019223], "b3": [0.7042191496408671, 0.7441140463996185, 0.8758377258136479], "b4": [0.06646616105594762, 0.9983750343554659, 0.8723932046605385], "b5": [0.08370862184423702, 0.988220439128721, 0.9564109731232234], "b6": [0.00659137237109236, 0.9939090764224864, 0.9509632595756969], "b7": [0.7610522618062637, 0.9891927134471207, 0.9201922680392802], "b8": [0.17052862111172465, 0.841528695861067, 0.9977104684192696], "b9": [0.16002111542309583, 0.9170677790885179, 0.9977519839049972]}