{"b0": [0.9943937262072589, 0.8581561530004599, 0.9863880249537861], "b1": [0.07816391736163393, 0.9861945197922658, 0.9185284389091529], "b2": [0.08594519175309713, 0.9690716488475902, 0.8343126462252431], "b3": [0.9863920209742071, 0.806270910428006, 0.8000368598675691], "b4": [0.7418909120832978, 0.9661543223866933, 0.9651831720694871], "b5": [0.16980818766416772, 0.7866974378008664, 0.9863688454121666], "b6": [0.06232996404199787, 0.9792182420387276, 0.9151039456203582], "b7": [0.16345411940074628, 0.9220163695945695, 0.8255437941480711], "b8": [0.3020803436299483, 0.9410877759433381, 0.8467177598507224], "b9": [0.1601049990408945, 0.8613666287620616, 0.9481209073533554]}