{"b0": [0.15710778106728399, 0.8925615195486778, 0.871154222096826], "b1": [0.08666579423119383, 0.9594748902089779, 0.9811859324598282], "b2": [0.7680661487453133, 0.8432058446871948, 0.9803882344093584], "b3": [0.7847082770482195, 0.9401882416949315, 0.9190973597241693], "b4": [0.16436775005470902, 0.8830424142048132, 0.8653113872973021], "b5": [0.09129607461117732, 0.8089342098176605, 0.8133021590246708], "b6": [0.07149695651141003, 0.9419184466334909, 0.9145097259840134], "b7": [0.16336972167700164, 0.9080032763782921, 0.8533827356208247], "b8": [0.09396974946554018, 0.8589605936919873, 0.8476684958727961], "b9": [0.31925805950431235, 0.9724722546361474, 0.9881944053364528]}