{"b0": [0.3297669483372953, 0.9226832100369036, 0.8924087477507225], "b1": [0.8836459868435559, 0.948853047336753, 0.8117736447820059], "b2": [0.8607567003644384, 0.9297915400487698, 0.9482124375254011], "b3": [0.8641200263941927, 0.9339527756199385, 0.9161628918921383], "b4": [0.7730893593807927, 0.9893689136676856, 0.8473839088346719], "b5": [0.8214758765913281, 0.9344242798188199, 0.8875601889234298], "b6": [0.0871935948405887, 0.8795212014870739, 0.9607701736757086], "b7": [0.7435770041122076, 0.999023928843862, 0.8338988376532693], "b8": [0.16461223123321023, 0.8567587497517692, 0.9466691951620411], "b9": [0.3095741623453915, 0.9898030774620268, 0.8467427098857867]}