{"b0": [0.16120631945387054, 0.95384825529631, 0.9154043778216965], "b1": [0.9063398989087678, 0.9335183686218959, 0.9787821779218052], "b2": [0.7614144166286967, 0.9787459955171062, 0.9880882869940127], "b3": [0.07851689878491434, 0.937821547379092, 0.9501973819515288], "b4": [0.8898373583913205, 0.9290781659946965, 0.9275000440015159], "b5": [0.88236551821589, 0.9197409107402845, 0.896820274882043], "b6": [0.15941710282536475, 0.9925676250594093, 0.8680180272103553], "b7": [0.564129637973649, 0.8144984034253993, 0.8128105924603716], "b8": [0.08702919454076488, 0.8435859962196537, 0.9479511187020111], "b9": [0.1643253009347736, 0.9984427684066859, 0.8485748986059553]}