{"b0": [0.7418493419975161, 0.973180886230558, 0.8296345655745376], "b1": [0.15640142062119705, 0.9901326225776174, 0.9364076401518358], "b2": [0.09298753682433646, 0.9134981953074178, 0.8260555244494079], "b3": [0.8582349487287714, 0.9566984369856639, 0.9017252679466478], "b4": [0.74528208958774, 0.8337873997067291, 0.8311490924487636], "b5": [0.0990689766262415, 0.9514484744949294, 0.9171202314721006], "b6": [0.7275858634479592, 0.9434089774816045, 0.9357456842977955], "b7": [0.8462600199744947, 0.831978163796164, 0.8025680179284401], "b8": [0.8683440472545702, 0.9493991582509684, 0.9995535924204723], "b9": [0.8988320938649121, 0.9468700681680194, 0.9837280595762822]}