{"b0": [0.0903970546522136, 0.9601593478728252, 0.9552577200392267], "b1": [0.8722025018434287, 0.892654432534887, 0.9174672841569875], "b2": [0.3522911759203348, 0.7853946409277477, 0.9942970662446649], "b3": [0.1606305844144782, 0.8698938491665024, 0.9535983923079797], "b4": [0.3127781427002543, 0.9658284244549084, 0.8935991969403766], "b5": [0.9818454044374882, 0.8833209269123959, 0.960459085479021], "b6": [0.3222636254057079, 0.9228584900597606, 0.94105953070939], "b7": [0.014227114475487296, 0.815215082520275, 0.8361943190883885], "b8": [0.33290758669580583, 0.9737672414895913, 0.8301722851434028], "b9": [0.8607304813735204, 0.9922429351467897, 0.8977928575568316]}