{"b0": [0.8697489280295276, 0.9689564366265614, 0.8821416624052173], "b1": [0.3654282536239868, 0.9724300907569063, 0.9991797129199343], "b2": [0.004083135632422859, 0.9447734817566353, 0.9510853365994032], "b3": [0.3613245229110826, 0.9009829766911952, 0.8861670224847115], "b4": [0.30203631054907565, 0.9054541911575424, 0.8491704882449632], "b5": [0.08569680392356047, 0.9160446820460322, 0.8040971059729884], "b6": [0.28982228438759017, 0.9298149519126123, 0.8173495679615701], "b7": [0.15561955219675347, 0.8814211356764126, 0.8476558121518323], "b8": [0.9977449755522103, 0.855826876507682, 0.9623611788314186], "b9": [0.14941693938744494, 0.8932208759318175, 0.8016942378441744]}