{"b0": [0.33848613750081846, 0.9466335382191859, 0.8025509279608962], "b1": [0.07275547165182193, 0.9097331190574077, 0.9351360646893185], "b2": [0.6925722463608802, 0.9921563978568873, 0.923847255399552], "b3": [0.30477754233025933, 0.9869437691288602, 0.9479508195155065], "b4": [0.7530252806155697, 0.8340928859862687, 0.8574958093339069], "b5": [0.8270620216109659, 0.9691070256212235, 0.811707515161481], "b6": [0.3543196046934078, 0.8333830238437093, 0.9882295960876492], "b7": [0.862565692609637, 0.9071983087725493, 0.9401663447640176], "b8": [0.0789520581848491, 0.9897817262279355, 0.9394299164823232], "b9": [0.29333518160654803, 0.9522074784637418, 0.8829617238126073]}