{"b0": [0.7800715393318345, 0.9530006571621844, 0.8127999841066219], "b1": [0.35041784103503026, 0.952351726875121, 0.8490736741254983], "b2": [0.2914948794089557, 0.9222643985210668, 0.848577675842942], "b3": [0.33389671703840185, 0.9198974675302379, 0.8426905717334939], "b4": [0.586835197371983, 0.958636086668207, 0.921030368272831], "b5": [0.30080519563155367, 0.9330083220246442, 0.8106414672474497], "b6": [0.30934696657758404, 0.9842703971048761, 0.922978028708273], "b7": [0.0018441457484550119, 0.9985318602694483, 0.8077441735476171], "b8": [0.9817092464050549, 0.881910626041616, 0.9523747872202475], "b9": [0.3518660867447801, 0.8970591751650594, 0.9706934631943703]}