{"b0": [0.663346787986253, 0.8000837955916967, 0.984586857833198], "b1": [0.5870049514157197, 0.9537846807197393, 0.9544425947804043], "b2": [0.8741879700566547, 0.9050143993036143, 0.8050446045362015], "b3": [0.163279435129444, 0.6997782530887946, 0.8964497494012684], "b4": [0.6243173063453906, 0.8325662717013342, 0.9296127672570452], "b5": [0.16565873833036376, 0.955252731903069, 0.8918506741960887], "b6": [0.9900867653215273, 0.970828666066912, 0.8955467763905076], "b7": [0.5947219351292183, 0.8542936790681472, 0.8874163856058372], "b8": [0.32430116611061327, 0.9158652904646262, 0.8223966063069997], "b9": [0.09750960671015213, 0.911060078966773, 0.9333548592113011]}