{"b0": [0.8958703086007419, 0.974809715267414, 0.8376576890996985], "b1": [0.5986700032495708, 0.9871335696497701, 0.9155762709756752], "b2": [0.015310945211429023, 0.9295918190452316, 0.9623108491051983], "b3": [0.1620419316722921, 0.7178370039118291, 0.8835659267062742], "b4": [0.7584368834364991, 0.9381250304237077, 0.8514760680575785], "b5": [0.015184780994936111, 0.8938410661840074, 0.9761636506209022], "b6": [0.15975924802482397, 0.8490465195102829, 0.8979020455772357], "b7": [0.6692362723708938, 0.7610845856432574, 0.9249261594822576], "b8": [0.837369788782071, 0.9833694217259152, 0.9525621227649753], "b9": [0.3426795378631059, 0.9363827353790325, 0.8730826553446664]}