{"b0": [0.9877694406419902, 0.8789357856682497, 0.9723014617211764], "b1": [0.3517891693399771, 0.9142798415740065, 0.9187544831295965], "b2": [0.5878968093739114, 0.9879613028043595, 0.8146351850848493], "b3": [0.06719908485801807, 0.9274780491114406, 0.838943193785351], "b4": [0.07467166562951705, 0.8972407013210041, 0.8250891049981525], "b5": [0.8796364788507549, 0.9553286589603986, 0.8101794674618155], "b6": [0.033471122647003165, 0.9546784006594328, 0.9754955108171134], "b7": [0.5916164389433555, 0.9936582659953968, 0.9542519013975737], "b8": [0.8997561776709346, 0.9639924952253495, 0.9545992892668835], "b9": [0.15913112801943172, 0.9446064012969129, 0.8555062152649593]}