{"b0": [0.6294192170981173, 0.8918338470183691, 0.8027001663390355], "b1": [0.31739293659283574, 0.9242874339038939, 0.8150561064644983], "b2": [0.1641045478545077, 0.9646976136793768, 0.8153624405272081], "b3": [0.16644193620338613, 0.8669558787398892, 0.8407195649810774], "b4": [0.012120491301981317, 0.9572270081116209, 0.9485429536723805], "b5": [0.3548373602394428, 0.9198268644776995, 0.8373450915513775], "b6": [0.004970286321582262, 0.9759753535619423, 0.8542253896297793], "b7": [0.9997503502517374, 0.9128070223928365, 0.8746325648460576], "b8": [0.6204386631436932, 0.8643852710420562, 0.9391383285601446], "b9": [0.07375055388685571, 0.9487507525431707, 0.9881663150558316]}