{"b0": [0.6500470949382927, 0.9901571234738722, 0.9092499428986908], "b1": [0.1526009120095856, 0.9109995286332819, 0.8231351417432674], "b2": [0.37364447555455227, 0.8821911763421437, 0.9351287754710867], "b3": [0.7506457776761357, 0.9584194953375135, 0.9823306605110852], "b4": [0.0003226262878274367, 0.9522989866760958, 0.9138475090793011], "b5": [0.11299589259864072, 0.8973035675590986, 0.8754711007905498], "b6": [0.3580995306426338, 0.9969417664917664, 0.9636141455435951], "b7": [0.9092383741312079, 0.99954822576802, 0.8165154161232457], "b8": [0.3484802510148046, 0.9575682388149308, 0.9575036497143863], "b9": [0.9314619727834339, 0.9443904482661973, 0.9213012848275142]}