{"b0": [0.9794178705775691, 0.960176123972584, 0.9917432974631069], "b1": [0.31331766781008913, 0.9597148197873788, 0.9707695173952174], "b2": [0.7804588490317265, 0.9499247453563671, 0.9956481781040216], "b3": [0.618045595834633, 0.9140606093041106, 0.9625912681941046], "b4": [0.1640410739304743, 0.9586611539767997, 0.8992883002013231], "b5": [0.725109551092209, 0.9897732435191755, 0.8125085557657153], "b6": [0.01004262658872242, 0.9327833892750712, 0.8296396519748029], "b7": [0.9934467155124485, 0.9899161084228065, 0.8929036831486131], "b8": [0.5938290320260389, 0.9600305064170312, 0.8630045020182147], "b9": [0.1596400427683874, 0.9813921035882521, 0.8151302116636876]}