{"b0": [0.9908162431602822, 0.8695486467943943, 0.9090202055901715], "b1": [0.1685969448275141, 0.7010104023902508, 0.9153562250577835], "b2": [0.1541256818572693, 0.9573063476781022, 0.901026896304458], "b3": [0.6022340424925615, 0.9828244733215841, 0.8591908223050696], "b4": [0.5841699553140473, 0.980628788536172, 0.9517163386252412], "b5": [0.31326659021133735, 0.9737702630279067, 0.8033752700837924], "b6": [0.8354474039408102, 0.8847969124937854, 0.8722235333849381], "b7": [0.31396451227499966, 0.8166685746080263, 0.9110013422417153], "b8": [0.3634717427674881, 0.9402883764358171, 0.909189938982331], "b9": [0.7732581629069641, 0.8921493659792045, 0.8313160622521495]}