{"b0": [0.08114072451064454, 0.8275608559218028, 0.8322705598789389], "b1": [0.37110948744160893, 0.9949273407604348, 0.9646309930416029], "b2": [0.015554291445455044, 0.8150227228337024, 0.9668219535093798], "b3": [0.995152430238371, 0.9686997461963928, 0.8552970464964497], "b4": [0.8280478260390342, 0.9236732819110639, 0.9531981346379189], "b5": [0.9967740034400822, 0.9780975018366271, 0.8865488576778395], "b6": [0.6281999022186103, 0.9887371970966322, 0.8193828118559093], "b7": [0.08664146527951426, 0.8971353121364152, 0.8684241640436176], "b8": [0.16354595716477818, 0.9652345711139497, 0.9927055625277893], "b9": [0.5907351245478938, 0.8217946075901007, 0.9198790374997473]}