{"b0": [0.3268709184719586, 0.9837029323126201, 0.9238340663088112], "b1": [0.004668910384280678, 0.8329842439193956, 0.9425440117654348], "b2": [0.16557259421053216, 0.9167467587583019, 0.9720817627999863], "b3": [0.7371133511726967, 0.8554205978654629, 0.8579604697234515], "b4": [0.3912034577325245, 0.8444946920099167, 0.968500696985614], "b5": [0.6027324291790994, 0.9426199062713172, 0.8955351084633321], "b6": [0.3334284905492924, 0.9822595388706077, 0.9773747546704551], "b7": [0.06831893578250332, 0.8836484290267163, 0.8582639306974214], "b8": [0.5861278227118482, 0.9251935990672213, 0.8084298096061913], "b9": [0.17205828541701307, 0.8981186932947121, 0.8090360054471847]}