{"b0": [0.9920033596988103, 0.9616310516690129, 0.8340457548346555], "b1": [0.00111849734270423, 0.943737712421694, 0.9658900403161479], "b2": [0.5926865149802722, 0.9581191923535137, 0.8733965558962664], "b3": [0.6348306185321708, 0.9972401368467143, 0.8082362931699165], "b4": [0.3419314682458083, 0.9500502112373619, 0.9084756786267586], "b5": [0.09329091702948455, 0.9598613848280185, 0.9495945633748112], "b6": [0.8767901873199113, 0.8748491824627155, 0.8610611216788935], "b7": [0.003145274619150011, 0.9760338074025569, 0.9758232366124379], "b8": [0.15745356772270624, 0.9520873381363686, 0.9547703147410271], "b9": [0.6299046693758771, 0.9417316734698367, 0.8996811189670969]}