{"b0": [0.5935957077418682, 0.9474202313429383, 0.862196937472358], "b1": [0.31448479284376957, 0.8972969835888258, 0.8291311120591037], "b2": [0.8702552727863601, 0.9737588874289547, 0.8749776432422053], "b3": [0.3046139332130409, 0.914197344362724, 0.8305153920603889], "b4": [0.34351497986915724, 0.9994520744348522, 0.8329625585949344], "b5": [0.7983267002912859, 0.9088689250891717, 0.9460336529190618], "b6": [0.3173649697756778, 0.9170328846047754, 0.8351479989184892], "b7": [0.9752602244585062, 0.8982283688330217, 0.8866785277242544], "b8": [0.08451177256502897, 0.8393817486012694, 0.8673249224838991], "b9": [0.8805551406671686, 0.9600445789323503, 0.9934875059357037]}