{"b0": [0.8873942931882701, 0.8927648275704523, 0.996235784723337], "b1": [0.33093781927894206, 0.9599991952464267, 0.9020361321569428], "b2": [0.8871694088541713, 0.9079313926770106, 0.8472082423833672], "b3": [0.0016642164760093275, 0.8751733874725958, 0.8647881794521506], "b4": [0.3662459284306212, 0.9215806146868749, 0.8161274243129555], "b5": [0.648947776163374, 0.8810375155857137, 0.810484593374918], "b6": [0.29405576836347413, 0.9672425610794061, 0.8848562900810737], "b7": [0.31386635678135016, 0.8880680243648713, 0.99730140397078], "b8": [0.8716330562791019, 0.9299913604752018, 0.9237491689949698], "b9": [0.8015683100532126, 0.7766922824628573, 0.9137912621125346]}