{"b0": [0.9804969621401091, 0.9238511863148695, 0.822661944678037], "b1": [0.7623250103684934, 0.9507847318977599, 0.8161949504869201], "b2": [0.10217789047836699, 0.9935642963146856, 0.8780741258727808], "b3": [0.004966668716193719, 0.999830859346842, 0.9458891945228668], "b4": [0.000430081686542908, 0.849348749392006, 0.9950242875705679], "b5": [0.7824178726269372, 0.9931700292741382, 0.9311584132169538], "b6": [0.07026211681442418, 0.9629833256709963, 0.8644538880884295], "b7": [0.07373634073310636, 0.8987262095179132, 0.8854187079756386], "b8": [0.16153457346646197, 0.8269672881533952, 0.9965583504446492], "b9": [0.08580123805905751, 0.8909151556954481, 0.9612682387340812]}