{"b0": [0.15892467182181452, 0.981641734596981, 0.8515747435526747], "b1": [0.16038453513326187, 0.9586146374320199, 0.9976735672635233], "b2": [0.9828277062043036, 0.9839866156635675, 0.846515369400281], "b3": [0.08918492168140282, 0.8689059187809829, 0.8779548062415615], "b4": [0.7337048508134736, 0.8950023784001216, 0.8104110040848346], "b5": [0.0009754304848072306, 0.8876300804160074, 0.8179991021661437], "b6": [0.993397702427997, 0.9370323530608047, 0.9377339997692478], "b7": [0.3117283490653967, 0.9461926226240607, 0.898951660236567], "b8": [0.5759649294723033, 0.9551611842086989, 0.9855459503982357], "b9": [0.8909004732547758, 0.9938588499261818, 0.984909936739179]}