{"b0": [0.3683906209554312, 0.8275617454289886, 0.8994102708041374], "b1": [0.36331366229463385, 0.8777794012397515, 0.9490288289645448], "b2": [0.6174261777002082, 0.765274116242357, 0.9283896812945023], "b3": [0.62534297447766, 0.9015958556175546, 0.9344006138690023], "b4": [0.07608387925819916, 0.9079791997464223, 0.92675154320465], "b5": [0.9255610695944557, 0.864736201614122, 0.8518023356163568], "b6": [0.7556235260035393, 0.8877437233722444, 0.8554946169970915], "b7": [0.9988879740315326, 0.7589974997038021, 0.8593968485250357], "b8": [0.9908891510848897, 0.9655826961225273, 0.8208898404746762], "b9": [0.08562148550668316, 0.9551809211128167, 0.8007067763139648]}