{"b0": [0.9983968030562109, 0.9726749030026423, 0.8493298057949624], "b1": [0.8799439887107566, 0.9972254211879106, 0.8408192460374573], "b2": [0.16130051741329055, 0.9568636393055674, 0.9878725565801867], "b3": [0.6622395718567122, 0.9440696521724149, 0.9546946954027046], "b4": [0.16794245596871665, 0.9560203655567681, 0.837652304856812], "b5": [0.9940483871508826, 0.8875942220840523, 0.9442680897692489], "b6": [0.16496497863353546, 0.9813797982258243, 0.9630522591980237], "b7": [0.01819858888234976, 0.7403223316423765, 0.9618768372221502], "b8": [0.9904414508519398, 0.9141741166015833, 0.8074121173291141], "b9": [0.15556721511610072, 0.9508560299190816, 0.8289413532413923]}