{"b0": [0.9897236983105635, 0.9768424419679884, 0.9331551265120654], "b1": [0.16418277518356425, 0.9760440131460519, 0.8140516748161142], "b2": [0.08127135594396938, 0.9325429644989023, 0.8281445132770073], "b3": [0.05379469238503927, 0.9983942551393779, 0.900300425921483], "b4": [0.9939680042124779, 0.8928838886212273, 0.8020076068083651], "b5": [0.7441181726281001, 0.9131232240570688, 0.9127445001956351], "b6": [0.7097382222663075, 0.9046566134626546, 0.9892980380621451], "b7": [0.6636236859900292, 0.9549306186256509, 0.8335875973231345], "b8": [0.3498513899072261, 0.901184764659132, 0.8270118088150048], "b9": [0.8545217917399102, 0.972566421662239, 0.9218493316660595]}