{"b0": [0.16716124739804566, 0.9874833873956201, 0.828826502669369], "b1": [0.10441544167732202, 0.9668004195365982, 0.9647316689617423], "b2": [0.8641157950505363, 0.945749706982497, 0.9876506532794646], "b3": [0.1600310134090607, 0.9235972651441396, 0.8572139540717286], "b4": [0.09457189481273692, 0.8887763645947456, 0.9592376819300119], "b5": [0.023028279642063734, 0.8972454776809501, 0.9801523475569596], "b6": [0.9881517779704945, 0.9134023229359985, 0.9407146487315989], "b7": [0.8601299939711096, 0.8218698499209498, 0.8293605753620676], "b8": [0.3306140660723658, 0.9594064446390093, 0.9091678017135356], "b9": [0.6622067104535776, 0.9644846376324806, 0.8822531911621533]}