{"b0": [0.16420822385746653, 0.9266315234846357, 0.9901965258737593], "b1": [0.3358064400914463, 0.9490617180739348, 0.8326222644708284], "b2": [0.9850556879227512, 0.8994206443898672, 0.91823756982161], "b3": [0.3152340398720254, 0.961958714441097, 0.9516509013153173], "b4": [0.3160862101899731, 0.8484609533672773, 0.8054113355575899], "b5": [0.30342751752145586, 0.9061424619937192, 0.8732038705603727], "b6": [0.855980879086495, 0.8717077401092301, 0.9498554968782044], "b7": [0.29762248615110604, 0.9437042289990403, 0.9239264258945604], "b8": [0.7329524734833295, 0.986532551398787, 0.8733871220382367], "b9": [0.37536998868885907, 0.9792307647092813, 0.8644887206221932]}