{"b0": [0.32384055475880147, 0.971031439525072, 0.9457477625552481], "b1": [0.3272742612643374, 0.8955098748075316, 0.8331430850222836], "b2": [0.3400544610921566, 0.9788468986880364, 0.8081008901752097], "b3": [0.08083095591148162, 0.955250292890156, 0.8923825705150034], "b4": [0.33973584135227775, 0.9230486084842255, 0.9255088891825254], "b5": [0.15743884547350193, 0.9711070468753537, 0.8874289476423382], "b6": [0.058948093716371296, 0.835428013445868, 0.9228222428679888], "b7": [0.3370282911875337, 0.9117822972236869, 0.8110430493479075], "b8": [0.7597071771192404, 0.9974337067886716, 0.9765966112904345], "b9": [0.3017359455759631, 0.8203965422362961, 0.969388819429978]}