{"b0": [0.7585880581955183, 0.911269011927165, 0.9526014279109362], "b1": [0.0060288927092413055, 0.999858037111349, 0.8891710398028134], "b2": [0.0009907087598970009, 0.9039844541264214, 0.9262543162002074], "b3": [0.3135672940779349, 0.8964899543646573, 0.9818334365926396], "b4": [0.9936902565937791, 0.76672511657365, 0.9461655509152277], "b5": [0.3177737535534776, 0.9634247733500249, 0.8130257598590971], "b6": [0.996953202027708, 0.9491435230846448, 0.9883808960353322], "b7": [0.3307576478773242, 0.9463922643345231, 0.8973291862476711], "b8": [0.09272481435173972, 0.9735029338905192, 0.879709381775315], "b9": [0.6303632709877196, 0.8323900482233355, 0.9354318244908646]}