{"b0": [0.72389968673097, 0.9981373526322704, 0.9522032488798046], "b1": [0.08544866290212035, 0.964641576465049, 0.95626689446925], "b2": [0.0007523841011466102, 0.8175455479129173, 0.927472258898656], "b3": [0.6071720187853571, 0.998092365167302, 0.8405949068205565], "b4": [0.07238331899498299, 0.9658199811372434, 0.9844836193228366], "b5": [0.9980834883605877, 0.8654262300094906, 0.8881331830719055], "b6": [0.9878654627169289, 0.8784756599822287, 0.8288563797303599], "b7": [0.7472034992720559, 0.9729676831060249, 0.9788238207168376], "b8": [0.09255180104569932, 0.9215395205021596, 0.9406295094973703], "b9": [0.775528634765655, 0.9299385044353845, 0.8886056501688572]}