{"b0": [0.5876954337632074, 0.8961720377372882, 0.8274808137088056], "b1": [0.08277129971344722, 0.9505634003605872, 0.9135285726376472], "b2": [0.018691056359350186, 0.9348763025273038, 0.9844077187967083], "b3": [0.06607823657510216, 0.9960874618322437, 0.8027890787925034], "b4": [0.15638433979914296, 0.922991028236365, 0.966931252548776], "b5": [0.9916102288712654, 0.9758570418910605, 0.8677180764809767], "b6": [0.009983516430543113, 0.9590266703684618, 0.8102909641790944], "b7": [0.056706276476466054, 0.9611606364143028, 0.9908517488247586], "b8": [0.07980755547630757, 0.9024706035888391, 0.9356124961285588], "b9": [0.017949452678299154, 0.9288749781928509, 0.8273323935009276]}