{"b0": [0.06710117436915114, 0.9722371996900455, 0.8109520820800367], "b1": [0.9838270708619661, 0.9540706845614908, 0.9816529088801675], "b2": [0.0757399739344033, 0.9375266449778067, 0.840668030710651], "b3": [0.9886675535595972, 0.9727605877896578, 0.9401008431182319], "b4": [0.5552257240640306, 0.9889392348127244, 0.8158543510773836], "b5": [0.08440190474204122, 0.9382545556130317, 0.986758323744574], "b6": [0.3099738169702279, 0.9142193893057479, 0.9407105013657153], "b7": [0.001053147548431862, 0.914152492099386, 0.9208336160217523], "b8": [0.09737156799714804, 0.9692990877530104, 0.9430993608163388], "b9": [0.1580514975182743, 0.9104388133128617, 0.8953392412831497]}