{"b0": [0.06908760402027546, 0.9144605530117005, 0.9272507357299448], "b1": [0.1676534612551511, 0.8503485447211537, 0.927783717265759], "b2": [0.8670133273153166, 0.9585965231172018, 0.8267178281730593], "b3": [0.986671958549052, 0.9783081917160257, 0.9732457775276795], "b4": [0.002199876160103846, 0.8806239143337264, 0.8453891501009543], "b5": [0.08965501761420155, 0.9624422576230016, 0.8534272966530773], "b6": [0.07729424637635357, 0.9556608189417238, 0.805991568220891], "b7": [0.5972798276627317, 0.9450359518919137, 0.9322957415426154], "b8": [0.1648116060125771, 0.7745953052594775, 0.9413332557130851], "b9": [0.9125276200918516, 0.9927355545564365, 0.95170679699549]}