{"b0": [0.10695000893425329, 0.9418135686911496, 0.9435217249013894], "b1": [0.33887754839698253, 0.9996817944671296, 0.8199503518937757], "b2": [0.8912141498473196, 0.9893000762897968, 0.8188599637450875], "b3": [0.8257794916398842, 0.9730485474652351, 0.8199428880709688], "b4": [0.827285478242682, 0.9215655775986203, 0.9778590117423779], "b5": [0.1668847574017315, 0.9895006803447689, 0.9444814647459243], "b6": [0.16106387428783883, 0.9993533533040053, 0.9748414787663385], "b7": [0.09623765617349854, 0.9739087574417585, 0.8294534116412146], "b8": [0.744377927653966, 0.8076135000759865, 0.9429679233234823], "b9": [0.7568283799642451, 0.9352774689455388, 0.940133407406199]}