{"b0": [0.2939653532291302, 0.8942876542336806, 0.8600995724089153], "b1": [0.01845406355213819, 0.9364749509887409, 0.9467953115538417], "b2": [0.0805603677220112, 0.859898548307805, 0.8013517922043709], "b3": [0.6525304520975734, 0.9456186577516627, 0.909797945190672], "b4": [0.0789830842597591, 0.8871847398068894, 0.9156450514627187], "b5": [0.34804114616892823, 0.9097036323771346, 0.9415992920227784], "b6": [0.08135814853677432, 0.8768440479230496, 0.9754848484259164], "b7": [0.003637369764105863, 0.9707868303849938, 0.8649543803569212], "b8": [0.9905652900540602, 0.8349842266632014, 0.9785960964838529], "b9": [0.6424549173271308, 0.9238069978944883, 0.9141799936070182]}