{"b0": [0.7189932975461051, 0.8562681482194334, 0.9921265820148208], "b1": [0.1629512028186618, 0.9135240060594226, 0.972350818484158], "b2": [0.06768958106196482, 0.9287748174502468, 0.9895338651734212], "b3": [0.7384360200657848, 0.9144631005187588, 0.9823473251808967], "b4": [0.07651822717294475, 0.9232733729835512, 0.8037277553017453], "b5": [0.07751095365693937, 0.9352503826991846, 0.9174977348573374], "b6": [0.7417487056684847, 0.9817759459524893, 0.9273281569498915], "b7": [0.09627318148474619, 0.9787425260837138, 0.9604006795417322], "b8": [0.896790305357122, 0.9934950013618912, 0.975199159594003], "b9": [0.754798342496243, 0.9909892501055384, 0.9137984324581369]}