{"b0": [0.7444290234170019, 0.9003463372270099, 0.8831896547293607], "b1": [0.9273393230882935, 0.8464219879694136, 0.9029005175920861], "b2": [0.7203391833995585, 0.9263940037430112, 0.8637177061276602], "b3": [0.9808803392697815, 0.9370289230024413, 0.9640365077873079], "b4": [0.7135464568232492, 0.8875051338420326, 0.8113644243684034], "b5": [0.34039316199279746, 0.9650780961182518, 0.9243019797586198], "b6": [0.07750615819326052, 0.9490942152039514, 0.9487271412054702], "b7": [0.7324112041699387, 0.9781343081902903, 0.8587278506708225], "b8": [0.08566512719521903, 0.9607002299428962, 0.9858504742999438], "b9": [0.08529204784119672, 0.959927206850775, 0.8967823719425294]}