{"b0": [0.6697582659768044, 0.9692797546934828, 0.82538309776736], "b1": [0.728244020498234, 0.9595431025902071, 0.9864407252926015], "b2": [0.15703293413259278, 0.8618847952805218, 0.8290238151841143], "b3": [0.07428939663510921, 0.9155746100601742, 0.9704819808739212], "b4": [0.07663921777582679, 0.9166515475514732, 0.8387335634762852], "b5": [0.6511150440346214, 0.9809696299850045, 0.8459969675023611], "b6": [0.7917081290209523, 0.950335539868027, 0.9615587602894716], "b7": [0.777871212281146, 0.8716582382986263, 0.8318667540337777], "b8": [0.9982375426465017, 0.7734372568710218, 0.8070720336312805], "b9": [0.0696549568701164, 0.9857930793862926, 0.8116138788981724]}