{"b0": [0.09045188240968559, 0.9949900634925483, 0.8431670012241144], "b1": [0.8498685530214801, 0.9916279267127379, 0.9655645247324989], "b2": [0.16126885579702033, 0.933463802624596, 0.8659705490480293], "b3": [0.8634093260372425, 0.9182132082358361, 0.9691326691455693], "b4": [0.8549212237985945, 0.9806528104993697, 0.8239000160120747], "b5": [0.3737988496227919, 0.8698726902467163, 0.8315057151354129], "b6": [0.156438069431371, 0.9372845389131353, 0.8490674408363137], "b7": [0.3455717720364681, 0.921636949866144, 0.8178542734308963], "b8": [0.2734717071158791, 0.8736877347869015, 0.8790881094560874], "b9": [0.8632708896614517, 0.9300407306357471, 0.8287312947605564]}