{"b0": [0.8614033914090637, 0.8607011164301197, 0.8622215942991538], "b1": [0.16284787820169622, 0.8422566910043413, 0.9219117820375773], "b2": [0.8638064259587065, 0.9023344805738585, 0.8973249461554771], "b3": [0.7334534026081461, 0.969676269203517, 0.878091209324283], "b4": [0.16016883887126446, 0.7940866151759242, 0.9717533997248686], "b5": [0.7393873199251577, 0.9640473761627426, 0.8298296234608642], "b6": [0.16186464670504594, 0.9361817479465793, 0.8043404546252181], "b7": [0.9967343032211429, 0.9671697408093803, 0.8976136337039771], "b8": [0.16513301825294402, 0.9478601504195707, 0.8524538738529367], "b9": [0.06700257869357872, 0.9856240346241156, 0.9456015294130619]}