{"b0": [0.15003795011663984, 0.9210932518345933, 0.8685448971236163], "b1": [0.3462377405442837, 0.9451836048879122, 0.991525636117996], "b2": [0.16141431248365465, 0.9731927419614688, 0.980747545917309], "b3": [0.8891434557071155, 0.9788975555439038, 0.8194397180071405], "b4": [0.15498449557884425, 0.9071240224382534, 0.8350551842341024], "b5": [0.16498509535004444, 0.9837261735393212, 0.9520594772131955], "b6": [0.10809619564400523, 0.8810926607486325, 0.9912734013198741], "b7": [0.8944202326373737, 0.8489248641245968, 0.8074404211565512], "b8": [0.1544425133006204, 0.9099435133624307, 0.8328011195822803], "b9": [0.15216646168676531, 0.9273466159305249, 0.8116680487764384]}