{"b0": [0.1680582317086763, 0.9910974613156496, 0.9910993407553674], "b1": [0.2983733096386672, 0.9330558963534417, 0.8390608995073773], "b2": [0.1624878110759221, 0.891828310864558, 0.9572081028648879], "b3": [0.3683589439451538, 0.8867253219742934, 0.8879955946747407], "b4": [0.1580603343664506, 0.9554748383622461, 0.8405790712339164], "b5": [0.08517574395445976, 0.8790686229976765, 0.8485475810747964], "b6": [0.1625093157582886, 0.9682423976076531, 0.8918351301733373], "b7": [0.15633904825799808, 0.968489838339664, 0.9395247510073717], "b8": [0.8339655441171717, 0.9386906799566965, 0.820155765404102], "b9": [0.15954195017348596, 0.9560888144245742, 0.8810625787906678]}