{"b0": [0.7317728393853454, 0.8987325362632868, 0.9449574366396163], "b1": [0.7114918029701414, 0.9397860860445734, 0.982038088979671], "b2": [0.09123957134623208, 0.966829768384588, 0.8973378732195578], "b3": [0.7395401590099702, 0.936321703336559, 0.8901849662094022], "b4": [0.7848651069165975, 0.9794074675916233, 0.836694343025108], "b5": [0.09185973328519081, 0.8589566349999993, 0.8331246574225918], "b6": [0.7275013822488028, 0.8879625358830319, 0.9501905380624203], "b7": [0.771323407739514, 0.9416536735563781, 0.907553769393948], "b8": [0.7269392818884935, 0.9272583816292885, 0.9621267993418264], "b9": [0.7812659072286122, 0.940795983241079, 0.8934587707028779]}