{"b0": [0.7847580367420395, 0.9784862717166889, 0.9919151057409885], "b1": [0.6038376478792999, 0.8558431566144971, 0.8950994959186823], "b2": [0.09826807566475455, 0.8604407464009891, 0.8991275752242057], "b3": [0.7269422099004419, 0.9727194619264575, 0.8968336512560063], "b4": [0.7542389652394037, 0.8792371115213995, 0.8743379598880395], "b5": [0.7117875493226287, 0.8198022477193434, 0.967762746906497], "b6": [0.7589935017591529, 0.9647299568108855, 0.990557331117666], "b7": [0.107033756635549, 0.9783948666732784, 0.9064640991222086], "b8": [0.7435152081434895, 0.9437828884240512, 0.8398386782771199], "b9": [0.16137210892141807, 0.869742284880877, 0.994882421958254]}