{"b0": [0.09977785539370045, 0.9330501699104239, 0.8780825100455957], "b1": [0.7605152497257476, 0.9887238245228849, 0.9981907870724251], "b2": [0.7168879808448329, 0.9216523254229233, 0.8492816426016435], "b3": [0.15478166514769762, 0.7569785072561843, 0.8434680995393545], "b4": [0.1601730035522748, 0.94665308476402, 0.877830753457931], "b5": [0.08469598333009146, 0.9022092065345294, 0.8045921255790509], "b6": [0.15623494724083667, 0.9678027899024686, 0.8845742806684743], "b7": [0.05879976426260062, 0.9143863278609922, 0.8812847766070862], "b8": [0.6438975181308731, 0.9941173426753964, 0.8910808638288455], "b9": [0.9192354104287601, 0.9538284975592782, 0.9122783456312014]}