{"b0": [0.004096226679650556, 0.9225542598553084, 0.940385185343743], "b1": [0.159571007831764, 0.8795432592576412, 0.9201548237221724], "b2": [0.15693480130596069, 0.9989493407492742, 0.8927312341201662], "b3": [0.09891229731457037, 0.950859121568741, 0.8591583790631178], "b4": [0.9995932675321625, 0.9448215119895661, 0.8211435926321173], "b5": [0.07857567976873121, 0.8647620817184992, 0.9623831814228676], "b6": [0.1670466754278049, 0.8082032402649779, 0.88507393979495], "b7": [0.7686980592023593, 0.9679963903761657, 0.8934307602941506], "b8": [0.07280899924918631, 0.9193993836709646, 0.8776972895804377], "b9": [0.7293310743902639, 0.9573045197788894, 0.9087435790376764]}