{"b0": [0.34312981668240705, 0.9533572849406192, 0.8093250588797491], "b1": [0.7439035334237168, 0.7490499881447542, 0.8270265181696557], "b2": [0.022952052362226482, 0.9381860818100646, 0.9782510696188618], "b3": [0.154064848069456, 0.9039831335570804, 0.9821185263625325], "b4": [0.8756670568626909, 0.935897359567947, 0.8484733051036882], "b5": [0.589825860389244, 0.9320741258259301, 0.9448614909599068], "b6": [0.6192003169252125, 0.9468504860356233, 0.8773706327563692], "b7": [0.9100256229375312, 0.8982442037399778, 0.8831599323617262], "b8": [0.34322227453559306, 0.9091508199017366, 0.8778439813825508], "b9": [0.3081846986172876, 0.9305681685266416, 0.8251071049764306]}