{"b0": [0.5465285782143409, 0.9065811510886924, 0.9863174270704598], "b1": [0.6157926363504518, 0.9184505470025353, 0.8548344923888722], "b2": [0.3467781090747465, 0.99583588684777, 0.8533012235411144], "b3": [0.5613297018049404, 0.9993455719520931, 0.9415375313510039], "b4": [0.32389478600049765, 0.887048774371425, 0.9236554917681247], "b5": [0.8788037314714174, 0.9965334868004208, 0.898421227638242], "b6": [0.16314171360895535, 0.9517283172520117, 0.865140414327111], "b7": [0.8847956174285698, 0.982805753815531, 0.9268406697601966], "b8": [0.8671588889439683, 0.9631374488526913, 0.8796238452103989], "b9": [0.2852715142606683, 0.9639915658212801, 0.9408226898601458]}