{"b0": [0.3179457411156502, 0.9858999508500185, 0.9665207975762765], "b1": [0.8540689995437958, 0.9400235147791193, 0.8364227621280379], "b2": [0.8536344934192259, 0.9575731879421029, 0.9341770514219445], "b3": [0.6519768688186385, 0.9829517379158648, 0.85093977852745], "b4": [0.7785513101975694, 0.8081426520468099, 0.9647228382213104], "b5": [0.33417568478114945, 0.9077597724325807, 0.8502086865028323], "b6": [0.15575500781457358, 0.9999176635840094, 0.9298967778791494], "b7": [0.15986258859521763, 0.9437086167434886, 0.984419819329634], "b8": [0.36174175298977856, 0.8997973726798986, 0.9244442872614687], "b9": [0.9960318835070856, 0.9490038517150962, 0.9127037599796677]}