{"b0": [0.6821376244388189, 0.8009232888978606, 0.8984217310260344], "b1": [0.8511210339264557, 0.8859360771803588, 0.9385995441863344], "b2": [0.6313973291496363, 0.9711601416821509, 0.9974279199509927], "b3": [0.5316782610565371, 0.9181398405788491, 0.894617350488922], "b4": [0.08921145449638573, 0.830634317748567, 0.9258482594739761], "b5": [0.8949265634327068, 0.9089219495706706, 0.9676530590908424], "b6": [0.9971397177700743, 0.8260815198688647, 0.8497202528702217], "b7": [0.08104467623203346, 0.9938906900405865, 0.9741423782517954], "b8": [0.0075359312076750075, 0.9053060330016852, 0.973525439723754], "b9": [0.0694658083992396, 0.9910612159964676, 0.819409278342535]}