{"b0": [0.6099382277609923, 0.9925553173096435, 0.8782489686626603], "b1": [0.7410538065472475, 0.7469326283465744, 0.8580870286458078], "b2": [0.9885122302373613, 0.8909383146349172, 0.9677967849764312], "b3": [0.9961392496531871, 0.9187916147716451, 0.9678492705381296], "b4": [0.08092539068242316, 0.8433794458599485, 0.8607617416781019], "b5": [0.5190202198217413, 0.962108616822046, 0.880697484773988], "b6": [0.3590189018928406, 0.9229913208710764, 0.9834784497353272], "b7": [0.6243770898825557, 0.9161409751183034, 0.8133321162387759], "b8": [0.08587697875565971, 0.9812123836567136, 0.903092638082098], "b9": [0.6200628895288043, 0.9343691472512653, 0.8021595001475522]}