{"b0": [0.6197111689003445, 0.7551908609121594, 0.8889997304027111], "b1": [0.8585530714011647, 0.8939789953394915, 0.9918345387367608], "b2": [0.08905613161748967, 0.9812983202190578, 0.9790850915544386], "b3": [0.5880667933403997, 0.9296234763666679, 0.9294602857917559], "b4": [0.0015644268736658537, 0.852556454968084, 0.8798087563684774], "b5": [0.6450868565462907, 0.9873285916027007, 0.9921687238337793], "b6": [0.16474713945534775, 0.9399055145255605, 0.9460228882307667], "b7": [0.8744403285865338, 0.8696020445153981, 0.9476362643099706], "b8": [0.8704860620208795, 0.8811617646202464, 0.8666008988277363], "b9": [0.6410589883217387, 0.9415946098320219, 0.80014568738045]}