{"b0": [0.9167121605206964, 0.9716426146041056, 0.8190336632090538], "b1": [0.8384641711796864, 0.6865696750752748, 0.9831758938933247], "b2": [0.16862527227854007, 0.9299879937285734, 0.8018750212551548], "b3": [0.8754016885470748, 0.8935829134290364, 0.9207082863743778], "b4": [0.16731406446432512, 0.8933067466067954, 0.8796182731505795], "b5": [0.1635878062869146, 0.9282163291116947, 0.8811639084481199], "b6": [0.16484192176025658, 0.9931120071023212, 0.8967863616707369], "b7": [0.8661729725734948, 0.7761787396784119, 0.9000615943617508], "b8": [0.8872246802844852, 0.9056139940442515, 0.9037736929650041], "b9": [0.8748082709122817, 0.9199249245263033, 0.8094782067947254]}