{"b0": [0.15880868260478212, 0.9424420294224806, 0.9643177661489561], "b1": [0.7456685188407078, 0.9658850974418018, 0.8111246148914837], "b2": [0.8848839069378286, 0.8587051849617197, 0.8580676732513592], "b3": [0.15509839175594445, 0.9013490844225233, 0.8918936400885381], "b4": [0.8558278365934604, 0.9944366664405833, 0.9822425007801402], "b5": [0.15470289360749448, 0.9212285812979089, 0.9530073459186448], "b6": [0.8424793753913546, 0.8559954106891522, 0.9194642077757158], "b7": [0.15346535079754445, 0.8826943460435817, 0.9536203607522381], "b8": [0.8913687477081045, 0.9749202603346095, 0.8465995045908401], "b9": [0.16058549439205977, 0.9232026945908054, 0.9414918389104688]}