{"b0": [0.8612135548405452, 0.9162579851000819, 0.956732876979288], "b1": [0.3598340460757067, 0.9398567174542692, 0.8794695954489684], "b2": [0.8711252609364526, 0.9730682722600537, 0.9128351175135399], "b3": [0.15399844672327584, 0.9652206193404187, 0.8337233129019336], "b4": [0.1572208994456834, 0.7635574930819112, 0.9366916422032162], "b5": [0.7289437136134588, 0.946740779807512, 0.8105049223804531], "b6": [0.15900885179366012, 0.9756293117534366, 0.9727235596550944], "b7": [0.7652009523511079, 0.8582095511638022, 0.9683909937171903], "b8": [0.8166499259580595, 0.9395190683654736, 0.89905743828813], "b9": [0.15875645407643638, 0.9275808336627241, 0.8473735130343067]}