{"b0": [0.5987663570424093, 0.9453959691934455, 0.9030711563473356], "b1": [0.9873839225658771, 0.8965927104826352, 0.8720317154389169], "b2": [0.159433911757335, 0.9520736515537648, 0.9836186221507957], "b3": [0.9004924677052851, 0.9945136631406303, 0.8459512889548856], "b4": [0.7997760037130984, 0.923556377039082, 0.9867205431621442], "b5": [0.1638957874707193, 0.9061688174764929, 0.951285317861657], "b6": [0.35471970703664774, 0.8946960200746826, 0.8185357414784101], "b7": [0.6059788293963235, 0.9849718161165487, 0.8553096347360696], "b8": [0.35312775887038944, 0.9217259865025074, 0.8159484443093524], "b9": [0.32387464216542583, 0.8767620917558752, 0.8034253995848925]}