{"b0": [0.8244802597441862, 0.9273832688444361, 0.8586130895145603], "b1": [0.3105886783995054, 0.9714153478553567, 0.9424277793237503], "b2": [0.2927850107272335, 0.9322569448182927, 0.8397330667595917], "b3": [0.6414014570949012, 0.9680097997568753, 0.8479668246636733], "b4": [0.30305416827982373, 0.9614044427653486, 0.9708306576101938], "b5": [0.09754431582762488, 0.9788301420192869, 0.8517796111511683], "b6": [0.34214728636103836, 0.9866200221564099, 0.8783645915286222], "b7": [0.8562614722332204, 0.9400933511257386, 0.9374584707733288], "b8": [0.7671755679868625, 0.9164304833138129, 0.815550509007292], "b9": [0.6498363266578836, 0.9000525585371344, 0.8171552923466247]}