{"b0": [0.07736023350465804, 0.8914168291515887, 0.9091974989551836], "b1": [0.1688620113844805, 0.8013875611111112, 0.9218716547962381], "b2": [0.16316670306099162, 0.8833385922790814, 0.9449250616735152], "b3": [0.37214798673199295, 0.9396058145655813, 0.9045113032488749], "b4": [0.8333825782318542, 0.9570482904435257, 0.8067628120045356], "b5": [0.1542604218516417, 0.9923801860944715, 0.8319922867572866], "b6": [0.9298741258752685, 0.7363230061568793, 0.837282532357364], "b7": [0.648396215838854, 0.9890841365257778, 0.9714363505997984], "b8": [0.29372832358378625, 0.9208874344406862, 0.995047884226888], "b9": [0.7249433706667812, 0.8816521541390319, 0.8546508846359157]}