{"b0": [0.7545743046256027, 0.8996226293659302, 0.9420810658312818], "b1": [0.594669270431063, 0.9852909738637469, 0.9145943086094716], "b2": [0.7641645062346388, 0.8443864925950006, 0.866158846370502], "b3": [0.8755694904257153, 0.9448863906470326, 0.8284287647336664], "b4": [0.320141223545486, 0.9437560671190109, 0.8773375470744058], "b5": [0.10964205137147123, 0.8224394857736073, 0.9796148638920857], "b6": [0.3237254098517697, 0.961201003160092, 0.8895129677976769], "b7": [0.015020829658100166, 0.964750740144823, 0.9862210010911927], "b8": [0.7441665415374042, 0.9672621715681842, 0.8413220736168994], "b9": [0.7540915334081724, 0.9764236322628481, 0.8254004267482198]}