{"b0": [0.9115527024373687, 0.9883189622923009, 0.8698345414050825], "b1": [0.10779834427398093, 0.8836810838921074, 0.9247190743675702], "b2": [0.07876113632950028, 0.9925953652823408, 0.8473251225335039], "b3": [0.7715229992409053, 0.853949232446044, 0.911406912058807], "b4": [0.004997787504979428, 0.7899369017403273, 0.926831933008051], "b5": [0.31849846658174796, 0.970559918846303, 0.8662357103618947], "b6": [0.07187344410894697, 0.9994677779337559, 0.8062848969912468], "b7": [0.810493424722215, 0.7574223384185309, 0.8186360268326962], "b8": [0.7186473635743905, 0.9643594364076793, 0.9521355854192306], "b9": [0.8691680660017289, 0.9034576071684846, 0.8785359990040934]}