{"b0": [0.8670399928075581, 0.9922349612034194, 0.8326126146648876], "b1": [0.6252870994373381, 0.9143279836566852, 0.8821479708648552], "b2": [0.5867705873360302, 0.9196115327388079, 0.8173552693691826], "b3": [0.7511883317463848, 0.8998801721571239, 0.9295877691595201], "b4": [0.743753617308966, 0.9289975065693343, 0.9212027725231497], "b5": [0.7107629405536923, 0.8772315207212739, 0.8289304802170608], "b6": [0.3067440659325363, 0.8397359689029003, 0.8722125429109393], "b7": [0.09380805732921385, 0.9893789905022711, 0.9376773879251552], "b8": [0.1689252714952036, 0.9385788328146002, 0.9833594251256632], "b9": [0.16581764078992875, 0.9223177279956936, 0.9767165593317622]}