{"b0": [0.7533752730315965, 0.8417788134156874, 0.8807876678825086], "b1": [0.7448954448900055, 0.9469781595075157, 0.9318877872216822], "b2": [0.7334021653840882, 0.9191313489868547, 0.9906626752295834], "b3": [0.31200103099820814, 0.8818495521509859, 0.9877860685693305], "b4": [0.9886725319016836, 0.9549094014857465, 0.9396390094417986], "b5": [0.7024019502069695, 0.8508741855053559, 0.80571075392444], "b6": [0.0633431689869572, 0.9708609200631031, 0.9287479169166996], "b7": [0.7354755652526525, 0.9231746788386513, 0.8617366281410974], "b8": [0.017607144806939957, 0.9288826387523647, 0.8980711189325491], "b9": [0.7157711477528593, 0.9656330446463782, 0.9593148426800849]}