{"b0": [0.7476587615275032, 0.8545368067229311, 0.9047302619223934], "b1": [0.543286877535938, 0.903916351691403, 0.9626642909748443], "b2": [0.7302758773239016, 0.9279160640780749, 0.8814863513732836], "b3": [0.7874642922567158, 0.9733523778797633, 0.9494477443901175], "b4": [0.7717865748700874, 0.9974447872900799, 0.9108148610243861], "b5": [0.06309786862738538, 0.9243978871969574, 0.9943631083673838], "b6": [0.16950312631731548, 0.9023295442748198, 0.8641651236109641], "b7": [0.09082914785014573, 0.9518193848932348, 0.8078068036952792], "b8": [0.741798784187175, 0.9875567997434901, 0.9940023770165409], "b9": [0.8800941300661925, 0.6726528591103357, 0.9310735949681558]}