{"b0": [0.7796399192781333, 0.9763600033896523, 0.965841482972842], "b1": [0.8008479809652108, 0.9991074632341447, 0.8773030620613415], "b2": [0.7918699187859712, 0.9823870048845911, 0.8156797116337827], "b3": [0.7344298272463895, 0.9243767486371158, 0.9823657373882219], "b4": [0.7388649431918235, 0.8521716300002851, 0.9831950550643352], "b5": [0.7114035110766324, 0.9510664406566786, 0.8665449012944489], "b6": [0.07953516306140722, 0.9986034123250822, 0.8348775672605986], "b7": [0.08807769897915259, 0.9573440750868722, 0.9394976043348474], "b8": [0.1656950385924529, 0.9705642471646189, 0.9748926632135269], "b9": [0.05201131190628762, 0.9044452591780189, 0.9170052228133456]}