{"b0": [0.7685627865615935, 0.8973742603841073, 0.8004459442533525], "b1": [0.0865209170819815, 0.9352316264432698, 0.8517079718979379], "b2": [0.06960474990233641, 0.926541624889488, 0.9148650004353892], "b3": [0.768621508503552, 0.9391183412593699, 0.8962515236367156], "b4": [0.770238666951718, 0.9439077813057001, 0.9580875464896107], "b5": [0.7495560052347705, 0.9248914237833361, 0.9795347572798387], "b6": [0.7305512249929903, 0.9926135492490169, 0.9618980497344569], "b7": [0.6272398236339685, 0.9533752936693114, 0.8975464438044665], "b8": [0.7499457352397159, 0.8025102063404763, 0.8639469579304263], "b9": [0.05932978743367622, 0.9177680737171713, 0.8716156801251502]}