{"b0": [0.6947328799475767, 0.8419338617611826, 0.8401016350819599], "b1": [0.35274939722600435, 0.8541678986254317, 0.99328312628101], "b2": [0.731529202184822, 0.9791948963481001, 0.8678153045350214], "b3": [0.9916954235978409, 0.9066080319173337, 0.8576443189616083], "b4": [0.15165364277769375, 0.9005481951670663, 0.8153822165195672], "b5": [0.705188905072653, 0.9808696766130729, 0.8700744708559975], "b6": [0.16487071687242186, 0.8488675896753497, 0.8029675890908514], "b7": [0.09681588930558346, 0.6372373373504782, 0.9150097325436087], "b8": [0.30105241007465344, 0.9137386376893163, 0.945145293575875], "b9": [0.7728277116687622, 0.8768461622697253, 0.860161681222]}