{"b0": [0.9827070148337671, 0.9034292289485982, 0.9213366062123012], "b1": [0.8804073185146979, 0.935965763211141, 0.8950727848356574], "b2": [0.8672942958844233, 0.8597536223761781, 0.8421962456567488], "b3": [0.7305473736471301, 0.8317995237490123, 0.8404080101282047], "b4": [0.8353806505501443, 0.9790213939835626, 0.9199510587161955], "b5": [0.023529754719729578, 0.9085952309013497, 0.8566102314970486], "b6": [0.9993664699184217, 0.8982868370948409, 0.8024799219348827], "b7": [0.0007327991089464988, 0.878350105662162, 0.8169352911801053], "b8": [0.8287910398770171, 0.9590491990038257, 0.961335440729853], "b9": [0.16529411959373314, 0.8689128328614834, 0.8912164313322775]}