{"b0": [0.8907496624970049, 0.8287138548013141, 0.9867168201069961], "b1": [0.8762823192464531, 0.8776144826038277, 0.9870105033836127], "b2": [0.9851408108316569, 0.9605910770168752, 0.9849308949019806], "b3": [0.0013374572575789237, 0.9867018258403653, 0.9683540893183071], "b4": [0.007828817210867554, 0.9573798251803838, 0.9100636002167906], "b5": [0.008433874847706172, 0.9623886175286129, 0.9750977543991247], "b6": [0.17604879211646168, 0.9343308696182494, 0.8630685704595856], "b7": [0.3281444994551103, 0.9560905483796625, 0.9775367314557241], "b8": [0.9153456449574717, 0.9893099767790473, 0.9931543048077774], "b9": [0.15606302077502346, 0.9582174324671021, 0.9275925933157771]}