{"b0": [0.016790665520931863, 0.842556189728968, 0.9618375739202065], "b1": [0.00022198955711667147, 0.9556198216208942, 0.8796759237196801], "b2": [0.8872177322591438, 0.966525475578255, 0.8982704148864274], "b3": [0.00989229230709982, 0.8898060653285964, 0.8729943599041357], "b4": [0.7741027618780688, 0.9419712381323244, 0.818515256944076], "b5": [0.013754509774206057, 0.8881555170338644, 0.9632071678996791], "b6": [0.8764332230628029, 0.9744895511561315, 0.801020492436639], "b7": [0.3423828901644683, 0.8892343161711611, 0.9679429103671197], "b8": [0.8947383666414629, 0.8525307701312902, 0.8352640587861541], "b9": [0.8655937796463041, 0.8684187608677584, 0.826535448381879]}