{"b0": [0.7187945828154103, 0.8880711534872456, 0.891035558849461], "b1": [0.9815011033311015, 0.9813873795441198, 0.9608833990503491], "b2": [0.8813670256230657, 0.9124923925668479, 0.8678096226642638], "b3": [0.7191714412119208, 0.9803768870900335, 0.8137223439496576], "b4": [0.8342072827795097, 0.9563644066500792, 0.8903467347307304], "b5": [0.7379418294229609, 0.9333933194794635, 0.8767751417514527], "b6": [0.5605834797918977, 0.985601510864178, 0.9048279663745817], "b7": [0.9894987495630538, 0.8557266168557061, 0.8961198348427283], "b8": [0.1653511584783167, 0.9861839685668022, 0.8836064400048168], "b9": [0.3542383871797245, 0.9074719378937295, 0.8260093815149836]}