{"b0": [0.3003624640565874, 0.836873762262991, 0.9229354732936979], "b1": [0.5952150164878242, 0.7780254036929481, 0.958430334932553], "b2": [0.6309476917513016, 0.878920845583644, 0.9637518373453069], "b3": [0.9931762859366405, 0.9601909908448576, 0.9099723642288958], "b4": [0.7889844148823216, 0.956624944027399, 0.9790339440279652], "b5": [0.7224775657014278, 0.8355299562488816, 0.9143395913128012], "b6": [0.9923901891825417, 0.8697981155757429, 0.8995610613204207], "b7": [0.07139278004166981, 0.8878038716448858, 0.9924058418278285], "b8": [0.2986447664914714, 0.9096504124274296, 0.8374032437977644], "b9": [0.9826018361987662, 0.8445997344607689, 0.8192796429588401]}