{"b0": [0.9999366458638818, 0.9585319236918732, 0.886363416476884], "b1": [0.004600403533475726, 0.999284561872638, 0.9869379006337304], "b2": [0.874358433302295, 0.9398558719682727, 0.9139893848768488], "b3": [0.1612369213120955, 0.9692626470311632, 0.9420651241283292], "b4": [0.16102597519661985, 0.953636233471246, 0.896605934987242], "b5": [0.15740324934859085, 0.8595216818858382, 0.8075442868069694], "b6": [0.3778494403215322, 0.915515039068908, 0.8158066681804561], "b7": [0.08216603444728891, 0.9296338306699589, 0.9095479228396658], "b8": [0.3297870826954215, 0.9982220552265976, 0.9457074903198476], "b9": [0.15372504445482885, 0.9893002691376318, 0.9857551157960688]}