{"b0": [0.3730415805054454, 0.9762524488079046, 0.8529002562092133], "b1": [0.07142498835926661, 0.9328861206577068, 0.8638463283328089], "b2": [0.760327686962406, 0.9599201377321924, 0.8785448596586343], "b3": [0.7888156060940399, 0.9206974346703635, 0.9531825811975965], "b4": [0.34290466118339774, 0.928079424971057, 0.9605222089918373], "b5": [0.16111746437584062, 0.9778654427041924, 0.8085113434178591], "b6": [0.6253134048645073, 0.89907218873927, 0.9107972945557031], "b7": [0.07746020574414646, 0.8997796766327113, 0.8920453863470166], "b8": [0.8711897267819683, 0.859503846872301, 0.9015387469736618], "b9": [0.9896628356942853, 0.9477460482159, 0.8259739232411798]}