{"b0": [0.8144571155387065, 0.8439944565525106, 0.9635496953184958], "b1": [0.9900616206731934, 0.9074534807998442, 0.8811118082081697], "b2": [0.0021882426710743324, 0.7775635314831204, 0.8626037567419576], "b3": [0.6119921588998348, 0.9773351882643563, 0.9631984545320357], "b4": [0.3473775187148464, 0.866655666225044, 0.9116798155761012], "b5": [0.34248594256287346, 0.9533288119472894, 0.8845330238699894], "b6": [0.6900734217587499, 0.9385524896739116, 0.9499151804044067], "b7": [0.3747522732475213, 0.9141596751197392, 0.9085317618070063], "b8": [0.008312705301040642, 0.9312210266986017, 0.9707223247106889], "b9": [0.15522678444940619, 0.8916863670086754, 0.9094426542517937]}