{"b0": [0.3669307582822398, 0.9135735220073841, 0.9021345891956402], "b1": [0.5829407052925868, 0.9071883370064456, 0.8542667782080202], "b2": [0.16285332940006547, 0.8465541978800486, 0.9345356152722225], "b3": [0.3272599130843482, 0.9784859423403465, 0.9006995500190034], "b4": [0.34910334694318335, 0.9817059735633312, 0.8150582115712263], "b5": [0.3524365094609031, 0.9999829333823205, 0.8372395219837685], "b6": [0.6432204018970027, 0.944795077971849, 0.8515442575079463], "b7": [0.015840464342244814, 0.9017480082723545, 0.9991749009341035], "b8": [0.15985340840777623, 0.9224645188147572, 0.9297355790028168], "b9": [0.6202553452391455, 0.9748714425352454, 0.9738356084748804]}