{"b0": [0.5932057054989651, 0.9301134755916917, 0.9133274449864079], "b1": [0.9824487753576396, 0.9550835073064211, 0.8500891040776384], "b2": [0.9879754692757308, 0.8500729500353807, 0.8547367364410632], "b3": [0.003521767489700355, 0.9733175081193507, 0.9745622975478636], "b4": [0.049401904902564374, 0.9348734562800854, 0.9270898832048152], "b5": [0.9868660430623115, 0.9215322357727004, 0.9682347971748959], "b6": [0.01254831313888875, 0.9212635618619539, 0.8323300868972865], "b7": [0.3447519815992129, 0.9794906602089148, 0.9577233612920781], "b8": [0.09895506683154838, 0.7244059782009283, 0.8104674084179218], "b9": [0.10247093598662, 0.9426888209675417, 0.9921018346283792]}