{"b0": [0.15855236598788344, 0.96847390995905, 0.9733472788746356], "b1": [0.9941011330051807, 0.8035447532454078, 0.9797741460297377], "b2": [0.6214339441382843, 0.9575933686234367, 0.9879324821928115], "b3": [0.09521963387173056, 0.9850210263817278, 0.9035056793664193], "b4": [0.0889101577420546, 0.9463271428290946, 0.8563195825994527], "b5": [0.8393659153415576, 0.9954648253215814, 0.8551039624667045], "b6": [0.00045203624164867737, 0.8549950165684629, 0.9108988276215209], "b7": [0.5326677702809153, 0.9155060829094666, 0.859037357725256], "b8": [0.005037508054128547, 0.9931624685168255, 0.927621210227155], "b9": [0.3311540155966315, 0.9812172441972219, 0.9346867642289163]}