{"b0": [0.1535337122939173, 0.9706061522770277, 0.9665676765803939], "b1": [0.6391374699217502, 0.9879687646536699, 0.9873342112222222], "b2": [0.08577368923075687, 0.9030996649442541, 0.8471960198662457], "b3": [0.5666935721694122, 0.9948517309101148, 0.9796882213070782], "b4": [0.8672962498180828, 0.9586050353042422, 0.8262295499702662], "b5": [0.15711816521002755, 0.9355632717445527, 0.80231179759441], "b6": [0.31428507585444804, 0.9095302783213154, 0.8664366692576714], "b7": [0.16986271779645296, 0.9802459837686631, 0.8871034425780432], "b8": [0.08512500836652052, 0.7908907966844797, 0.8992749139681976], "b9": [0.9237937036246499, 0.9183556195450986, 0.9722278775678901]}