{"b0": [0.8722571659193099, 0.9752780344289773, 0.805179720354719], "b1": [0.855966761436667, 0.9594996681144896, 0.890402875803051], "b2": [0.1491487556957558, 0.9244984612772826, 0.9461759188758438], "b3": [0.8234696054174442, 0.9467202341714572, 0.8450529488822639], "b4": [0.8595470763885948, 0.9226287351184769, 0.8378399667589023], "b5": [0.3344522182789811, 0.962493930534333, 0.8748737081203976], "b6": [0.16081054511705364, 0.9044214428280845, 0.922745226577794], "b7": [0.15996879839911946, 0.8661528223207692, 0.9658621585653294], "b8": [0.3204521772520243, 0.8840364396963504, 0.8191307799196897], "b9": [0.8990655644094008, 0.8944126238817005, 0.9587337510594862]}