{"b0": [0.8762476262686139, 0.9598592455095788, 0.8014615450164257], "b1": [0.17357467649733083, 0.8861096420984745, 0.8702635007740743], "b2": [0.07720232567774507, 0.9674119275891516, 0.9582268310911704], "b3": [0.8792639068471924, 0.8816240901306762, 0.9608365949940968], "b4": [0.36053255710960547, 0.801813092589326, 0.8578040595332597], "b5": [0.8975894420386341, 0.9147264805200608, 0.9118560404110221], "b6": [0.33178528795145357, 0.7251835316025672, 0.9579679510153493], "b7": [0.1568996005089325, 0.9898689651614184, 0.8657835658865615], "b8": [0.8902761680873275, 0.9924038085645026, 0.8621771881252593], "b9": [0.16584179200335836, 0.972984518068666, 0.9572247367888947]}