{"b0": [0.8864082854132804, 0.8118290469693394, 0.8896085509955983], "b1": [0.8652830471773285, 0.9672930518965209, 0.8253177671131761], "b2": [0.870059556511245, 0.8794272732137148, 0.9988910770218357], "b3": [0.8965658337005423, 0.9762633573249692, 0.8115452872227513], "b4": [0.8793722407067232, 0.8787759106921504, 0.864264542046215], "b5": [0.3171954663262461, 0.9499920410565919, 0.9611976767846041], "b6": [0.1582474344352552, 0.9971925646561953, 0.9770413358091384], "b7": [0.16525535295172344, 0.9641007902909982, 0.8463936712767988], "b8": [0.32622190306493054, 0.9555960966837467, 0.9729401219363979], "b9": [0.8701299495773285, 0.8426255659286465, 0.8663272242942192]}