{"b0": [0.6650343598579692, 0.8869469701822545, 0.8625979793680498], "b1": [0.5952969767310263, 0.948964944982938, 0.8349758360759201], "b2": [0.1663002753782066, 0.8794463259192193, 0.8000844082919595], "b3": [0.0023202739580053824, 0.9968441470245133, 0.83033193656539], "b4": [0.16099093484526086, 0.9252425521300593, 0.9197021176231993], "b5": [0.8452594144970805, 0.9312440913560502, 0.8716323388364383], "b6": [0.010509177991549566, 0.9905864648624987, 0.9478203412186432], "b7": [0.9933358473835072, 0.9388449823838729, 0.9159653191586156], "b8": [0.16933742535812815, 0.9693192859268425, 0.8473897716546388], "b9": [0.5984278172227071, 0.776061772587876, 0.8139571885095591]}