{"b0": [0.901955761428665, 0.9296719875084338, 0.9322382863040372], "b1": [0.7212152146030426, 0.9977934407186336, 0.9014925831295273], "b2": [0.1608606740570377, 0.9982520731348756, 0.9974315110667398], "b3": [0.7347814937619161, 0.9850000923761342, 0.8723162416450289], "b4": [0.15144888593858516, 0.7949460891120901, 0.8491504864891568], "b5": [0.16471677709691068, 0.9394867896532278, 0.9029889688129981], "b6": [0.1658854967508373, 0.9609400733776209, 0.9996979820251326], "b7": [0.650391521812439, 0.8475149906123036, 0.8271738517655954], "b8": [0.5944682748103679, 0.9519189889660921, 0.8829467509079804], "b9": [0.16628769862956602, 0.9250464657235052, 0.8603957322167817]}