{"b0": [0.16051263267672944, 0.9898193211026377, 0.8791735462835831], "b1": [0.9035471459527199, 0.9723065032719908, 0.98462594615334], "b2": [0.00706580441674492, 0.7898615116354373, 0.8584265871322352], "b3": [0.5569951952656038, 0.9612162830580152, 0.8091702802575348], "b4": [0.6532527361893378, 0.940131211068746, 0.8460648997702869], "b5": [0.1616654828879275, 0.8795176124467659, 0.8725333726318723], "b6": [0.8914532175782284, 0.9973325550729438, 0.9664056045647176], "b7": [0.15890359258875073, 0.9584601656281332, 0.9519945527173048], "b8": [0.16764097957051535, 0.8932485167549586, 0.9349764775483844], "b9": [0.1646931119442749, 0.8424950273721357, 0.9853169673503465]}