{"b0": [0.16542172212317297, 0.951713008650498, 0.9851032749789358], "b1": [0.5860976925223708, 0.8343220179626146, 0.8440231309968622], "b2": [0.7467369376640527, 0.9580844785519487, 0.9583971375419142], "b3": [0.6086289702386203, 0.8796215071437072, 0.852776721113123], "b4": [0.1657656678974346, 0.8492686690183561, 0.8523394595081355], "b5": [0.16173148006695237, 0.9752935658549188, 0.9732747261652142], "b6": [0.7549172002990912, 0.96679932396765, 0.8872542903653415], "b7": [0.15897837616641367, 0.9305050180250249, 0.8767061498623973], "b8": [0.15622274768916783, 0.9995394005229206, 0.9124653845436925], "b9": [0.7502737657660846, 0.998730149229673, 0.814751080289281]}