{"b0": [0.9988573432730568, 0.9302081000469833, 0.9036454689209882], "b1": [0.1612793143086516, 0.9426783432993814, 0.83438369037037], "b2": [0.8708328503354167, 0.9464263390615405, 0.8470198804532998], "b3": [0.8945483994111392, 0.9927521194512069, 0.8042116538923785], "b4": [0.0016666928672888375, 0.84493658275416, 0.8781324836757564], "b5": [0.16121735479177637, 0.8968835217271014, 0.9164866768241575], "b6": [0.7501713657991391, 0.916437171361898, 0.9538308288979102], "b7": [0.15779535015124269, 0.9528472566953696, 0.8488511010605302], "b8": [0.1642708530329053, 0.9993291784351049, 0.9589506466189455], "b9": [0.9897455732298474, 0.9994442414420333, 0.9075052134606193]}