{"b0": [0.17380593227439914, 0.8949339910909658, 0.9799770563358062], "b1": [0.16477900081299474, 0.9074989212274234, 0.9603224990912484], "b2": [0.08492993324759941, 0.9353270961362283, 0.8554920793548182], "b3": [0.6405949011720622, 0.9648625983962758, 0.8710585928840644], "b4": [0.16011479886255775, 0.8313795964233313, 0.8368450656560269], "b5": [0.9742716752853033, 0.9658332928924712, 0.8658118997763442], "b6": [0.6608580444172619, 0.9662984398156408, 0.8979520883360084], "b7": [0.9905095773915161, 0.7619370195544832, 0.849317213386084], "b8": [0.02818933432697999, 0.9689021077054801, 0.9899642195370053], "b9": [0.3593669465379142, 0.9117641346231765, 0.8943774453382595]}