{"b0": [0.6638921796273078, 0.9758944301454036, 0.8404263350979495], "b1": [0.585062729117764, 0.9064104577531386, 0.848155279595905], "b2": [0.1627787990057811, 0.9502041167710437, 0.9766693314834657], "b3": [0.7799971970728476, 0.8788266258245963, 0.9882699713449796], "b4": [0.7198163628226879, 0.9187691839811856, 0.926245501646612], "b5": [0.15633294898943087, 0.9619076150542515, 0.9075058457147152], "b6": [0.8910250107017671, 0.9258331832976536, 0.9864742093301091], "b7": [0.15172287039237445, 0.9420818909412274, 0.8803813402495606], "b8": [0.5601559102630247, 0.9520809407230737, 0.9375558473670823], "b9": [0.9821326225468467, 0.9690311613329214, 0.938267977984342]}