{"b0": [0.15428922239239024, 0.9512437820594751, 0.9899788017938873], "b1": [0.0796459243575168, 0.9805295720449397, 0.8877493122880677], "b2": [0.166800611344473, 0.8020062030045061, 0.8575352089976802], "b3": [0.3462353209528718, 0.9819143378542077, 0.8201322764324712], "b4": [0.17007414494978512, 0.8653879578995048, 0.9457852861829825], "b5": [0.16281512276343021, 0.9278529704796814, 0.849879337992013], "b6": [0.7338228724774308, 0.9786870833330432, 0.8109549814914004], "b7": [0.7551774261147208, 0.9698068980334754, 0.9691489223353943], "b8": [0.5891587674303231, 0.8292437714386357, 0.924238983535625], "b9": [0.0769823544204171, 0.9734090949619244, 0.9915937279205846]}