{"b0": [0.7496423707740537, 0.885660385715025, 0.8463232934238911], "b1": [0.5583051021675259, 0.9743840040338728, 0.9124625793222133], "b2": [0.16614583313182738, 0.9029289620655351, 0.9130605756754115], "b3": [0.16380955972761096, 0.9583071281794625, 0.8866087859730691], "b4": [0.16548303497384825, 0.9982412541232379, 0.8717788465045996], "b5": [0.6152865003529321, 0.8744406626611942, 0.8795284972916174], "b6": [0.08297461820972288, 0.9635209936737604, 0.8044321243017695], "b7": [0.1684637838390751, 0.8387122902864516, 0.8530555026367235], "b8": [0.8795882626505961, 0.947124502881454, 0.9679181486521686], "b9": [0.16869164034919645, 0.9621690344892917, 0.8391890879609991]}