{"b0": [0.8539573793073414, 0.8382873972145365, 0.8997339982689383], "b1": [0.8857121440962278, 0.989236743253919, 0.8968038320894539], "b2": [0.37236105081703896, 0.8840019355896718, 0.8605125563107126], "b3": [0.5586620607400745, 0.9518966443894251, 0.8208355584823924], "b4": [0.7722963551275229, 0.80792015188658, 0.9974210621532652], "b5": [0.16414266501826535, 0.8694193191556807, 0.845507342458828], "b6": [0.5756905689971404, 0.9339645966141558, 0.9450417733594374], "b7": [0.7437773696851478, 0.8373906284241182, 0.8173934787609355], "b8": [0.3328734635177609, 0.8656883112813017, 0.9321779130565012], "b9": [0.15974245843536516, 0.9281210450736822, 0.975010219775743]}