{"b0": [0.7443783599737565, 0.9607716490499356, 0.8540514496185451], "b1": [0.8501734558394903, 0.9791119174409367, 0.8760443840422522], "b2": [0.5674267671442635, 0.9792090099008823, 0.8994450197835709], "b3": [0.70689375622588, 0.9863925073997032, 0.9657816288189668], "b4": [0.8767732785434723, 0.8699942885109021, 0.8946995601428529], "b5": [0.3646472604908946, 0.8453833012403951, 0.9754966453534855], "b6": [0.8883078500876797, 0.9990552318044317, 0.8719134505568094], "b7": [0.08567512699004963, 0.9975943732443359, 0.8035375038916922], "b8": [0.15257970637274787, 0.8320424015843367, 0.9197258059056699], "b9": [0.09148062358388928, 0.877339904539171, 0.8741315369240137]}