{"b0": [0.8554239917950257, 0.8677471704194595, 0.822193097717347], "b1": [0.7982793524302885, 0.9147401286889831, 0.929732173489566], "b2": [0.3479326586296022, 0.7819456030361684, 0.8740050071164367], "b3": [0.3282338769101051, 0.9570358407690582, 0.8588996580052377], "b4": [0.7484680347366619, 0.8964776244731152, 0.8491983538423281], "b5": [0.8999848385072546, 0.988549162784825, 0.9997925861318125], "b6": [0.1576815187881154, 0.8984277837342125, 0.8515324184202862], "b7": [0.7578673155604821, 0.916836106077959, 0.9522570707004807], "b8": [0.1554082537770064, 0.802139094989955, 0.8544975992062591], "b9": [0.7340147712919096, 0.9303678753850783, 0.8484776920049886]}