{"b0": [0.16171044880388327, 0.9906967478929842, 0.8538941661225761], "b1": [0.8378464300836036, 0.8615774859872096, 0.8665804837095914], "b2": [0.1595689017465939, 0.9146386590528333, 0.9166508352915116], "b3": [0.8657130088148874, 0.8355696725855681, 0.9960077447198773], "b4": [0.8805584424248114, 0.9945698562107017, 0.8544533835353562], "b5": [0.16511509217118814, 0.8437228112332393, 0.8712372550939774], "b6": [0.8814519644415474, 0.9534775996590205, 0.8225074411698795], "b7": [0.15862852719371773, 0.9795426312740045, 0.9624985475262829], "b8": [0.9015552862091398, 0.9034037395740903, 0.9505252541509502], "b9": [0.16292172942111535, 0.904342002355652, 0.811070122237087]}