{"b0": [0.005954819611991601, 0.9047171007058019, 0.9425143352713021], "b1": [0.3436338318684812, 0.8861590450466167, 0.8139448636512501], "b2": [0.6126589704774549, 0.8883064598009781, 0.894350674344574], "b3": [0.9852801055113833, 0.906279626966827, 0.8953959451526228], "b4": [0.16549394387162725, 0.9683868675249172, 0.9996457103317767], "b5": [0.30568411040003285, 0.8884320361436572, 0.9945627209702624], "b6": [0.6660986307530274, 0.9482766804399979, 0.883227927286937], "b7": [0.17024023218733678, 0.7713717452859409, 0.9051216905357963], "b8": [0.33874943837969695, 0.9372929965146534, 0.9196722607673322], "b9": [0.6234914067462689, 0.9801499923452361, 0.989030824853563]}