{"b0": [0.6443290048471514, 0.9931452315730364, 0.8263906953602995], "b1": [0.8531121875531269, 0.990482677388394, 0.8148144326704955], "b2": [0.6169659492097943, 0.9884084136937795, 0.8850680129856657], "b3": [0.9066765886693419, 0.9419292555286448, 0.9411912041063124], "b4": [0.08102947271917234, 0.9974702971964802, 0.8864493959932622], "b5": [0.0016605051864065337, 0.9473776364211517, 0.9399080318844304], "b6": [0.3598076886565138, 0.9804105728344791, 0.9437034118662098], "b7": [0.9904417848926115, 0.9367232883097856, 0.8402912403927394], "b8": [0.10613079030525027, 0.9962374075584494, 0.8685440072874173], "b9": [0.6200630451303258, 0.9108966562802288, 0.9280557655700743]}