{"b0": [0.6280229260813818, 0.918920775687908, 0.8543754706120218], "b1": [0.8520616585475969, 0.9991045036598349, 0.8030363190733014], "b2": [0.5991041606591014, 0.8396056955870429, 0.988890392752889], "b3": [0.9912269203526255, 0.8854630996946233, 0.9001097908645422], "b4": [0.0033922357539380357, 0.8756260470608361, 0.9464067414164297], "b5": [0.07847301148229618, 0.9306383367927431, 0.966265313494661], "b6": [0.5860202077723544, 0.8609081464143976, 0.9590506182798247], "b7": [0.999146234717982, 0.8693727524347378, 0.8674415772375701], "b8": [0.8775579474643495, 0.9845066784234929, 0.9126986295244686], "b9": [0.6498254075266076, 0.7740229899147519, 0.8666611276654897]}