{"b0": [0.312134780205895, 0.913851860337675, 0.8655233683063902], "b1": [0.33806790147666504, 0.8979047084338717, 0.9025212722700544], "b2": [0.652481971853122, 0.7878817683160377, 0.8375918691175328], "b3": [0.9857857775068422, 0.8046302701004521, 0.8454814900429981], "b4": [0.9784191405480851, 0.9901722046888546, 0.8555521513744554], "b5": [0.8638964219671793, 0.9565393701742095, 0.9499953403551313], "b6": [0.5835391094083117, 0.8426433926438766, 0.9312869270615297], "b7": [0.08637223921792403, 0.8554537923090085, 0.9382668990966634], "b8": [0.09043007876914398, 0.9416028768450806, 0.9817974976411875], "b9": [0.6209360307612688, 0.9994036016363091, 0.9786577943610828]}