{"b0": [0.6879480350786598, 0.9708367577391671, 0.9748226343904526], "b1": [0.08626510254730997, 0.9955550146542645, 0.8700232892457167], "b2": [0.6269432023610563, 0.9636770236899994, 0.9356462587762625], "b3": [0.5561074964966772, 0.92107364567724, 0.8479614380800513], "b4": [0.9962595609763761, 0.9766410616775224, 0.8918088254414178], "b5": [0.31739260640676387, 0.9348776271472814, 0.8246788324582581], "b6": [0.323578538023426, 0.9740080375982477, 0.8498615798042022], "b7": [0.3012156598111145, 0.9078910692208396, 0.9825208917991042], "b8": [0.14619996374241087, 0.9088832979094329, 0.8740784925297095], "b9": [0.5815765268651961, 0.9891514947358689, 0.8195656659713546]}