{"b0": [0.7231644315315596, 0.922628190468209, 0.8694855329608867], "b1": [0.8377014065367909, 0.9639758895314402, 0.8869892566273753], "b2": [0.8685133508244938, 0.9587130370634285, 0.9880986845106122], "b3": [0.0851190772989852, 0.9421817768406777, 0.8268222646043207], "b4": [0.07996729553008869, 0.9670591134492613, 0.9669762753460867], "b5": [0.019081982046426405, 0.9492691183062182, 0.9290844482052788], "b6": [0.8692446559268906, 0.9807063713953519, 0.9578894450240454], "b7": [0.6581743165491541, 0.9090598054160113, 0.8301519652214102], "b8": [0.1577060283595862, 0.9724511211766551, 0.8441145944735255], "b9": [0.38898629615988, 0.9629936642817502, 0.8737809546110938]}