{"b0": [0.3304276401085084, 0.9059347800299801, 0.9092957930998099], "b1": [0.5789785425000816, 0.9687920076914456, 0.9451793030366953], "b2": [0.9116452395001747, 0.8983242234775333, 0.8371943020832353], "b3": [0.09663100502544682, 0.907996438583494, 0.9391751427961327], "b4": [0.8486062186270711, 0.9217454834999291, 0.8340087338332637], "b5": [0.15737820772154398, 0.9630012200980756, 0.9713927923048185], "b6": [0.08542966197217648, 0.8872783244341659, 0.9805406899907554], "b7": [0.5867193023790097, 0.9886018424449143, 0.8546340552358871], "b8": [0.33098364639358985, 0.9286165255177506, 0.8470473755798764], "b9": [0.08140717360718303, 0.9609550390885307, 0.9635793996212781]}