{"b0": [0.15489321067343853, 0.9343284914322746, 0.9468615812204919], "b1": [0.6167852957673791, 0.9151257613086528, 0.8267407696556737], "b2": [0.15252537533844687, 0.8174583491493288, 0.8667452050889056], "b3": [0.15730075116143977, 0.956292017989971, 0.8871849746161368], "b4": [0.7209686260999828, 0.9305125024894112, 0.8760356097501608], "b5": [0.1594625075004369, 0.9645088333882172, 0.8744675660695788], "b6": [0.31068281235939077, 0.9549643230761266, 0.975091867631667], "b7": [0.011794025162773352, 0.9501455589696955, 0.802943968168459], "b8": [0.630795061537937, 0.915172338748947, 0.9198178921944199], "b9": [0.16497340360480361, 0.992052799105325, 0.8066120805313071]}