{"b0": [0.7284432549760921, 0.9877128486566171, 0.8076216840515248], "b1": [0.15930689911259444, 0.976159071619073, 0.9649226801134024], "b2": [0.7635252837147203, 0.9783330967296442, 0.8813018810393705], "b3": [0.16516771955215093, 0.9832970149465594, 0.8541109277956801], "b4": [0.11491252907894452, 0.8196613835191965, 0.9721475541969032], "b5": [0.15741215850396503, 0.9861564563131769, 0.9252991319996576], "b6": [0.7585014799011883, 0.887349560615405, 0.9578142455810272], "b7": [0.647590786993543, 0.9462975086042326, 0.9654024475635956], "b8": [0.6468132442834247, 0.9260169455783794, 0.8205619979932783], "b9": [0.5585970797519302, 0.9472638788336244, 0.8313834362989172]}