{"b0": [0.7761957115928483, 0.8489407298445047, 0.9025751737338038], "b1": [0.15537567371782798, 0.9996965702042822, 0.8604764785194523], "b2": [0.7462886186459456, 0.7615273491285146, 0.9159607773504769], "b3": [0.5959417736055567, 0.9847468263603328, 0.8099143746251687], "b4": [0.14866972831653372, 0.9988418978685302, 0.9802114324461734], "b5": [0.10236042590259109, 0.930861434776708, 0.9012691135959892], "b6": [0.6524325533333273, 0.8922937645671731, 0.8015242860363949], "b7": [0.001190295948863508, 0.9566693851339013, 0.8153721860326405], "b8": [0.15863584996636038, 0.9731240871109105, 0.9559868171570314], "b9": [0.6236884652442292, 0.9529002472358248, 0.8162826473876075]}