{"b0": [0.3389770175935323, 0.9288004733695461, 0.9948118041101144], "b1": [0.16640326228233415, 0.9562369024485655, 0.9505854227202568], "b2": [0.5916038656737987, 0.9124903770287279, 0.8767515508374564], "b3": [0.8562713901067893, 0.8189796437561003, 0.839458775465156], "b4": [0.6505533854709866, 0.7121178442234624, 0.9687388382596532], "b5": [0.8316386470243983, 0.9786990175902635, 0.8504098738762055], "b6": [0.8744624401158547, 0.9808081708964487, 0.8393561659158544], "b7": [0.5869067525531232, 0.991057201095149, 0.8987285618820945], "b8": [0.8929566395060056, 0.8183476010264183, 0.9100159116008885], "b9": [0.5857187170050504, 0.9381101175043333, 0.8900830734028014]}