{"b0": [0.018061729946271633, 0.977934471519627, 0.9715255919299444], "b1": [0.9154267983879154, 0.9069204952415093, 0.8049048226880466], "b2": [0.8764416164243791, 0.9861420932649868, 0.8516916067032462], "b3": [0.5791975898467011, 0.8658170793432872, 0.963398184755608], "b4": [0.9831631053380319, 0.7520835393465127, 0.9255198792662899], "b5": [0.9160874701023209, 0.9404302020412721, 0.816697374676059], "b6": [0.6577179076523589, 0.9851337991150092, 0.9883286463747142], "b7": [0.36075409454698587, 0.8169474407749309, 0.9089478075750421], "b8": [0.8644136702256812, 0.9195770251569215, 0.8441584945263646], "b9": [0.6417949889675288, 0.902298486547702, 0.9279311924976505]}