{"b0": [0.8406048916637257, 0.923009050895488, 0.9816346117432038], "b1": [0.8996698523183696, 0.997784945503671, 0.8662628349990917], "b2": [0.6325452526116885, 0.8410380509208605, 0.985075711832092], "b3": [0.644773773038801, 0.8035016396460881, 0.9003249578037914], "b4": [0.8460581399604149, 0.9435781540188855, 0.9642727317187062], "b5": [0.8897909833789822, 0.9198623713204422, 0.8624130855020637], "b6": [0.9216091237621309, 0.9482073737616677, 0.8631166032750796], "b7": [0.7618296425942828, 0.9783308383285099, 0.8076987403962258], "b8": [0.5940300080864149, 0.9848346630918513, 0.9946270706308528], "b9": [0.9005508415409325, 0.9992384232513996, 0.8762234781746647]}