{"b0": [0.9955891702651951, 0.990585423430143, 0.8464078153652178], "b1": [0.6336499964405271, 0.8069135742263441, 0.8387285928378716], "b2": [0.7010970098799532, 0.876254951551986, 0.9992377160764945], "b3": [0.9981517136562263, 0.9509468962185419, 0.8916555687897436], "b4": [0.8717008618569146, 0.9365480317841794, 0.9534319978661374], "b5": [0.003513410733029881, 0.8608412706779902, 0.9067897230814563], "b6": [0.6356489719979063, 0.9801705431434198, 0.9044499004576245], "b7": [0.32024307917191464, 0.9631475427788289, 0.9001618961891231], "b8": [0.9915669337971322, 0.8427491406756852, 0.8647899519893154], "b9": [0.6718455927910664, 0.9859979731830049, 0.979543152350179]}