{"b0": [0.7045450795630823, 0.8489865218703655, 0.8946040374433349], "b1": [0.6723961723638593, 0.8579615302275773, 0.8639289286341882], "b2": [0.3490103796882175, 0.9094184968583634, 0.8981828837855466], "b3": [0.6470956938436505, 0.9533387555931764, 0.9775742870822185], "b4": [0.5932958854524809, 0.9906687176267895, 0.8593647799693208], "b5": [0.8715430660591125, 0.9903713340980635, 0.8861886328219526], "b6": [0.5893992365555514, 0.8954331403145818, 0.9001173413156416], "b7": [0.855091891467482, 0.9033237666236189, 0.85418718232647], "b8": [0.09579743131187746, 0.9297912278256791, 0.9631603793732577], "b9": [0.7417821771673812, 0.8605052581537245, 0.9742386027587092]}