{"b0": [0.6835165661030941, 0.9370725189793235, 0.8082218144744547], "b1": [0.9986543223636695, 0.907169768217768, 0.8195134008381783], "b2": [0.5651868718997924, 0.970645004692081, 0.8613759587544394], "b3": [0.601378191541136, 0.9552061925754338, 0.9624952803980138], "b4": [0.1642212786172563, 0.9210012574998455, 0.9942054202523931], "b5": [0.7662816380599426, 0.9861852834759621, 0.8545352609537709], "b6": [0.3756540178728867, 0.8339358202648444, 0.813825809112458], "b7": [0.3456438346475244, 0.9651191369236046, 0.9437624269705307], "b8": [0.9945533234357339, 0.9377638668882695, 0.9326427644187397], "b9": [0.15889801084801128, 0.8512542425924728, 0.8050501194202799]}