{"b0": [0.9899145242835503, 0.9059355290101165, 0.8002406703974252], "b1": [0.09616466364057961, 0.7757537465832459, 0.9583040541671471], "b2": [0.9984322609935603, 0.9163452515316078, 0.9936161147738736], "b3": [0.0978297966102043, 0.9371839988432923, 0.9670382292328031], "b4": [0.07943699236505357, 0.7453120572603621, 0.8586804159034375], "b5": [0.0714272195997018, 0.9934762791804769, 0.8451550485067281], "b6": [0.018368615578092863, 0.9579702128091633, 0.8017009457667115], "b7": [0.011653722247563501, 0.9711031011374963, 0.9530055218822882], "b8": [0.09193866133359503, 0.8517370769545751, 0.9052801270331122], "b9": [0.07614406954550117, 0.9646201223641668, 0.8318624726019783]}