{"b0": [0.7513950339393758, 0.9805819276479266, 0.9598741772935548], "b1": [0.07865911584701535, 0.9247608580292609, 0.9445978369775966], "b2": [0.9882653042624195, 0.9880445207667001, 0.9001691147505986], "b3": [0.007289623691922828, 0.9333689062767259, 0.842782204563148], "b4": [0.021975235916683742, 0.9114244650011404, 0.9968359670652909], "b5": [0.019004411338901996, 0.9470071363351922, 0.9271292733628093], "b6": [0.005940588483865583, 0.8801736893045866, 0.9557340613095469], "b7": [0.08525487634818538, 0.8179428727081564, 0.8881161928194458], "b8": [0.07735193091685379, 0.791698275269384, 0.8989531299394707], "b9": [0.9897879581855767, 0.9907314642235151, 0.9978957314033703]}