{"b0": [0.8951709856026068, 0.9318156467371235, 0.9465304595645856], "b1": [0.8423927387079236, 0.9821972692432156, 0.9787554949621764], "b2": [0.07952038434828318, 0.9663287786035266, 0.8568886626239154], "b3": [0.30525319608037205, 0.8905675455074394, 0.9660559262461044], "b4": [0.0838279360671943, 0.9977233606544179, 0.835018219725333], "b5": [0.9881917384865004, 0.939070863855751, 0.977424468920476], "b6": [0.15591229574105217, 0.9201497603986969, 0.9014823546334726], "b7": [0.34172423339944025, 0.8816667797359108, 0.9104608773994315], "b8": [0.16587626062410568, 0.979003656811413, 0.8998664445917257], "b9": [0.07072774904809917, 0.9796397334138149, 0.9489313490010304]}