{"b0": [0.8151001318306804, 0.9545025783711829, 0.8005322272260389], "b1": [0.07943501900400855, 0.7918647844071788, 0.9749670625007902], "b2": [0.9003926894009875, 0.9265425070368094, 0.8123523306682031], "b3": [0.8968244710679619, 0.9500742913894596, 0.9989796528885632], "b4": [0.15798252661997914, 0.9213877584048279, 0.8772932594656492], "b5": [0.08622566382244136, 0.9031413825431036, 0.876963715485808], "b6": [0.9752887478305692, 0.993084040700026, 0.9708812327728711], "b7": [0.3852204724001297, 0.8989964404412981, 0.9891094789655326], "b8": [0.1571007910214446, 0.9334404772182703, 0.8845848205432651], "b9": [0.15685819931935036, 0.9747651852091284, 0.8900241787559733]}