{"b0": [0.06919689822132978, 0.9497523678220751, 0.8757881724334795], "b1": [0.15577103179586935, 0.7967196920156409, 0.8033995841254529], "b2": [0.08844129618994664, 0.9337976711545954, 0.8087118103042898], "b3": [0.8912027501829641, 0.9403158353810314, 0.9799743923442584], "b4": [0.8885190104060381, 0.8867298112973471, 0.8826638760433755], "b5": [0.0009833656643815519, 0.9516995517863784, 0.8592995599082406], "b6": [0.11152425707273216, 0.9196103910563326, 0.9541889820525624], "b7": [0.002334464050291793, 0.951381980289247, 0.8175671615605999], "b8": [0.1595069931091475, 0.9019210468854567, 0.9110743858334349], "b9": [0.012667252472027591, 0.9851603267820661, 0.8111484772492007]}