{"b0": [0.6479845721289804, 0.934085961129683, 0.8394803780813469], "b1": [0.15971145047358692, 0.9887799119299093, 0.8310446838775346], "b2": [0.8403242263931161, 0.8388616575406735, 0.8098452164953645], "b3": [0.8887847753006796, 0.9650683384578583, 0.8616989955059532], "b4": [0.09309318071609202, 0.850232634008099, 0.869527011865188], "b5": [0.017345309928418012, 0.9097845395235368, 0.9829599136402933], "b6": [0.09986832220994964, 0.9629536333237106, 0.8392220910290348], "b7": [0.07231503117768528, 0.9857071451304685, 0.9387561503353616], "b8": [0.35622851219608465, 0.9655426510876357, 0.9582026571018644], "b9": [0.983644492473976, 0.8627276978177459, 0.8564185431335122]}