{"b0": [0.0905444711736636, 0.8814881267753101, 0.929745421106561], "b1": [0.07849349698566584, 0.9126417047562891, 0.9591375004862625], "b2": [0.3209076335412358, 0.8502436662384035, 0.9790226461478213], "b3": [0.07303335730746266, 0.9326050989014384, 0.8746401003479504], "b4": [0.3643725749530627, 0.9937940175665677, 0.9756175377327583], "b5": [0.16055023586290923, 0.9552928251607465, 0.9666821638772981], "b6": [0.10197856499219801, 0.9692315429021082, 0.8369050528994374], "b7": [0.0832256216321141, 0.8424651355122839, 0.9285076749735404], "b8": [0.8765618498061823, 0.8596041132607811, 0.8898288575928842], "b9": [0.8470725290128225, 0.9495389392500968, 0.9150282822424469]}