{"b0": [0.8973524053953222, 0.8729019737070677, 0.9313416745801978], "b1": [0.8494114412891193, 0.9941035986818474, 0.8511593060730465], "b2": [0.34159775838432016, 0.9239266994698313, 0.8110207658812848], "b3": [0.16743749000000802, 0.8628605800106928, 0.9400576987469073], "b4": [0.1176715734161856, 0.9145792245114519, 0.9937016803086877], "b5": [0.08261755642314834, 0.9684559266367109, 0.9703812380987487], "b6": [0.07657638040518185, 0.9606620579157281, 0.973440070319718], "b7": [0.05513402896760658, 0.9983862080146976, 0.8487533999174662], "b8": [0.32030661162058904, 0.9549697084802002, 0.8075352438931805], "b9": [0.33234464892816057, 0.9941488726372179, 0.904400122450247]}