{"b0": [0.9444000225398504, 0.7405634765381462, 0.8633872527500466], "b1": [0.15783652010170754, 0.8623447219266143, 0.9312268292000069], "b2": [0.7787229731651056, 0.9389229564349466, 0.8286201506183261], "b3": [0.0672330825889028, 0.8964598437221644, 0.831259327846849], "b4": [0.9938630639941656, 0.8366578565132188, 0.8583192993301662], "b5": [0.10122072200659434, 0.9247606923355601, 0.9278238321496194], "b6": [0.3565871060137523, 0.8396350170883677, 0.912927882198225], "b7": [0.3644960819794478, 0.9984858097751076, 0.901554159457495], "b8": [0.10267457959447757, 0.9314907003511564, 0.9408366700684649], "b9": [0.09407378563791234, 0.9387833468745476, 0.8997014052250382]}