{"b0": [0.9880858131761009, 0.9332610177510299, 0.9979796475679094], "b1": [0.06476281349720525, 0.9622191114199342, 0.9671019412141795], "b2": [0.8875188107879413, 0.9150261690842079, 0.961608838739168], "b3": [0.013398201343487319, 0.9491336399037149, 0.8488447411763527], "b4": [0.9030012414942515, 0.9853144029349312, 0.8782037953047811], "b5": [0.7575338997234193, 0.9926305524470576, 0.8492795195407123], "b6": [0.7291707179758552, 0.9254619229798788, 0.828478689679777], "b7": [0.0006935690072586608, 0.9884494677475665, 0.8295856341532573], "b8": [0.8721197893780369, 0.9472761286248067, 0.8772516540853715], "b9": [0.31870331308600386, 0.7667906200483061, 0.9867724047479194]}