{"b0": [0.1628192463498654, 0.945699083343862, 0.9410940288121974], "b1": [0.8738180793309896, 0.9164151025493679, 0.9144750233112283], "b2": [0.9261052808534785, 0.8220111715590889, 0.9418856205679498], "b3": [0.8619019289058705, 0.9576364109267824, 0.8231979979791609], "b4": [0.9011073449730124, 0.9071251566644211, 0.9131837733270943], "b5": [0.09737729472722528, 0.9573244434498364, 0.8372252342302129], "b6": [0.6172666981754784, 0.987689071965231, 0.9596857559966252], "b7": [0.16121680937708333, 0.9874181776207474, 0.9094209929319994], "b8": [0.6406893058569125, 0.9933188743413416, 0.8933097205740381], "b9": [0.9906692212524891, 0.8761271487617672, 0.8922130899954811]}