{"b0": [0.08660922864370926, 0.7711297604123841, 0.951407047154542], "b1": [0.9254446886889302, 0.9918417514725354, 0.9538709311812084], "b2": [0.6056882336702145, 0.901900774029038, 0.8990370240981902], "b3": [0.8880161706953291, 0.8663223536603627, 0.8926430666909394], "b4": [0.8514397424951273, 0.9473393326057036, 0.8547889866880658], "b5": [0.9172414841226468, 0.9316455302688743, 0.8248172121689048], "b6": [0.15684287552457998, 0.9611600022163244, 0.8072484685436504], "b7": [0.6594544805590131, 0.9580030416548118, 0.9868037609189261], "b8": [0.8643476548280233, 0.9402044885408678, 0.9166376417890121], "b9": [0.6579253045916394, 0.9853539565744793, 0.9675527431599922]}