{"b0": [0.9123840115943667, 0.7921518091276856, 0.9831877887287088], "b1": [0.16894301913820686, 0.9214608933001658, 0.802432940321017], "b2": [0.06855164263602363, 0.9293900855120633, 0.81563804754154], "b3": [0.8063318757781043, 0.9501184330956314, 0.8057092465641014], "b4": [0.15146294463640742, 0.9360724261236186, 0.8541460631655005], "b5": [0.8605151549018091, 0.9045033987208424, 0.9332404956144206], "b6": [0.08035256657636868, 0.8819433710693049, 0.8813907605799374], "b7": [0.9934817737250996, 0.9949283888051197, 0.8484009509526322], "b8": [0.07638716885421658, 0.8433999722206741, 0.9050684092873587], "b9": [0.8749287744803445, 0.9909312599430758, 0.9087272567621182]}