{"b0": [0.644258156636884, 0.9974321842174347, 0.967599631348648], "b1": [0.7373968107754412, 0.910893263836432, 0.8905469301733404], "b2": [0.8738804975492588, 0.9576337865021798, 0.9771314558098494], "b3": [0.8528832985979559, 0.996339757204493, 0.9015361936541194], "b4": [0.9845879766901663, 0.9907133435798882, 0.9881001013477007], "b5": [0.9093741634564699, 0.9240837667416629, 0.9165320747519416], "b6": [0.9011054996136477, 0.7630442992535523, 0.9643578968206739], "b7": [0.9225651438219125, 0.8731032965677201, 0.9052654522198638], "b8": [0.32834886954182324, 0.9419620297521412, 0.8613307153445051], "b9": [0.9990393370206011, 0.9203809600735354, 0.8862755102999875]}