{"b0": [0.8935949570583732, 0.9785750140233912, 0.8255235613970205], "b1": [0.8758606464550188, 0.8026486815816568, 0.9433084523714402], "b2": [0.9180274679821209, 0.8618156187528438, 0.9739199676148249], "b3": [0.8738144326144668, 0.7600225911799471, 0.9100709880638814], "b4": [0.8594912100416804, 0.781054752662697, 0.8503920749560944], "b5": [0.0011772656300694504, 0.8884762053540882, 0.9295043721185907], "b6": [0.3562849529845137, 0.9701354385357596, 0.953467688040329], "b7": [0.7693291375401659, 0.9957212604877858, 0.8579694285598489], "b8": [0.3508555036044094, 0.9714830528495492, 0.9100699182963596], "b9": [0.027872582405120548, 0.9895264981838254, 0.9256664209825826]}