{"b0": [0.8728358580256539, 0.9429506413902858, 0.933720076922173], "b1": [0.6226032237628032, 0.9840110647954704, 0.8398414866756235], "b2": [0.8948192282729842, 0.9413839395305854, 0.9013168395678582], "b3": [0.849386364920993, 0.9504895441386254, 0.9759755711016302], "b4": [0.03202709814271247, 0.8775620208874022, 0.9918673185027111], "b5": [0.8856075920806729, 0.9962893444672659, 0.8890316853175163], "b6": [0.6088776749940076, 0.7692825830706854, 0.8955652806903879], "b7": [0.8630786131965297, 0.9957347225711003, 0.890987696703429], "b8": [0.15982724381307772, 0.8254461339398307, 0.930426554666721], "b9": [0.8540597653131864, 0.979818496937525, 0.9443165723325747]}