{"b0": [0.585720839284564, 0.9310695118261063, 0.9907862460786987], "b1": [0.6844487427754476, 0.9247893311351543, 0.8461071350923121], "b2": [0.7507795173866729, 0.8918191604609335, 0.9068434447468683], "b3": [0.9119388244752236, 0.8323067627584373, 0.8333194918748308], "b4": [0.3494622735563787, 0.9766799875889732, 0.9548676930859851], "b5": [0.865754424313647, 0.8359067365164262, 0.884502480787165], "b6": [0.8816228717766781, 0.9519431259714557, 0.910000085498559], "b7": [0.07038716226826083, 0.9801347053460029, 0.9498279042257962], "b8": [0.1550255184139357, 0.9022946758021382, 0.9036837584573137], "b9": [0.7678963802469585, 0.87216279869033, 0.8961684659731093]}