{"b0": [0.8469152448528532, 0.7368708053838722, 0.899274647873865], "b1": [0.8952998406533128, 0.9959121844564375, 0.8316387902415694], "b2": [0.838633113413383, 0.8842800752841932, 0.9500149224933345], "b3": [0.5559783149977016, 0.9107943331905162, 0.9896337350865231], "b4": [0.893778032066587, 0.9951835587090396, 0.9546330767962964], "b5": [0.16581852595762336, 0.9297326567856808, 0.8543838682614252], "b6": [0.7321920682294457, 0.968895158217231, 0.8050983453004286], "b7": [0.5847473896991597, 0.9747868618044048, 0.9809160065584319], "b8": [0.7740404581247594, 0.9812691735752712, 0.9770800084633374], "b9": [0.32805583308186925, 0.9234523012935172, 0.9865755212575982]}