{"b0": [0.7282111394025139, 0.8673448427431332, 0.9086256481024043], "b1": [0.008777603657275658, 0.9315399229548333, 0.8678847149985072], "b2": [0.16109375630289827, 0.9679883427404538, 0.9650101020956923], "b3": [0.7823498328877527, 0.9765469739200237, 0.8588632401716402], "b4": [0.8221102418330544, 0.8990287837899473, 0.8027053057606182], "b5": [0.8747120298441128, 0.9250346058649391, 0.8476653213758957], "b6": [0.8914074866070834, 0.9508823915000824, 0.9813780151858006], "b7": [0.8462426249109319, 0.7623764182446063, 0.8011498690545911], "b8": [0.9975684466709089, 0.8308553536987265, 0.8212724552506186], "b9": [0.33164646673204795, 0.8484602428215308, 0.8722857155027248]}