{"b0": [0.5465756590026389, 0.841736145917155, 0.9068775814851512], "b1": [0.6233989209740151, 0.980329285081052, 0.9614994515154449], "b2": [0.024802772864455692, 0.9940297082874271, 0.8049727614195339], "b3": [0.07569098154192243, 0.967445644167315, 0.9277043931488121], "b4": [0.027042735746475473, 0.8522942644916525, 0.8841633531559496], "b5": [0.1595226179155102, 0.8694817472213546, 0.8333360581413182], "b6": [0.6646813731040389, 0.9146772895657733, 0.8391348347030398], "b7": [0.6114791606524093, 0.923423112075371, 0.9717809113808297], "b8": [0.07251798346670449, 0.9015989859949929, 0.9378027733748949], "b9": [0.10519814600442948, 0.9238979819210331, 0.9373845461935693]}