{"b0": [0.33606885042721346, 0.9613670886332315, 0.8993720747098436], "b1": [0.0025293254054684607, 0.8948344054407427, 0.9222115001170961], "b2": [0.6021753231234152, 0.8190364274087659, 0.8010065364761106], "b3": [0.011392558424029064, 0.8437303203361894, 0.8168016415376872], "b4": [0.8836790066078198, 0.8760737676120091, 0.8091147389614091], "b5": [0.8566085908009949, 0.973927542178913, 0.8836708573719172], "b6": [0.6571352521235286, 0.9004108174455372, 0.8085507964273027], "b7": [0.31997360459177604, 0.8391679992496189, 0.9228372689230356], "b8": [0.7434327958559983, 0.8004556460577638, 0.9852603216062967], "b9": [0.8696958896671244, 0.8431899138488148, 0.9595827526653922]}