{"b0": [0.8819200429040462, 0.9832040298827265, 0.9318306614556069], "b1": [0.6021964694963251, 0.8696632041766122, 0.8942854991347208], "b2": [0.08276919907569955, 0.9195765824305069, 0.9040678060254106], "b3": [0.3530907152192778, 0.9208552446795459, 0.8564347360349523], "b4": [0.016931126054091042, 0.9336658445529222, 0.8469589347540233], "b5": [0.16235306674895356, 0.9997980908107356, 0.8901903455726662], "b6": [0.7436473210404099, 0.9972657065173093, 0.8986766649866834], "b7": [0.1662713931841758, 0.9669123012059808, 0.9279304947554394], "b8": [0.7568027859797136, 0.9772527409190539, 0.9596004052222825], "b9": [0.8912724392901472, 0.8925186541776113, 0.9394015364444691]}