{"b0": [0.07177050137364378, 0.778063603312342, 0.8321646034572435], "b1": [0.0027107168054556147, 0.9350617757679011, 0.9007483887144271], "b2": [0.324096744373726, 0.9375679546258779, 0.8348864793347716], "b3": [0.36892691290435126, 0.8753489113574454, 0.9435169238848554], "b4": [0.7480658605515719, 0.9716511685102301, 0.985421451550616], "b5": [0.33927688016318314, 0.8953154820228013, 0.9438800828084954], "b6": [0.9944842440241176, 0.9647384213024788, 0.9121873825999016], "b7": [0.3696570414237677, 0.9921036540268114, 0.8230889475459396], "b8": [0.7503018520180771, 0.9914325688350942, 0.8121456931253022], "b9": [0.07804298719895893, 0.9631625515832346, 0.9660892185330926]}