{"b0": [0.1559507056453859, 0.903695690051471, 0.8910577879123279], "b1": [0.16637092200691445, 0.8703139255154659, 0.9026389911452619], "b2": [0.15278853876655532, 0.9613589898593022, 0.9779569328299942], "b3": [0.16620602265617068, 0.9025428868774718, 0.8809475334387668], "b4": [0.09692631677279774, 0.9730228051301772, 0.9404595831052146], "b5": [0.32952420197393356, 0.9617271602362062, 0.9207925033724043], "b6": [0.1599395236166563, 0.9282993679821862, 0.9242663118979454], "b7": [0.305275748531599, 0.9024794636499915, 0.8365465900051123], "b8": [0.3290514827391732, 0.9954754546454163, 0.9887240868777367], "b9": [0.1564194048839784, 0.995900189754146, 0.9861784467467927]}