{"b0": [0.3281958016450735, 0.8172975591440723, 0.9865877010194282], "b1": [0.1595225260632815, 0.9807603925530576, 0.880474251220307], "b2": [0.15196546864554508, 0.851682905256334, 0.9012909013940087], "b3": [0.16300581795923708, 0.9127029072422437, 0.8523713650084913], "b4": [0.3167569952649705, 0.9551732829712488, 0.8017432915557876], "b5": [0.32542148245871483, 0.9903835292505151, 0.918627558060312], "b6": [0.3005892927904078, 0.8057314240971309, 0.8038861993485054], "b7": [0.3682521657957357, 0.990590261634037, 0.9556683543195154], "b8": [0.8341542688318312, 0.9807217204965893, 0.9340902461320014], "b9": [0.3458378139579715, 0.8629486732247252, 0.9723746829363384]}