{"b0": [0.1650319573045131, 0.8531438768840504, 0.8853004112308747], "b1": [0.17170633973408367, 0.9617284175718229, 0.8557602721138489], "b2": [0.16266816758087807, 0.9465529632513333, 0.8479392672161354], "b3": [0.35617834236697093, 0.9587484299227225, 0.9533431461181678], "b4": [0.16061629270063935, 0.9271740407847051, 0.8725322136147744], "b5": [0.1624092311084786, 0.9984561052643667, 0.9366534895410749], "b6": [0.3551872826849508, 0.8925297391905138, 0.975400707083842], "b7": [0.32440717285698606, 0.9413541316598281, 0.9780152964408744], "b8": [0.7375118182665845, 0.9019973676265838, 0.9212857339692515], "b9": [0.1681557650122652, 0.881976091481649, 0.9674932151453484]}