{"b0": [0.756159403078874, 0.9238394671418928, 0.9479113750469875], "b1": [0.16100242766131295, 0.8006254566522198, 0.898314370441854], "b2": [0.17380321785827607, 0.8976783944532913, 0.9683675926993651], "b3": [0.16013089198635597, 0.8452136091777851, 0.9233476767849992], "b4": [0.1621951902045427, 0.9011703234299145, 0.9734274318100273], "b5": [0.6028404899313129, 0.9513817829152953, 0.8848665800860006], "b6": [0.3437789060013889, 0.821462943013568, 0.9102156240403463], "b7": [0.35121230674551535, 0.8436058978009813, 0.9019152965806638], "b8": [0.34519399265049594, 0.9639538253144438, 0.8670892034926512], "b9": [0.31793192440569396, 0.9231787064035657, 0.888418212720044]}