{"b0": [0.7600001423379436, 0.9334357567059626, 0.8243275222981967], "b1": [0.1659918647657471, 0.9298445759633276, 0.9325916127101445], "b2": [0.7718934943451927, 0.9638332734734705, 0.9395451474535542], "b3": [0.7141638655508673, 0.9853355501392156, 0.9049439878904895], "b4": [0.06735851613571028, 0.9350963913269956, 0.8532095642840953], "b5": [0.33145117482128084, 0.9616411012675903, 0.834610434369348], "b6": [0.764711309250885, 0.9920437024376539, 0.836841233638737], "b7": [0.10579768510466746, 0.9861617185203047, 0.993378587016376], "b8": [0.7375771465379576, 0.8694167781916804, 0.8792222432683723], "b9": [0.054625612831079175, 0.9781050277567828, 0.823821006377739]}