{"b0": [0.09467489739023648, 0.8322095738991894, 0.8840291580144993], "b1": [0.3698679835110131, 0.8096720152678495, 0.8816905352208557], "b2": [0.7508192483121833, 0.911115957501185, 0.9636177323820767], "b3": [0.5760020226854019, 0.9884284462702339, 0.8178627029027917], "b4": [0.7215734941993734, 0.8066654198603501, 0.8005141084710518], "b5": [0.8950405659296468, 0.9885370793959407, 0.8061327156489113], "b6": [0.3668661069775464, 0.9770751382164842, 0.8318177153174804], "b7": [0.7480172224667566, 0.992977252344847, 0.8130755791478192], "b8": [0.7712760460883901, 0.9390181216236209, 0.9212266535853899], "b9": [0.3515792416941498, 0.9990987289179426, 0.8534539252122825]}