{"b0": [0.7094268488124924, 0.8136452958899235, 0.8979923961811644], "b1": [0.16023347048303205, 0.9689644118898574, 0.9798748436302677], "b2": [0.34393824949868623, 0.8123658690670067, 0.9047833795371456], "b3": [0.7141299056549875, 0.9507454668707296, 0.975383716215555], "b4": [0.29403348939102725, 0.8922974599699475, 0.9308752201541459], "b5": [0.3208216083069497, 0.915175579627373, 0.8071652744317984], "b6": [0.861406516427634, 0.9064937160264313, 0.9532836283740962], "b7": [0.3228292616324744, 0.9528811168150915, 0.884124893545285], "b8": [0.7672897066751615, 0.9180091910975497, 0.9189104428808047], "b9": [0.07106202903290258, 0.9879073396000898, 0.9529177602233796]}