{"b0": [0.30032067842100374, 0.9790110804322261, 0.9345142671109261], "b1": [0.8473047324666415, 0.9640819997449096, 0.8394094525533046], "b2": [0.3475575854899885, 0.9517640706834262, 0.972915325930996], "b3": [0.8825392211500234, 0.9892442231262012, 0.8137878946975481], "b4": [0.8978885308901104, 0.9079336319472412, 0.812955263340718], "b5": [0.16573582943158668, 0.9693607793552159, 0.9146447249198306], "b6": [0.15642357610618807, 0.9215615801134136, 0.872772997220151], "b7": [0.003699771991128194, 0.9174723014524429, 0.9954077862412276], "b8": [0.9980701629933592, 0.9569375588761448, 0.9700649872547896], "b9": [0.8695663192118565, 0.9968715125436212, 0.9300422803078936]}