{"b0": [0.31040536610679026, 0.8476564647148916, 0.8537285215476713], "b1": [0.6557713359549479, 0.9475314835649381, 0.9633966949909301], "b2": [0.0020485710001683756, 0.9372047299179677, 0.83343574068092], "b3": [0.01374911003140245, 0.8682917163687409, 0.9804459981810163], "b4": [0.8746960725211435, 0.8345716350867896, 0.8733852754477145], "b5": [0.0989074395647507, 0.93154027282479, 0.8217969234255833], "b6": [0.8805376596219965, 0.834329858149944, 0.8135471448398245], "b7": [0.07629201152841258, 0.9809249654414864, 0.9926319994343882], "b8": [0.8588079794775361, 0.8873304310789674, 0.9419839647563757], "b9": [0.33841304981841364, 0.9543477698615916, 0.8666564745432638]}