{"b0": [0.8724138560960079, 0.8338393472113131, 0.9973061759612678], "b1": [0.889325216350532, 0.8695427629988417, 0.8180629128386824], "b2": [0.632025013486671, 0.8706775091522314, 0.8765222843393318], "b3": [0.3205657528751001, 0.9544051005915558, 0.941790793540444], "b4": [0.31682339393878783, 0.8865093703720381, 0.9169378757640968], "b5": [0.16713256388979716, 0.8868749282808837, 0.9846800561457637], "b6": [0.003783759077484018, 0.8189214102806003, 0.981776016968873], "b7": [0.9929523763236784, 0.977583706780594, 0.9971267141648648], "b8": [0.15987175779209195, 0.929239385170763, 0.856172749514742], "b9": [0.6692893186862399, 0.9086848198655172, 0.8980180184044222]}