{"b0": [0.1659371243373786, 0.9649639673930621, 0.9816376769938929], "b1": [0.6312560593977036, 0.9006742540106866, 0.9836359563721301], "b2": [0.8982091625850301, 0.9555538334878457, 0.8016328418464066], "b3": [0.059134643745704915, 0.9129321505164022, 0.9757819061055824], "b4": [0.9939464303266723, 0.8941616950048578, 0.989563605560297], "b5": [0.15925607495488253, 0.9056023103049117, 0.9059836720123434], "b6": [0.09252470232113161, 0.9792282017373435, 0.989259686539989], "b7": [0.7852760380011433, 0.9183648770486275, 0.9974123989414828], "b8": [0.8367849742825286, 0.8122072826753199, 0.8306681384027672], "b9": [0.31359725426289226, 0.9513640523536188, 0.8879071978344506]}