{"b0": [0.6601260567891426, 0.9073937400191261, 0.8063208615443308], "b1": [0.9984258616599894, 0.9492321003272227, 0.9362234735421326], "b2": [0.8917922387328975, 0.9899894384318303, 0.9835453077537143], "b3": [0.15715146651405945, 0.977803384518739, 0.9343353690051415], "b4": [0.062136373771077, 0.9040800217713862, 0.9888272396938308], "b5": [0.60495280511793, 0.9382040636072831, 0.8313393263321458], "b6": [0.1538204347885124, 0.9709810108637992, 0.9299717566531385], "b7": [0.7460982228848239, 0.8887410766337343, 0.9142582824059932], "b8": [0.0684094669200475, 0.9877501734477382, 0.8931121707652282], "b9": [0.3272260896048666, 0.9954076352022626, 0.9788206663952879]}