{"b0": [0.3346483888527789, 0.9496417451730571, 0.8253901376233469], "b1": [0.6869767293842041, 0.8995070409491713, 0.9477024518842895], "b2": [0.3291930508550017, 0.953521328268819, 0.9209460301070357], "b3": [0.09311486800086045, 0.8976466722520086, 0.9903080731779464], "b4": [0.5662290203866329, 0.8989104478909917, 0.8899182694961556], "b5": [0.3226816688713587, 0.909728925852632, 0.9280923097243761], "b6": [0.07377075616397, 0.7305978712153116, 0.9629004840223869], "b7": [0.15487451342991554, 0.8945127592475504, 0.8614127040473855], "b8": [0.5697285009185158, 0.9067359924958781, 0.8842471639742321], "b9": [0.8878525792586917, 0.8929847432801518, 0.8817365372181629]}