{"b0": [0.632563354059743, 0.9381436311007896, 0.8778318897934789], "b1": [0.6269769633181443, 0.9798942555113964, 0.83778225430039], "b2": [0.16401813261998055, 0.98756510456266, 0.9357307171809838], "b3": [0.0015464259278112297, 0.8779749315265626, 0.8033799701356102], "b4": [0.6266529737441602, 0.9917668220001538, 0.8191843765463577], "b5": [0.0015286127389018418, 0.832689937588315, 0.8570051841432013], "b6": [0.863990415163832, 0.9743175635374144, 0.914847483935328], "b7": [0.04425281324536286, 0.9949751065224619, 0.9864804691848247], "b8": [0.8471532767169496, 0.874225041945973, 0.8184430684794747], "b9": [0.08436469423217527, 0.9164837818740259, 0.8259986280887708]}