{"b0": [0.06765484927501206, 0.9717541312652773, 0.8237609398765767], "b1": [0.7681880360924452, 0.79143007758668, 0.9992382415879731], "b2": [0.006889044295349425, 0.9319395246944215, 0.8248132017381731], "b3": [0.869420608601726, 0.9576880415004939, 0.8041770069809049], "b4": [0.7252913513368797, 0.9732114181361237, 0.9914529246134874], "b5": [0.6244424469547539, 0.8506335030709054, 0.8467905277270821], "b6": [0.1634691417213947, 0.832963988441243, 0.8825899717033578], "b7": [0.31801444730467593, 0.8430735322593725, 0.8047923256422399], "b8": [0.16392811677893224, 0.9292890092106559, 0.9226567421292243], "b9": [0.09357871087743297, 0.8634091972877408, 0.8164848281993611]}