{"b0": [0.07821749255142701, 0.9476528064742734, 0.8177876418386408], "b1": [0.0005749276533226773, 0.9983553974041015, 0.9961958167909902], "b2": [0.0018043453864203844, 0.9317136434499347, 0.8126041756164756], "b3": [0.3202070574857728, 0.7650869022992995, 0.9760017825988154], "b4": [0.16054919849850305, 0.9045774280838751, 0.869243148522521], "b5": [0.0046500835850472756, 0.9641052781719184, 0.8341012365523879], "b6": [0.08324939949205516, 0.9289850740694662, 0.8280314761207657], "b7": [0.015192846267949202, 0.8534611313299689, 0.802510315742016], "b8": [0.15280928718136383, 0.9477706509451569, 0.8941538417542274], "b9": [0.7443021138681202, 0.8829271650723506, 0.8756610946798383]}