{"b0": [0.7625833197433742, 0.9037907366501463, 0.9248799440212442], "b1": [0.0927699329275843, 0.9017471271341795, 0.9656041293501519], "b2": [0.06573647858102633, 0.9463137072151089, 0.9002989324218958], "b3": [0.0720739542004199, 0.9949992795105377, 0.9669442667256999], "b4": [0.07141226727752212, 0.8638551953185876, 0.8960208956591774], "b5": [0.10820796850892654, 0.8572196566241249, 0.9555522602763924], "b6": [0.9911469860864547, 0.9790589125240257, 0.9164852991056377], "b7": [0.09178139532717479, 0.9518348148057035, 0.8255635336965645], "b8": [0.1625077020884614, 0.8249003508171345, 0.8971397568482462], "b9": [0.0761395767531125, 0.9821285378147354, 0.8699250773793556]}