{"b0": [0.8662042672349396, 0.895507677847371, 0.816876234100336], "b1": [0.14945336658679634, 0.9487074925075869, 0.8088186001975802], "b2": [0.11035141425789434, 0.8494971670273567, 0.9925126837098186], "b3": [0.5298031079288203, 0.8908941877085939, 0.8492075163466752], "b4": [0.593938986406538, 0.9821633605781136, 0.8262331937060355], "b5": [0.7602220419404064, 0.9178606293243852, 0.8428986317966838], "b6": [0.9977742454064159, 0.9400393851684534, 0.8482932432007962], "b7": [0.008573224188723697, 0.8603904781667328, 0.9606727584769393], "b8": [0.9953974405185542, 0.949739061508675, 0.8141136001614533], "b9": [0.1592992272962251, 0.9633908178826731, 0.9606538314345583]}