{"b0": [0.7671409145977267, 0.9083893682491757, 0.8123091600354309], "b1": [0.7646791834760397, 0.9547308871005297, 0.9977857551902365], "b2": [0.9999574108880274, 0.9076030255971165, 0.9713154004415425], "b3": [0.15523807849831076, 0.9460790807277004, 0.9012243320159318], "b4": [0.06670217194458862, 0.9898448105209655, 0.9397304716172156], "b5": [0.15407332625682799, 0.8811031215078766, 0.9344337933093908], "b6": [0.017215025534376968, 0.9223504462542332, 0.9952922726189538], "b7": [0.9969665130123404, 0.9289787002501558, 0.8761669285151524], "b8": [0.012024978386424958, 0.9514167524258766, 0.9306498206452524], "b9": [0.06417990521300146, 0.9620661536728469, 0.8606686480501261]}