{"b0": [0.9864605562218219, 0.869416377361424, 0.9784103254639639], "b1": [0.16455947870636062, 0.9479424292469654, 0.9525624464937065], "b2": [0.1614395123934284, 0.9899036371691716, 0.9771747248281517], "b3": [0.10586221370852106, 0.9804007607379184, 0.8340404041789027], "b4": [0.021311705860353847, 0.9660404591566513, 0.9032914537280959], "b5": [0.00683842735968696, 0.9382705243774373, 0.8878213309789021], "b6": [0.15491181080060204, 0.8504423044809506, 0.9710429535678436], "b7": [0.1549868013253848, 0.9051576786392629, 0.8039768078220674], "b8": [0.7352671464793435, 0.9944391802758684, 0.9556881899884236], "b9": [0.0031242447320286543, 0.9500436789859152, 0.9195984648489934]}