{"b0": [0.15991210357690108, 0.8790348724442452, 0.8597328143449923], "b1": [0.8919556140608398, 0.9307312599483051, 0.8417081497943726], "b2": [0.07033871731668664, 0.9060836516381253, 0.8228850633053579], "b3": [0.7785197836232944, 0.9991291736516998, 0.9240999346209127], "b4": [0.021146515492920143, 0.981625282786846, 0.8078743572827907], "b5": [0.5560209868994047, 0.9880039598617596, 0.9359350188756226], "b6": [0.6418881909453337, 0.9738273493437165, 0.8828298666203316], "b7": [0.5829136220933363, 0.8678067385629599, 0.9918004322536588], "b8": [0.6124856131795271, 0.9510219236869559, 0.9279995054880967], "b9": [0.022541247892429825, 0.9670775413410513, 0.8396426591213452]}