{"b0": [0.3075544474493917, 0.9911901484877265, 0.9253759181640477], "b1": [0.6535811744227786, 0.9919262742155864, 0.8826383506848187], "b2": [0.9909450978553465, 0.7467295383192113, 0.8708660301131114], "b3": [0.7499484280504701, 0.9113120684675624, 0.9150806599346939], "b4": [0.8733228847836731, 0.9583895420858107, 0.9294946782294404], "b5": [0.16729538246238843, 0.8281353703461031, 0.9412477419366918], "b6": [0.883787587769757, 0.9484678211166514, 0.8657481398162925], "b7": [0.6436328258264075, 0.9003452081265024, 0.9536981226840351], "b8": [0.6104623489168249, 0.998325812286683, 0.931125607462403], "b9": [0.9925644761748529, 0.994285766612968, 0.8712769582870998]}