{"b0": [0.5965903031674621, 0.9033552490452504, 0.8298374334860114], "b1": [0.16308280059677355, 0.9234092195446153, 0.8294750746344568], "b2": [0.1661954705398656, 0.9065719696293668, 0.9073710963638516], "b3": [0.9163473140349185, 0.9135879600407997, 0.8486441122669472], "b4": [0.6073755517542486, 0.9981617857618462, 0.9983414920323783], "b5": [0.35827674512979774, 0.8643692965492531, 0.8844510933200007], "b6": [0.33744696624637166, 0.9309846001758401, 0.9452818758993864], "b7": [0.9872532712909898, 0.7277126813478698, 0.9455554729352468], "b8": [0.018706989019014894, 0.9334995298864436, 0.8273659361573192], "b9": [0.3487293612291392, 0.9959241112019735, 0.8369394910452346]}