{"b0": [0.34787267692540047, 0.9710941358360327, 0.9884899028694107], "b1": [0.9966485917910828, 0.9972307679096377, 0.9935821400247107], "b2": [0.08719935568267606, 0.9405122625599854, 0.9181006965806172], "b3": [0.3601228787247395, 0.9146718252339344, 0.9005409876262795], "b4": [0.7203332149061081, 0.9278802888044427, 0.9739415613721673], "b5": [0.08032813203533067, 0.9985549388150164, 0.9463437465672425], "b6": [0.664771814964108, 0.9513166732802019, 0.8341457444837672], "b7": [0.9160650280763235, 0.9787602135456898, 0.9097561725082909], "b8": [0.025211551107955275, 0.8570657199879856, 0.9560541416635557], "b9": [0.9996698338480847, 0.9075524110694176, 0.933259080870525]}