{"b0": [0.6101277757712705, 0.9755785437043832, 0.9727491819492188], "b1": [0.3299585459592144, 0.947048576642237, 0.9072340647946219], "b2": [0.31649158597716737, 0.908236187935434, 0.8739593681061483], "b3": [0.00750822674245504, 0.9325919934761245, 0.9478234991976018], "b4": [0.32077203275485106, 0.9071011865442419, 0.811483820463996], "b5": [0.004208974188058588, 0.986045825410201, 0.860948859196637], "b6": [0.3264811410058794, 0.9663090656319306, 0.9501374729500729], "b7": [0.08356656206174584, 0.8600702569934258, 0.9446933380846859], "b8": [0.3171863445772818, 0.9102011572955339, 0.8907419104806538], "b9": [0.16833705401871615, 0.9695594982666319, 0.9099322877092796]}