{"b0": [0.16674490144996806, 0.9418469101667266, 0.9497906636367446], "b1": [0.17266348183575522, 0.9890133257413322, 0.9708107272236667], "b2": [0.9809065225804764, 0.7870233725286421, 0.8943718097103411], "b3": [0.10249257353405283, 0.9959728229262167, 0.8668704535930521], "b4": [0.9960224394205075, 0.9365836042000362, 0.9665563203050354], "b5": [0.8703556968283986, 0.9161980581662783, 0.8574178404575666], "b6": [0.7422352255672534, 0.9383228472979066, 0.8423388319188332], "b7": [0.8925677076442149, 0.9838056336474149, 0.9815516347228459], "b8": [0.5668445992336016, 0.761096111669875, 0.8024569738555456], "b9": [0.1510467068824001, 0.9776476203140326, 0.9798413391562732]}