{"b0": [0.866579737229718, 0.9065947772132836, 0.8708596060480224], "b1": [0.7994328038789267, 0.8259196717543863, 0.8223124383203009], "b2": [0.6310338634278415, 0.977460724013595, 0.8043561182600181], "b3": [0.9801401672926002, 0.896303645844923, 0.8947037547289216], "b4": [0.3730427484344051, 0.9335114583688346, 0.8393790824633569], "b5": [0.08025403544321107, 0.9139203232550144, 0.9469612414603549], "b6": [0.7393691270909629, 0.9787835834865156, 0.9027308245377109], "b7": [0.07139780631267972, 0.9700043964741628, 0.9593927006208074], "b8": [0.7610034898457542, 0.8417280736511412, 0.9109165688844638], "b9": [0.33026263308039744, 0.9873180010846929, 0.9392213278737759]}