{"b0": [0.6185734018223358, 0.9027818241445742, 0.9000143547250324], "b1": [0.9124033067578009, 0.8515035944508059, 0.8246152096753389], "b2": [0.7362877535847435, 0.918892842807421, 0.828061017444353], "b3": [0.15618036287171677, 0.9559326466317501, 0.8059016243505213], "b4": [0.014967984597451729, 0.9719395958052993, 0.8990537627397664], "b5": [0.3245320746369877, 0.8783190102486009, 0.8664495854421551], "b6": [0.38079238944238086, 0.8360441521314386, 0.9779300409212435], "b7": [0.15761387544772143, 0.859513856817287, 0.8241235538366858], "b8": [0.3421911805067269, 0.9833444186226882, 0.9881702544511035], "b9": [0.07633236730182812, 0.9139903809170508, 0.8110135705714302]}