{"b0": [0.5861317697533384, 0.9963448837651372, 0.8634120509019948], "b1": [0.9817840333869562, 0.9836355475255547, 0.9292284891236549], "b2": [0.8386324105773368, 0.9769295415262031, 0.8077137076904358], "b3": [0.15725281662770837, 0.9970125187918096, 0.9713079696231155], "b4": [0.7749557130836143, 0.9070386822236434, 0.9892159942536283], "b5": [0.08454840589833967, 0.9897894487358023, 0.8511433479192473], "b6": [0.005366505069493166, 0.9543309997383266, 0.9148452582254697], "b7": [0.7377569200358925, 0.9121175916973382, 0.9548109947860831], "b8": [0.15899507807031057, 0.9625584453384008, 0.9691979586567236], "b9": [0.6029967526263215, 0.9367414858301126, 0.9629543217647778]}