{"b0": [0.616846393079242, 0.8074499761250735, 0.9827495045282199], "b1": [0.14831541005495186, 0.895127998500457, 0.8938957206029332], "b2": [0.5965154085140508, 0.8753398198288891, 0.895582351083509], "b3": [0.726931611423501, 0.905460065888803, 0.9519619649941647], "b4": [0.15522501411665446, 0.9798475386437145, 0.9683172457303877], "b5": [0.1590942487597911, 0.9095455890196262, 0.9095939675554525], "b6": [0.6086108079721637, 0.9926210055153544, 0.8085852216100007], "b7": [0.887596507193122, 0.9610259977932262, 0.9960802775616832], "b8": [0.7228947473391522, 0.8997826879152293, 0.950294880599028], "b9": [0.16170534302956938, 0.9342620415553707, 0.807828692211145]}