{"b0": [0.0753962067662413, 0.9864722800447325, 0.8465572426491516], "b1": [0.9952695257641104, 0.9627904009943558, 0.8076282535799479], "b2": [0.14883360897024148, 0.9772036902720805, 0.9446067794857983], "b3": [0.15686844629134905, 0.9758520956338839, 0.8865969904441015], "b4": [0.8602500336040099, 0.9451246779950718, 0.9412635841916708], "b5": [0.6005693275918221, 0.9504265535057563, 0.9766500441952626], "b6": [0.16203086059612926, 0.883772983526218, 0.893035680204172], "b7": [0.5331278376753668, 0.93080756609697, 0.9006740034635089], "b8": [0.006480099218209013, 0.8754453630333799, 0.8238373265476959], "b9": [0.1673334971265679, 0.8717268670258619, 0.9409325158640116]}