{"b0": [0.7215905182855396, 0.9901262285150954, 0.9107207543270975], "b1": [0.6406108676256054, 0.7527361648030364, 0.8196145227163703], "b2": [0.15468301424451034, 0.9991898151987119, 0.825988373753553], "b3": [0.7454100529499567, 0.9546363765550606, 0.9019409343812089], "b4": [0.01022674928676609, 0.9844668261833828, 0.9793949743883644], "b5": [0.6333211829220702, 0.9991111262974868, 0.8690925946418244], "b6": [0.6634399112080104, 0.9153209129330367, 0.9893388375810727], "b7": [0.16502809487702408, 0.9587992247188292, 0.9151692235229965], "b8": [0.8605518337507216, 0.9945183319078617, 0.9141504705743239], "b9": [0.1611892460928085, 0.9851884245666386, 0.8887274334900226]}