{"b0": [0.33193707513247767, 0.9579993094468425, 0.9748895493209231], "b1": [0.8150228434677926, 0.9629060474232181, 0.8470684054748969], "b2": [0.17156014611175383, 0.9085526420036014, 0.959380554387991], "b3": [0.1574972830461647, 0.9772865844491452, 0.9127615827076991], "b4": [0.6277568270925343, 0.9084138602259247, 0.8446854958225051], "b5": [0.7535191218547287, 0.8395925555486601, 0.9289065310943768], "b6": [0.9783586588511127, 0.8781785512016416, 0.8078875802071289], "b7": [0.15792417401233727, 0.947982904744583, 0.8401805932021179], "b8": [0.16425381360514169, 0.971341135502344, 0.8179902480975424], "b9": [0.7426136671825653, 0.87133101560819, 0.9090729836197177]}