{"b0": [0.9825116465929666, 0.9962533372825937, 0.9169673347891208], "b1": [0.15623449843658263, 0.8970377020517576, 0.903295760959328], "b2": [0.16313751038772975, 0.8355311501817888, 0.9013739507634998], "b3": [0.7751980449590233, 0.82847821063013, 0.9860832398894485], "b4": [0.15401210748019542, 0.7740767554416201, 0.8889973991046689], "b5": [0.7713392487571934, 0.9115759477931809, 0.8182825296933303], "b6": [0.9910138154637899, 0.8613588363836019, 0.8011561852732106], "b7": [0.8797708595272706, 0.872711599383433, 0.9759656306397766], "b8": [0.1628962048026432, 0.957319799866327, 0.8394776026510352], "b9": [0.5788879007003503, 0.6328849281294097, 0.8546448045020391]}