{"b0": [0.16102549837796423, 0.9454021949952885, 0.9337107037446438], "b1": [0.7569734847506818, 0.9667887358242416, 0.8061800841746333], "b2": [0.7596989994819758, 0.9911518025645101, 0.8975808509852681], "b3": [0.7462000038533898, 0.9812713939571066, 0.9098674448611952], "b4": [0.17134938275703854, 0.9222071941586439, 0.8774214515377949], "b5": [0.1616657000297957, 0.8974413450077807, 0.85937594135913], "b6": [0.16602242104564394, 0.9869336994668183, 0.8578075190711136], "b7": [0.8410491030324365, 0.9254069034086405, 0.9101428070201392], "b8": [0.9893239187322554, 0.9403523036684708, 0.8477164112945674], "b9": [0.16062570316356417, 0.9548545406078648, 0.8034722832998434]}