{"b0": [0.10653725460666222, 0.9528109685752264, 0.936925148865493], "b1": [0.0804982564974042, 0.8737198679472438, 0.8917805956385771], "b2": [0.6633344119591204, 0.9370023115171259, 0.8853219644004495], "b3": [0.87228406332929, 0.9523328056249273, 0.9380159888913979], "b4": [0.015265031529935408, 0.9820870040093809, 0.9255562069150217], "b5": [0.1510102696312007, 0.9063661360565297, 0.802412546545899], "b6": [0.8760183968072343, 0.9800186422565466, 0.8537068272505782], "b7": [0.9878833815431992, 0.9474909806744374, 0.9450061610023482], "b8": [0.33483026998698906, 0.9756742851260399, 0.8786404186437702], "b9": [0.00454299069022052, 0.9888665743881865, 0.9992600144275268]}