{"b0": [0.8991096723624935, 0.9331895517816469, 0.8648284652549271], "b1": [0.15630097653610453, 0.905070566729949, 0.9743740694043848], "b2": [0.9216323818036473, 0.9016124858248095, 0.8103795044017208], "b3": [0.9865204676293331, 0.9061477737475973, 0.8950492864697082], "b4": [0.001943106950837796, 0.9010417628941689, 0.856145059072255], "b5": [0.6365802420177847, 0.7935551115986496, 0.8606731534592958], "b6": [0.019379993421065465, 0.8915712111745263, 0.9313263161169936], "b7": [0.6639459394678511, 0.9990042389051089, 0.8659988288818903], "b8": [0.3445015782741639, 0.9542075246145677, 0.9917801658644235], "b9": [0.0638109541399494, 0.8468194133689902, 0.8851713878159648]}