{"b0": [0.6520664500602984, 0.9086541849637346, 0.9735384674360748], "b1": [0.31185976393770004, 0.9487583018408485, 0.9466419504768748], "b2": [0.8323636901167858, 0.8880191449687761, 0.9073404041922432], "b3": [0.5651759044993375, 0.9041214240029646, 0.9395840229348648], "b4": [0.903182781747325, 0.984356166347418, 0.9270296800625276], "b5": [0.058725181714163216, 0.9359753904871069, 0.8008028285426064], "b6": [0.3641873288464678, 0.8881870957997038, 0.943344351655444], "b7": [0.9936988135033978, 0.9640291659568904, 0.9134948243645078], "b8": [0.1638259158915341, 0.8376141326069972, 0.9430178363604216], "b9": [0.9032270641539522, 0.939162631548376, 0.9322299558987419]}