{"b0": [0.005691557177929293, 0.9572193405375756, 0.9231504039269477], "b1": [0.028878983321112425, 0.8994610070155232, 0.9344524891387477], "b2": [0.1627561673188583, 0.9947019269896299, 0.91925416294597], "b3": [0.006330613669226642, 0.9827685524154849, 0.8434640727148794], "b4": [0.0004615437416411761, 0.9981032566568421, 0.8241581796466163], "b5": [0.0044014040453760036, 0.9271257831943764, 0.9754098440164317], "b6": [0.873225162739572, 0.9813355683810844, 0.8286316816375963], "b7": [0.8693139144191275, 0.9911795396616111, 0.9910792863347146], "b8": [0.9956204443101234, 0.9595608824795222, 0.9626748699332461], "b9": [0.8654780058807138, 0.9440626069678798, 0.8623298737838654]}