{"b0": [0.9832204467579041, 0.9365962017434551, 0.8749665343355576], "b1": [0.978488204998616, 0.7761389523301544, 0.8518703547511833], "b2": [0.9054076281125814, 0.9958572270559212, 0.9465007829432429], "b3": [0.7395282389018781, 0.913999842487433, 0.9054049510443969], "b4": [0.1554448834883223, 0.9214668551666289, 0.823242687893028], "b5": [0.8677178566026998, 0.8105670389624939, 0.9693167817092485], "b6": [0.01004951291218558, 0.9823600112007509, 0.9282962044861622], "b7": [0.8925749823550495, 0.9161506647901309, 0.80193382458358], "b8": [0.9992968159046994, 0.8414777264959281, 0.8329297574653739], "b9": [0.01691284988020936, 0.9682849293620877, 0.9070244874581216]}