{"b0": [0.7646866816838981, 0.8862809445820728, 0.8062791145553204], "b1": [0.6620252078582629, 0.9219826437024449, 0.9766575597211723], "b2": [0.08751438622834679, 0.8913008380032899, 0.889926800932194], "b3": [0.08673122715612598, 0.9713846683207845, 0.919567329312317], "b4": [0.7285552818569784, 0.8522419987451868, 0.9218249155311183], "b5": [0.33638574804554017, 0.9266008831661426, 0.9327339029557818], "b6": [0.15279382081200255, 0.9978508324936475, 0.8475142404993891], "b7": [0.8892196798956111, 0.8900775650770798, 0.9197781846842358], "b8": [0.7684353504908695, 0.7894830563190302, 0.9530667662069244], "b9": [0.160625054788635, 0.9502028361691193, 0.8598925449767272]}