{"b0": [0.8769954244067527, 0.9400673717750767, 0.8374364096231607], "b1": [0.7229391238663271, 0.8750711796923045, 0.8823874236489578], "b2": [0.7439751876280783, 0.9102478763035856, 0.8230549215240824], "b3": [0.34806339622679816, 0.9238479663698547, 0.9404943587817763], "b4": [0.055757670947318844, 0.9031550907331064, 0.9119483467460663], "b5": [0.3207617508127093, 0.7319097301187018, 0.8928147250358245], "b6": [0.34268171133885406, 0.8600905269784485, 0.8220354465008716], "b7": [0.6131813081630809, 0.97269055747461, 0.9780729703531125], "b8": [0.08937059769365789, 0.7547376289984229, 0.9691170216019893], "b9": [0.07387080728701918, 0.9154062926081334, 0.99021187663184]}