{"b0": [0.1713682292169806, 0.8960011448432725, 0.9453662542094099], "b1": [0.5889455445785159, 0.9323686006809337, 0.8151028337878029], "b2": [0.15867834195494668, 0.9948235881487827, 0.8584462993896822], "b3": [0.0016892714375220286, 0.9482796639913706, 0.8887611312073738], "b4": [0.5887119643556722, 0.8477954722913528, 0.9134251771275214], "b5": [0.6410392121754468, 0.971452362044165, 0.8662534836890414], "b6": [0.994286226541455, 0.988975396521607, 0.9482075502753424], "b7": [0.161652869940521, 0.9497279038433044, 0.9792238095747859], "b8": [0.7538841947690574, 0.9246403225303252, 0.9037258492738076], "b9": [0.8589116773574087, 0.8755280633452882, 0.9836691485464102]}