{"b0": [0.1594006426424535, 0.9266295154451895, 0.9298428190973417], "b1": [0.9124019634593536, 0.7833847873383465, 0.956563637228635], "b2": [0.024387291346415325, 0.9981822991720776, 0.8770586108022463], "b3": [0.5820272557814845, 0.8687204388123615, 0.8008519685733648], "b4": [0.1599557327214907, 0.8752492197732091, 0.8560428974353433], "b5": [0.9900577507131361, 0.9217370109025906, 0.9968740299861009], "b6": [0.7229591999812814, 0.9709421216829098, 0.8130836383866955], "b7": [0.14723536375209959, 0.9930261824465526, 0.9137454981104427], "b8": [0.15873280309681784, 0.9467999460419101, 0.9692047330502958], "b9": [0.5472746037738091, 0.9954083338303669, 0.8536754487732332]}