{"b0": [0.7853423976646332, 0.7552866927268042, 0.9039139584859355], "b1": [0.8997947968155564, 0.8805047884532061, 0.9311538363692233], "b2": [0.15469455073825908, 0.8205403331040249, 0.8198846325494017], "b3": [0.0045078606682042105, 0.9542391816749826, 0.9016495322430325], "b4": [0.016956619485563026, 0.8955261957465226, 0.8138089708063011], "b5": [0.15199272345052417, 0.9515852420052036, 0.8897000080706122], "b6": [0.16042805873264704, 0.9589488358861037, 0.8422197228581758], "b7": [0.7896703346750279, 0.8391012671811634, 0.9247370663468331], "b8": [0.15349598034211948, 0.967876404891524, 0.9483695755593253], "b9": [0.16623060565899297, 0.8218177701838556, 0.9410196954950034]}