{"b0": [0.7843158917314058, 0.8405531460367459, 0.9191811660707246], "b1": [0.7751586552934228, 0.7974479649501697, 0.8012900512849176], "b2": [0.16158657603921806, 0.9428840865421045, 0.8119853597917236], "b3": [0.9610790262266212, 0.9714637659663938, 0.8984934176569268], "b4": [0.009179853956436673, 0.9635951060209783, 0.9378005258932386], "b5": [0.1492684087844255, 0.9363633854466158, 0.8721359707930679], "b6": [0.1503329318237352, 0.8937893481483021, 0.9308888754349325], "b7": [0.5862834734247685, 0.971632335170024, 0.8331498518977967], "b8": [0.1626698653482964, 0.7898248992088394, 0.9309426500294112], "b9": [0.08333978746798346, 0.9843740869597535, 0.9711518158719605]}