{"b0": [0.06981197542194045, 0.9032921542840469, 0.8189016456386653], "b1": [0.7481737659132363, 0.9526091808312594, 0.9932744620608367], "b2": [0.32808416038589255, 0.9374212817023322, 0.8635430501770651], "b3": [0.009737174566333912, 0.9601798715154599, 0.8580977882297032], "b4": [0.0870351257814204, 0.8575261919691823, 0.8597863658373711], "b5": [0.07176239253714893, 0.9015107441089026, 0.8038432019682812], "b6": [0.7412926464521175, 0.8995387505857221, 0.812429516287516], "b7": [0.1676061626073845, 0.8713711594397201, 0.9146117311237038], "b8": [0.7798262986863178, 0.9985863092815876, 0.8974912583127364], "b9": [0.5167957440753487, 0.8913769044284083, 0.9312212845613336]}