{"b0": [0.7454792851337138, 0.9648077449786945, 0.9349433272521762], "b1": [0.07346695607109889, 0.8481031647146305, 0.9615169545057565], "b2": [0.7315972498229406, 0.8360848365888388, 0.8039008923073945], "b3": [0.16201437490221912, 0.989662099001408, 0.8668841462413099], "b4": [0.9975236178121482, 0.9759970531365808, 0.9677471624874436], "b5": [0.09721538855272546, 0.9112445564320584, 0.8459790359123948], "b6": [0.15608511949147488, 0.9872194085577055, 0.8339911663368261], "b7": [0.6106343936478921, 0.8566593961005915, 0.8092077043239724], "b8": [0.056917185368796766, 0.9237024296701566, 0.972709743242641], "b9": [0.7739674180071622, 0.8742322231233355, 0.8986715670000183]}