{"b0": [0.9110017323577746, 0.8967589231779294, 0.9710744824870383], "b1": [0.7500553571297275, 0.942661620698764, 0.8583117272718829], "b2": [0.11245487746339569, 0.9160687778586208, 0.8033641914636579], "b3": [0.6268040966328438, 0.8445528373776745, 0.8837755318748896], "b4": [0.9786551901965975, 0.9839064248593479, 0.9475448842330343], "b5": [0.7309988355446392, 0.9912827295077363, 0.8714632992976505], "b6": [0.8651742838661127, 0.894311443728824, 0.9223108970882455], "b7": [0.0806567526350052, 0.9614622650535206, 0.8324467602740601], "b8": [0.07668162637836243, 0.7831028386481098, 0.8999348075088536], "b9": [0.737109564002135, 0.9131215621872235, 0.8275348084608855]}