{"b0": [0.8545485678756392, 0.9055049760605889, 0.9190856461649284], "b1": [0.7478032494332923, 0.8952610381852049, 0.80343587405267], "b2": [0.8505463062073576, 0.9683368611399216, 0.8198964368662769], "b3": [0.3674725838025874, 0.9484576481911453, 0.8139996256462555], "b4": [0.05607052530464597, 0.9514678600595267, 0.919682195916756], "b5": [0.0626006210945625, 0.7859809151800647, 0.8813038466388314], "b6": [0.753432516271382, 0.8072411830815852, 0.8817244094191582], "b7": [0.7195391903683885, 0.9988896668433056, 0.8493740964043576], "b8": [0.10021635980860034, 0.9843370312687807, 0.9725028125918525], "b9": [0.8449927212199267, 0.9538265449893336, 0.8115302992646432]}