{"b0": [0.16801699881232138, 0.8572455224254198, 0.8007272532478233], "b1": [0.724303451448996, 0.9881974967893902, 0.8834157507260022], "b2": [0.7104191511581561, 0.8626035423011809, 0.9117304278695377], "b3": [0.7498540836250689, 0.7931272216436968, 0.9212998479874217], "b4": [0.745077186835628, 0.9765044898461818, 0.8912419984618836], "b5": [0.6169221569499491, 0.8727136764894112, 0.9944378167280351], "b6": [0.8761559090098703, 0.7473470001843371, 0.8223947080789827], "b7": [0.15283487788034342, 0.9927750197892005, 0.9979406068133104], "b8": [0.06990276801098604, 0.9452176683916694, 0.9175296646545524], "b9": [0.07576515911332402, 0.9415938721416979, 0.9539348426327011]}