{"b0": [0.005160062010264878, 0.9315103444464365, 0.8976805568959344], "b1": [0.7654705260921381, 0.8322273201036786, 0.824387691183984], "b2": [0.7755845030092032, 0.9412699025564807, 0.8164733304618133], "b3": [0.17011910920800996, 0.8507120528516806, 0.8440087632847186], "b4": [0.7485012319835209, 0.9320031732404266, 0.9233312108503199], "b5": [0.16282099769931832, 0.988066558875825, 0.8123178058336973], "b6": [0.9866198298873832, 0.9147066698098869, 0.9791286576605708], "b7": [0.7760340325528117, 0.8244245387332946, 0.9958650483731389], "b8": [0.15653357993631484, 0.9401485060974295, 0.8783871240895524], "b9": [0.8024358792758899, 0.9240466834433154, 0.968529340729309]}