{"b0": [0.07350320418058137, 0.9878815454892826, 0.8659080246118428], "b1": [0.7296815942513933, 0.8727558549385485, 0.937621146419567], "b2": [0.08289302653929152, 0.936047336875249, 0.9156958550224613], "b3": [0.646342933729012, 0.9121427115081622, 0.8323266611904717], "b4": [0.7216568088697254, 0.977400833231691, 0.8289778917342947], "b5": [0.72932877297646, 0.9157664657612666, 0.9048851587425467], "b6": [0.8400035711706206, 0.9088393302402784, 0.8358885634886053], "b7": [0.16948733559276222, 0.8777731280902015, 0.882955911210025], "b8": [0.02955347407291185, 0.772612675850049, 0.8944927160022356], "b9": [0.7581704163228558, 0.869096065551753, 0.810920716621925]}