{"b0": [0.09686253712227767, 0.9818972038761786, 0.8272134761038678], "b1": [0.027054135554669952, 0.9652330650400209, 0.9080935157872058], "b2": [0.08542326276437967, 0.9818270991134809, 0.9396863826998441], "b3": [0.7886338644918284, 0.8479223665144321, 0.9667903411374568], "b4": [0.2711132545110553, 0.9658139233735534, 0.9127715245323722], "b5": [0.9956826656469948, 0.8512285189825088, 0.8132028283170564], "b6": [0.901974393826341, 0.9634149116811744, 0.9610423267785231], "b7": [0.9984240178116451, 0.9091307274734993, 0.9863130879348658], "b8": [0.3287017942989329, 0.9203511208841129, 0.8758246706611491], "b9": [0.31034723619798915, 0.9848884711764653, 0.9440262553964898]}