{"b0": [0.07383178679339547, 0.9790687713759205, 0.9407487986395637], "b1": [0.10174466690963388, 0.9950805303420971, 0.8042005741612777], "b2": [0.021239837061814856, 0.9438462020491908, 0.933270465963647], "b3": [0.31447276659283785, 0.8339998742389829, 0.9146653454874883], "b4": [0.7391080584216358, 0.814732613319719, 0.874323964531459], "b5": [0.34121489799730426, 0.9914767019644292, 0.9670608909058772], "b6": [0.8000628408007648, 0.9068817827288413, 0.9678606492854148], "b7": [0.3163948904901714, 0.8975111577844441, 0.9809446274816076], "b8": [0.36565059289325125, 0.8925308721357977, 0.8543982025325819], "b9": [0.74223617545759, 0.8343713601581806, 0.980815126294474]}