{"b0": [0.3677497845478218, 0.976258019758291, 0.8111020328106917], "b1": [0.07504411277963136, 0.9131634529421053, 0.867970951149956], "b2": [0.8982518693776801, 0.9303314873688815, 0.97201495468923], "b3": [0.1059472824028651, 0.944822156844927, 0.8735042784297755], "b4": [0.35668128614403394, 0.892476527050662, 0.8671653857396566], "b5": [0.16027448715285658, 0.923802494732772, 0.9537399044846887], "b6": [0.7095941248922902, 0.6995066639199916, 0.8873318286607637], "b7": [0.3271595279464649, 0.8541888564338439, 0.8649548601854786], "b8": [0.8518180280336813, 0.8982802127726515, 0.9323537528003203], "b9": [0.9212894334558128, 0.9748779036081829, 0.827512076522221]}