{"b0": [0.8889710719253062, 0.987156000856964, 0.8371240360825761], "b1": [0.0722380418104806, 0.9909039407473803, 0.8900861620363983], "b2": [0.34626258535489035, 0.8959711988913565, 0.9118705607328067], "b3": [0.8657377480538341, 0.9039260699682322, 0.8886320806264847], "b4": [0.6231026735765192, 0.9829783795338557, 0.8303164431004713], "b5": [0.7420549133397647, 0.9658035978175045, 0.8453067573673562], "b6": [0.8446463588348255, 0.9300850663308501, 0.8448925328066978], "b7": [0.998565643215618, 0.8397273458562122, 0.9231221393549531], "b8": [0.33013671729610294, 0.8396198839486455, 0.984145572545134], "b9": [0.1615234687467383, 0.9956373336781293, 0.9072614517638901]}