{"b0": [0.3101534446462065, 0.9221489339799109, 0.8280483069985549], "b1": [0.6365909162513292, 0.9292296851581964, 0.9696397122775021], "b2": [0.0823632477703939, 0.951935599810873, 0.8247375877177723], "b3": [0.0922799280166988, 0.8691538578174774, 0.9273010219149735], "b4": [0.6081451437116162, 0.8388405475945288, 0.9650811461777486], "b5": [0.07802028415336353, 0.9209304908811339, 0.9390418833392985], "b6": [0.16268101894734308, 0.9924786708239641, 0.8437582040691968], "b7": [0.9840330431289935, 0.9597576522276658, 0.9597869905425475], "b8": [0.7381010701806399, 0.7708821017683359, 0.8627701055712191], "b9": [0.34380999056365336, 0.9938845287627538, 0.8185002348998159]}