{"b0": [0.8471677966936554, 0.805022793196962, 0.9805919748569668], "b1": [0.3045253773440324, 0.9764725524697684, 0.9173789440487683], "b2": [0.747068451840966, 0.972958316084911, 0.9425751118230705], "b3": [0.870023334024433, 0.9895495533280603, 0.895588228484191], "b4": [0.8624783788480981, 0.9255940631205617, 0.9419236527406557], "b5": [0.6755834950667042, 0.9999726311757418, 0.9884266331331918], "b6": [0.29450586879411295, 0.9692088400283425, 0.8804761417707422], "b7": [0.9881308678316949, 0.9210189340577013, 0.9225814031630142], "b8": [0.8825327940507041, 0.980406627491812, 0.810134335245467], "b9": [0.16247757751211733, 0.8894682448191316, 0.8862678149672929]}