{"b0": [0.1675892458592572, 0.9282620053485422, 0.8163438942619266], "b1": [0.7395713003733084, 0.9760517882190152, 0.9293405818176919], "b2": [0.8463596387101456, 0.9838503750322326, 0.9476745095130511], "b3": [0.6242832888372647, 0.9555865547285138, 0.9454375594842296], "b4": [0.16549871468185842, 0.930177652976462, 0.8000634004998954], "b5": [0.005745678221154095, 0.9148276065674698, 0.9801524078917916], "b6": [0.8484435169241006, 0.866745258394115, 0.8644857723980638], "b7": [0.10103633035267859, 0.9915490283154178, 0.8930887854552462], "b8": [0.3045495553204645, 0.9680726640666424, 0.9657815866190335], "b9": [0.7437708139692216, 0.8838335223536425, 0.9087794169444898]}