{"b0": [0.991806723764062, 0.9818840607860515, 0.9715024637279182], "b1": [0.3402823420563978, 0.8733883913052614, 0.80062462490541], "b2": [0.0849177089497878, 0.8575163214341643, 0.9679323541559093], "b3": [0.7583912848877555, 0.8633323670181547, 0.8010114479866464], "b4": [0.3415076050401595, 0.8995536207242374, 0.9245628594766013], "b5": [0.9799831714254401, 0.9066095078881924, 0.9092664574150391], "b6": [0.06336984142248064, 0.963582901505765, 0.8819798467468272], "b7": [0.8903802614889699, 0.9915650754446381, 0.806644393794737], "b8": [0.8579057100685783, 0.959788224824601, 0.8250508561246623], "b9": [0.5978518831605736, 0.9902886040958461, 0.9569745055752906]}