{"b0": [0.5875885320873635, 0.9501548439429773, 0.917513769249626], "b1": [0.3416737570928916, 0.9710832429975177, 0.9565816044122636], "b2": [0.08747123340119761, 0.9899670152172697, 0.8973085379184085], "b3": [0.789001673169082, 0.8788636000571302, 0.8999834256683825], "b4": [0.6669658085357665, 0.8277477839586715, 0.9524058847460306], "b5": [0.027742173868019006, 0.9934965022582616, 0.9853391262955182], "b6": [0.37694924183361517, 0.8464159869488378, 0.9976401324703206], "b7": [0.6333389487912209, 0.9442687611174384, 0.8634896667420606], "b8": [0.006639503364936552, 0.9246874019944403, 0.8227345178510548], "b9": [0.9028151088654852, 0.9827164010720935, 0.9463259024681469]}