{"b0": [0.34604205606326716, 0.8911966108169289, 0.8278988507096884], "b1": [0.09845003534800435, 0.8016383726050913, 0.9075566140381688], "b2": [0.5915363359827951, 0.8205154121989573, 0.8346506362342646], "b3": [0.0030916273428206738, 0.9291199812677311, 0.9682886166925964], "b4": [0.7970391333429696, 0.9224278740768008, 0.8513844569425408], "b5": [0.611803963403605, 0.8930266940205255, 0.8285045189017908], "b6": [0.6122972170814366, 0.9509401833997143, 0.9570328876761152], "b7": [0.15210806720261627, 0.9450600755403041, 0.9013211189845433], "b8": [0.006189535316144448, 0.9426766621004791, 0.8342226747572536], "b9": [0.6264568659170925, 0.8568598296006452, 0.9578855913508589]}