{"b0": [0.758742912918263, 0.9823678118908323, 0.8383146125944724], "b1": [0.744948594260835, 0.9427389597910582, 0.860539952006234], "b2": [0.06296436076539169, 0.8539377567562272, 0.9800347942188327], "b3": [0.09019499753958378, 0.9556025418341286, 0.8855407575851192], "b4": [0.7944465389005635, 0.9674129835211579, 0.9950678965046538], "b5": [0.6417930364093114, 0.8739634742848799, 0.9956536004101111], "b6": [0.7416099746358512, 0.9114804389117431, 0.9301547008494137], "b7": [0.06782513812024782, 0.9215764147016731, 0.9158279081455636], "b8": [0.6216455104311303, 0.9329055613125297, 0.8120881212711158], "b9": [0.10521518556069392, 0.9456973042527289, 0.9549102179066858]}