{"b0": [0.16173392404488904, 0.8709337296159149, 0.8777948711563384], "b1": [0.7400552206149494, 0.9627885423601478, 0.8275569917813909], "b2": [0.744536872281448, 0.9836887488112221, 0.9122105718784198], "b3": [0.30843724696032526, 0.9677074464834938, 0.913060530990737], "b4": [0.7581659203021225, 0.7822059782552029, 0.8744801010048755], "b5": [0.07698989787215403, 0.9505585442853385, 0.8996104608308293], "b6": [0.07806613083902808, 0.9352162878729949, 0.8195544759373259], "b7": [0.7265706690159448, 0.901632717196811, 0.9938458535531649], "b8": [0.356696406043775, 0.9801816456092554, 0.9459051165936997], "b9": [0.7237069992848869, 0.9944715981765931, 0.8129752476419388]}