{"b0": [0.7624326523212439, 0.9541151889919312, 0.8965372170259642], "b1": [0.7595752207788503, 0.9399344592822062, 0.8610190335805064], "b2": [0.16277428060886603, 0.9499378985676233, 0.8339206992157648], "b3": [0.10762733299477771, 0.9689447941982787, 0.9710014370482684], "b4": [0.7043942402959442, 0.8993241473972015, 0.9107800754249104], "b5": [0.6588793714947222, 0.8840068631356945, 0.8291989154280823], "b6": [0.08056800095795218, 0.9753512372549261, 0.9984609141158441], "b7": [0.7139972570735642, 0.9250318520104909, 0.8503387642878439], "b8": [0.6164915227313597, 0.9421912562188806, 0.8304655531105746], "b9": [0.8945551170475966, 0.9976320117303932, 0.96542009162097]}