{"b0": [0.8803960507568549, 0.9055873572875143, 0.8834337245749565], "b1": [0.09255214661223864, 0.9918901134035437, 0.9907478916762177], "b2": [0.6402688358190716, 0.9991181681759254, 0.9765015524857134], "b3": [0.9079256292501493, 0.9078301545139855, 0.962416403741847], "b4": [0.16372894754952205, 0.8881932107880323, 0.9218267373807246], "b5": [0.34666165230718243, 0.911304496841784, 0.9883873104284921], "b6": [0.7512358550951161, 0.8960143622488228, 0.883353151397624], "b7": [0.8663886536811412, 0.8540732721649869, 0.8975382864816634], "b8": [0.762432263234892, 0.9212166792014642, 0.9445321002168331], "b9": [0.7244375189907093, 0.8371866905562549, 0.9434637264212873]}