{"b0": [0.15233820695152803, 0.9564327750135724, 0.9220238603612771], "b1": [0.8468666464833998, 0.8115103457006793, 0.8979309659291365], "b2": [0.8923472022900891, 0.8679950076935097, 0.927372720353702], "b3": [0.10069240648685852, 0.7425039522228235, 0.8974396866167129], "b4": [0.7535327710908948, 0.9480472784316702, 0.8146345445316752], "b5": [0.9797660307720755, 0.9597168939864633, 0.9147589449427772], "b6": [0.989055568725397, 0.938838502592008, 0.9470042480909217], "b7": [0.8829783691326984, 0.902455504953469, 0.9213855905039177], "b8": [0.6280822104630489, 0.9086465926059417, 0.8502700775359819], "b9": [0.8200966869362079, 0.9052725306046496, 0.9346349635017615]}