{"b0": [0.12441504976167707, 0.9911544275359236, 0.8393960125641058], "b1": [0.15845516783390193, 0.9318440565605546, 0.8728174242162039], "b2": [0.8869530352833783, 0.9062256160243636, 0.9381931116536958], "b3": [0.7707242603501414, 0.844598773298506, 0.8836346352805942], "b4": [0.8789091277533706, 0.9842678847987671, 0.9067779418865576], "b5": [0.8853961055217203, 0.9233094691766138, 0.9206154232619056], "b6": [0.7687320662630737, 0.9025836886226887, 0.9527462400898553], "b7": [0.16411557143338, 0.937407885398491, 0.9089718712558448], "b8": [0.15650298399336549, 0.9254551604038801, 0.8626099764811059], "b9": [0.9337588841014478, 0.8541650656248302, 0.8109497095454087]}