{"b0": [0.16117074180888932, 0.939439156448738, 0.9115581082073195], "b1": [0.9706430644778183, 0.933833302347296, 0.8686047086935318], "b2": [0.16076859937460852, 0.9126093801436201, 0.9847801120423081], "b3": [0.9959592712472919, 0.9040466553314741, 0.9555475215091999], "b4": [0.3644040179838921, 0.940116922620668, 0.8438021698886012], "b5": [0.9784733181111821, 0.9240748405312906, 0.8202498559320549], "b6": [0.9960149169593798, 0.8091840336656755, 0.8804144936279765], "b7": [0.09384697325926558, 0.9083314569270721, 0.8043459854281805], "b8": [0.0881276463442512, 0.8994931804872351, 0.8211862178012731], "b9": [0.8887555276499073, 0.9800216735320063, 0.8059238882431217]}