{"b0": [0.01091242675330371, 0.8383166776704192, 0.8195284697480258], "b1": [0.8492111743242673, 0.7557356282804119, 0.9342526404407768], "b2": [0.15255362411009232, 0.9516901045478309, 0.8441075738804774], "b3": [0.010123299737017349, 0.9964694405642648, 0.8926569328011422], "b4": [0.09032442863626483, 0.9185390674471519, 0.8916200370339379], "b5": [0.7928172429231114, 0.9231416121946316, 0.8863588676580438], "b6": [0.9920210979596246, 0.9500327345526565, 0.9838057461474915], "b7": [0.7685429608280512, 0.9854563586599332, 0.9316004490401412], "b8": [0.8504098204519042, 0.9588371850937513, 0.82197222031975], "b9": [0.9827925195299771, 0.9557549442559558, 0.9340817358981575]}