{"b0": [0.30054472576072483, 0.9821128188291397, 0.8104796657602623], "b1": [0.1594029660768823, 0.9054860352055605, 0.960543779116717], "b2": [0.9947016219066468, 0.8040709887044499, 0.9520282746841837], "b3": [0.15617496796529842, 0.826807318029395, 0.9109689668713231], "b4": [0.8706519985971282, 0.8315725479170417, 0.8732154001314373], "b5": [0.3347077398703045, 0.9968163130069269, 0.867992319591935], "b6": [0.16241937382967475, 0.7924016379729217, 0.943055704396903], "b7": [0.3100414033052487, 0.9104632161456678, 0.9587507997587177], "b8": [0.9983327287033305, 0.9843876502036089, 0.8277429092280042], "b9": [0.9936265739965043, 0.8865942460710349, 0.9918835250005165]}