{"b0": [0.8844560213508337, 0.9406365707700759, 0.8929503692632896], "b1": [0.9803446722403771, 0.9080741038633743, 0.9863131495009205], "b2": [0.9026091264654102, 0.8994680027524639, 0.9611346067572154], "b3": [0.9945899866659117, 0.9321655971521409, 0.888219278729152], "b4": [0.004855567790311642, 0.9814888979952979, 0.8416064337129342], "b5": [0.003452966359945476, 0.8596430954848522, 0.8506077346555136], "b6": [0.15549957462103714, 0.9560070825833741, 0.9271633656517705], "b7": [0.1574785564691117, 0.9964251563784056, 0.8800624281711733], "b8": [0.8580141117963112, 0.7657647172046547, 0.892181591765125], "b9": [0.05625026868055435, 0.9655832792191515, 0.9359195098431207]}