{"b0": [0.005777090185976563, 0.9484946230766852, 0.937254084076779], "b1": [0.9816052177757102, 0.9976570791216005, 0.8298137689713646], "b2": [0.1683990620419159, 0.9092608159006704, 0.9286044344753348], "b3": [0.9729903715549295, 0.8056698532356874, 0.9587398337085067], "b4": [0.9135066945945429, 0.9517977446206829, 0.8199084990636527], "b5": [0.013710663568498432, 0.8891111084144938, 0.8345166604599789], "b6": [0.1702425305500646, 0.9833944309728673, 0.9165845202321445], "b7": [0.9920352453614476, 0.911612794212786, 0.8053990281281487], "b8": [0.15097152590788476, 0.9934635072143958, 0.8412496582550145], "b9": [0.8861420267471892, 0.8949444621389214, 0.9290065551319628]}