{"b0": [0.07900894542740225, 0.9134650003245401, 0.93509288945037], "b1": [0.7559018720915982, 0.9371288663800336, 0.9566249605745992], "b2": [0.008284451636337245, 0.9825041378573957, 0.9158294751427417], "b3": [0.3022158689228592, 0.8442741494274066, 0.8978505310773994], "b4": [0.02605486567784062, 0.8408455565578887, 0.9305795725490797], "b5": [0.9050349672250776, 0.9680368395688055, 0.9154076116403135], "b6": [0.08158020403021635, 0.9773609031073522, 0.860517352325069], "b7": [0.1625469237914771, 0.7719193697539888, 0.8996320310657585], "b8": [0.9989848028911523, 0.9861555714611522, 0.8264399380233607], "b9": [0.7698996713434574, 0.9418616008647995, 0.8976985680807772]}