{"b0": [0.6061957001616363, 0.9976981115147519, 0.8593377479881079], "b1": [0.3271750250581211, 0.9518620839066351, 0.9019452928670054], "b2": [0.29596084512677967, 0.9851327179396138, 0.8403763241114233], "b3": [0.7731463156408672, 0.9754748210332987, 0.9721099160218563], "b4": [0.8790600183154347, 0.8638751411494578, 0.9624565832982274], "b5": [0.16284273843162642, 0.7375191062040364, 0.873244468639389], "b6": [0.1642925028041822, 0.9244980783807588, 0.8817657556563597], "b7": [0.6183434201649937, 0.9222411669474683, 0.8760393741045422], "b8": [0.988809779153485, 0.9027504053317998, 0.8651007679287023], "b9": [0.732726422346143, 0.9489853105546273, 0.8640750495439459]}