{"b0": [0.3475119596009245, 0.9539752837494747, 0.8899271279298417], "b1": [0.0804317231645107, 0.9687179647001298, 0.9176791999188677], "b2": [0.5429195731427727, 0.9594076120703141, 0.8177654257741501], "b3": [0.9939825878860828, 0.8981083939315326, 0.997734185222737], "b4": [0.1051788988549405, 0.8607905566980983, 0.8223777516366212], "b5": [0.9990240032844898, 0.9940434600886542, 0.8206021235342663], "b6": [0.08484089438154911, 0.9536761308637699, 0.9972889693003261], "b7": [0.3306372701791283, 0.8488837375646594, 0.9849463591483526], "b8": [0.009659874012252566, 0.952653718737902, 0.8252027573459533], "b9": [0.8657934524004132, 0.9554474538760447, 0.8687832360335114]}