{"b0": [0.7693429056131618, 0.9777337876171539, 0.8587285042467938], "b1": [0.8821108174833353, 0.9220749357708447, 0.9152104200596507], "b2": [0.8847050428301189, 0.8999004555598381, 0.9574040687630972], "b3": [0.326240004175132, 0.931548769385509, 0.8878540442701179], "b4": [0.5659715699572279, 0.9457608343347371, 0.9532142596818926], "b5": [0.07581475013558492, 0.7874929845713479, 0.8058570756657377], "b6": [0.38718771893666853, 0.9362970893007173, 0.9022717360144406], "b7": [0.01097423384467946, 0.9432673465352532, 0.8134827514606294], "b8": [0.827971273154765, 0.9985879309045796, 0.9137751345234372], "b9": [0.9981600140645404, 0.7959016306020775, 0.9717434407678729]}