{"b0": [0.3334894901329071, 0.9597232548282832, 0.9397637948484576], "b1": [0.029655031301758162, 0.9754501091947572, 0.9924843989319408], "b2": [0.6331262316329005, 0.8681198798464865, 0.9102119926512704], "b3": [0.16667666566897218, 0.97192259853478, 0.9025460170943609], "b4": [0.06302064140586029, 0.9141711779059318, 0.9156121426019012], "b5": [0.58676050219595, 0.8986272957448938, 0.9332745671781268], "b6": [0.9998024281429853, 0.8884047557491644, 0.8445833889354014], "b7": [0.14840368714835303, 0.9341924218483064, 0.8081837582202289], "b8": [0.8956813461278459, 0.8020419935425234, 0.909880353089238], "b9": [0.35031186349315446, 0.9357806750322417, 0.8877464986383652]}