{"b0": [0.07745697100766473, 0.9052900293893303, 0.8263544770059945], "b1": [0.7855699450813382, 0.9432077766797242, 0.8022937689189557], "b2": [0.7618855050814054, 0.8356148536656317, 0.9267821740538607], "b3": [0.9816416900102714, 0.9905757990381276, 0.9277698623652335], "b4": [0.9210926270224523, 0.8555889475043158, 0.901026854590758], "b5": [0.07179732007936108, 0.9389824702480122, 0.8766504019183895], "b6": [0.5967681767913304, 0.9414721899873819, 0.9166467217541344], "b7": [0.16013663617271312, 0.799342613309052, 0.8990649601094023], "b8": [0.7709587742140954, 0.9000285563611918, 0.9292570455239831], "b9": [0.15752155289846953, 0.9937841995851302, 0.8935471581059821]}