{"b0": [0.0627847017570485, 0.7274216338969097, 0.8141698487737016], "b1": [0.8620997554124199, 0.8050060472433762, 0.9002395719679113], "b2": [0.07519004559335145, 0.9601918732793948, 0.9923987271056935], "b3": [0.16081049186635313, 0.9826727681897559, 0.8852873842330637], "b4": [0.9929703910577357, 0.9136323732944172, 0.8274176233284405], "b5": [0.8696006891756097, 0.9104369045122993, 0.9070060412673021], "b6": [0.28732735954131544, 0.909251673879871, 0.9108864834715508], "b7": [0.9304945389960723, 0.9431900126807693, 0.8942748618820003], "b8": [0.15132992275330878, 0.9451937159654755, 0.853145031545102], "b9": [0.06564977286685506, 0.9803629428941207, 0.8795021895548493]}