{"b0": [0.1033766946478023, 0.9967517019628, 0.9250553143482872], "b1": [0.5700842754067637, 0.9371184829478743, 0.930478028938665], "b2": [0.08398401501077078, 0.9850804736803244, 0.9671566168045118], "b3": [0.8409308187294054, 0.8692381582243012, 0.9445169800495518], "b4": [0.9000461433160538, 0.9162358402935247, 0.8828306913759677], "b5": [0.0044879655586194936, 0.9606644169809865, 0.9698024759062608], "b6": [1.2593744635701207e-05, 0.9676914044543814, 0.871919457305625], "b7": [0.3389280146819893, 0.8801375848717845, 0.8911473188690744], "b8": [0.8513869592717102, 0.9673107892422459, 0.9100394741680888], "b9": [0.01840420700563446, 0.8430002589153854, 0.9567864426032918]}