{"b0": [0.16253838255896005, 0.9941831630063376, 0.9880774283954996], "b1": [0.15778104900617332, 0.9600191944249152, 0.9032674796602015], "b2": [0.16951836682283045, 0.965187910206672, 0.8570239837360702], "b3": [0.6030752756193083, 0.8905635811612442, 0.9942290179821818], "b4": [0.7408754584883542, 0.9819062018850654, 0.906587910805466], "b5": [0.7211438678332647, 0.9784139436450162, 0.9607103767227401], "b6": [0.7242800853241446, 0.957143385389914, 0.9678316695298222], "b7": [0.891345153672922, 0.9081111946478571, 0.80023816261486], "b8": [0.7409796557404111, 0.9024761769886165, 0.839649991139832], "b9": [0.15525976511710143, 0.9433082738576652, 0.9487858494197036]}