{"b0": [0.6310288146742438, 0.9676114319778821, 0.9259505482862435], "b1": [0.1543108336757829, 0.8958384131499101, 0.964683413614432], "b2": [0.31296939227129067, 0.9122626597539969, 0.9939225942689504], "b3": [0.7985411793576991, 0.9871332423746779, 0.9587657603540456], "b4": [0.15947017127285615, 0.9230534454336166, 0.9932607048731222], "b5": [0.3524815407817142, 0.9234410538499198, 0.8331791427680713], "b6": [0.7770668301987427, 0.8404466759842671, 0.9427913708317736], "b7": [0.7682553585836626, 0.9663940409678026, 0.913394640257022], "b8": [0.3427116594139569, 0.9808152354153983, 0.8262410419943969], "b9": [0.7242271684296187, 0.882079808297409, 0.8401795230926712]}