{"b0": [0.16889454277408525, 0.8277535332773351, 0.932580157257138], "b1": [0.7334731556724249, 0.8916361567476707, 0.8216493156076258], "b2": [0.36049706307574125, 0.9305630185958136, 0.9162458963916258], "b3": [0.15533500707982323, 0.9729803859749994, 0.9994719137211671], "b4": [0.7002606587910247, 0.8839303985698532, 0.8167854850244665], "b5": [0.6441061326123726, 0.8903374939390312, 0.9179295713323515], "b6": [0.7782765755980925, 0.8785727219281424, 0.9308941970932649], "b7": [0.7884304847656806, 0.9311201661233579, 0.8947662157624825], "b8": [0.1517949425184569, 0.942977412594166, 0.9325033102532722], "b9": [0.15607826596773627, 0.9456681797566897, 0.9266149260334566]}