{"b0": [0.07230826782145941, 0.9874091435602322, 0.8268209189315111], "b1": [0.3133997879456101, 0.7992335315706522, 0.8459371397542746], "b2": [0.36624525273438435, 0.754310974722612, 0.8615611820503077], "b3": [0.08443433126237783, 0.9371012882795853, 0.8928651844163439], "b4": [0.1542836282447445, 0.9507314037321202, 0.8165808474282897], "b5": [0.8429641516666844, 0.9397693548945018, 0.9368680505004976], "b6": [0.07264483858376605, 0.8688641577164983, 0.9595002921566664], "b7": [0.7473145450873766, 0.8818240332692902, 0.9795020579632824], "b8": [0.09777717369152322, 0.8670408356095851, 0.9945660840119978], "b9": [0.157896417041942, 0.9266631832144487, 0.989513074140255]}