{"b0": [0.7412977047676692, 0.9985755136390249, 0.8145954082259351], "b1": [0.8772550135540456, 0.9326419804692265, 0.8693821557126347], "b2": [0.7182298207356403, 0.8305372817598414, 0.9082059803503771], "b3": [0.7366642898266034, 0.9166079518997455, 0.8674934560051013], "b4": [0.16754494194943884, 0.9453853069220826, 0.8391096736882937], "b5": [0.08146006750799056, 0.9607408574721348, 0.9504297931878729], "b6": [0.7619836696288202, 0.8689814664074502, 0.8685201174153147], "b7": [0.15601327093713563, 0.7592907420382431, 0.9974363753584433], "b8": [0.7499937790985701, 0.976642390308763, 0.8699183952131377], "b9": [0.7638007001611372, 0.9287246325179745, 0.8724740284851894]}