{"b0": [0.06490978829684599, 0.9231785279502626, 0.823002572419314], "b1": [0.0768437258380254, 0.945739898113829, 0.9134741125532542], "b2": [0.16568304582459123, 0.9255240071648234, 0.9659744423471344], "b3": [0.6037253018911197, 0.892826248400767, 0.9411016617801331], "b4": [0.16074492933209425, 0.918134937367671, 0.8907184807297734], "b5": [0.3566694952208243, 0.949502481840064, 0.9550687527276486], "b6": [0.6642993704462872, 0.9157472382629005, 0.9566413629417646], "b7": [0.5808959729599458, 0.9848968788571756, 0.9807039132638699], "b8": [0.3622546713279369, 0.9376083056134412, 0.9861156783248242], "b9": [0.9822008982442467, 0.925978876810105, 0.8743935094072769]}