{"b0": [0.15328663715682844, 0.95279981153767, 0.9280234376092649], "b1": [0.15624249538823975, 0.9831396265972373, 0.9465177330701234], "b2": [0.7461052957757859, 0.9962450988008184, 0.8775968675422581], "b3": [0.3317238458875604, 0.9851708813837706, 0.9414083711529949], "b4": [0.6358134483041041, 0.925911209323223, 0.8599993645836267], "b5": [0.7426739810603713, 0.9631091493521935, 0.9584596738658088], "b6": [0.38299909463401116, 0.953742520958336, 0.8768153697453179], "b7": [0.09092734146452672, 0.9516830504156744, 0.8189730242485413], "b8": [0.5912890760800162, 0.9674279594190034, 0.8898649115829511], "b9": [0.5630551601689284, 0.9100738200313606, 0.8324135434031474]}