{"b0": [0.9825865097432017, 0.9792139255011213, 0.962508994264991], "b1": [0.29949189410227467, 0.8968150547812523, 0.9210173452642391], "b2": [0.8848058799312635, 0.843189732399082, 0.8283763375077926], "b3": [0.9901594056354506, 0.8588987509490019, 0.9363467929125255], "b4": [0.3436480209508767, 0.9649051126803028, 0.8061673159599357], "b5": [0.3272046325613549, 0.8288598015560047, 0.8490278492251057], "b6": [0.3275833106528425, 0.9878221523796191, 0.8971915792088399], "b7": [0.016025932277608387, 0.9621248205833424, 0.8143998733924838], "b8": [0.6462909311176648, 0.9354974575096565, 0.8508587401840755], "b9": [0.001344480412788113, 0.9963388003020046, 0.918773268933859]}