{"b0": [0.7320292621177316, 0.9015428597766116, 0.9893359589482817], "b1": [0.7809699547784337, 0.9566194772125722, 0.814191937045811], "b2": [0.601618681593676, 0.9294549831107253, 0.9120725968526634], "b3": [0.32161722320210934, 0.9902321635956882, 0.8060647815912794], "b4": [0.8704903791387519, 0.9643825621246235, 0.9845261361316462], "b5": [0.8741324200416887, 0.802892716528019, 0.8692499805146104], "b6": [0.9023638845576463, 0.9635302564993284, 0.8481600820165857], "b7": [0.333743026339446, 0.8073285611960149, 0.979830862501965], "b8": [0.15368900158464702, 0.8898042596196598, 0.8724294868565139], "b9": [0.6362608004174634, 0.9896279805231818, 0.9821399566807972]}