{"b0": [0.566941949231089, 0.8880443195210119, 0.898965196628672], "b1": [0.881943582080133, 0.9398823736034824, 0.8193198521800045], "b2": [0.3542071915612889, 0.9293587945760694, 0.8209119689889612], "b3": [0.7315132032507, 0.9613459888493359, 0.8692686750172398], "b4": [0.3119250722654718, 0.9476193941437623, 0.9659579098305272], "b5": [0.6955836682263786, 0.9445188965445013, 0.8054448976201714], "b6": [0.5989298658080945, 0.8444035391653396, 0.8161208730402347], "b7": [0.73301506873066, 0.8718925182281558, 0.9900302075214134], "b8": [0.1641544284714304, 0.9607160146973167, 0.8357306726232003], "b9": [0.8849851050383218, 0.9322023012866228, 0.8690017546422023]}