{"b0": [0.289635668240999, 0.9529821724748699, 0.9977466014144892], "b1": [0.8681648213880141, 0.9866574587330027, 0.8780839418424213], "b2": [0.15354128405157005, 0.9133344420740027, 0.9448352760490495], "b3": [0.07603332552096634, 0.8991435027883437, 0.9899154952903738], "b4": [0.7732201283744129, 0.985808262999587, 0.9258099420626702], "b5": [0.8496578803505734, 0.9679118036885731, 0.8322545672823817], "b6": [0.779837818574844, 0.7852432274411956, 0.8424226671802808], "b7": [0.6275910904497197, 0.9834318395311389, 0.9971967430268598], "b8": [0.16340643352423193, 0.8895394106457768, 0.9967117401767658], "b9": [0.3061698976700008, 0.9958180488750727, 0.8441601171182398]}