{"b0": [0.7365418322513964, 0.9232100119660598, 0.9124111691469318], "b1": [0.06655979349527374, 0.764070435547962, 0.9613885479428663], "b2": [0.1661334754845415, 0.9713110231865035, 0.9954180331144852], "b3": [0.10211459009776369, 0.910936703246571, 0.8768699874160282], "b4": [0.06780258904251237, 0.9644689383475549, 0.9715642976267289], "b5": [0.08884987775898423, 0.973230566946519, 0.8905500899621882], "b6": [0.31930304325130765, 0.996246132947783, 0.817393645446561], "b7": [0.7506129874531225, 0.9040530526694585, 0.8692820091964044], "b8": [0.7389744385852849, 0.8281073434386819, 0.8277026644909519], "b9": [0.07306174202438111, 0.9802476077627277, 0.8775916551953011]}