{"b0": [0.7660966333543954, 0.9610064331388726, 0.8982599719631466], "b1": [0.09066463727483218, 0.9566836344138234, 0.8571567528361783], "b2": [0.7348720009875744, 0.7054303646988519, 0.8655664109201494], "b3": [0.06862447676973958, 0.82678561062799, 0.9645248056687536], "b4": [0.07257016317140128, 0.9746454941244506, 0.8822325648034257], "b5": [0.7580398923651489, 0.8882993476774543, 0.9272168537152617], "b6": [0.7350945472687, 0.994666197706462, 0.9801503478862452], "b7": [0.08882498909288357, 0.9537150695113422, 0.8226668348136651], "b8": [0.0703693650833717, 0.893148229693253, 0.892547675879062], "b9": [0.08833233974062234, 0.9804630936367156, 0.9561812633943029]}