{"b0": [0.7585780601409372, 0.9261530191311794, 0.9418003257251655], "b1": [0.7306482946006173, 0.8984317658633693, 0.9076230816751522], "b2": [0.7430053100336871, 0.9094663575108279, 0.8645132689518875], "b3": [0.09513448178474056, 0.9924655249608564, 0.997610420246737], "b4": [0.6180641559009752, 0.9895804956193553, 0.9662798044256455], "b5": [0.08094510844555212, 0.9924008453516617, 0.9987969773635649], "b6": [0.0951416637057209, 0.8518284287191089, 0.8620331599052227], "b7": [0.08361544790947384, 0.964124719485709, 0.9190837171102799], "b8": [0.05556057127701488, 0.8753555883104704, 0.9617382392181186], "b9": [0.7559553929962125, 0.8450305754853367, 0.8495744814565788]}