{"b0": [0.062388010959649645, 0.9441016784850994, 0.8363116730290687], "b1": [0.09441249714210938, 0.8415131314377612, 0.9507106281907215], "b2": [0.756855423786875, 0.8578421216476185, 0.9272013500824147], "b3": [0.8045486602793401, 0.9004954384716671, 0.8473489686638151], "b4": [0.7350477722859421, 0.9947573428798264, 0.8360104537728889], "b5": [0.0842857079225557, 0.9321392369194443, 0.8530487272184452], "b6": [0.07450368393388851, 0.9653231945624356, 0.8942682359894016], "b7": [0.7552490376045656, 0.9488473485547021, 0.9311730112622959], "b8": [0.0879294412066278, 0.945679990741465, 0.9020708484369355], "b9": [0.0702073325074661, 0.9078720825900938, 0.818290476436211]}