{"b0": [0.08446307683359372, 0.9270753669880001, 0.9047097728085112], "b1": [0.07795735702036076, 0.9794396867656294, 0.9330896663829829], "b2": [0.07885441205226452, 0.8882556634771341, 0.8151483580538372], "b3": [0.7560981997535968, 0.9569357821888039, 0.9530175888493565], "b4": [0.06788264332661821, 0.8245407537917689, 0.8777167211668465], "b5": [0.3055119308423992, 0.9065577323549614, 0.816762583468189], "b6": [0.10251936884567293, 0.9157378832043679, 0.8398093004559515], "b7": [0.06634953335111879, 0.7799471249952026, 0.8433933723325906], "b8": [0.724576843060871, 0.9152376936594555, 0.8285333424770812], "b9": [0.7838558082361535, 0.9916850011099221, 0.9034405440772082]}