{"b0": [0.16293707719147382, 0.9878461282233154, 0.8654047092992512], "b1": [0.16671907774145897, 0.9244437009901936, 0.8837520878893329], "b2": [0.6216380236963533, 0.8084305146434062, 0.8752470364512669], "b3": [0.3099146337438996, 0.9961113545783068, 0.9744222336594544], "b4": [0.7794847572898043, 0.8639992564719651, 0.865354175945827], "b5": [0.16213219787233762, 0.7638882085143157, 0.9523623548428769], "b6": [0.15910487224001849, 0.9821171868402385, 0.8865674200689878], "b7": [0.7194263755776688, 0.9418058619874873, 0.8957931773255743], "b8": [0.3338972028002323, 0.9489369495182592, 0.9309351265230095], "b9": [0.2797035847225982, 0.924290176752881, 0.9148868894357757]}