{"b0": [0.16121981056501256, 0.8948674619134338, 0.8373792044238405], "b1": [0.16252600142660906, 0.9436158563985092, 0.9433551594904873], "b2": [0.17031028227037012, 0.9122268535240611, 0.8770059549423084], "b3": [0.3084791822587515, 0.7704318403731609, 0.8157889366748914], "b4": [0.33314915556594876, 0.8313485359887574, 0.9303398672673304], "b5": [0.7322120483395408, 0.9126241011171429, 0.8761166951947039], "b6": [0.15461020536196823, 0.9372028664285716, 0.8732459209596368], "b7": [0.6630546645819849, 0.9544076690647593, 0.9170945919165786], "b8": [0.15304330983147685, 0.96477287493902, 0.8590604534626775], "b9": [0.1613034130119551, 0.9577579484428408, 0.8666878279398932]}