{"b0": [0.15117097611739413, 0.992184878811389, 0.8958113992185136], "b1": [0.16486675114417895, 0.8926736235226058, 0.9526823315719086], "b2": [0.28735534225364034, 0.8413666115442918, 0.8000477308504899], "b3": [0.1505394153251432, 0.7977248482078292, 0.9079439336571007], "b4": [0.35503074631539433, 0.7887519986026038, 0.9990556799603328], "b5": [0.33709329615147327, 0.9476047936186576, 0.9687206667193026], "b6": [0.16129807200145468, 0.9740070150132222, 0.8127815102379365], "b7": [0.7375887428757337, 0.9425360782730187, 0.8946991202392333], "b8": [0.16397291177299878, 0.9860074603092177, 0.875733544850944], "b9": [0.16934091072693921, 0.9922584379610647, 0.9560496253790758]}