{"b0": [0.7152103072249864, 0.6921027898724542, 0.8258785427539047], "b1": [0.15238519731562153, 0.9464668271448536, 0.8159817376369939], "b2": [0.32061201503426423, 0.8876822597210152, 0.967479074232593], "b3": [0.7358255439042636, 0.9512736299933797, 0.9338055074486055], "b4": [0.16118365093606843, 0.9922037216006611, 0.9425816626829205], "b5": [0.7765595183452505, 0.9480259225807928, 0.8515180387089727], "b6": [0.1592832856704992, 0.8823845651313067, 0.8471149918381644], "b7": [0.845664006083075, 0.9300341413764339, 0.898211449327423], "b8": [0.1584792967222562, 0.9510199056282075, 0.9113072099462287], "b9": [0.7668817751723082, 0.986079251311007, 0.9121409912974032]}