{"b0": [0.08388600382382581, 0.8978173775782552, 0.8316529407137374], "b1": [0.7402168571339167, 0.9848880740197252, 0.9315644711333055], "b2": [0.992079059996675, 0.8446490767232626, 0.8704440790877069], "b3": [0.008465405442619338, 0.9590733448605469, 0.959062030306055], "b4": [0.33101841490311207, 0.9756604903452286, 0.9950912952479299], "b5": [0.17049951022324947, 0.9966555347653735, 0.9885851738511936], "b6": [0.07185133779443754, 0.9835244978045, 0.8677009718234998], "b7": [0.5963080718771961, 0.9581295498557815, 0.8512022419467147], "b8": [0.16357616362945696, 0.907877602685267, 0.9886683903478638], "b9": [0.6392741253816187, 0.9566520480089926, 0.9260610048058651]}