{"b0": [0.1662678200791753, 0.899138092838179, 0.9833519755483341], "b1": [0.984522661648498, 0.9685168948943929, 0.9458859773637042], "b2": [0.6770445738452087, 0.8649307983907606, 0.9599675587870931], "b3": [0.16333834936521033, 0.7969832214380191, 0.8920367154374648], "b4": [0.164807216729113, 0.9827828757686504, 0.9434502020205816], "b5": [0.015443209313449889, 0.9997875878430403, 0.9404937698064928], "b6": [0.07808675280966355, 0.8134333063955261, 0.9770467884921392], "b7": [0.16773867222055597, 0.7423332275746078, 0.9501371493181486], "b8": [0.754970003002192, 0.9354047659166548, 0.8910535424459948], "b9": [0.06971505413839163, 0.8916076406305544, 0.9008307864352652]}