{"b0": [0.08523907234297562, 0.8992689717989202, 0.9864693048195444], "b1": [0.15431715387841224, 0.9534708306165224, 0.8540224481821324], "b2": [0.16015666144501278, 0.9064823079920937, 0.8275434500544463], "b3": [0.3274978588732548, 0.9939592090393664, 0.9029532889452025], "b4": [0.07037301898208827, 0.8633723332058872, 0.9263674843988419], "b5": [0.07455210607102936, 0.9882137452055904, 0.8269642992148099], "b6": [0.1616134381491708, 0.9364952273906592, 0.843241644940212], "b7": [0.8394220141048883, 0.9446980407988782, 0.8436155031583749], "b8": [0.34758200789895766, 0.9231696505801166, 0.8070906590407428], "b9": [0.07564855001424375, 0.8995447710302221, 0.9286326132180416]}