{"b0": [0.3387178394880199, 0.9249366014065526, 0.9032277028599398], "b1": [0.170052540376854, 0.8159573980444265, 0.9113195091137588], "b2": [0.08996859010666608, 0.9717247381875896, 0.8623322122294607], "b3": [0.08966668057983553, 0.8748625846678428, 0.9995994529633206], "b4": [0.6294279580726888, 0.8810439305323352, 0.9390599620965339], "b5": [0.5694349783121732, 0.9971814706525983, 0.8103777855701988], "b6": [0.7370788067841461, 0.8981523349957754, 0.9289516338611193], "b7": [0.8783444914081653, 0.9386938228425552, 0.8433589548291383], "b8": [0.1660875398360205, 0.9917947236380624, 0.8945825870265379], "b9": [0.7480744421789086, 0.9988416251405183, 0.820191613036809]}