{"b0": [0.7574003346138157, 0.8722037311260786, 0.8300089606787691], "b1": [0.15862259761698067, 0.9826590835549098, 0.8459347947910186], "b2": [0.9851464921234375, 0.9527925864556197, 0.9376574205194851], "b3": [0.6988981909833373, 0.9075422281434526, 0.9905643401939263], "b4": [0.10889812456459864, 0.9322309685731232, 0.9171424047252293], "b5": [0.9772047046928738, 0.9226745440492253, 0.8012286276208027], "b6": [0.024004913248880894, 0.9846950646690428, 0.8812544814609118], "b7": [0.28707296704426283, 0.875580917095383, 0.8725747099835982], "b8": [0.16044596944957962, 0.9826068446347265, 0.9271957666065365], "b9": [0.9170106069737458, 0.9681569367805198, 0.9589640409533992]}