{"b0": [0.7587659415310709, 0.9958352221244156, 0.9234192116517506], "b1": [8.438181885855223e-05, 0.9959265021080977, 0.9343563972447996], "b2": [0.6643121507192471, 0.9400227177578846, 0.8098227822814988], "b3": [0.8634491496488527, 0.9251847568659656, 0.814177758125129], "b4": [0.07634117398125997, 0.8918992585418358, 0.8013230038187342], "b5": [0.0065934542891484815, 0.9325433811350052, 0.8416817946432871], "b6": [0.7767404338455919, 0.9802537128375807, 0.914857392994262], "b7": [0.8963461148234579, 0.9056349168885588, 0.9963087894257484], "b8": [0.31286246432735465, 0.8454622193588315, 0.8822547662317787], "b9": [0.8897344989280984, 0.9756708722744507, 0.8835833028438984]}