{"b0": [0.8806112973006228, 0.9568779534820203, 0.9317590755337956], "b1": [0.10733696976855622, 0.9394304951649366, 0.8639673859716822], "b2": [0.6213100676022291, 0.9954733651467528, 0.8816764922424231], "b3": [0.629200159005328, 0.9442446905518314, 0.9537053594826194], "b4": [0.7867003714548158, 0.9538271569321054, 0.986310011911578], "b5": [0.10651783389921564, 0.9016482742024985, 0.9197749267907391], "b6": [0.1618689769389776, 0.8538362942919568, 0.8285398034895831], "b7": [0.890505033730742, 0.8970818286849922, 0.909720912042869], "b8": [0.30313927564438736, 0.8757337005038796, 0.8439465752868971], "b9": [0.7660469463326514, 0.953266130923013, 0.8237112783840597]}