{"b0": [0.015986987277249808, 0.9525382857767586, 0.8645872403985218], "b1": [0.7392151068522413, 0.9500231596934354, 0.8280456816355553], "b2": [0.001122983548007072, 0.9120696456435049, 0.954411678090334], "b3": [0.008219272751167678, 0.8628470935261151, 0.9432337175746224], "b4": [0.9819917668195061, 0.9592354636167002, 0.9163771430513737], "b5": [0.6155720696689049, 0.9218932673350118, 0.8330629579084189], "b6": [0.9925008451661952, 0.9375472547633591, 0.8101296656323109], "b7": [0.8925574892955833, 0.8956564671645038, 0.940524080416334], "b8": [0.3060015879210349, 0.9603591292003085, 0.9195452935089548], "b9": [0.8965851884953241, 0.9055188846206211, 0.8963520877681107]}