{"b0": [0.16092718806195397, 0.9241969085408545, 0.8507442569711475], "b1": [0.3572915186409983, 0.9516878101981756, 0.957830213594336], "b2": [0.1709676655585351, 0.8094474188035505, 0.856553968072791], "b3": [0.014640565500073198, 0.9674262926546515, 0.8956858016536714], "b4": [0.6108214916001203, 0.986353560596418, 0.8493649413250907], "b5": [0.6511917434096545, 0.9084695567122475, 0.984164839568949], "b6": [0.3779293367951532, 0.9272602122146516, 0.8132040167382167], "b7": [0.6348471384347056, 0.9494998829518427, 0.8647598565607209], "b8": [0.8894288582978553, 0.9469259757677024, 0.9377295893780798], "b9": [0.8363823170768171, 0.9640734631406518, 0.8745192348542354]}