{"b0": [0.9973099779497661, 0.8863123430144587, 0.8809035220102279], "b1": [0.1583627731643042, 0.9507040569471457, 0.9387385306937202], "b2": [0.03136906517718475, 0.9242679921892966, 0.8423993226245422], "b3": [0.6503521413852438, 0.9942094480459842, 0.9393561841461061], "b4": [0.8663120198944427, 0.7780598504855392, 0.8905784391856454], "b5": [0.6514827718687779, 0.9588257571764529, 0.968562048405927], "b6": [0.7390312057650905, 0.9132820211970375, 0.9226155012440652], "b7": [0.7382333104214183, 0.9696891373873526, 0.9084697794727856], "b8": [0.08822330129892894, 0.9276579162676118, 0.8387045173556643], "b9": [0.34929620547658113, 0.9247129143229605, 0.8338628787003117]}