{"b0": [0.6085677008581356, 0.9980543012727456, 0.8383220378167124], "b1": [0.9219530848919567, 0.7894228868175914, 0.8723706168476472], "b2": [0.7469783287675342, 0.8417136585974838, 0.8769013575083981], "b3": [0.6259003403313433, 0.918962707342468, 0.8343668827833801], "b4": [0.9892701976514285, 0.8798134359362773, 0.9542430913049842], "b5": [0.9930841238185577, 0.8247834242772547, 0.9501745451621656], "b6": [0.8845841838415629, 0.7904537334062525, 0.8052639052827075], "b7": [0.7145424209416547, 0.9981305587509927, 0.9633181318437678], "b8": [0.3175301073984601, 0.847121611231933, 0.9851400309719441], "b9": [0.16190328078249816, 0.9990828905097768, 0.8951103673307995]}