{"b0": [0.8800770239510382, 0.9784976002467736, 0.9692891122752436], "b1": [0.7189751760265497, 0.9484208420159613, 0.9222256353520512], "b2": [0.026414383316238233, 0.8302295821845211, 0.874500109849632], "b3": [0.3310975497175594, 0.9588403168116657, 0.8014968943991887], "b4": [0.08230698777674343, 0.8537685048380478, 0.8688382755350245], "b5": [0.17122077063327454, 0.9666228079033552, 0.9289418873067671], "b6": [0.009354288879554327, 0.9205510482385962, 0.9793845870379907], "b7": [0.9759894513232809, 0.922055539958001, 0.9858889176859885], "b8": [0.9382612512158778, 0.9795803361997893, 0.8669293016366288], "b9": [0.6775198174237164, 0.9359789998529263, 0.9481043396495901]}