{"b0": [0.9845690492042642, 0.8629637507772641, 0.9524728455966459], "b1": [0.053863866784446816, 0.9607593082692054, 0.9012926982137826], "b2": [0.09913203926708741, 0.7760897522215009, 0.9273384727127036], "b3": [0.07998695595533158, 0.9364736164689375, 0.8006901626096165], "b4": [0.08039915345463683, 0.9207052264083889, 0.88257825487362], "b5": [0.8630956139178685, 0.9668147726124662, 0.8165033510150131], "b6": [0.0029327535149545215, 0.9480901990990644, 0.9401959567378398], "b7": [0.29910484039230306, 0.8830633599367448, 0.9613234745570742], "b8": [0.5777248459382743, 0.8260910348887154, 0.9484704934464719], "b9": [0.027593066256116117, 0.8809940757268037, 0.9284986366996288]}