{"b0": [0.7253169116689604, 0.8491644724974123, 0.9644153461527166], "b1": [0.865208941780407, 0.9411973539120021, 0.8667788930512218], "b2": [0.3293605024681815, 0.8851152232796387, 0.8538993678229281], "b3": [0.7490797584434806, 0.9844194057232865, 0.8660273303398577], "b4": [0.014821161802019218, 0.9438446676016232, 0.8077714306705909], "b5": [0.3072020058485881, 0.9441011945803462, 0.8888621858990118], "b6": [0.09047197733214704, 0.8089967488353108, 0.8806257551295223], "b7": [0.30645948342109114, 0.9114774255441003, 0.8266208166693407], "b8": [0.09298542207217006, 0.9644646432532872, 0.9682174496546629], "b9": [0.009814042744576179, 0.999860268132897, 0.936004229578716]}