{"b0": [0.00041864898001667256, 0.881183097434441, 0.8284479724441212], "b1": [0.7394611219378905, 0.8731225706451294, 0.8521332194230561], "b2": [0.9950282457222859, 0.8047938215730488, 0.877689668548893], "b3": [0.09541196890613053, 0.8827153474291198, 0.998653514486719], "b4": [0.3192718718187091, 0.9734913241375845, 0.9486731532501755], "b5": [0.1664090627474632, 0.9949561104985216, 0.892595853363], "b6": [0.16552716272292087, 0.9842500441281207, 0.9035845830547805], "b7": [0.10116407782087922, 0.872207450407778, 0.8256622259393729], "b8": [0.08966509327228708, 0.9334281413864673, 0.9619549366052956], "b9": [0.3561486602169587, 0.8867979318208807, 0.9320959941424348]}