{"b0": [0.10106517584060377, 0.9515673617262104, 0.8187743994710438], "b1": [0.7522037705314176, 0.9316662578505617, 0.878704256018614], "b2": [0.07408867069421597, 0.9690200518832961, 0.801788065803877], "b3": [0.08849659305906316, 0.8882006635340897, 0.8598480364009358], "b4": [0.16091755006494254, 0.9821299313429731, 0.8413120786899952], "b5": [0.08190244173739072, 0.8673456284088545, 0.8192443074452435], "b6": [0.15750625403674096, 0.9304165803228654, 0.9449381803153849], "b7": [0.8504399358996831, 0.8573969883113847, 0.9592098038468092], "b8": [0.9937818976764202, 0.8662052492328742, 0.8551346751347166], "b9": [0.014208132971169796, 0.9369794799996456, 0.8976901565511838]}