{"b0": [0.9941596899506636, 0.9694064928789484, 0.8653759630746485], "b1": [0.09299286148469209, 0.9850128895629132, 0.8290119938219607], "b2": [0.2842266761943622, 0.9615461214255444, 0.8630118244105769], "b3": [0.07030760452142615, 0.9143793958981179, 0.942261980789529], "b4": [0.10047408090739154, 0.8717483070395781, 0.9785018607369314], "b5": [0.003334942251219523, 0.952794027719765, 0.9283260563983349], "b6": [0.01787436663427346, 0.9935907977749701, 0.8664513348922048], "b7": [0.7403090642063446, 0.9873285202665693, 0.9382800885432041], "b8": [0.16707897110718947, 0.9510690995682751, 0.8581298250537565], "b9": [0.8538265816028872, 0.8948730476119047, 0.8058976585987847]}