{"b0": [0.2754353249422881, 0.9470604675755047, 0.8346857549923382], "b1": [0.08861497480058148, 0.895730581151731, 0.8746565756796574], "b2": [0.16203997294824568, 0.9438930542210057, 0.9175275381890216], "b3": [0.8910373340492793, 0.9017510277055609, 0.9963089728530334], "b4": [0.06858966757808041, 0.9418443794525233, 0.8059065444597003], "b5": [0.38880086198837804, 0.9586036551562874, 0.8374895280158031], "b6": [0.10958548194228424, 0.8611359885529634, 0.971875342744522], "b7": [0.10229904096337554, 0.8611592360196748, 0.8053589118118006], "b8": [0.8757025498972222, 0.9079317042513437, 0.8736297547244487], "b9": [0.7478247296337728, 0.8528079243007659, 0.932585291384787]}