{"b0": [0.11019889197723455, 0.9703146622493919, 0.8101591958529939], "b1": [0.5928346381935446, 0.9114935710698, 0.9651106108345471], "b2": [0.09153025255973, 0.9434311751842346, 0.90301242627242], "b3": [0.002038282502385164, 0.9311713916988311, 0.8157371255289704], "b4": [0.6373239093417008, 0.9566489931905369, 0.957345640392123], "b5": [0.6775573906069422, 0.9727748871955605, 0.8303867646169545], "b6": [0.36619115559974313, 0.7897478894289754, 0.9782181037950899], "b7": [0.012506433639218616, 0.8946721989180462, 0.9153002846318024], "b8": [0.15864517797993016, 0.9163115506887388, 0.8831404594348428], "b9": [0.06757945271885915, 0.9792095587191766, 0.9987283184050467]}