{"b0": [0.7125103745020261, 0.9593644948310946, 0.9689008637770451], "b1": [0.9936846075213339, 0.9285472809815887, 0.9760758669298828], "b2": [0.3159296095009935, 0.9747055828189398, 0.9582688733988545], "b3": [0.31623265129538747, 0.9175783245903889, 0.923297644689495], "b4": [0.8802172979920058, 0.8104932866649784, 0.8606437353680314], "b5": [0.07230267050851624, 0.9284446318975422, 0.9460871333268376], "b6": [0.9961992809491287, 0.9959471720001778, 0.9192686225125771], "b7": [0.05260237987260683, 0.8210356712127753, 0.9343942135495084], "b8": [0.8005138949466403, 0.9417383770235844, 0.91788163875064], "b9": [0.10959356393624482, 0.8848279123831345, 0.9303941095291267]}