{"b0": [0.3034139784022254, 0.9384748979700198, 0.8379954967289552], "b1": [0.3632935621736593, 0.9703005259240309, 0.9281414630591217], "b2": [0.9078331423469775, 0.8497645378593864, 0.845492435998837], "b3": [0.15770552555085668, 0.8354025569129127, 0.9004860723244064], "b4": [0.15913362535050726, 0.983812226327639, 0.9598519246602671], "b5": [0.8398789881408294, 0.9519474853960568, 0.8474492302319718], "b6": [0.6977086211533083, 0.9442301743611461, 0.9947674900680655], "b7": [0.16596026167714456, 0.9835302458731046, 0.9805600492955034], "b8": [0.15553868847123364, 0.9684389281774121, 0.9679399524548724], "b9": [0.08264394168519205, 0.8278402133111754, 0.9696434356006327]}