{"b0": [0.16238075527726287, 0.803731313341612, 0.8915407686546785], "b1": [0.35620087236069325, 0.9189295766633555, 0.9841720057793892], "b2": [0.1508982834610514, 0.8556316076553004, 0.9717489087348854], "b3": [0.8326443656463239, 0.9788700616567538, 0.8334669279739094], "b4": [0.8454075546761958, 0.855048786975984, 0.8141767103132045], "b5": [0.03746116840238154, 0.9958979747881077, 0.9725263311050679], "b6": [0.16055985188269717, 0.912094565392477, 0.9568549017471177], "b7": [0.16943577726322318, 0.8637815165862236, 0.9400813800141523], "b8": [0.15893275138860172, 0.8798927438985592, 0.8811313438318655], "b9": [0.09887971459975348, 0.9192777717325705, 0.8983660425685184]}