{"b0": [0.014809329420357044, 0.9359754486294395, 0.9847616763627776], "b1": [0.16187717145972008, 0.9410727803855683, 0.9527967811527919], "b2": [0.3143960113723917, 0.774753684062256, 0.9003725629044445], "b3": [0.33184994957475394, 0.9903516048181048, 0.8769356232426772], "b4": [0.8745327696859614, 0.8597042909200863, 0.9934320774984343], "b5": [0.16168961959025474, 0.9797748834025647, 0.9781330452583263], "b6": [0.15949826244014417, 0.9184923267701629, 0.9928648231577257], "b7": [0.8867150342030206, 0.9043277899243845, 0.88238401346758], "b8": [0.344201173875809, 0.9452536280218733, 0.9462283452282836], "b9": [0.8454991077442487, 0.9171293662294216, 0.9569237797195121]}