{"b0": [0.8882347960071386, 0.9337867782976176, 0.8219306798468957], "b1": [0.16581649519268943, 0.9023400952838573, 0.8145676463462901], "b2": [0.16348177736932243, 0.921494400635298, 0.9535403157625294], "b3": [0.32058753987997335, 0.8791614572499731, 0.8194440025958799], "b4": [0.15634154439938514, 0.9290100500873093, 0.8924139049160894], "b5": [0.8258432832686908, 0.9786704176063652, 0.8676450459415218], "b6": [0.16321898123092404, 0.7438914065245804, 0.8002901923635912], "b7": [0.17134428615161584, 0.9722569986860324, 0.912021515201603], "b8": [0.34561812437219386, 0.9405548345837444, 0.9358924160005212], "b9": [0.9098361973878896, 0.7907097669022539, 0.8737550274283619]}