{"b0": [0.3835870579001989, 0.9062850933019484, 0.8020790065642391], "b1": [0.06817531242965026, 0.962579717276282, 0.8174863351302045], "b2": [0.33876585026985095, 0.9714506216541733, 0.9786911470248996], "b3": [0.6302514588127344, 0.9137157590646032, 0.9428467831617714], "b4": [0.3651197858487462, 0.9867712616762203, 0.9910914182590358], "b5": [0.08725747352069657, 0.9777122183699873, 0.9182512464024871], "b6": [0.15822349495089005, 0.8927363495588717, 0.9047674255748115], "b7": [0.9870576324532955, 0.9699357376262009, 0.9400807803776416], "b8": [0.3035834106117442, 0.8893219542149968, 0.8005796706756411], "b9": [0.9776413714113851, 0.94645209583559, 0.9623772384492629]}