{"b0": [0.5686985879452365, 0.801953679116136, 0.8166488072755085], "b1": [0.020667749600224966, 0.967145910405862, 0.8586085120358581], "b2": [0.3505692062825066, 0.9687896042557353, 0.8543234913845148], "b3": [0.1633385784363117, 0.9719300262658436, 0.8046104185129985], "b4": [0.7520533246214088, 0.9504510583362896, 0.9059522756426297], "b5": [0.9110127651361107, 0.94099864944162, 0.9934517169220389], "b6": [0.6025077270378815, 0.9038810163230461, 0.9908674980784571], "b7": [0.007436752390843964, 0.9341965544698225, 0.9055532206821123], "b8": [0.07053621399966388, 0.9480084452564558, 0.8147456037975516], "b9": [0.6265275408769506, 0.9249367309847404, 0.9547587967251442]}