{"b0": [0.6249566568438872, 0.9681405714895074, 0.9732207217311221], "b1": [0.8789516867223233, 0.8987077694195515, 0.847330865385134], "b2": [0.9822797335320891, 0.9011657207559728, 0.8373125231777797], "b3": [0.15128898649822461, 0.8957616052128907, 0.9962498354576174], "b4": [0.07973674555600029, 0.9211158852334038, 0.858900314160711], "b5": [0.8868834805617187, 0.9296762915725241, 0.969186586954535], "b6": [0.34574829708532234, 0.9413039627080085, 0.87619213189627], "b7": [0.6327208109393931, 0.9900092427371037, 0.870500395396588], "b8": [0.00416044281349475, 0.9519353534187716, 0.8130106905781114], "b9": [0.27899204555547086, 0.990173356344163, 0.9318532450831762]}