{"b0": [0.6159386763712543, 0.8896274740408608, 0.9311112404774383], "b1": [0.3251712755202656, 0.87709980935493, 0.937269335382915], "b2": [0.6731823652424502, 0.9762326525241488, 0.9084820178364016], "b3": [0.0046042289462411914, 0.9853586194191492, 0.9743341841944185], "b4": [0.07181221111423004, 0.9650700268494523, 0.91305340888001], "b5": [0.8336603866589258, 0.907931831626945, 0.9000129116201177], "b6": [0.6582370676502463, 0.9397453005284686, 0.8876261647716431], "b7": [0.16829203429835318, 0.9951041268495061, 0.9832836510365109], "b8": [0.3374888883796981, 0.8696389125858608, 0.8028166139282331], "b9": [0.3009295073145435, 0.9673900239733259, 0.8324777580104281]}