{"b0": [0.32111961575541637, 0.9112618191098002, 0.8900239790958391], "b1": [0.6714171293110387, 0.9849457675787079, 0.915203433966459], "b2": [0.6068997398670153, 0.9614289379397324, 0.8619208447013901], "b3": [0.32124715254722785, 0.9457313480894872, 0.9392008895026982], "b4": [0.16455308133935795, 0.8820901192748622, 0.9869630349650741], "b5": [0.7242202833958676, 0.9448817428692867, 0.8113105546311254], "b6": [0.059149274807808266, 0.9516890622877457, 0.9865844236799874], "b7": [0.0653722457295908, 0.9462128179976206, 0.804849836180093], "b8": [0.7599124967309687, 0.997579183700814, 0.9110666319890629], "b9": [0.06818315524649485, 0.9740633838057527, 0.8699204282211483]}