{"b0": [0.16879969743878676, 0.9110109013324839, 0.9158910382484104], "b1": [0.03565164774293817, 0.9616127677952861, 0.9321020928271612], "b2": [0.08089543702365999, 0.9242000223663746, 0.9599825821833012], "b3": [0.16536518959244442, 0.9874826629504757, 0.8916329725795166], "b4": [0.8639500967701699, 0.9627452226059698, 0.9592824455334593], "b5": [0.7423755874349749, 0.9928373352960352, 0.9330884813635067], "b6": [0.08233726921813296, 0.8909935788385233, 0.9531069778668189], "b7": [0.6016066492276748, 0.9914347860239523, 0.8936382015041291], "b8": [0.6132478843696397, 0.9598582978966484, 0.8061785366734724], "b9": [0.7785138903948156, 0.9895713064953203, 0.8145001876502016]}