{"b0": [0.8534030710133892, 0.9475353854056427, 0.9319883393041447], "b1": [0.7235190405508244, 0.8930444763899161, 0.9477956853055726], "b2": [0.7574552151801162, 0.7761506711328044, 0.8841561138484537], "b3": [0.08404512668696737, 0.9437803532226835, 0.8077251688714066], "b4": [0.16309484433815333, 0.9607288497638825, 0.8509462352527015], "b5": [0.1611439199846604, 0.9891007255025938, 0.8792381769675677], "b6": [0.7955010681715787, 0.9942841838118932, 0.9901642729244038], "b7": [0.6446833555085667, 0.9272838512551916, 0.9397131084862198], "b8": [0.002653758404525604, 0.9995587088537602, 0.8107346435130206], "b9": [0.090892554299867, 0.9861513547648829, 0.9998869217948697]}