{"b0": [0.9938442910128839, 0.7173294040788392, 0.810947270819598], "b1": [0.9967024852714913, 0.9573863706220779, 0.9484380970140768], "b2": [0.10255366234734777, 0.8538163620566479, 0.822504463308886], "b3": [0.08726920555453946, 0.9806831617589085, 0.9335125920779115], "b4": [0.077641373604779, 0.932072244149221, 0.979415330003421], "b5": [0.5928057453873358, 0.8718728032739471, 0.8248534707599603], "b6": [0.8862069521966771, 0.9087298858043976, 0.8148474736239573], "b7": [0.9733238508894236, 0.875500767496388, 0.9266877788951544], "b8": [0.8798308550729473, 0.9404791345656838, 0.9180587600501481], "b9": [0.6260396274074975, 0.9193563905868846, 0.9743250441176585]}