{"b0": [0.7509520732896745, 0.8887597884860046, 0.9501730948516124], "b1": [0.7163178655978248, 0.9718535222876968, 0.9930976556488331], "b2": [0.08253367872175561, 0.9603028705605471, 0.8246934653784151], "b3": [0.6200064089657873, 0.9307613505765255, 0.9897688015121205], "b4": [0.7341993052026058, 0.7819812130196585, 0.8459598170097022], "b5": [0.15799233111797484, 0.9755918066434035, 0.8822490188607532], "b6": [0.08669319223713162, 0.9346937905418135, 0.9089103999873548], "b7": [0.721572933264391, 0.9433023044783255, 0.8742018038316638], "b8": [0.6410075090119267, 0.9893952107641385, 0.8590655172393005], "b9": [0.15750608865020604, 0.9784739018634808, 0.8512070145521383]}