{"b0": [0.7848573762185523, 0.9260137603114846, 0.8281685769395599], "b1": [0.7669789692405203, 0.9258664760480829, 0.982490265003841], "b2": [0.7388598867176935, 0.8898505638544273, 0.9111406080005733], "b3": [0.7661494567417385, 0.9221344985193363, 0.9539391864886559], "b4": [0.7571067032278258, 0.9960506641272137, 0.8085997089052859], "b5": [0.10494269646816902, 0.8774214772459711, 0.8164319147222053], "b6": [0.16832631885961186, 0.955239940946314, 0.8807589766370796], "b7": [0.3759408919902905, 0.935520542843935, 0.9712542075079249], "b8": [0.06179059853495565, 0.810826787257402, 0.8251926391356078], "b9": [0.7580925171075082, 0.9604869563616094, 0.9018358532760916]}