{"b0": [0.061013559391337714, 0.792407732632861, 0.8801375029117122], "b1": [0.7448814074243204, 0.984053309286338, 0.8102044543975865], "b2": [0.761978266604149, 0.8158540204708018, 0.8333002478746943], "b3": [0.733858247505578, 0.9726276432153769, 0.94193260498216], "b4": [0.602221391149693, 0.9273024076736363, 0.9434874219549474], "b5": [0.03507876030390899, 0.8654503887772943, 0.8876101508701969], "b6": [0.16109677214381748, 0.9703957670991157, 0.944590718130746], "b7": [0.0722926011586248, 0.9235606334984052, 0.9558258119780533], "b8": [0.08714377488835458, 0.8340431522584248, 0.8015179524818501], "b9": [0.7324811041688609, 0.952547799897512, 0.8038288507538948]}