{"b0": [0.15790427236195423, 0.9670958441122335, 0.9161415698377252], "b1": [0.15924019305325854, 0.993182318400751, 0.9089400155037728], "b2": [0.7501854201032172, 0.9684777365283062, 0.9978697258750924], "b3": [0.8838581051882995, 0.9840512765359434, 0.8083263091173261], "b4": [0.1022902661714081, 0.8182336884105288, 0.8604916583089681], "b5": [0.8080471027512036, 0.9657113613472833, 0.8172584605802742], "b6": [0.16015942176451678, 0.9238248335189487, 0.9211829937782648], "b7": [0.10463136928046093, 0.9751872150247213, 0.9924597961537396], "b8": [0.7503904360868724, 0.8941290721820927, 0.9998981145438312], "b9": [0.862151504305039, 0.9689741840335931, 0.9189849833685787]}