{"b0": [0.885026641547012, 0.8924270926439034, 0.8514426913069202], "b1": [0.7790716111588768, 0.9646755642580627, 0.8020742403437313], "b2": [0.7309063886363082, 0.9097468388385171, 0.9573341379882028], "b3": [0.7811388768818537, 0.8752113640936052, 0.8597080305790858], "b4": [0.8784971225566188, 0.8491046961932389, 0.8875897397125945], "b5": [0.8805966646321215, 0.9641559297980409, 0.872618010489076], "b6": [0.857199421746672, 0.9910250844569979, 0.8827347898863697], "b7": [0.8990154295103988, 0.8911952137977552, 0.9905843632510444], "b8": [0.8593468329994477, 0.8958698095797515, 0.9038245778500809], "b9": [0.6163436404606651, 0.9335107688689778, 0.9261231211755545]}