{"b0": [0.08277426663700291, 0.9676500514904103, 0.8155176955838158], "b1": [0.7308651696383832, 0.9555837513507083, 0.8303087064554981], "b2": [0.3592302787576396, 0.8406815898694556, 0.988189391471714], "b3": [0.10984790691340733, 0.9487988221162107, 0.840416210135166], "b4": [0.8809514842757106, 0.9248508909360049, 0.8985870110800223], "b5": [0.8894816348749514, 0.9603233746581439, 0.8543672786131612], "b6": [0.9006137096209017, 0.7853005289505117, 0.9582149554405005], "b7": [0.8804181963484434, 0.9312111865019296, 0.8734232536411091], "b8": [0.09397883145224227, 0.878313216912404, 0.8380736550978801], "b9": [0.7385998941103443, 0.972351436368917, 0.8282097883381659]}