{"b0": [0.730709486448342, 0.9171742002286511, 0.879024778376782], "b1": [0.7671781894720968, 0.9980683249553579, 0.8823350854356177], "b2": [0.16284086871144945, 0.9819872463709116, 0.8762599151507449], "b3": [0.8982840656191601, 0.9533703709494603, 0.8798970816346545], "b4": [0.09283256879418245, 0.8903622898112207, 0.8221839636882174], "b5": [0.7277224247865565, 0.9149034315492963, 0.9542872218454861], "b6": [0.8725415592661508, 0.9791787275931263, 0.9534951556712717], "b7": [0.8836484474139052, 0.9258791854311272, 0.9999505096409245], "b8": [0.7468635574455438, 0.8972236819717888, 0.9442606970146952], "b9": [0.16248564108928462, 0.9125827266968477, 0.9341211782045061]}