{"b0": [0.7407063733577265, 0.9397534018398419, 0.8228758706278757], "b1": [0.16903430001111727, 0.9584278211881474, 0.8159040199205161], "b2": [0.09182817539826478, 0.9081162109673663, 0.8635235072484966], "b3": [0.7449606697044487, 0.9792301540597395, 0.9342249386362842], "b4": [0.6286390423055923, 0.8887195745702254, 0.8829414706455122], "b5": [0.8496446761698409, 0.951678766197546, 0.968138595301655], "b6": [0.02548853959164935, 0.7987234930064854, 0.9710376136879247], "b7": [0.16557609183648253, 0.9470279433407824, 0.9339242152097517], "b8": [0.16027086596476875, 0.9902722498808862, 0.9611021253282679], "b9": [0.5867176219414144, 0.8955327984323699, 0.8870624235604144]}