{"b0": [0.9991723727992046, 0.9752419423553187, 0.8269743078902064], "b1": [0.15284499270861893, 0.9302251249352115, 0.8880269255525], "b2": [0.7745001945599499, 0.9259280734066476, 0.8051796210688125], "b3": [0.9082028842031771, 0.8976062258846806, 0.9488535336854836], "b4": [0.33150428211797506, 0.9472642691849827, 0.8007866528462821], "b5": [0.6181500782754569, 0.982492081598498, 0.8699027242481288], "b6": [0.1590834034466023, 0.9629157824638724, 0.9597416803047], "b7": [0.5900698370058878, 0.9915282134240972, 0.9303798844391064], "b8": [0.8570826009291173, 0.9398490246229312, 0.9619167492860433], "b9": [0.15120845028515453, 0.8570684880609731, 0.8743235243956663]}