{"b0": [0.8689468744740725, 0.9653250946112543, 0.8718379090380344], "b1": [0.7936467045186646, 0.8894441853132318, 0.8854978664428588], "b2": [0.6335235068765626, 0.8869199847359677, 0.9034302962473169], "b3": [0.9921264650997473, 0.9479374180886768, 0.9712364579598227], "b4": [0.15839900567673748, 0.8598852745092616, 0.8012639091115523], "b5": [0.08951547063822325, 0.9658411977248846, 0.8758584689010682], "b6": [0.8693256420854993, 0.9173604987192037, 0.9717840608471886], "b7": [0.15305450944230473, 0.9554553146295592, 0.8072096115429946], "b8": [0.16253781591141686, 0.8701793059298718, 0.9525421531748883], "b9": [0.33859481654364265, 0.9692740500058094, 0.9825137831260019]}