{"b0": [0.29971107690041465, 0.9976030046963577, 0.9119335153473549], "b1": [0.24189735256256525, 0.9906142701598704, 0.8538585359493794], "b2": [0.32889536726794405, 0.9425006885856172, 0.9632164277945686], "b3": [0.16734872147816748, 0.8458855677653259, 0.894371952536462], "b4": [0.16446863195041975, 0.9107493191485244, 0.9065401916031255], "b5": [0.8531484438338378, 0.9104751857359282, 0.9913998252062274], "b6": [0.6375639429888317, 0.9545458343252442, 0.8938754080537907], "b7": [0.9161718516543881, 0.9793786586992183, 0.8406035257569626], "b8": [0.8690740844496078, 0.9276920200841442, 0.9517865456424], "b9": [0.15612691189972583, 0.9680746406884695, 0.9772287646171239]}