{"b0": [0.16101595111089437, 0.7815927986628941, 0.8909807185431697], "b1": [0.1574544283601955, 0.9449597483759296, 0.8233516259826081], "b2": [0.8726668875641391, 0.7367249393454872, 0.9334360065437862], "b3": [0.3447806081853676, 0.9988040686114477, 0.9275782796712596], "b4": [0.07354383911390311, 0.8728976354457462, 0.9108559344463139], "b5": [0.830746904270436, 0.9957045680444281, 0.8553719880759761], "b6": [0.3585125502982146, 0.9647067039479349, 0.9643938708635186], "b7": [0.34045121754073926, 0.8882863889676545, 0.8348537146675994], "b8": [0.15637213038151546, 0.9143855581897227, 0.9457736245446737], "b9": [0.8837855579083552, 0.9175377465552742, 0.9771361055887121]}