{"b0": [0.9158798815497927, 0.9629543759203227, 0.9491167515033628], "b1": [0.8981495919978718, 0.9471299960233182, 0.8282422560265508], "b2": [0.1559493160585842, 0.9342663242724099, 0.8775189921887042], "b3": [0.87368350905231, 0.9835218686122257, 0.8741308864516155], "b4": [0.16055795142504428, 0.8362513302135267, 0.9482175645412741], "b5": [0.15520967367886096, 0.9167223298059912, 0.9927212651702821], "b6": [0.160947654528927, 0.9680079561754915, 0.8466772358933925], "b7": [0.3746216707721031, 0.9546560246205003, 0.8823757117199126], "b8": [0.8824945813502921, 0.9417548168384171, 0.9791998890263269], "b9": [0.15498924245396728, 0.9925746282003104, 0.8817892331346983]}