{"b0": [0.09486822639761479, 0.9468798916783473, 0.9706912331648322], "b1": [0.08038702288451137, 0.9894720126237945, 0.9775401522775408], "b2": [0.8738575673868029, 0.9369553838213168, 0.8912533185907162], "b3": [0.741336267678482, 0.8831446262713777, 0.8670231565020032], "b4": [0.10293958121066332, 0.7481446877297424, 0.8947539238210362], "b5": [0.5861377753532703, 0.9580209406295352, 0.8584535566329898], "b6": [0.15040174525348676, 0.9367523140121725, 0.9012639298718368], "b7": [0.08539977649572464, 0.9650651601378298, 0.8907693803506592], "b8": [0.6636044484786449, 0.9776027020884486, 0.8225220277649855], "b9": [0.8112616738609912, 0.9524458056851886, 0.8032762411872638]}