{"b0": [0.8714117510362682, 0.8896824196855632, 0.8425445529877164], "b1": [0.8749296483747753, 0.8128161489234665, 0.8028602040386394], "b2": [0.11068428912207919, 0.9653210149869268, 0.834750059502388], "b3": [0.16545229052241073, 0.9153221746077361, 0.8705543100790297], "b4": [0.6143059427597428, 0.9027591579864493, 0.9055812577857814], "b5": [0.09437624828919572, 0.9685617746608743, 0.8323476281435667], "b6": [0.5522895164174997, 0.9134760334456513, 0.8881716732989893], "b7": [0.7119794729029968, 0.9608758712477079, 0.8158272922215617], "b8": [0.8802512778397831, 0.8546485180893463, 0.9293507186849865], "b9": [0.08259671155852655, 0.8446986428673238, 0.8449323429014648]}