{"b0": [0.8528264478666917, 0.9387534553269616, 0.8877816309888849], "b1": [0.0779592529907449, 0.9992784236938186, 0.8299532403611275], "b2": [0.8685114372883634, 0.931608904316023, 0.8760337016958292], "b3": [0.06898616450797729, 0.9125688999160928, 0.9878632595526102], "b4": [0.7282183788358352, 0.9860278788612642, 0.8366686140326158], "b5": [0.653187082835437, 0.989292614568585, 0.8045320910807667], "b6": [0.8513321737877705, 0.910877506232184, 0.998560707687726], "b7": [0.8642730590575699, 0.9447707794984701, 0.8347094038420759], "b8": [0.06616988829591934, 0.8628714561305465, 0.9847979648754717], "b9": [0.8919209108147177, 0.8714427693068652, 0.8578363910365903]}