{"b0": [0.7251583407687759, 0.8603165366441955, 0.9981187341645615], "b1": [0.755144185051624, 0.976439285319, 0.8930380855832745], "b2": [0.7301505753308668, 0.8080124641348698, 0.9078060415612312], "b3": [0.16348051160414376, 0.9861604960908155, 0.8059331418573048], "b4": [0.17005547343641922, 0.9216140049435338, 0.8755653148657139], "b5": [0.8531049561537922, 0.9364576328324226, 0.9368501731366058], "b6": [0.3358928379553357, 0.84013990117311, 0.8406573694866328], "b7": [0.15956782110110573, 0.9715623609690525, 0.8322195721471879], "b8": [0.9070974075783201, 0.9621447721620173, 0.8888188374918733], "b9": [0.8949784349024432, 0.9551430091466544, 0.8825469161247673]}