{"b0": [0.6353558424668538, 0.9952910677597038, 0.891414474768909], "b1": [0.7940847954116513, 0.9749641941203394, 0.9743718575175465], "b2": [0.8870369818549753, 0.9618051570346566, 0.9118932839180092], "b3": [0.728399010672934, 0.9844893757803035, 0.8662100349088985], "b4": [0.7417192987704111, 0.8842923251424395, 0.8934284811452973], "b5": [0.07062833292000736, 0.9980040301450807, 0.8223402913207051], "b6": [0.32164556112849074, 0.8725165127896727, 0.9655440520281968], "b7": [0.2941607320779434, 0.8143255950670357, 0.8902791019977161], "b8": [0.8621179950061176, 0.8981688347314303, 0.8384502542445079], "b9": [0.1590595055883499, 0.9239624026005313, 0.9234676370150732]}