{"b0": [0.8442774741347085, 0.8054805523247037, 0.8914262734449019], "b1": [0.16703027391691855, 0.9917780705149074, 0.9064411712408791], "b2": [0.7972686284805494, 0.8916550708136028, 0.8920841088376007], "b3": [0.7352506930967128, 0.9818292995225762, 0.8348476286815512], "b4": [0.8099234839381221, 0.9066813732198256, 0.8636094385604309], "b5": [0.6063556048815782, 0.9875756402872413, 0.8102724619787836], "b6": [0.7126417125451923, 0.9646313149236352, 0.8305516840491097], "b7": [0.9196615410864538, 0.9786930893529712, 0.8329519703621309], "b8": [0.0046143543501946625, 0.9377148496070431, 0.9271238560483684], "b9": [0.10633690173818242, 0.9115363764000105, 0.8218523224023758]}