{"b0": [0.8966175000294295, 0.7715861787331006, 0.9010251088306012], "b1": [0.8609816337783781, 0.9569859501779671, 0.9916734237448271], "b2": [0.07022505708776115, 0.973831260844743, 0.8759062409241248], "b3": [0.8226839751538679, 0.9749215620651868, 0.9098273372161988], "b4": [0.7605791691534906, 0.8481159554055404, 0.8373334495355539], "b5": [0.06989666840160023, 0.9605725882916188, 0.9979317244075883], "b6": [0.8485494498381982, 0.9690354682167694, 0.8390302297307679], "b7": [0.5998472468472562, 0.8429163018794458, 0.9526931446108309], "b8": [0.8933979980180773, 0.9071939872411866, 0.9059603843810443], "b9": [0.8294846239219374, 0.9264673076172916, 0.9234415267827011]}