{"b0": [0.3571816251501479, 0.9004588042957784, 0.8517464660711077], "b1": [0.8674813406908918, 0.970020302263332, 0.9029404409380135], "b2": [0.8739840775376456, 0.9652473462762711, 0.9915823963198467], "b3": [0.6359681735350032, 0.937116353449038, 0.8756785483564231], "b4": [0.1622666926968999, 0.8804556162134114, 0.9504656247383106], "b5": [0.5968701773329866, 0.8497383401783393, 0.971744682315125], "b6": [0.7848804974894464, 0.977971142894322, 0.810649522258284], "b7": [0.06966506926632614, 0.9574105754064984, 0.9259331282275398], "b8": [0.7660942048170285, 0.9220321715370369, 0.8919470740066536], "b9": [0.8397608405214051, 0.9314623845515437, 0.8130619626603033]}