{"b0": [0.5932557114859868, 0.9257987142264448, 0.8978298080267356], "b1": [0.17517950686635128, 0.8225333383520926, 0.992772244994189], "b2": [0.9996048692073957, 0.9471064808056453, 0.8190209020211312], "b3": [0.5608916255834636, 0.9745751033036072, 0.9829841464721454], "b4": [0.885606184480246, 0.9993039215614655, 0.8726109379415461], "b5": [0.1565872068729625, 0.9595288421593091, 0.920798503178653], "b6": [0.6092073612521631, 0.864443329753242, 0.9249517849592859], "b7": [0.9879745592657337, 0.9246088200229312, 0.8038728992210674], "b8": [0.005472140702686094, 0.8997068522277917, 0.9948026427545931], "b9": [0.15835319018654417, 0.8943816109314108, 0.8564312390448967]}