{"b0": [0.7511384039567601, 0.923086004487087, 0.9350802429295112], "b1": [0.1621166327604287, 0.9125549931397614, 0.9097527934984774], "b2": [0.1574702343506548, 0.9528128728317814, 0.8211090906089618], "b3": [0.16658021049033878, 0.9547747421289153, 0.9473746051915494], "b4": [0.5845365980495287, 0.9071945576713216, 0.9778536766934032], "b5": [0.3700498310721023, 0.977089751355392, 0.9946796998326064], "b6": [0.16563232153376942, 0.9009388634612617, 0.9470450863691746], "b7": [0.6375302943520517, 0.9350998744607556, 0.987183815164398], "b8": [0.614139013627415, 0.7920458576539589, 0.9944335833907211], "b9": [0.6001079610114554, 0.8116273740919641, 0.8065524327698509]}