{"b0": [0.1586933508231186, 0.9128850521330117, 0.8915401433598997], "b1": [0.021974287577413834, 0.9989402153573306, 0.8344116234660729], "b2": [0.7564595838545272, 0.9530734224591291, 0.9022040286543204], "b3": [0.3185403024183799, 0.9367113986071425, 0.9327086805513687], "b4": [0.7594824750890642, 0.9878888577018948, 0.9967737838714134], "b5": [0.6607046692502939, 0.8889021893788965, 0.8797854573120228], "b6": [0.15735025784517842, 0.9951083001901044, 0.9619173281153638], "b7": [0.5902405283386877, 0.9602542934658912, 0.8645972443894633], "b8": [0.8954529574036918, 0.9460180205788291, 0.9544068895420605], "b9": [0.3640402269797955, 0.9811197309267286, 0.8783826166306581]}