{"b0": [0.15980480457525736, 0.8457849850725464, 0.9289810697723803], "b1": [0.8805798592456765, 0.9159118216339805, 0.8860230537335907], "b2": [0.0980826920942365, 0.9825756791002584, 0.9585810008509905], "b3": [0.9838294940593962, 0.8939504573787583, 0.9587510060103304], "b4": [0.07739579084699644, 0.8662252282195202, 0.8011112478606666], "b5": [0.3536447259662381, 0.9475793261306349, 0.9197159026866366], "b6": [0.365815558867387, 0.9082631118768083, 0.8155320870841051], "b7": [0.05318556572281593, 0.9462476241564829, 0.8834672463743292], "b8": [0.7364708966849295, 0.9610046829343127, 0.8085196831286607], "b9": [0.9016442454064248, 0.9618104666774184, 0.948326493914894]}