{"b0": [0.32330292402374794, 0.9501053463707835, 0.8832614668961578], "b1": [0.9940892366763923, 0.839158755212949, 0.9102605631948418], "b2": [0.5840880752383681, 0.9568126894987907, 0.9742280549639533], "b3": [0.8734540197450709, 0.8380340611698471, 0.9590458945560737], "b4": [0.34914657363180746, 0.95742770401277, 0.9306529886426604], "b5": [0.3523140921808365, 0.9518262767914817, 0.8718658497500502], "b6": [0.6052718284780432, 0.9123098365180995, 0.8074086889572655], "b7": [0.1494760574716042, 0.982962559125632, 0.97083543909746], "b8": [0.8602801682985965, 0.9356885928665726, 0.8191080814145564], "b9": [0.9902456538905813, 0.9420861459541883, 0.8305075950603341]}