{"b0": [0.29505762065073904, 0.9823377276589139, 0.9769821831579902], "b1": [0.0023121535593156927, 0.9360529661332133, 0.9036743633028123], "b2": [0.56444353128382, 0.9484624721711955, 0.9167440684949042], "b3": [0.9872413604127765, 0.9296648363543369, 0.9196646318765983], "b4": [0.009076576693520156, 0.9863223387478246, 0.9117558658218541], "b5": [0.3279342154414662, 0.9801525273062698, 0.963084512371427], "b6": [0.5646693367310899, 0.8521126475079522, 0.8593436151978346], "b7": [0.8975756381865097, 0.9471619473703167, 0.8268018446669863], "b8": [0.7385970886276952, 0.9806363013189434, 0.8078213985128366], "b9": [0.5684474694308337, 0.8846623390473269, 0.8611844438816371]}