{"b0": [0.8780649103807537, 0.9029393034427382, 0.9597262518624319], "b1": [0.6239146996894367, 0.8602420293109115, 0.8975698656721266], "b2": [0.9997139343926911, 0.9064329919591799, 0.8054074580448407], "b3": [0.16715961862564843, 0.9963766444156279, 0.9971653069689362], "b4": [0.8769716702007402, 0.8302719859486077, 0.9742804708566299], "b5": [0.9897005332468839, 0.9934600181018911, 0.9997919775916333], "b6": [0.6153427601167027, 0.9926399861189674, 0.8663447500445565], "b7": [0.6738942014155653, 0.9523631985450447, 0.8601278036767392], "b8": [0.0022646026285740002, 0.8133026079336468, 0.9916328767917021], "b9": [0.08627762935265118, 0.9518344932700146, 0.9597667399197428]}