{"b0": [0.7587653061185707, 0.9882271846522308, 0.8870141945844984], "b1": [0.7372960680322816, 0.9759483093727881, 0.9622731773270441], "b2": [0.7410538958777891, 0.9554613424894791, 0.8850807952140459], "b3": [0.7650891489205924, 0.9076452823528907, 0.8824234176433506], "b4": [0.29408658972970686, 0.888487120323966, 0.9741718497117915], "b5": [0.006794413599536833, 0.9957975628242787, 0.8869628892608261], "b6": [0.16874100796492347, 0.8516178089270083, 0.9801394824196537], "b7": [0.9959030552981447, 0.996529637478707, 0.9817766355684955], "b8": [0.9881740770213885, 0.9421172595179392, 0.8738750286715473], "b9": [0.004491850354812268, 0.9191305369166991, 0.9904904990274594]}