{"b0": [0.3077823474901588, 0.9682902715067909, 0.8265389927089793], "b1": [0.00802865118728017, 0.9046640418303923, 0.9447995886360931], "b2": [0.16617367985104134, 0.9726278580693353, 0.8170436744030721], "b3": [0.744473345592108, 0.842320619540305, 0.9802354135317275], "b4": [0.8677104071066813, 0.908439367041625, 0.8365205076753535], "b5": [0.9773441191843666, 0.9904978201472551, 0.8991232389967201], "b6": [0.03731295882450359, 0.9404386995840447, 0.9273612500566929], "b7": [0.750367885739479, 0.9467998325208903, 0.8236977475646018], "b8": [0.7547876565760504, 0.8032106672388486, 0.9420550632732383], "b9": [0.005109073729319965, 0.9492702745881176, 0.8268406092306457]}