{"b0": [0.7402949221643018, 0.9985098764455204, 0.898509683436769], "b1": [0.01105855746266364, 0.853360602247179, 0.8211941140609733], "b2": [0.990097852759448, 0.859470254550742, 0.821717842696868], "b3": [0.0008231352999908025, 0.9284645681271059, 0.9427628192044688], "b4": [0.9942383467819914, 0.9676553430297581, 0.8969574123152825], "b5": [0.974047352447681, 0.9957837934142516, 0.9828792173811024], "b6": [0.7186051638070997, 0.9661987927080554, 0.8284387563296951], "b7": [0.011984910818310664, 0.866314766424197, 0.8858604402576049], "b8": [0.8570920805890186, 0.8724459775981325, 0.8724786546950566], "b9": [0.7732071714504343, 0.939882580393522, 0.9178393929932754]}