{"b0": [0.0024345167137987565, 0.9794342520281757, 0.9745401372923038], "b1": [0.741015520820432, 0.955072218976841, 0.9595724821743474], "b2": [0.5920888387277927, 0.9528788730087098, 0.9191579829110894], "b3": [0.9793050271949572, 0.8344998431894775, 0.8442987981070619], "b4": [0.1667078446009762, 0.8681099431224504, 0.9768600456375389], "b5": [0.7319099154424628, 0.9437083113478382, 0.9883833633267254], "b6": [0.9928427059146958, 0.9048284073902455, 0.8914158839558758], "b7": [0.7466520438581561, 0.8585972380102292, 0.9398188574613782], "b8": [0.8607535164855404, 0.8753227776612411, 0.9053611091537109], "b9": [0.0719337572416178, 0.9957599675674835, 0.8672052095067864]}