{"b0": [0.8502827691731274, 0.9179569736431081, 0.860431624004761], "b1": [0.9948760161417247, 0.9321705933843719, 0.9088619311775821], "b2": [0.9948400756964036, 0.9514320458218495, 0.8673357822910427], "b3": [0.7478963836274132, 0.9610209260179968, 0.8295990508948421], "b4": [0.7105287605695976, 0.976953311094729, 0.8840314519791577], "b5": [0.9960993614274076, 0.9280840768935705, 0.9235569832941944], "b6": [0.7385239428873532, 0.8138316627227682, 0.8918681672703083], "b7": [0.013743756544929802, 0.9379013805973525, 0.9894305866114723], "b8": [0.9941246044042696, 0.8915737017515926, 0.8780463016795514], "b9": [0.9873102763503183, 0.7329345727023667, 0.9548048667926688]}