{"b0": [0.7666239696346706, 0.7945520863219043, 0.976520758220784], "b1": [0.7646065072890244, 0.876231882003055, 0.8751002954388798], "b2": [0.9915414584399174, 0.9165259562849032, 0.9721385527781089], "b3": [0.7891592531902493, 0.8666436739286718, 0.8280617847364217], "b4": [0.15182160156910793, 0.8635861912175866, 0.9506376084358432], "b5": [0.9998118426684134, 0.9200139713885868, 0.9460937249557994], "b6": [0.5814396699128077, 0.8628059341171924, 0.8502772526448329], "b7": [0.8532893992171712, 0.9239829046417845, 0.862233869868135], "b8": [0.9956013055001881, 0.8970037409793339, 0.8999930913152093], "b9": [0.010765647857698069, 0.9476976206473356, 0.939947838275725]}