{"b0": [0.15776366740345346, 0.9990717616852097, 0.9756569917146138], "b1": [0.841521711485838, 0.9995441924418255, 0.9281083414025804], "b2": [0.761977863004337, 0.915834763703151, 0.8544049649460598], "b3": [0.7969889055626972, 0.9093932033754369, 0.8862527713356294], "b4": [0.025077058476709733, 0.973783522828872, 0.8914300758018413], "b5": [0.995348376879551, 0.9069798012745461, 0.8817807181905125], "b6": [0.7757470323082001, 0.8708042952086743, 0.8147173935622678], "b7": [0.7761310936187429, 0.9667782719390252, 0.9178487219944945], "b8": [0.9827845490441354, 0.8978681683707859, 0.962227934153405], "b9": [0.9990834654181132, 0.9219460912330234, 0.946146568599414]}