{"b0": [0.9839924469932642, 0.7838020412242748, 0.9372643193198184], "b1": [0.004356581653371709, 0.9687935667657551, 0.8752984002979933], "b2": [0.5996976373896278, 0.8421911940370259, 0.9342543533960012], "b3": [0.5972503534055149, 0.9432610751215358, 0.9670105415062129], "b4": [0.0698889770311316, 0.9545272058109746, 0.8616121420680404], "b5": [0.9859687528438492, 0.85476814471716, 0.9858733762677788], "b6": [0.10085870331779635, 0.7634565237533352, 0.9516530709602573], "b7": [0.35045641941769134, 0.8992431305846441, 0.8236369247152822], "b8": [0.6487766708103038, 0.9117850087445837, 0.8900380584162281], "b9": [0.004496797277192302, 0.9700305164175979, 0.9531609756456796]}