{"b0": [0.14957498623358478, 0.9674711102223219, 0.800399611861567], "b1": [0.9986882561578783, 0.9480302723035763, 0.9941175410934252], "b2": [0.013054942642082144, 0.9082210723535913, 0.8022994289791009], "b3": [0.582064741388413, 0.9889257210215914, 0.9346141250072456], "b4": [0.8864832248430691, 0.9686832479979408, 0.9299373654080217], "b5": [0.35702154693422533, 0.8337887109426794, 0.9410506393713746], "b6": [0.6077298018216415, 0.8515761556045718, 0.9953085890601217], "b7": [0.5918957266197221, 0.957141474641332, 0.9951341508358635], "b8": [0.6009055250223404, 0.91529897462753, 0.9831836847616926], "b9": [0.9822240801579073, 0.8723662678417995, 0.8261877537541699]}