{"b0": [0.6034278463427455, 0.9394878952946231, 0.9124800465613698], "b1": [0.6089433568932742, 0.948647228374154, 0.9869611461153467], "b2": [0.640493028371241, 0.9155269392021584, 0.8726635367250272], "b3": [0.7359036495310586, 0.9422171704476043, 0.8965671432431841], "b4": [0.15746337270467067, 0.9753429007896456, 0.8400375795235451], "b5": [0.9128953145489295, 0.9731012665503157, 0.9656751505994217], "b6": [0.6100129717541224, 0.9721401611024894, 0.957913927213616], "b7": [0.5964600511184664, 0.9730299289863562, 0.9497051806956294], "b8": [0.07013778786745845, 0.9546682494132507, 0.8944228016074527], "b9": [0.15691045081257202, 0.9207806126024439, 0.8724926209449871]}