{"b0": [0.5739174127520297, 0.7858854896705652, 0.8973057750329648], "b1": [0.16260610862672642, 0.6686561061924284, 0.9949429337551196], "b2": [0.10286233137425237, 0.8971325130713804, 0.829400746781642], "b3": [0.6767226224623745, 0.9946362280751871, 0.8307115934969954], "b4": [0.639243505063358, 0.849342611235497, 0.9728099733006804], "b5": [0.6019568727236785, 0.8356627354155086, 0.970874118427793], "b6": [0.09760455955108008, 0.954883980664212, 0.8732197743061235], "b7": [0.08481034214162878, 0.8529595553184405, 0.8411666932107309], "b8": [0.08850178234998751, 0.831722867920376, 0.913527076790002], "b9": [0.6627229679866727, 0.9235365988552289, 0.9007214879279367]}