{"b0": [0.8751625573562523, 0.913251784332112, 0.9350765061971671], "b1": [0.07133113712253247, 0.9290173112830752, 0.9213899339712974], "b2": [0.06742191748498008, 0.9128598620396832, 0.8582747730143528], "b3": [0.8742479913816114, 0.953586463218126, 0.8126512067872135], "b4": [0.3311041807032741, 0.9751076327006473, 0.8036303472255614], "b5": [0.6297549688978694, 0.9394252214181527, 0.9574418090431362], "b6": [0.3229996781494046, 0.8688341492779098, 0.9658881742574288], "b7": [0.9937331995259353, 0.9503025024152173, 0.842973608941843], "b8": [0.8845006461102531, 0.9145908739205731, 0.966726509428726], "b9": [0.1619017193438483, 0.9783160775718295, 0.840566339710447]}