{"b0": [0.774162109092588, 0.9788058517239342, 0.8053223389020481], "b1": [0.8856322822408049, 0.9990118922360953, 0.8185229815887349], "b2": [0.7408193488238852, 0.9460807584706451, 0.9260779988522303], "b3": [0.6023986191749984, 0.9175663628555562, 0.9667574014542367], "b4": [0.615004921623993, 0.9786263344154298, 0.9786347623462113], "b5": [0.3121194724954135, 0.7282422595902328, 0.8587282813724346], "b6": [0.3594680154680918, 0.873857616202414, 0.8053928150635156], "b7": [0.9927223580381863, 0.8773744140055567, 0.8162669166827716], "b8": [0.36485524218898324, 0.9496330319668733, 0.9735530937313845], "b9": [0.09796723980431513, 0.9386265940900088, 0.9050435455816082]}