{"b0": [0.09330677150725351, 0.8389989971931207, 0.8763516072968082], "b1": [0.11170926301875216, 0.9695089702195268, 0.9574821597908627], "b2": [0.7763469694511932, 0.8288362929473425, 0.9276493747154306], "b3": [0.15824894236067233, 0.8561203042054736, 0.9371177704810433], "b4": [0.7681496936502069, 0.9927546627042746, 0.9627512348632971], "b5": [0.5757722135551476, 0.8438471939211893, 0.9021367466289086], "b6": [0.008648795074840667, 0.9730015543799462, 0.867999411769664], "b7": [0.8531316358565593, 0.9472597276747863, 0.8090504360956764], "b8": [0.3593081938548559, 0.9665758031920011, 0.8382097604346993], "b9": [0.9787034686911329, 0.9321083113803652, 0.8761514441964805]}