{"b0": [0.08766074356121054, 0.8261711802985849, 0.8338188959593676], "b1": [0.09532297800473208, 0.9062088296861381, 0.8102108923181413], "b2": [0.7494863456397163, 0.8974595826389329, 0.9857403932627203], "b3": [0.923311855853693, 0.7503291786200057, 0.9467792940910891], "b4": [0.7632392370065133, 0.993742521806604, 0.8928009326079027], "b5": [0.3288111460248575, 0.9951670212461088, 0.901873349929553], "b6": [0.15736077724757244, 0.9960043966999494, 0.8542266609405585], "b7": [0.5711203104377902, 0.9466829576067483, 0.9275747692665788], "b8": [0.8772329110421488, 0.9813772857355108, 0.9324184358106844], "b9": [0.730114168363731, 0.9578456803515604, 0.8229272747645777]}