{"b0": [0.09873257122454446, 0.8705525994782732, 0.8077608296843688], "b1": [0.602895067775989, 0.7191240835461172, 0.8218550176716807], "b2": [0.537334174599572, 0.9027516318416268, 0.8275060367369099], "b3": [0.7490728514917997, 0.881367605429022, 0.8928379509551999], "b4": [0.741543072659319, 0.9619938288473628, 0.8007482979504427], "b5": [0.6221942493324315, 0.9498814769726404, 0.8150304149801374], "b6": [0.08246180519865563, 0.9748344664513136, 0.8305417265524795], "b7": [0.9035038595090722, 0.7844663783198375, 0.8119033184426278], "b8": [0.7373502114716944, 0.9635548174446279, 0.9347029130555953], "b9": [0.07283628808800241, 0.8993807842226714, 0.9077466767729636]}