{"b0": [0.1587873440481593, 0.9394585876649689, 0.902040488675115], "b1": [0.7523604927604657, 0.9540104317001089, 0.9775974044569257], "b2": [0.1591125953047089, 0.9298751473256003, 0.9194410621470798], "b3": [0.09130053945146209, 0.9579831472073045, 0.8876544918225726], "b4": [0.7611624933115732, 0.9910736020324391, 0.9063012021125906], "b5": [0.7580570922361116, 0.9503959413630697, 0.9888692388458589], "b6": [0.7403551770721667, 0.8513760163108259, 0.9459612044655329], "b7": [0.8536926239955942, 0.9373038406638707, 0.8619562095850035], "b8": [0.7202173872457144, 0.949588576889966, 0.812974653728011], "b9": [0.7499454704914231, 0.9837338269172204, 0.9250518645360936]}