{"b0": [0.6530153876176186, 0.7572417859195966, 0.8856921759007114], "b1": [0.027514414985538017, 0.9578248556649592, 0.9973781298608263], "b2": [0.15824744275690628, 0.9840681727396843, 0.9298084924836459], "b3": [0.15845553245766364, 0.8866570738029729, 0.8185294979333904], "b4": [0.1574612523167289, 0.974420191636461, 0.9511306181413928], "b5": [0.1562653225104137, 0.9572504873658982, 0.8859274972946564], "b6": [0.16085845754953126, 0.8976046995756445, 0.8569513552940617], "b7": [0.6194106777767573, 0.9964022351700835, 0.8836804075710593], "b8": [0.7370678460228473, 0.9403844990159616, 0.9965103233129612], "b9": [0.7679800725995009, 0.8536175524810348, 0.9309681659514425]}