{"b0": [0.15702470849738914, 0.9925205339036322, 0.8742856731052424], "b1": [0.09099066599522151, 0.9220276712699338, 0.9705185305129905], "b2": [0.9315564799203098, 0.9124063095324607, 0.9998909297416063], "b3": [0.9976763348965406, 0.9640395642137375, 0.8036634115282374], "b4": [0.06765899480767586, 0.859826007397953, 0.819007721618572], "b5": [0.013013042994903468, 0.8037211917127566, 0.8379328879095663], "b6": [0.89306376202551, 0.8494984940823629, 0.803623001003852], "b7": [0.9973865844798984, 0.9798083836519175, 0.8901459420172538], "b8": [0.16788640142843522, 0.9401757117022355, 0.9897663004031269], "b9": [0.004394082841969802, 0.9467119137030104, 0.9741076537113217]}