{"b0": [0.005218831206989028, 0.9625620466588043, 0.8537754584133946], "b1": [0.1581558810303949, 0.931821035105361, 0.904304082023177], "b2": [0.0007196939367410264, 0.9427112290028984, 0.9508250564206743], "b3": [0.8755336744347376, 0.9773594501512811, 0.9922322555809712], "b4": [0.15990042104437335, 0.9671650202915232, 0.8077327015748849], "b5": [0.1404338096677975, 0.9751121077652058, 0.8510374192649763], "b6": [0.0952611614831786, 0.9968364660905159, 0.93141447347749], "b7": [0.8851361537729958, 0.9092525218719633, 0.8248938083248174], "b8": [0.09813791778149258, 0.9985477431361502, 0.8088091309684725], "b9": [0.01347307981752544, 0.9812753877342577, 0.9508225364521963]}