{"b0": [0.8508622453630822, 0.9734150445236956, 0.8898314359013052], "b1": [0.8739150944601299, 0.8250884611167072, 0.9325124816341459], "b2": [0.3203832468869255, 0.9738122835405002, 0.9829327175376933], "b3": [0.16912792094713164, 0.9085260172220174, 0.8711771289930822], "b4": [0.17389587896706107, 0.9849929099877334, 0.849098335818609], "b5": [0.0075782733101699305, 0.979931838777669, 0.833127160492956], "b6": [0.004777249837687766, 0.8559958374420913, 0.8527357417886096], "b7": [0.9899363252430353, 0.9152695161976748, 0.9487388179017286], "b8": [0.1640503491638377, 0.8404369066839632, 0.8544562723633128], "b9": [0.8683966051628448, 0.9892441846131574, 0.8932703076554066]}