{"b0": [0.8756314851388884, 0.9266736773426252, 0.9922615544413947], "b1": [0.8523336454892426, 0.8776958576527971, 0.8009731971179679], "b2": [0.9990367239617758, 0.9264838823887043, 0.9828097034753482], "b3": [0.9946484363372058, 0.8998895976769444, 0.8564686496905753], "b4": [0.7537530172242117, 0.9860711565228695, 0.8748350188736915], "b5": [0.7448774262934598, 0.6025410470504464, 0.8434342156501963], "b6": [0.9696896448000466, 0.8900790706180267, 0.8398806892637267], "b7": [0.3247594969628525, 0.9420736433132526, 0.8763509169237412], "b8": [0.003599613904992432, 0.9217391863513636, 0.8565397605734699], "b9": [0.9931670206156957, 0.9841955471841217, 0.8504032651179096]}