{"b0": [0.009102979916062726, 0.9482188677623715, 0.9624341031898819], "b1": [0.16202685249453147, 0.9032363925178842, 0.8290192496018486], "b2": [0.7330175534749195, 0.9980168904411661, 0.9435119344717965], "b3": [0.38480445036573685, 0.7783955365083957, 0.9377755488537073], "b4": [0.7727867832358113, 0.8881446174919807, 0.93626600836183], "b5": [0.33137052652624555, 0.8448917851056685, 0.8602648387023336], "b6": [0.07278394406688482, 0.8442246850495506, 0.9846268811037001], "b7": [0.1722258538573728, 0.9895027790135517, 0.8529772856942739], "b8": [0.15627807938612906, 0.9415204844270403, 0.9754398147417078], "b9": [0.8614931678321547, 0.9693340411355835, 0.8584369666217608]}