{"b0": [0.854742487819093, 0.9652179027166131, 0.960478717567553], "b1": [0.16394277807920468, 0.9888116625338746, 0.9670701008407814], "b2": [0.7122339833472222, 0.9938206759151522, 0.919142678707551], "b3": [0.7333089678811444, 0.8432238733650845, 0.904723546542176], "b4": [0.6198673898029896, 0.9892866056141323, 0.8172806936786406], "b5": [0.07335221201295862, 0.9663794632897452, 0.9117335461219779], "b6": [0.9819550646991742, 0.9891194057554944, 0.8472842653350505], "b7": [0.8594325168043159, 0.7844257559150326, 0.8505151614275823], "b8": [0.111342653949515, 0.9425030280314631, 0.9435884429875517], "b9": [0.9904210531211504, 0.9016516598040117, 0.8049698478106765]}