{"b0": [0.7813808407319146, 0.9495021746546661, 0.808654540969865], "b1": [0.8679363475980675, 0.9010841940365044, 0.9662873370627423], "b2": [0.0889114010268871, 0.9556879188613874, 0.9658826425840633], "b3": [0.6073577728032981, 0.9479538764829567, 0.9498138285979383], "b4": [0.6273241138484592, 0.8597250069250079, 0.9921179384656982], "b5": [0.7549565249390526, 0.9657268875056662, 0.8990795907727933], "b6": [0.8991146010275588, 0.9704362031542996, 0.8226481644767994], "b7": [0.65356782185102, 0.9423820097182701, 0.8941944788588381], "b8": [0.3411963344765503, 0.9710710185081172, 0.9805533425361422], "b9": [0.9987297915189122, 0.9158234087085992, 0.8571345765118307]}