{"b0": [0.7426468415862386, 0.8930546705537431, 0.9546727474675397], "b1": [0.2943774875590271, 0.9599605418870604, 0.9459913692421885], "b2": [0.16430958141379665, 0.9154690289355372, 0.9014319451044635], "b3": [0.15761037941805867, 0.8659053437299914, 0.8407515211371797], "b4": [0.09826274675451037, 0.9184210482416337, 0.9035346330793098], "b5": [0.9945636009481251, 0.9100634040281045, 0.8787503243410398], "b6": [0.151090234614652, 0.9901539319855962, 0.8218831758667797], "b7": [0.7482941021392767, 0.8739415771206366, 0.8859727647538581], "b8": [0.16282099121003327, 0.9435440026311973, 0.9329440218019026], "b9": [0.3254159996752325, 0.824106908945955, 0.9080829426729389]}