{"b0": [0.16352687859683196, 0.7791689972829008, 0.9125628195888804], "b1": [0.15669526947125567, 0.8289736053404545, 0.9811495425456962], "b2": [0.8357636476589139, 0.8322598821770814, 0.82451813901153], "b3": [0.7551763854623712, 0.8955317922784576, 0.8519367116817143], "b4": [0.1600172980594302, 0.808816447756834, 0.9061076471539797], "b5": [0.34372221359139593, 0.9151707529720157, 0.9024416241675246], "b6": [0.2946689952385373, 0.9283331198726785, 0.9093835719505361], "b7": [0.7552876700198933, 0.9117113746234367, 0.9710988984294961], "b8": [0.5695277918630881, 0.9526297658054524, 0.863337876637222], "b9": [0.305391616500674, 0.9255176013755074, 0.9986820782319005]}