{"b0": [0.9064376593787933, 0.8745651278186708, 0.9680372898045746], "b1": [0.16269252316806568, 0.9104739103049186, 0.8397307779393719], "b2": [0.1625745424186446, 0.9708104561093204, 0.8638318068529083], "b3": [0.09189112669435515, 0.8615758761155395, 0.9068396490305614], "b4": [0.2834178376351537, 0.992523170671946, 0.9117409787639407], "b5": [0.07792763366540953, 0.9591962240535983, 0.8562170565128047], "b6": [0.3478042786475876, 0.7540704094853089, 0.839197382892756], "b7": [0.1661785871574268, 0.940428761989866, 0.8137146217034058], "b8": [0.3853789042934524, 0.8675634928199818, 0.9363498240967724], "b9": [0.089537749141005, 0.9606695372980153, 0.865602189349594]}