{"b0": [0.3243979510113137, 0.8612672301825536, 0.8703400293685258], "b1": [0.6265189558976231, 0.9847090855586684, 0.9251490511497965], "b2": [0.3270188042170711, 0.8182878217170932, 0.9976348296177604], "b3": [0.0742034734650079, 0.9080363649927858, 0.9266474637622778], "b4": [0.16388511174125425, 0.9809418440136384, 0.8450616414387383], "b5": [0.7249017988776096, 0.9936275355480063, 0.8568864639691245], "b6": [0.16523530276507462, 0.8104636697563984, 0.8299165481900687], "b7": [0.30677408247381094, 0.9547530033346631, 0.9743579591293947], "b8": [0.16653286252939892, 0.9226026776721694, 0.8070392066518346], "b9": [0.08212639367919822, 0.8739098299991874, 0.8797822987469291]}