{"b0": [0.31012854209065066, 0.9695697031706384, 0.8704045632489056], "b1": [0.8949536108667541, 0.9327185578763655, 0.9453830669056552], "b2": [0.7727190952772974, 0.9284001117634725, 0.872695406378033], "b3": [0.1626497594157646, 0.9803361687270725, 0.9289474175839634], "b4": [0.16358286318385803, 0.915611933580692, 0.9080473273091638], "b5": [0.15721838180069522, 0.8685989674446744, 0.8235732857647813], "b6": [0.36472640411946117, 0.9315111510980002, 0.9148987988660418], "b7": [0.3394722190361037, 0.9921511543925804, 0.907146380572935], "b8": [0.09977254834068233, 0.9710732432183308, 0.9587413830547724], "b9": [0.8468424305780161, 0.878583766299369, 0.9655535410525371]}