{"b0": [0.2996847770992664, 0.898765964425574, 0.9496263829401177], "b1": [0.00612385508263026, 0.969711461988521, 0.9074394343496311], "b2": [0.9973709692953292, 0.9255668776173128, 0.986470759939541], "b3": [0.9944348595177808, 0.9025441441411043, 0.8716309931472834], "b4": [0.8824304838956752, 0.9757839404605702, 0.9207893908851783], "b5": [0.1618437669663712, 0.8985024741957162, 0.8306548216605517], "b6": [0.010402245553396664, 0.9313888223552024, 0.9923580664363295], "b7": [0.8343679466611199, 0.9625482686151586, 0.9631636161400747], "b8": [0.3529227408166533, 0.9785902608289692, 0.8062943261348586], "b9": [0.16456814494424912, 0.9948587521197306, 0.8154386209090441]}