{"b0": [0.09427679549113517, 0.9546779714298111, 0.9631811257197337], "b1": [0.9966134155960019, 0.9835801793945955, 0.8681326734491306], "b2": [0.9954567755530312, 0.8629458824497794, 0.958049974159362], "b3": [0.9148985287179099, 0.9409321573953232, 0.9751808941852659], "b4": [0.160567655850874, 0.8465007817277717, 0.927957715682383], "b5": [0.1647747391315101, 0.9040986288862185, 0.8063732790539588], "b6": [0.9924898180888836, 0.821972939308419, 0.8418016960426645], "b7": [0.013620737959553651, 0.9873561353021866, 0.8862991849535519], "b8": [0.9991194506856559, 0.9482848695859026, 0.8453542678329264], "b9": [0.8712211032905066, 0.861981882393802, 0.8874488274554028]}