{"b0": [0.000354480368335122, 0.9843041766419792, 0.951402877719928], "b1": [0.16938590707346793, 0.960892046793939, 0.8441472043341868], "b2": [0.08991504155554803, 0.7313308626131545, 0.8574547680080815], "b3": [0.893719715556649, 0.9583569189752806, 0.8807598461894192], "b4": [0.34353280568993283, 0.9170958228644389, 0.83844766532536], "b5": [0.6117565058354862, 0.9827177170941716, 0.9659676449993861], "b6": [0.06265119413897591, 0.9149058295101676, 0.8224199665004807], "b7": [0.351091481867173, 0.9318372617081125, 0.8847210944221109], "b8": [0.9647865990097023, 0.9804722067443032, 0.8445145189754829], "b9": [0.6163743067559672, 0.9156681764256775, 0.8113809143172355]}