{"b0": [0.9919591888554617, 0.8123102322930492, 0.9289755839209368], "b1": [0.3437340060951422, 0.904243862904921, 0.8800322087496579], "b2": [0.337802654708273, 0.971235612455096, 0.828945353831078], "b3": [0.8862603247430834, 0.9633770604454474, 0.9691783011990978], "b4": [0.9977215842721621, 0.9938797466200741, 0.9035632082932622], "b5": [0.3417021728340826, 0.8912606206534782, 0.9674442857967018], "b6": [0.993232375499052, 0.8024907993570296, 0.8105537968867113], "b7": [0.7581289561717409, 0.9537576070484138, 0.8208100458576183], "b8": [0.7878312395307587, 0.970485314560461, 0.9726500652259206], "b9": [0.8683693157048166, 0.997006673491568, 0.8611482731491381]}