{"b0": [0.742534953285294, 0.987569195099377, 0.8638979417850101], "b1": [0.7444013963097466, 0.9771705636275102, 0.9840495352540518], "b2": [0.3213352800852958, 0.8598357256756564, 0.8760437016558014], "b3": [0.5668099785026017, 0.8693794552647671, 0.924859788045549], "b4": [0.8748608484353113, 0.9555999703147496, 0.9380367645652163], "b5": [0.6783718079399733, 0.9000345160401853, 0.9156509628707892], "b6": [0.3358953538030695, 0.9037875053307702, 0.9529832255461821], "b7": [0.10027527494234474, 0.9778789663287939, 0.8114453689887964], "b8": [0.7566184734942486, 0.9784309884588274, 0.9254408144636117], "b9": [0.8729165655612482, 0.9298256212797154, 0.8139715040592655]}