{"b0": [0.8442019640068625, 0.9078662467394207, 0.87361059845054], "b1": [0.7549716154267562, 0.8781348044864877, 0.9976860137950535], "b2": [0.3638880976743137, 0.969143809401825, 0.9616450636722059], "b3": [0.15900394596653641, 0.9833359977458349, 0.8044990779870527], "b4": [0.3053154770614881, 0.8111435847361435, 0.9081260352705739], "b5": [0.7511770232624432, 0.9521718483581771, 0.8677969565887768], "b6": [0.8578462171786883, 0.8635500470093352, 0.873595412741108], "b7": [0.06543546740666095, 0.9067046053668741, 0.9234078062164848], "b8": [0.0940652437856063, 0.8893872466610785, 0.9661923576633054], "b9": [0.7154284981094993, 0.9956836875547236, 0.8020170727394403]}