{"b0": [0.3412507653127178, 0.8897792023005268, 0.8338784322980277], "b1": [0.2992888669073789, 0.9683740402815987, 0.8168332811671847], "b2": [0.9375601407556412, 0.9778712823815945, 0.8875335259000114], "b3": [0.32566654046870097, 0.9146319995653649, 0.9239056537272361], "b4": [0.8329797593242538, 0.984968993080574, 0.906108639964043], "b5": [0.08892493126516837, 0.9171009494681944, 0.871800364420348], "b6": [0.9693352564089251, 0.8833837827892596, 0.9316592883493106], "b7": [0.9819026403715345, 0.9470912446205629, 0.9909416479504165], "b8": [0.6553988105518554, 0.9281630854568564, 0.8608145378367993], "b9": [0.0057527530534922326, 0.9095962034754436, 0.9080518123816904]}