{"b0": [0.1531663908768229, 0.8936899793812725, 0.8003734534937731], "b1": [0.2928642474032668, 0.9618624815370204, 0.9677479892028871], "b2": [0.07589884914853025, 0.9562534643236039, 0.840080864752856], "b3": [0.31125317169031325, 0.7757463060483708, 0.9275780503794396], "b4": [0.7745688899457999, 0.9055361966664408, 0.9858482135779009], "b5": [0.29348293102574374, 0.9932254363045888, 0.9511089783917616], "b6": [0.08712456490913305, 0.9026190393868936, 0.9565979395775641], "b7": [0.6154515739551869, 0.938331578131027, 0.8644970878285528], "b8": [0.9892270878549388, 0.9731857619727003, 0.9679926677997127], "b9": [0.8899509020140046, 0.9458678433215982, 0.8565720350794639]}