{"b0": [0.6541194176367834, 0.9615162873054569, 0.8936883214153224], "b1": [0.8714044229019521, 0.9926585702668821, 0.9027805674986324], "b2": [0.5684011958011341, 0.981175994178705, 0.8113508617558053], "b3": [0.09214647871024488, 0.8873975815937307, 0.820690736844564], "b4": [0.07837883664525579, 0.9796135785148465, 0.8175582558880291], "b5": [0.5880187296370242, 0.9161540332205133, 0.9987618535932247], "b6": [0.35622671024305125, 0.9732689670595953, 0.9272422223404534], "b7": [0.7522143132755774, 0.9530181847058787, 0.8998995288237347], "b8": [0.8637285865884414, 0.9862005584863242, 0.8923475574876416], "b9": [0.1599897048584087, 0.8736313254212975, 0.8131686691865813]}