{"b0": [0.3567343405182083, 0.885438577243233, 0.8346327239671362], "b1": [0.8871735230553316, 0.9312258974257372, 0.8816507239903528], "b2": [0.1521185522281135, 0.8239358833012491, 0.9398933625412538], "b3": [0.3807472925577068, 0.9535359565424654, 0.8148735280045449], "b4": [0.7512990247822066, 0.9374863111565442, 0.9355497981554504], "b5": [0.08393582946516018, 0.9121675224048077, 0.9118946369758553], "b6": [0.8739493045955077, 0.9390821781321741, 0.9331002436550473], "b7": [0.7511814759783735, 0.8892977696171045, 0.8529863002825945], "b8": [0.1689824256001875, 0.931662315074684, 0.8555091693736973], "b9": [0.315789861278758, 0.9627466303484646, 0.830218219357779]}