{"b0": [0.001001899940213837, 0.9473892705057915, 0.8361478202142923], "b1": [0.9975752663280864, 0.9501798118448076, 0.9209898287284372], "b2": [0.31337275114326196, 0.8743395197989741, 0.9382619853746597], "b3": [0.7511616933005668, 0.9391205842982405, 0.9704616123274806], "b4": [0.7485071504824576, 0.9223996409970749, 0.9462741360673348], "b5": [0.1575280298974672, 0.9275282775063176, 0.9516516499643548], "b6": [0.3218186144846142, 0.9542369349341342, 0.8349053126963696], "b7": [0.15860211212469186, 0.9531518592436496, 0.8888853669661678], "b8": [0.018399905102819736, 0.9809108710193621, 0.8654273725588542], "b9": [0.5741365642015899, 0.9905990833784207, 0.984138099504082]}