{"b0": [0.11291472313859309, 0.8853607313436039, 0.8620414461037843], "b1": [0.3258818739586131, 0.9841025380276512, 0.8813945072399255], "b2": [0.002275581694101251, 0.8944147275505321, 0.8301819016044444], "b3": [0.6190336873295361, 0.9095582126826526, 0.9944988456942409], "b4": [0.3200232935866126, 0.8171725033399089, 0.8037975306171848], "b5": [0.3157833063306271, 0.978546516135905, 0.8916367755205021], "b6": [0.36307482728943824, 0.9791418720573262, 0.9360616657107568], "b7": [0.025695647106012038, 0.9073918315346688, 0.8842194459170521], "b8": [0.16803804032388844, 0.9491385372390309, 0.875627967810495], "b9": [0.9888305386454664, 0.7923072744497123, 0.998429254834224]}