{"b0": [0.33493600820977976, 0.972201736675277, 0.9241443556307525], "b1": [0.09277911907492443, 0.9482183968277085, 0.8592105917746519], "b2": [0.15925675721513596, 0.856922336459669, 0.9861246672436077], "b3": [0.16258822171968357, 0.6767098073161466, 0.8944197230846], "b4": [0.07650203881235557, 0.9430374508154408, 0.9687806092223811], "b5": [0.9939755170887236, 0.828510463021349, 0.8443913952438393], "b6": [0.3330612504636871, 0.9454265319508971, 0.972372005197447], "b7": [0.005997492836341029, 0.9652796522132867, 0.8470751838811035], "b8": [0.73047737180452, 0.9726551362589158, 0.810065626014882], "b9": [0.16604742559059307, 0.9550604632648444, 0.8972517381217693]}