{"b0": [0.08431545533016126, 0.97031854542022, 0.8999511561084971], "b1": [0.1070215055184088, 0.9190085669241131, 0.9411162264653068], "b2": [0.09352193043104688, 0.9571554908498134, 0.9435460005261258], "b3": [0.8735508279250009, 0.8270522937595746, 0.9189225216675376], "b4": [0.07306181504017724, 0.9353514629237545, 0.9848243413878702], "b5": [0.5860595698162628, 0.9896629162470331, 0.961912917335703], "b6": [0.8755635363517207, 0.8683266907009818, 0.800327676445271], "b7": [0.8554969143476968, 0.950252777519847, 0.8983181572021124], "b8": [0.5829732859929617, 0.8984527745718132, 0.9890252035919653], "b9": [0.08925141576009947, 0.8833082512887737, 0.8236653018806507]}