{"b0": [0.7607699704347793, 0.9938058277197083, 0.9024052228839358], "b1": [0.07236652789971564, 0.8458403507232498, 0.8886633968966986], "b2": [0.1556145889519084, 0.9528202841568865, 0.927053978550303], "b3": [0.7609138281073173, 0.8114402490923829, 0.9081000532136294], "b4": [0.35271642585559443, 0.9878386659642509, 0.9951607857249917], "b5": [0.6330523523042886, 0.8966267083348505, 0.881959592801727], "b6": [0.0756837416208103, 0.9851503549949205, 0.9715307733639484], "b7": [0.7378771948529804, 0.94920084881005, 0.9031417507505556], "b8": [0.1652196293415501, 0.8341908349078553, 0.9001638098300088], "b9": [0.757943659092821, 0.967505965391718, 0.8088788091875966]}