{"b0": [0.7338472812171886, 0.9736540623632683, 0.8481350902096935], "b1": [0.8889638573841898, 0.9858991632782748, 0.9375406134263942], "b2": [0.14893287035173008, 0.9289584987647095, 0.9625698811445192], "b3": [0.7650963723912868, 0.8994288285005936, 0.8614897270799918], "b4": [0.1619197767191637, 0.9066621730413483, 0.8260116956187524], "b5": [0.7479376206223121, 0.8006993358927574, 0.8960570432808405], "b6": [0.09507071338740737, 0.8841008433361921, 0.8230485876361494], "b7": [0.8544143999771565, 0.9187465828851116, 0.8228811405806863], "b8": [0.07953025317240908, 0.8525951112734015, 0.9692832424884597], "b9": [0.7279709837972571, 0.8345818356014792, 0.9432552798201654]}