{"b0": [0.0895870232330422, 0.8814798187093751, 0.883942427200914], "b1": [0.08624961677816234, 0.9118097352834874, 0.8346584997617825], "b2": [0.16480028591626056, 0.9549900376705253, 0.9549134312916122], "b3": [0.09380608938187071, 0.8751307301635985, 0.9757362880245026], "b4": [0.5761495337183843, 0.984020736734207, 0.9551111995570979], "b5": [0.74490539717557, 0.8893501622023819, 0.9170757070291325], "b6": [0.7657312975459445, 0.8775137710960774, 0.8074585362168939], "b7": [0.7353420815117733, 0.9657674871184622, 0.8177320518709621], "b8": [0.7805571116629594, 0.965123150997084, 0.9448628719189084], "b9": [0.7163056233580605, 0.8620474792687363, 0.8465067112008317]}