{"b0": [0.7327837186537343, 0.968790423097297, 0.828983069742192], "b1": [0.7237068530446525, 0.83828486236088, 0.8334316036868132], "b2": [0.7533846880338806, 0.9539245898362408, 0.9361979719147849], "b3": [0.15607702932547568, 0.9012247694336745, 0.8333365210255339], "b4": [0.8902748843154726, 0.8863493454173252, 0.8613537769773533], "b5": [0.061331193474880925, 0.8996681091120672, 0.8405407794051072], "b6": [0.7521963752435703, 0.911340564586126, 0.8684505325055425], "b7": [0.7351696697056228, 0.9273334642549682, 0.8852654808325561], "b8": [0.156094254250803, 0.9980178805280002, 0.9421010305488738], "b9": [0.7546532323619428, 0.966062638706734, 0.9204709347664161]}