{"b0": [0.7437539919687809, 0.9530661480730661, 0.8766395224020371], "b1": [0.16122484829514083, 0.9637685567896181, 0.8924558028368209], "b2": [0.8000354447342559, 0.9027427230604168, 0.8612725938421435], "b3": [0.850360436659662, 0.8224362069770822, 0.8535586421135616], "b4": [0.6748690103321531, 0.8756024613348171, 0.826234301608051], "b5": [0.8988881181989119, 0.8073782274258723, 0.8580331474083015], "b6": [0.7419392651153679, 0.7288193228293504, 0.98624308986954], "b7": [0.7681259413269633, 0.8851837328309231, 0.9583842902274352], "b8": [0.05507263492532643, 0.8295571956298408, 0.8201997823164378], "b9": [0.15658819723291642, 0.9866191449947479, 0.9773486800327781]}