{"b0": [0.3032764187123807, 0.8577826419211086, 0.9292964365006615], "b1": [0.8992178791472277, 0.9754606688969015, 0.8950480175711164], "b2": [0.3467819306764811, 0.9999124478988505, 0.8164108976869966], "b3": [0.7328976513601695, 0.9242322050837061, 0.8819108182550857], "b4": [0.6136901537557442, 0.822329672454039, 0.8028414135825507], "b5": [0.09153062357258879, 0.9575983053197874, 0.9705150473396681], "b6": [0.07150002102295334, 0.913478879650009, 0.901933285112404], "b7": [0.07187401551736822, 0.9215482957417316, 0.9100780014314828], "b8": [0.08014733999680791, 0.8833323079270847, 0.8199291747096233], "b9": [0.995796448120337, 0.8221939089318784, 0.8981714107393176]}