{"b0": [0.16022458323021474, 0.995341558860132, 0.9663791832929547], "b1": [0.07237623706904185, 0.895303674007113, 0.990635991075027], "b2": [0.5760732515719534, 0.9847094360632253, 0.8057603413620571], "b3": [0.07617657411953165, 0.9867522997666687, 0.858233042455737], "b4": [0.370192316338937, 0.8518834782164817, 0.9103590085949728], "b5": [0.058174781143214026, 0.8458966066380591, 0.8776967596601982], "b6": [0.07718955254109179, 0.9752422960620012, 0.8348970420412013], "b7": [0.9935691500507088, 0.9951148435387541, 0.8105231000839683], "b8": [0.31553140960138526, 0.9581769809794463, 0.908288067848164], "b9": [0.01590310345176715, 0.9873641854958549, 0.9279270353516194]}