{"b0": [0.763651232980321, 0.9782903874654985, 0.8058494894873127], "b1": [0.6684931301585045, 0.9047164905967711, 0.8142254749322371], "b2": [0.575146492885922, 0.9688600218377084, 0.950367992954283], "b3": [0.022588762814406943, 0.9438493397947841, 0.8020392305455349], "b4": [0.16530033491384405, 0.9396270433546412, 0.9179400952867259], "b5": [0.00236952151251941, 0.9809401863344853, 0.8816572988658755], "b6": [0.38697434906951034, 0.9491983345596497, 0.9994709394871362], "b7": [0.7786966483192762, 0.9819230324738042, 0.9930695577526361], "b8": [0.8819810807045316, 0.8714772263313796, 0.9892358897905997], "b9": [0.09530092016253372, 0.9812056586082999, 0.9774112756532061]}