{"b0": [0.15827083453161228, 0.9629892008570837, 0.9886858171130534], "b1": [0.8624208392986088, 0.8851117119930189, 0.8684366254635124], "b2": [0.5951069341382406, 0.9306752276233012, 0.888270083006523], "b3": [0.15664515276872298, 0.906799909848407, 0.8219131072613106], "b4": [0.7661073422242294, 0.7319032766089759, 0.9724931865670243], "b5": [0.335329608153479, 0.7743782926883449, 0.9842972752209466], "b6": [0.8770068656664339, 0.9748926782655428, 0.9555989350685931], "b7": [0.6418827637857099, 0.8981926638764031, 0.8396643041782152], "b8": [0.015648334938182924, 0.9766644182678155, 0.8702409767609501], "b9": [0.752075199158838, 0.8770902144126833, 0.8870533066077568]}