{"b0": [0.6163925027975562, 0.9972482835238604, 0.8996865366857512], "b1": [0.867917070943314, 0.9674278919928118, 0.8371626707586708], "b2": [0.8911663127573209, 0.9799565706971272, 0.864256490134279], "b3": [0.15985934979761934, 0.8468205268067439, 0.9044801469416557], "b4": [0.5527966412295767, 0.9437389399317263, 0.9806764714715155], "b5": [0.764202715292258, 0.9398020060836668, 0.9263485064140679], "b6": [0.932802908916362, 0.8974304272923755, 0.868446389438718], "b7": [0.07814353069282012, 0.9703344863842144, 0.8402726725300053], "b8": [0.351941895469557, 0.9032597351359968, 0.9033656699023404], "b9": [0.7450034005135729, 0.919051411787294, 0.9374656855154961]}