{"b0": [0.77015725604382, 0.9577746656625535, 0.8980522249052569], "b1": [0.3273239971441321, 0.9825802376175744, 0.8481062802966878], "b2": [0.864749294969631, 0.8301331123355414, 0.9850825934271363], "b3": [0.348878563899441, 0.9128652570889827, 0.8818591104339574], "b4": [0.8636602230239623, 0.980203020758583, 0.8113581874841893], "b5": [0.7277919544054186, 0.8478945070154411, 0.8600905596488967], "b6": [0.09106431082584711, 0.9826592635517241, 0.9546455282126254], "b7": [0.16177444191580498, 0.9802701071785219, 0.8430308288849182], "b8": [0.772713115954616, 0.9312409670926266, 0.9812289828910963], "b9": [0.16811437998958817, 0.9698242219759362, 0.876973218813521]}