{"b0": [0.8500595344837818, 0.9365195364246475, 0.8496826266529756], "b1": [0.1628548392585027, 0.8296319505707334, 0.8903083214155907], "b2": [0.07956520701712144, 0.9728010847017247, 0.8345888101933616], "b3": [0.8861614027164328, 0.8759641155746446, 0.9474145995516703], "b4": [0.9969022523867409, 0.9751206003472375, 0.9582203615812509], "b5": [0.8527338752839024, 0.8613797067844655, 0.824832185729959], "b6": [0.311277384872695, 0.9378112928516326, 0.8616284977932287], "b7": [0.7451757685187261, 0.9940720801194515, 0.8470359623803175], "b8": [0.9884948858712194, 0.9182750445943054, 0.8829865486449728], "b9": [0.0029587061159279627, 0.9474138502688091, 0.9303418307779872]}