{"b0": [0.9712833682952529, 0.7947337701819328, 0.9146810961209593], "b1": [0.9879543677851466, 0.9502133906885193, 0.8446653093430156], "b2": [0.010279105395810348, 0.9364113660425954, 0.8299073119583045], "b3": [0.9895634051820952, 0.8329996222291259, 0.8174638323139887], "b4": [0.8532635147524171, 0.9499135332418851, 0.9128532518972956], "b5": [0.8529760249134215, 0.981889320998037, 0.8061240504003776], "b6": [0.9777762815878538, 0.9595274825526333, 0.9428002463869483], "b7": [0.8467569346322652, 0.989580333087687, 0.8192511513087456], "b8": [0.16333083867243336, 0.9029293243144996, 0.8157972971785671], "b9": [0.8866247015955817, 0.9730077376013512, 0.9920386241894308]}