{"b0": [0.9762535205397572, 0.9487562572396971, 0.843235304173623], "b1": [0.1600792459213582, 0.9650937742826131, 0.9566310266035827], "b2": [0.7462520933728163, 0.8423646985317089, 0.9552678936908048], "b3": [0.8596257573286006, 0.8712396552318654, 0.8128213721645043], "b4": [0.7538637660934423, 0.9535201659721062, 0.9758670474331146], "b5": [0.9871119152851422, 0.8409460618080784, 0.8704547718873735], "b6": [0.005897249299818923, 0.9275273688919546, 0.8061135863734441], "b7": [0.8847823910694262, 0.9442607599594298, 0.8669838252883528], "b8": [0.9844193597451921, 0.9753096087562492, 0.8472214802811173], "b9": [0.01422616902077038, 0.9915849713363271, 0.8922810269595941]}