{"b0": [0.004800928884937924, 0.8910827490038875, 0.9756452663617349], "b1": [0.9947162821642991, 0.9147932266392569, 0.8584995131458847], "b2": [0.8539565973224396, 0.8039634949610476, 0.8842215814712092], "b3": [0.9887391376278906, 0.8328431897239019, 0.8206624206131846], "b4": [0.86589443201982, 0.9400588347619224, 0.9319742042983654], "b5": [0.16504349673366683, 0.9596805671633857, 0.873076449666309], "b6": [0.7868907459638421, 0.9760445415920331, 0.9389640163534807], "b7": [0.07333443062283261, 0.9919595992680809, 0.857374551591753], "b8": [0.028004606048530452, 0.9435257472050703, 0.9812395663356795], "b9": [0.8625807971684399, 0.9709420990640701, 0.8786059456800055]}