{"b0": [0.8482896968583765, 0.9597662010049055, 0.8304851835039184], "b1": [0.7349435978630241, 0.9342605430508581, 0.9411086642298422], "b2": [0.34788959018125204, 0.8927615094414122, 0.9335673020455144], "b3": [0.16044704728309317, 0.9608936704173822, 0.8678030753895034], "b4": [0.0894388569624787, 0.9960118070795814, 0.8388762118341033], "b5": [0.9149917081193198, 0.9382937911309162, 0.9517659226553651], "b6": [0.6512606461663337, 0.9292931340898649, 0.8613605826320412], "b7": [0.9955657043548818, 0.9562874593012167, 0.9415821444392578], "b8": [0.5430134151111967, 0.9611776716105339, 0.9106770648275508], "b9": [0.3602464004102965, 0.9372329680381465, 0.9687285458543736]}