{"b0": [0.316071950709285, 0.9070612866521759, 0.9333929331733367], "b1": [0.998862027388047, 0.8714745689544979, 0.8719059421351406], "b2": [0.5870430851860499, 0.8646234553459974, 0.8340644313645718], "b3": [0.8747185207243215, 0.982839878637594, 0.977745266426379], "b4": [0.33237879015152316, 0.7724486579979899, 0.8939271344685201], "b5": [0.07431982909093067, 0.9252650936190068, 0.831322147550648], "b6": [0.6395697381636828, 0.8063993903640104, 0.9050694829729647], "b7": [0.1548710046659735, 0.9650408300042639, 0.9162927445372872], "b8": [0.646040003725146, 0.924427432487469, 0.8616723088762367], "b9": [0.3238882929371112, 0.9290175835005998, 0.8147931156312961]}