{"b0": [0.2929633073498466, 0.9975532690766045, 0.9396325692719842], "b1": [0.739027614898091, 0.82418048341592, 0.9604672753016521], "b2": [0.7646082547463269, 0.9966658350143431, 0.8669987854251441], "b3": [0.8891847956972925, 0.8191618361883173, 0.8463644602983453], "b4": [0.6203346670857335, 0.7963905983012468, 0.8347455457960028], "b5": [0.5848889544773153, 0.9852930853211, 0.9092905753462571], "b6": [0.3491432203270501, 0.9180425478312177, 0.922379000301375], "b7": [0.9866987171352868, 0.9654563895004631, 0.8285863374061317], "b8": [0.5884446349423231, 0.9804068247909287, 0.8650315710150567], "b9": [0.7442030531416836, 0.8468499699354909, 0.8481599233499445]}