{"b0": [0.6037326586093282, 0.8976198468376256, 0.8365470132381848], "b1": [0.09848477276018536, 0.9381704852457848, 0.9460918343454745], "b2": [0.0744934197112676, 0.9685478229038503, 0.8232568018747751], "b3": [0.09070005590413542, 0.9378347999416776, 0.8972125846429369], "b4": [0.6388554049685723, 0.8847074218483548, 0.8205911519590035], "b5": [0.7098727730928648, 0.7457217244334893, 0.9417971516896586], "b6": [0.08166366921682261, 0.8413066795391028, 0.9123708355026445], "b7": [0.09243477715976278, 0.9852066542928115, 0.856298916212757], "b8": [0.7218271952652207, 0.759100679517744, 0.9835895624277887], "b9": [0.575132272202022, 0.8736042334198258, 0.835298915027022]}