{"b0": [0.7603424007271772, 0.9988633483845301, 0.9236198933062346], "b1": [0.001387786657713562, 0.8456312508864269, 0.8802763486834745], "b2": [0.7485660435429289, 0.998988092895662, 0.8950220444054249], "b3": [0.015542338280463738, 0.9886392022540478, 0.9678782094038954], "b4": [0.025738706186691718, 0.9471303130626784, 0.841867179971768], "b5": [0.001413208950929655, 0.7947385843516344, 0.9826424120856035], "b6": [0.7747598199610305, 0.8997449925712838, 0.9894105336267854], "b7": [0.10922654403731612, 0.960701908649817, 0.8361540234620256], "b8": [0.010829763724434244, 0.9225792143824424, 0.9616174945457405], "b9": [0.035366491705499506, 0.9911312825886641, 0.9010462027485421]}