{"b0": [0.7333270044577337, 0.956316508516564, 0.9140704349941136], "b1": [0.7438475910262962, 0.9047760063721647, 0.9362858207111941], "b2": [0.7317626905414396, 0.8463055065719582, 0.8902093060250906], "b3": [0.7529362329318858, 0.9772363887467915, 0.9845269747498048], "b4": [0.9855001642266444, 0.9054899764401835, 0.9827357287632351], "b5": [0.9907846609915251, 0.962152771586529, 0.8177528935333583], "b6": [0.021782701731586095, 0.9331189472380883, 0.8677576575275309], "b7": [0.9728323608143467, 0.9886609627413853, 0.8959773337173378], "b8": [0.7930634744208993, 0.9361300257286636, 0.9449754797464891], "b9": [0.9821325706497332, 0.952799441581944, 0.8467917412842841]}