{"b0": [0.9932105111568206, 0.9799717714410824, 0.8834558062061154], "b1": [0.7418173082337834, 0.9389487668253388, 0.8196188268142867], "b2": [0.33602882531009376, 0.9897470216583606, 0.9039172737997404], "b3": [0.7617955351198132, 0.9396619680215973, 0.8525189985951624], "b4": [0.9996173787761421, 0.9510580644666695, 0.9119797901423751], "b5": [0.3393138876831396, 0.9245567973199943, 0.933786523652401], "b6": [0.9935591467317058, 0.9780730631157495, 0.9958366984740934], "b7": [0.7153128199174137, 0.9002497310006504, 0.9877542512418915], "b8": [0.7643436430320724, 0.9234549416347535, 0.8828938417180455], "b9": [0.7427136277159692, 0.9905302020184291, 0.9829198190415673]}