{"b0": [0.33491630330353295, 0.9528835004606988, 0.8530568234105587], "b1": [0.8685345939007497, 0.9600070396075421, 0.9094414901456735], "b2": [0.8991804700873426, 0.9289452816784082, 0.8432607130726442], "b3": [0.16047852675932156, 0.8874213036739718, 0.8578242736498095], "b4": [0.8879636673467938, 0.9285776406601423, 0.9189720618859846], "b5": [0.8571234639679723, 0.9863880596264264, 0.804943851719765], "b6": [0.8989663666991504, 0.8980566294943546, 0.8653760749208698], "b7": [0.1638568796233601, 0.9619460367487119, 0.9462183173889419], "b8": [0.3379436645480967, 0.9844978024967905, 0.865857073917458], "b9": [0.16249969948190987, 0.988692696520358, 0.9915849334388216]}