{"b0": [0.8490818744119024, 0.9345510979584604, 0.9102894745038494], "b1": [0.16391973770210908, 0.9299231765190202, 0.9409514735421198], "b2": [0.1637448689937594, 0.9358129547237621, 0.8089520084356154], "b3": [0.16408666246717263, 0.8463764369912632, 0.8779493992262111], "b4": [0.9452627909029186, 0.9658247490863654, 0.957531673898936], "b5": [0.15981749003736506, 0.9810299801432814, 0.8694482809051375], "b6": [0.7713359396073678, 0.766151943295733, 0.8104925312072692], "b7": [0.8736896314046102, 0.8703930409124919, 0.9908173094467384], "b8": [0.16291628908959357, 0.6942179691233252, 0.9105113501723727], "b9": [0.8431889382100981, 0.941063444742508, 0.8203588576277093]}