{"b0": [0.15427214455893948, 0.9961192852638742, 0.9090257123282535], "b1": [0.24953286742294498, 0.969209292090206, 0.9822207775094901], "b2": [0.897991696992269, 0.8858866653289863, 0.8805683893341865], "b3": [0.871416822568195, 0.840159785286198, 0.9491021706086156], "b4": [0.1555201441207263, 0.9999044107884378, 0.8588633987856096], "b5": [0.15639545502171717, 0.9459465040594361, 0.9669152745549827], "b6": [0.8664499937972561, 0.8953522959030111, 0.9763721355665861], "b7": [0.16485163744478434, 0.9778968044662668, 0.9979701271934904], "b8": [0.8815903198002205, 0.9780891013760653, 0.9374062433295307], "b9": [0.8708099989397858, 0.9382351427027521, 0.8448676123811315]}