{"b0": [0.9954209670778477, 0.8802247032034817, 0.9177105005834123], "b1": [0.001615434773299573, 0.9673945929560217, 0.8631349057670912], "b2": [0.014032422023162105, 0.9414483235967915, 0.856088659441214], "b3": [0.0895355482836881, 0.9675923882444334, 0.9588824048153477], "b4": [0.7662137997236134, 0.7476055774459255, 0.9179484176421439], "b5": [0.002385398289020145, 0.9242143453764575, 0.8004605337135411], "b6": [0.16903316739959068, 0.8719713947281122, 0.8303871999123311], "b7": [0.08234312350489997, 0.8458623324692551, 0.8004796637871737], "b8": [0.06520201565475461, 0.9834037821886511, 0.8457256662925703], "b9": [0.3336662368147003, 0.9403013246865912, 0.8290049538441541]}