{"b0": [0.35533473253883324, 0.9039693512673618, 0.9899754262126035], "b1": [0.7750444261545745, 0.8425213308997427, 0.9101747979547602], "b2": [0.9850600843786563, 0.9422156822430625, 0.8306985308943844], "b3": [0.7323621795910131, 0.8970229906371469, 0.8321138444031271], "b4": [0.7698597472088529, 0.8922467551367157, 0.941368814406943], "b5": [0.5930413887528672, 0.9974007807860545, 0.9152846058026445], "b6": [0.15155728988076445, 0.805102568421917, 0.8415082368066686], "b7": [0.5872321468130918, 0.9340923912690652, 0.8918773964818673], "b8": [0.0732974397256536, 0.9289877262881735, 0.8271170377363177], "b9": [0.7330487147483374, 0.9461497528723855, 0.976831037124608]}