{"b0": [0.9874679060065336, 0.8027513792911232, 0.9612953019770317], "b1": [0.3436162247905474, 0.9692266760738883, 0.9718969419134375], "b2": [0.2630244736412575, 0.969855117159521, 0.8661984952509215], "b3": [0.007625929148054864, 0.8650745986920874, 0.9250156445167309], "b4": [0.15429319385130322, 0.7562235717334818, 0.8114860354582032], "b5": [0.09857993151184559, 0.8404561107257613, 0.9799997474150608], "b6": [0.6734721887148782, 0.8856819729322751, 0.8592466174589962], "b7": [0.5767246418769684, 0.9462886359619366, 0.8929267452119393], "b8": [0.09221364243499114, 0.8404311538128323, 0.8628040165041676], "b9": [0.1729723967963686, 0.9498569565751842, 0.9512824254458373]}