{"b0": [0.5371097587515927, 0.9663721822630593, 0.9529515896336721], "b1": [0.34238452188020624, 0.9723350846826816, 0.8838116354237492], "b2": [0.15549403635420128, 0.8956604445448245, 0.8382998271200179], "b3": [0.32227002198738086, 0.9015377057887164, 0.8617641603787771], "b4": [0.5975230877897596, 0.9994686245930438, 0.9688864830366113], "b5": [0.16076756875564452, 0.9183686924927423, 0.9658759133586873], "b6": [0.09346105026738506, 0.855518116021776, 0.8287087705438432], "b7": [0.991244060946778, 0.9303589691704213, 0.9716354636217405], "b8": [0.31073775331746495, 0.9654482176013414, 0.9899993639653221], "b9": [0.15784221161096013, 0.9067009050916865, 0.8814385650958275]}