{"b0": [0.16745246602716862, 0.8849340153409053, 0.8768380362073367], "b1": [0.984079826361142, 0.8783251908292943, 0.9832030805459533], "b2": [0.10391893060205955, 0.887343734943025, 0.9729681002518464], "b3": [0.0033604848521876225, 0.8089802921423108, 0.8833151429451478], "b4": [0.312461567851857, 0.9859173775285042, 0.9916930749041741], "b5": [0.8553863047044787, 0.9971936831266452, 0.9508584297081722], "b6": [0.6532364830123605, 0.9111091896472542, 0.9195642726458554], "b7": [0.3602767732305162, 0.945088539041971, 0.9694945569458759], "b8": [0.3252017311740957, 0.9342549382121454, 0.9778789321675451], "b9": [0.010266195966634549, 0.9496426045970217, 0.9985737682259412]}