{"b0": [0.35133688932147444, 0.8904379582522252, 0.9476332639305874], "b1": [0.5657058441940245, 0.9801329061616687, 0.8479517254381962], "b2": [0.9900378724583347, 0.9340040917716956, 0.9800699979262474], "b3": [0.904358696974588, 0.7784454322729399, 0.974167609142856], "b4": [0.9849703298862257, 0.8839193028394408, 0.808612620061377], "b5": [0.36183099506763416, 0.9154690460821064, 0.9257551016752045], "b6": [0.16794635233304722, 0.9907356812511411, 0.9932598637052483], "b7": [0.6185011317063797, 0.9407787196844312, 0.9085762749026369], "b8": [0.6098800986573041, 0.8260102774005038, 0.964109718204576], "b9": [0.7247737276253904, 0.7873296224016328, 0.8250805124494854]}