{"b0": [0.32903696887461764, 0.9160585985375259, 0.8656769719591315], "b1": [0.07811149057881211, 0.9671143219741641, 0.9791707794936905], "b2": [0.8782766588212054, 0.9006864996983243, 0.9335582284140981], "b3": [0.6273465031060407, 0.8461824616631923, 0.8969501283722882], "b4": [0.3724058701517563, 0.9636585362970395, 0.8045598384872094], "b5": [0.8956874435769024, 0.9734708779012061, 0.8543425591641697], "b6": [0.08883719173707474, 0.9775302966102043, 0.8819555668065697], "b7": [0.04143562243059723, 0.8475835419598837, 0.8351996772653077], "b8": [0.8891865725420763, 0.8989109405740068, 0.9793052200630882], "b9": [0.0033952407830118987, 0.7905654578909822, 0.8528712542955869]}