{"b0": [0.09331949209741432, 0.9682866798467746, 0.8394627953887323], "b1": [0.08616779773577787, 0.9248128421612943, 0.8493865257614658], "b2": [0.1584360103341143, 0.9617681900064824, 0.9843388738102334], "b3": [0.872608754248687, 0.941408959241662, 0.8899165531760406], "b4": [0.8944879993006358, 0.9478996183831009, 0.948963526693717], "b5": [0.9924148917349389, 0.927625424686608, 0.8457208362262034], "b6": [0.08790535518855554, 0.918245640632151, 0.9180406796793454], "b7": [0.07220539451282426, 0.8357909602526697, 0.9272687092250752], "b8": [0.07866931524101081, 0.9504811570880848, 0.8659695578193677], "b9": [0.8853472046735535, 0.9556113600461849, 0.9469715632739834]}