{"b0": [0.3574841386523088, 0.9009742800748727, 0.9872609802390199], "b1": [0.09563242785904758, 0.9456553405272511, 0.8204763228815579], "b2": [0.32675615054820234, 0.9154312643356299, 0.8364595619107508], "b3": [0.289673296485999, 0.8525766658562905, 0.8992492051701235], "b4": [0.8889353455007019, 0.9957931286447859, 0.9183321008147043], "b5": [0.08226121324218993, 0.9808670686604125, 0.9735721992168053], "b6": [0.5902389812887453, 0.9615998592071148, 0.8542827585445771], "b7": [0.3730617468852831, 0.9844227679068873, 0.9957293860995083], "b8": [0.07632314411585087, 0.7091720776135234, 0.860259287593768], "b9": [0.0733678332495809, 0.9555091622556401, 0.9022089510090031]}