{"b0": [0.3139499447817723, 0.9296284007301129, 0.954430286633669], "b1": [0.7537942004759531, 0.9579261145948533, 0.9333427126498463], "b2": [0.37679547016872006, 0.7948769866349444, 0.954273976401984], "b3": [0.7951823094644002, 0.9994667385428396, 0.9304261795285155], "b4": [0.7483888641399946, 0.8492592833592094, 0.8313636705087855], "b5": [0.7292661538044488, 0.903436721068369, 0.8070624906115411], "b6": [0.7920291067517006, 0.953770701323375, 0.9653572753596752], "b7": [0.7418659180902946, 0.9536016256302182, 0.9537539001638451], "b8": [0.35073129099028505, 0.9918464677304218, 0.852951252293326], "b9": [0.8466281244089529, 0.9430210130231375, 0.8977803599462291]}