{"b0": [0.7443864553230729, 0.9317064940638926, 0.9688381730018379], "b1": [0.08219573137037699, 0.9828083470448743, 0.9984400593460846], "b2": [0.6567536004354949, 0.9331866419107838, 0.9419411965539471], "b3": [0.7578282606202928, 0.9736152469733534, 0.8103202528466156], "b4": [0.16937990662108415, 0.968984953796513, 0.9340620951922126], "b5": [0.8423874627653093, 0.9282475480529314, 0.9765004173457186], "b6": [0.9914461308308102, 0.9848028656443397, 0.8252907050984014], "b7": [0.7350354005003136, 0.8609485953560997, 0.8018557740856401], "b8": [0.9858067658666478, 0.8295894224174077, 0.8248157394219463], "b9": [0.3344808177605204, 0.9703436068616087, 0.9827243410577179]}