{"b0": [0.5740874194236146, 0.9940565873131426, 0.9565503687854883], "b1": [0.8328925271387013, 0.9650119629113106, 0.878628146927178], "b2": [0.8748589778018954, 0.9167885344101873, 0.8932200376832374], "b3": [0.1585554315232689, 0.8998090383826319, 0.8995576010020824], "b4": [0.7857650154622696, 0.9810380382189047, 0.8630229101948076], "b5": [0.7158908169240327, 0.8414164717077837, 0.9283757162537476], "b6": [0.3123073911419941, 0.9731281022162463, 0.8860050717214611], "b7": [0.7177706471685981, 0.9465644522221425, 0.8708860120780051], "b8": [0.6034811718381358, 0.9469944497528767, 0.9540691704762749], "b9": [0.2743547511391196, 0.9933732655024958, 0.8990783794263472]}