{"b0": [0.7156461039831984, 0.9006525414694938, 0.9339331344867938], "b1": [0.7791330264884927, 0.9895484151261926, 0.9706565161737334], "b2": [0.01281721186751233, 0.8129405001267179, 0.952887886435275], "b3": [0.7810423554689424, 0.9073027911313367, 0.868097553750877], "b4": [0.013423562183855351, 0.976337400297183, 0.9030531048526568], "b5": [0.7488690652228703, 0.970238282455067, 0.9246148564173357], "b6": [0.7345631457883667, 0.9768144384082186, 0.8724634079401652], "b7": [0.7465444339472515, 0.9771105747233146, 0.8290665802433697], "b8": [0.8818015703633709, 0.9086235583914828, 0.9245842927324972], "b9": [0.8718224175131186, 0.8365502617048196, 0.8239689583909455]}