{"b0": [0.8674716306495941, 0.9891402836378922, 0.8307848515725071], "b1": [0.3593227866375006, 0.9415885622417666, 0.8413473386430279], "b2": [0.7556794749436881, 0.9886513916936547, 0.9181049266347674], "b3": [0.6561023338383246, 0.9885903540666767, 0.8738109039480985], "b4": [0.753800182709399, 0.954600780284874, 0.9832895560050384], "b5": [0.32136092476404166, 0.9953054772281001, 0.9603542813247421], "b6": [0.8492322582515972, 0.9477629183141789, 0.8823149809267525], "b7": [0.016151561989555946, 0.9437564598655183, 0.9017749264664039], "b8": [0.783537321217401, 0.9286546902905104, 0.8207861276794078], "b9": [0.15867265090764604, 0.9346763628436946, 0.8624979047439862]}