{"b0": [0.8937221045306848, 0.8860411049289744, 0.9812427750327488], "b1": [0.871661073698324, 0.9164290150955422, 0.8173448793474215], "b2": [0.9869768202322686, 0.9838138139891417, 0.9328017228529139], "b3": [0.8909746824008424, 0.8900860532702051, 0.9146215632664605], "b4": [0.7585618026400606, 0.8899487736801285, 0.8030957416580863], "b5": [0.28447904194275836, 0.9456875086436924, 0.9395621651483634], "b6": [0.01169024658278757, 0.97801130253232, 0.934009044007922], "b7": [0.384654774392461, 0.9816854811737018, 0.9078521104206986], "b8": [0.9887636526728284, 0.9793221564259631, 0.9443479747584349], "b9": [0.8760605073760891, 0.9092196306583304, 0.8573626349317338]}