{"b0": [0.5890152915489985, 0.9086238452242148, 0.9003621903492227], "b1": [0.0039720806558871495, 0.9773902092373099, 0.8946553654418661], "b2": [0.8551545511684655, 0.9414463955772852, 0.89813036319581], "b3": [0.07523784236816587, 0.9379242280039811, 0.9530181824294691], "b4": [0.8969106205285898, 0.9703442778902653, 0.8020029114010372], "b5": [0.7719386739374573, 0.8146858137170675, 0.914544654811658], "b6": [0.1718327733479736, 0.8974403956255256, 0.9641757256658227], "b7": [0.6189273251017612, 0.9216304255429195, 0.9736481582273981], "b8": [0.89747627452027, 0.8768563769196863, 0.8151088241764799], "b9": [0.11232652551690867, 0.9393827350085445, 0.9244425145491758]}