{"b0": [0.3222388238006506, 0.9482243374116279, 0.8361362840395868], "b1": [0.8904544370475043, 0.96379553708473, 0.890858757457258], "b2": [0.9865533717864226, 0.9805831418060201, 0.8722481014413327], "b3": [0.07772887310858512, 0.924867448922014, 0.8663672103214404], "b4": [0.5686385567572415, 0.9124209501891112, 0.8001592910617447], "b5": [0.848293057435515, 0.9279888061334438, 0.8683309587345094], "b6": [0.3387059071597399, 0.9140583505234197, 0.8039089295643878], "b7": [0.8739838980674507, 0.8842281975397117, 0.8970716879415565], "b8": [0.6613574057098428, 0.740586836473852, 0.9588919884020636], "b9": [0.33715837955492967, 0.9431478344528879, 0.9473581723455688]}