{"b0": [0.1583770645458314, 0.9994276289328752, 0.8239625536965463], "b1": [0.06680053004352887, 0.9909303966547811, 0.8780874682459897], "b2": [0.8744554835038129, 0.8614364698450341, 0.9041616768027483], "b3": [0.8892922151816662, 0.9934345894245069, 0.9011915739285169], "b4": [0.34948338294813114, 0.9591167259854564, 0.8795480930868316], "b5": [0.16461490396930153, 0.9649191327693306, 0.9582477114751611], "b6": [0.3795478044234459, 0.9942506669880473, 0.9017622826783372], "b7": [0.8999696247273186, 0.9234068516136048, 0.8830390152929075], "b8": [0.3278560627547052, 0.9499433463769148, 0.8685234135587308], "b9": [0.6127885999561978, 0.7793448583391015, 0.9757534916789669]}