{"b0": [0.3700522436290201, 0.9271960294317418, 0.8472475630923284], "b1": [0.08487928140384769, 0.9099547136478786, 0.8118966077592711], "b2": [0.9072524927728298, 0.9628656398053563, 0.9826160604050205], "b3": [0.6104599027397813, 0.9593930725535739, 0.8840685033906519], "b4": [0.998393871856884, 0.9740143437530534, 0.9535488578455248], "b5": [0.6238080851497161, 0.96802289276633, 0.9308630094269483], "b6": [0.874773901820253, 0.9323400315749356, 0.9076311506838988], "b7": [0.5975787894228105, 0.8346198649575618, 0.9730856303414818], "b8": [0.6073029102208095, 0.8892213494153567, 0.9167327298813336], "b9": [0.08706574576046604, 0.7861847280453127, 0.8652512149217928]}