{"b0": [0.006135589856727552, 0.9715911405553728, 0.8509262055230475], "b1": [0.06315608908045095, 0.9462484626683286, 0.8202176802939708], "b2": [0.15273283696467213, 0.8570315608207477, 0.8673481289239213], "b3": [0.9877876941648727, 0.9978623069447156, 0.8277219261207432], "b4": [0.3143181242513707, 0.8737737606410052, 0.8556313420493007], "b5": [0.8964200401027053, 0.9461115990183935, 0.8449979603230576], "b6": [0.5600611379953266, 0.901814016669196, 0.8064721875013143], "b7": [0.020747462811047543, 0.9369736198527429, 0.9659996585469092], "b8": [0.08429159437297634, 0.9150033803728581, 0.8597411528395934], "b9": [0.01831999379039699, 0.8975187687406085, 0.8893667207173422]}