{"b0": [0.3782756742953587, 0.7890208658440534, 0.8554164551723644], "b1": [0.16671403493476375, 0.9487880268454327, 0.8069330118572371], "b2": [0.6020130361891713, 0.9995960341749123, 0.9887199275951685], "b3": [0.2842066122973684, 0.9458191574541313, 0.9164805584256501], "b4": [0.015237998263924624, 0.850672118846184, 0.8682872096903297], "b5": [0.011829913165334882, 0.9592820136026338, 0.9750743036057239], "b6": [0.15775781489257937, 0.9020995045835982, 0.8619453103337438], "b7": [0.8837631887196021, 0.959591981798923, 0.9088660660802994], "b8": [0.6156321880951782, 0.9269091295741027, 0.8094218431651292], "b9": [0.07123398265515066, 0.8551876289070169, 0.9574452659071426]}