{"b0": [0.3220474800039226, 0.9201542231554893, 0.830768594478377], "b1": [0.7567141064917533, 0.8932434929365075, 0.9037838699900909], "b2": [0.32471034374159413, 0.8699482815931642, 0.944911587206256], "b3": [0.31908752458755774, 0.88980563089933, 0.9604361764154072], "b4": [0.5923007938804263, 0.9603176842863778, 0.9092824669362857], "b5": [0.986932007429154, 0.8863479387795634, 0.8805847553680454], "b6": [0.16479590601269808, 0.989731440558226, 0.9692261870828021], "b7": [0.9922094902014535, 0.8190671310103543, 0.8953999841972986], "b8": [0.5946808433103802, 0.9418749368853541, 0.8189425201526623], "b9": [0.37925370845504475, 0.9484479932535463, 0.9778801280771516]}