{"b0": [0.641833634751659, 0.9969116025589563, 0.806229039542147], "b1": [0.3240214626448962, 0.9980655646044855, 0.8782171882857966], "b2": [0.9952724285895701, 0.9722295179288661, 0.8970214085247235], "b3": [0.6241702730939385, 0.8386247736367389, 0.9336677888056951], "b4": [0.9966613622586291, 0.9578172560545312, 0.8921999942621028], "b5": [0.9909600312465188, 0.8972342503703943, 0.8436113255612789], "b6": [0.09250238581345936, 0.850169536401846, 0.87968207886856], "b7": [0.886755311489449, 0.9222971642222927, 0.9423118968985116], "b8": [0.6107714283866267, 0.9546003758526076, 0.9216214120373867], "b9": [0.5558444081932437, 0.7977796031620639, 0.9071911658592652]}