{"b0": [0.6267347443996983, 0.8810956540016625, 0.8406221998638448], "b1": [0.9973042705663709, 0.9781431111660411, 0.9357939352461289], "b2": [0.6538243813108632, 0.9611019554072455, 0.9527116577284201], "b3": [0.6421613039815768, 0.9640794663114376, 0.908336039309184], "b4": [0.9896106638311513, 0.9646995877974159, 0.9670883114483402], "b5": [0.5710059081224336, 0.9180241436139702, 0.933232652325656], "b6": [0.6069038889975489, 0.9928329166670591, 0.8803389711023464], "b7": [0.599016397974, 0.9496749554651496, 0.8884647977469113], "b8": [0.6461988654456198, 0.8017598346761351, 0.8766783887185592], "b9": [0.9916357967232419, 0.9732402008272973, 0.8652112351534187]}