{"b0": [0.5300669542797075, 0.9303805264471682, 0.9690751381573961], "b1": [0.5999290114478208, 0.9901979337309509, 0.8968180200221686], "b2": [0.06493125060108888, 0.9817547585100732, 0.9254159207527889], "b3": [0.8368936304463097, 0.9040817699358774, 0.9336886119793479], "b4": [0.6212617508109602, 0.7813616649912595, 0.8517631041259306], "b5": [0.6156831928777958, 0.931652470044746, 0.9630320455343114], "b6": [0.0009727251783777868, 0.7485316239141823, 0.8062495401320825], "b7": [0.020783785237137607, 0.8822431773719731, 0.8936877686263996], "b8": [0.8930457632101081, 0.9363885394319325, 0.9275823297748854], "b9": [0.9959551112216763, 0.8183201294912403, 0.9462471292192156]}