{"b0": [0.7608854217571606, 0.9600265016684953, 0.9829942918644268], "b1": [0.028971071975811807, 0.9103013849997094, 0.8650807811405545], "b2": [0.6648673502603334, 0.9862917866777066, 0.878764309305281], "b3": [0.984381875193967, 0.9691427933913088, 0.9187270758643371], "b4": [0.5454559760129005, 0.9757512056580164, 0.8583074381512671], "b5": [0.8516606045332678, 0.9955394476815779, 0.8780853695508378], "b6": [0.7396898360996154, 0.733689932471617, 0.8437235031156024], "b7": [0.6714115121526905, 0.9647489277322165, 0.8559274292822701], "b8": [0.3413527365974013, 0.9202613230698776, 0.8787300988071545], "b9": [0.03360917537045884, 0.9727020141293345, 0.8627904937505357]}