{"b0": [0.5651936820571752, 0.9929980841618412, 0.8203835228573696], "b1": [0.002687420201074014, 0.7588688516279863, 0.8723958241771307], "b2": [0.10474764355461977, 0.8558137788067599, 0.8622318207421849], "b3": [0.011983430722503819, 0.9346286748886269, 0.933871913836091], "b4": [0.9931030877410003, 0.9099943292807317, 0.862298044575755], "b5": [0.5590507763566223, 0.9665627883792416, 0.918429104419018], "b6": [0.858759255285762, 0.9329449050078787, 0.8946891954589933], "b7": [0.664329298485929, 0.9178121062785461, 0.8454764484039947], "b8": [0.6124354998609796, 0.7218665578975327, 0.9491240864552004], "b9": [0.017218985773432085, 0.8880015626755237, 0.9789685138045091]}