{"b0": [0.3171866963851433, 0.8197722371039251, 0.8869559169973138], "b1": [0.3062676710923444, 0.8717240479394026, 0.8629104301324481], "b2": [0.735845299781254, 0.9251121310282143, 0.8040501493113978], "b3": [0.7455152506066283, 0.9981621090469314, 0.9433076492649434], "b4": [0.7203097555366107, 0.8977685881888054, 0.9858242315177573], "b5": [0.014459386668479885, 0.8503001197602117, 0.8558252796244057], "b6": [0.7315087705255143, 0.9617787044802938, 0.8185949650645142], "b7": [0.005076628320123563, 0.9589715360741693, 0.8724092770521855], "b8": [0.9964117676486585, 0.9434389523351996, 0.9056468203895943], "b9": [0.7693637679388862, 0.8653826643310571, 0.8285787989380182]}