{"b0": [0.7299251436995081, 0.9481602469018281, 0.8970087360957713], "b1": [0.6996479143259332, 0.9225832862556836, 0.8754373127457704], "b2": [0.9958799289560528, 0.9826151788702944, 0.9565270899342857], "b3": [0.7558653756811213, 0.950292973562086, 0.8480001762247631], "b4": [0.002482194140003186, 0.9920634529573519, 0.8204563953144105], "b5": [0.014608517234409129, 0.9743814257355278, 0.8079346349251904], "b6": [0.7260658115485491, 0.8533594226749541, 0.8876357845847095], "b7": [0.9773733745596082, 0.9894481120586828, 0.9774270555689646], "b8": [0.7609153787453182, 0.9446087615003674, 0.9317808559313595], "b9": [0.9152489707155536, 0.9825324939629894, 0.9205539101253608]}