{"b0": [0.8321846421111502, 0.8535741705485694, 0.9437186659993213], "b1": [0.8137490762105967, 0.9125419189086647, 0.9416241743446817], "b2": [0.7379778332547605, 0.9723180564610352, 0.9792015644588699], "b3": [0.8765114963247291, 0.9516820217060078, 0.9952753710075645], "b4": [0.15048335727458637, 0.8779427786997863, 0.9568696922671571], "b5": [0.7268974906622622, 0.9542191562319503, 0.836576689323105], "b6": [0.7934640299171929, 0.9446000697572885, 0.9867581156682429], "b7": [0.6237221346316774, 0.8871267974659283, 0.8301551657198525], "b8": [0.7436465759000486, 0.9787271602385554, 0.8272614126815867], "b9": [0.08487904511182019, 0.979263686543378, 0.8963588537072883]}