{"b0": [0.06979438716545934, 0.9236571285440698, 0.8868319870354558], "b1": [0.6409026001082319, 0.9157182088219473, 0.8210802788838696], "b2": [0.7992832529831783, 0.9607615914910234, 0.9394456814785015], "b3": [0.1553438303347644, 0.8932000775127079, 0.8571457515253869], "b4": [0.1648876792516128, 0.9522756053240221, 0.9146911186936567], "b5": [0.15904337007512775, 0.9487904921611536, 0.9546975523003508], "b6": [0.7415170104900056, 0.9020760203372232, 0.8541852235392139], "b7": [0.7393547912574302, 0.9449927235480946, 0.8833275162669425], "b8": [0.7646633472701534, 0.8322534554849619, 0.8355921094298873], "b9": [0.7395980687783623, 0.9190977403671416, 0.8660413344507779]}