{"b0": [0.7463913872064535, 0.914152952561619, 0.8274857530009367], "b1": [0.06380253237633865, 0.997158892685155, 0.8497161941517959], "b2": [0.16683827578292637, 0.9681008476067544, 0.8579896053810936], "b3": [0.16426435666601358, 0.9212121690277253, 0.9815428471524262], "b4": [0.09336904833247042, 0.8765083621680786, 0.8714598460275349], "b5": [0.9977373021743051, 0.9646057390789433, 0.8373295967232351], "b6": [0.7306749090667277, 0.8502994901279537, 0.8074088215817236], "b7": [0.7905636026409671, 0.9773460097998478, 0.87885619182284], "b8": [0.7482473413074427, 0.9102955587192035, 0.8733756846402362], "b9": [0.7729827761440831, 0.9753406089967744, 0.9650391731353669]}