{"b0": [0.7276686341526535, 0.9381688775579229, 0.9207361231561394], "b1": [0.7430349857095997, 0.8423686166890909, 0.9214928993255372], "b2": [0.16379534860910083, 0.739548774888945, 0.9229840970156842], "b3": [0.17083145240620837, 0.9840373331824881, 0.8109631405846855], "b4": [0.1577246068968245, 0.9164180676576117, 0.8036203276200921], "b5": [0.8725947358827625, 0.9686643480410406, 0.9397405517254276], "b6": [0.08853509489142365, 0.9311257130547088, 0.833056290411259], "b7": [0.693446471315058, 0.9868340998828046, 0.812033004441922], "b8": [0.7325451127116751, 0.91925895660378, 0.815427114441375], "b9": [0.7288383405439371, 0.9640509031697809, 0.893269298276364]}