{"b0": [0.16470617312286817, 0.965933448205108, 0.8511837264974355], "b1": [0.6235374317465198, 0.8650763926136489, 0.9849564500154601], "b2": [0.15596473170091574, 0.960878220554214, 0.8288092282913716], "b3": [0.01294399394757329, 0.8269702394039397, 0.9373574937561608], "b4": [0.7401849714717964, 0.9344493255454955, 0.8810464590477823], "b5": [0.6062653019565025, 0.9443597951695832, 0.880092497659614], "b6": [0.8042396688546326, 0.7676757471147175, 0.9853205066259997], "b7": [0.29264187575227807, 0.9749067152590889, 0.9606354991565973], "b8": [0.162062335602394, 0.9584621096601367, 0.8750439463717352], "b9": [0.5639229851622061, 0.9298798473195967, 0.9263018067226654]}