{"b0": [0.973067847668904, 0.986994129848099, 0.8121724577366676], "b1": [0.6324062881311885, 0.9090827249165545, 0.8742160014387365], "b2": [0.8756057742331922, 0.9425809403808455, 0.8428950593206038], "b3": [0.16591482179080355, 0.8489841690788792, 0.8252990766082494], "b4": [0.7280514695268439, 0.91697344965633, 0.9135547528468214], "b5": [0.05463583519939975, 0.988379849984786, 0.8042786717459112], "b6": [0.6160498921684523, 0.9505678873783503, 0.8977362729029568], "b7": [0.5485110487679762, 0.9873267941019658, 0.804342627234313], "b8": [0.16057122979365265, 0.9821376927000351, 0.9171984933632789], "b9": [0.15373416748806032, 0.989261371711787, 0.8769743952023639]}