{"b0": [0.15629067418741102, 0.8697531489616276, 0.8181495704741226], "b1": [0.6366014310716787, 0.9876116693567135, 0.8505731770221581], "b2": [0.1011572347662456, 0.8339558748796142, 0.9581396313313533], "b3": [0.6132300116482103, 0.8064250484225703, 0.8960358922541412], "b4": [0.32462947161988365, 0.791550348213809, 0.9099039028203277], "b5": [0.6040635604632643, 0.8954398629316584, 0.8417919044324662], "b6": [0.7294977825352332, 0.7690648720608436, 0.94618678108973], "b7": [0.1708451128748944, 0.9917156531063395, 0.9913027712659357], "b8": [0.16667767725457636, 0.9299076762857795, 0.8258128994925049], "b9": [0.8595813694137281, 0.8185745380661956, 0.9117521517943475]}