{"b0": [0.760016003343073, 0.939423657160668, 0.9598195682330629], "b1": [0.15873532997120943, 0.8786449661762827, 0.8359597281996856], "b2": [0.769602930305628, 0.9805195120067701, 0.9196741697878111], "b3": [0.7430511609946602, 0.8720465671776028, 0.9132850583693147], "b4": [0.08427093137164209, 0.9336013364456932, 0.8138605583782937], "b5": [0.7586681141918379, 0.8525453487924353, 0.8686475302218253], "b6": [0.3226793470199396, 0.9238787310559008, 0.8059569256030565], "b7": [0.0575216382732864, 0.8986904335573329, 0.9018966125613342], "b8": [0.014822246892562112, 0.9870187546003625, 0.8283087585140763], "b9": [0.6138987297278551, 0.8742473382554653, 0.8475339041249919]}