{"b0": [0.9969739741786051, 0.8782705650797784, 0.8918768505365919], "b1": [0.3635275685922466, 0.9982880949729029, 0.8305760269638884], "b2": [0.29833474202862326, 0.9983153978809293, 0.8019374805819846], "b3": [0.16158836945196225, 0.8074588691264017, 0.9059019468989594], "b4": [0.34103047543513226, 0.9826259055267924, 0.9710571337600536], "b5": [0.8911490418145251, 0.9509151602464111, 0.8777855232425036], "b6": [0.33898366949292713, 0.8657002558648499, 0.9385980259995581], "b7": [0.3328662820231127, 0.9871925592974441, 0.9549835768121617], "b8": [0.8624580170718618, 0.9459297507440583, 0.8187977275080192], "b9": [0.16686411927149386, 0.7710560213866855, 0.8331292048046205]}