{"b0": [0.9659690039497513, 0.967639812635471, 0.9334118093079725], "b1": [0.0010616912615222366, 0.927058697863716, 0.9477706019420091], "b2": [0.08691877512770503, 0.8786494820855515, 0.957795826746829], "b3": [0.5555212369226947, 0.9645333962133471, 0.983772627736165], "b4": [0.5818226452806531, 0.9024793939941123, 0.8920361430720217], "b5": [0.017735376626583255, 0.8877795233212308, 0.8315644706689214], "b6": [0.6396297243413517, 0.9249316685840974, 0.9207610449851571], "b7": [0.9963175630532228, 0.9198182562542923, 0.8811029115005815], "b8": [0.03084666046319888, 0.9967954318367621, 0.9407058747483474], "b9": [0.9907915520126593, 0.8905418853886319, 0.8465544544465219]}