{"b0": [0.10241297572689226, 0.9388896308016986, 0.9878909301924307], "b1": [0.9043495859097581, 0.913141197034153, 0.8912958620584714], "b2": [0.8540511431556979, 0.878676222119542, 0.8689356350678188], "b3": [0.34684504170960634, 0.9938498952752697, 0.8617237833377451], "b4": [0.7457781543433275, 0.9412559857829522, 0.8488755067596118], "b5": [0.09792219352783983, 0.9849875579314157, 0.9869983583904116], "b6": [0.0896546341104072, 0.9921288985203008, 0.9547256917238929], "b7": [0.8475774561203566, 0.851173210788961, 0.814146044486797], "b8": [0.35983890073925545, 0.942378850351592, 0.9226451608955298], "b9": [0.002431221539588769, 0.9632365221176578, 0.8666556052381503]}