{"b0": [0.10711942450451845, 0.8970535526972081, 0.8319940550471031], "b1": [0.09496676092401707, 0.9232230625069662, 0.9955965982109944], "b2": [0.6164974271372975, 0.7805496031953476, 0.9231809107530907], "b3": [0.9794826521467952, 0.9791231309245474, 0.8735366308877485], "b4": [0.6654085670603581, 0.7908705685676028, 0.9656549464947257], "b5": [0.36632464709121015, 0.8824525576016141, 0.8245252660769248], "b6": [0.0037221237291557656, 0.9055012910265623, 0.9174674122217883], "b7": [0.35633466101122296, 0.8663523582032103, 0.8218424181315492], "b8": [0.16215182455816313, 0.9430834126766489, 0.8378182278044047], "b9": [0.5842262279974448, 0.9546670288807377, 0.9012315117245256]}