{"b0": [0.3681901590193227, 0.950625556802763, 0.8058601809907993], "b1": [0.16327953677434043, 0.9506911486635665, 0.968695195055855], "b2": [0.8378843145279022, 0.8522361350050248, 0.9263988481261244], "b3": [0.2882137963595175, 0.8877315154499266, 0.8318982418118672], "b4": [0.9977500653964824, 0.9812597256759517, 0.9313921533816744], "b5": [0.6086272841793289, 0.9263010230807072, 0.8165643977511181], "b6": [0.0653118270435529, 0.866589338769314, 0.8601522602633799], "b7": [0.6827479376983532, 0.9313029204415263, 0.8709005088111642], "b8": [0.021365254627047966, 0.9459393001850698, 0.9894009622916066], "b9": [0.07599522452943293, 0.9468733221392521, 0.8143051203477945]}