{"b0": [0.9993799705479417, 0.9935021780219239, 0.9248060790578753], "b1": [0.35753224562907904, 0.8740877834211713, 0.8776979810862054], "b2": [0.7396629992898756, 0.9205669175125348, 0.9942085462714231], "b3": [0.5922448733312076, 0.9240121905405355, 0.9496915859623434], "b4": [0.05313993976528877, 0.9315735104895831, 0.990706337314355], "b5": [0.6302114298345844, 0.8910180980594642, 0.8392481248479717], "b6": [0.7252223119929155, 0.990356797487858, 0.8104068133390235], "b7": [0.7285733983442547, 0.9345194364609237, 0.926865524103534], "b8": [0.08737038002897862, 0.9593378230502799, 0.8011184398182681], "b9": [0.8838053676261537, 0.9635425114564427, 0.9341431900461322]}