{"b0": [0.09871482043406099, 0.8065358972337338, 0.985365421140437], "b1": [0.7581074494500945, 0.9500653016176749, 0.9262006439043324], "b2": [0.5815284506295127, 0.8458105606578096, 0.8944379923067673], "b3": [0.009277251180295001, 0.9925202928193678, 0.970336349743349], "b4": [0.5689777693680953, 0.8469986702274496, 0.9941624032021322], "b5": [0.15920005791037814, 0.9985296922849624, 0.9613375159067972], "b6": [0.32141569604646913, 0.9747019808662472, 0.915806439060379], "b7": [0.6301168301968886, 0.9094768967351894, 0.8615876329903641], "b8": [0.07756603465016773, 0.8980372597671915, 0.9904356410662141], "b9": [0.09422244560089048, 0.844036190021055, 0.8660605652824498]}