{"b0": [0.0011091354400919386, 0.9918445576394871, 0.8316554566526804], "b1": [0.09346732815622748, 0.8719205450691541, 0.8830029543273707], "b2": [0.6264278386954943, 0.9219969104187465, 0.9744161879971128], "b3": [0.15961274088131985, 0.9561540261368542, 0.849593238939462], "b4": [0.7432720513655443, 0.9897514582656656, 0.9116381015387858], "b5": [0.9912285757995278, 0.9311986534670064, 0.9043315059688076], "b6": [0.1544231386153459, 0.9578163744463766, 0.9905986160808833], "b7": [0.5765897599258678, 0.9433377468081072, 0.8817086091236416], "b8": [0.3630845246636795, 0.984299662369156, 0.8737964899537226], "b9": [0.10940338076628768, 0.9820473935979726, 0.8899920918286515]}