{"b0": [0.0732879358288967, 0.9505275742280247, 0.8761481340081707], "b1": [0.34142071573601757, 0.9095432854002274, 0.8336348768314292], "b2": [0.9139118112164759, 0.9449883664054427, 0.9685067706824568], "b3": [0.9182685703549756, 0.8682445217323577, 0.8697172985627006], "b4": [0.64604148596697, 0.9603224495925528, 0.9519048380338418], "b5": [0.3070572694764483, 0.9509476079899418, 0.822139333186806], "b6": [0.5446550368788519, 0.7971869666856499, 0.810875513717707], "b7": [0.6302031912871742, 0.9859111708889152, 0.9691058666326943], "b8": [0.5675155453392164, 0.9414426316681747, 0.8847288372252555], "b9": [0.06160740706686121, 0.8877278156908005, 0.846420371968383]}