{"b0": [0.15488915357504518, 0.9212953951165674, 0.9241148055424389], "b1": [0.8645004130690066, 0.9542145761005136, 0.9046335061338027], "b2": [0.10840164079712539, 0.9372448700247159, 0.883265952282279], "b3": [0.3199511062222249, 0.9464950175421302, 0.8977570357434038], "b4": [0.6511434241674917, 0.9691574614179075, 0.9065544979015301], "b5": [0.11822482565039769, 0.9868567250909508, 0.9073417056667862], "b6": [0.056979349217628955, 0.8695552254038043, 0.9791716092612569], "b7": [0.07557750777408816, 0.8377529624567565, 0.9989194694276736], "b8": [0.7243653488405694, 0.8405808832538654, 0.8335172958753927], "b9": [0.011646453382384481, 0.9696990755971501, 0.9647273768224711]}