{"b0": [0.16844704397792218, 0.9661835458775139, 0.9964118202237899], "b1": [0.9914512865400966, 0.95037892409695, 0.8443979741675346], "b2": [0.15936887206572162, 0.9664953155417995, 0.8810009973026058], "b3": [0.06399188435610093, 0.8715524616603326, 0.8169014809216099], "b4": [0.08366143951514127, 0.9836274578954606, 0.9859752237954491], "b5": [0.5679794383937686, 0.9533534707441745, 0.8874797877149229], "b6": [0.7789547391860921, 0.8938915739055271, 0.9056102456595321], "b7": [0.07448893957280997, 0.9221038929182102, 0.9882069421635424], "b8": [0.9925351528870359, 0.9725514408670901, 0.9858391382882723], "b9": [0.9933371506205816, 0.7606771725285759, 0.9183537583653131]}