{"b0": [0.786541112909202, 0.9493412796835079, 0.9942165099234004], "b1": [0.6637171635545103, 0.8563695346634546, 0.8454102104753144], "b2": [0.6951644348634883, 0.9161176969310927, 0.8622024292638955], "b3": [0.0660156016226717, 0.8731313977120955, 0.9015525175890808], "b4": [0.16053211722083682, 0.9541708511081793, 0.9468539395172135], "b5": [0.17053727266882068, 0.9454596819456637, 0.859338723106924], "b6": [0.7153696460419323, 0.917183220633003, 0.8943092712239347], "b7": [0.72566770395633, 0.9784362288611104, 0.924812704968852], "b8": [0.84995148652355, 0.9609173090046852, 0.8193925219525472], "b9": [0.14594268886347522, 0.9998502413118473, 0.8338622092322799]}