{"b0": [0.7417903943634488, 0.8914406264482838, 0.8522627885161491], "b1": [0.7246502319135391, 0.9610657922484397, 0.8376044274285576], "b2": [0.7538805944658568, 0.9328715039189082, 0.9772684076162282], "b3": [0.09523909912383453, 0.8604490108905156, 0.8997331914744088], "b4": [0.8238324211301533, 0.8561535461590158, 0.8415321676503058], "b5": [0.7732010827807327, 0.9705992427144978, 0.9089216888164157], "b6": [0.08753296731787046, 0.9804613950156135, 0.8718789415816627], "b7": [0.7340953431450061, 0.984999519631511, 0.8419346891973157], "b8": [0.7643385178918076, 0.9737084125761869, 0.9719113114569272], "b9": [0.15372351940878592, 0.9602864254225895, 0.8742668032927231]}