{"b0": [0.9242308009979449, 0.9074727441425127, 0.9093024226121549], "b1": [0.8948705795043961, 0.9947716143466288, 0.868536894632455], "b2": [0.9126056404174148, 0.9706527262552239, 0.9457977964513604], "b3": [0.07980236258084633, 0.8667065240541285, 0.9302751338499279], "b4": [0.835496702321451, 0.9934833229763325, 0.970184071378605], "b5": [0.9272391437695081, 0.9953217710884332, 0.8573994427336643], "b6": [0.07140362773658128, 0.8914235048651625, 0.8127797251930113], "b7": [0.012193942884896019, 0.664183117994504, 0.8366762730786107], "b8": [0.1626467984866559, 0.9612504737949393, 0.9461183060734096], "b9": [0.16772924079559373, 0.8692021092286295, 0.8657392954202363]}