{"b0": [0.17999193979817052, 0.9969290859437734, 0.8518202377106977], "b1": [0.707831412449935, 0.7875278740968962, 0.8067977808590912], "b2": [0.7807884294630218, 0.9336931473906509, 0.9110965539869978], "b3": [0.15443796209530275, 0.9171392231837544, 0.9022363714293106], "b4": [0.7481070840123588, 0.8913085151220741, 0.9339165886671004], "b5": [0.15627743216268966, 0.8488988209237819, 0.9047170403626], "b6": [0.7292272788567441, 0.9121362324891357, 0.9782649316652862], "b7": [0.8662612785413448, 0.9506721967964299, 0.8512977454355323], "b8": [0.15816813713034691, 0.8247646544477335, 0.9984430031115368], "b9": [0.7505580080055797, 0.9406369024678568, 0.9863010204490692]}