{"b0": [0.16044599221211758, 0.908668551496846, 0.8116868204080907], "b1": [0.749442955597803, 0.9854170065826625, 0.9463042568428374], "b2": [0.7136660221899398, 0.9859425242580115, 0.9178443293941525], "b3": [0.7472793158054004, 0.9708508969628855, 0.9510055587224884], "b4": [0.1584549177025512, 0.9532848083335904, 0.8614213303972934], "b5": [0.7155390556323199, 0.9691622783121627, 0.9879559431374001], "b6": [0.8826812299899933, 0.8711944025110059, 0.9012488774241518], "b7": [0.10059281761887602, 0.9282933560205587, 0.951137865537482], "b8": [0.07073110332728923, 0.7880227681918643, 0.9211459352359356], "b9": [0.7844017695865508, 0.9517353951127897, 0.816552755600209]}