{"b0": [0.3380208642696285, 0.9820379783753123, 0.8455196817390851], "b1": [0.7525352479766214, 0.9718657803227585, 0.9569776522408897], "b2": [0.002110733900357145, 0.9124947438592579, 0.8574732016029039], "b3": [0.07646878015706603, 0.895848955596044, 0.8662860026280605], "b4": [0.7343329183747269, 0.9886453022600449, 0.8648499716400906], "b5": [0.7588414951059806, 0.9811470012997026, 0.9686802893448926], "b6": [0.7348514074469378, 0.9640199488325493, 0.8695143408245047], "b7": [0.6660155050973955, 0.9265813924880498, 0.9747195860903258], "b8": [0.08632392152590458, 0.8776783045464547, 0.9494571995318598], "b9": [0.575891691348371, 0.9429537775338571, 0.8012662045096772]}