{"b0": [0.7543679839950559, 0.9724722389037309, 0.8758860641353436], "b1": [0.16497541589195872, 0.9103320352334536, 0.863716298088533], "b2": [0.7341731271310304, 0.995737170514355, 0.8340580809589625], "b3": [0.7738438652242298, 0.9230000061877575, 0.9023736174422701], "b4": [0.017004302928135807, 0.9659483524229454, 0.852505789572281], "b5": [0.8697056923349286, 0.989296638506177, 0.9812031766987432], "b6": [0.758955154710576, 0.9157348585609857, 0.9043357933704214], "b7": [0.5640134424424506, 0.9057909136266591, 0.938060848389099], "b8": [0.08226340900287496, 0.9081124268368616, 0.9706133362296488], "b9": [0.741990004690031, 0.9402186506561211, 0.8731535535748463]}