{"b0": [0.018469387734770363, 0.9475728661203278, 0.8701308331310875], "b1": [0.16948780120082663, 0.9094928738396214, 0.8743062167348851], "b2": [0.6671183709772296, 0.9357405322517536, 0.9241925173990893], "b3": [0.7480906716959229, 0.9820407766175563, 0.8298519997111484], "b4": [0.07922759011781652, 0.9177864966599352, 0.8621921283556414], "b5": [0.16058532915566187, 0.9993012809006399, 0.9381111581069586], "b6": [0.597449689749252, 0.9587559805027581, 0.888920587329325], "b7": [0.5181731259828344, 0.852286109454284, 0.9573454346589668], "b8": [0.1647262851978969, 0.8800551472479063, 0.9531153382438999], "b9": [0.15322436616618101, 0.9631595861315371, 0.9507241549516118]}