{"b0": [0.6162000118369734, 0.9183247832257625, 0.941982860180448], "b1": [0.30253632803517616, 0.9116755204745611, 0.831902905242816], "b2": [0.34022273124314084, 0.9943687899883887, 0.8417178835251505], "b3": [0.8782033368035259, 0.944302986629063, 0.9190948679795585], "b4": [0.32420585970907145, 0.9512551279862543, 0.8657831446328396], "b5": [0.6349838965794716, 0.8652538048819328, 0.9615157947018885], "b6": [0.33260096187827093, 0.9484318340306822, 0.8033264847294879], "b7": [0.16164791125521347, 0.957600010491341, 0.9994176119430952], "b8": [0.16785958108692603, 0.8581968514153373, 0.9377152153611289], "b9": [0.5805603080266986, 0.850696889259153, 0.9507453345830404]}