{"b0": [0.3079031455888536, 0.9184366540071227, 0.9346272118266381], "b1": [0.9967462988542656, 0.8912487399530675, 0.8273720019240568], "b2": [0.2912051260265715, 0.926587770064678, 0.9955792964550819], "b3": [0.0011666992966417476, 0.9735911502296184, 0.8619097562380875], "b4": [0.36811136164822605, 0.8231494517525948, 0.8868766432449146], "b5": [0.018180565412585333, 0.9517812138799274, 0.9043035290365442], "b6": [0.403926145414315, 0.9099921911595981, 0.9070444344797199], "b7": [0.03373602895845826, 0.969111333265028, 0.9818599253937673], "b8": [0.3338771676060429, 0.8668067768841613, 0.8800030323175742], "b9": [0.9853990703883767, 0.9704603219707973, 0.9727892265373126]}