{"b0": [0.07630562498184564, 0.9219610189443341, 0.9533219090563558], "b1": [0.9814804861432401, 0.9925246045421668, 0.9378157351984767], "b2": [0.0019455161438785174, 0.9695717078344935, 0.8947392552693336], "b3": [0.009706757717500474, 0.879340748004676, 0.8609875478754172], "b4": [0.008323355728178241, 0.9885588457320946, 0.8069727512565893], "b5": [0.3036243726568316, 0.9739879768016988, 0.8346080514346496], "b6": [0.09647263674739451, 0.913452128485836, 0.8130081918647796], "b7": [0.7154055215165469, 0.8067632351593739, 0.803358413430216], "b8": [0.28712789292315927, 0.7932607295943293, 0.9185568713620386], "b9": [0.35125818569672596, 0.9017032164132495, 0.8016105615899969]}