{"b0": [0.0031573986221230103, 0.8602823443543771, 0.8190367595826143], "b1": [0.3198512266062409, 0.9720578503453038, 0.8936797429939496], "b2": [0.06824576076183193, 0.963991686151768, 0.9453098345318832], "b3": [0.33919918617182937, 0.9657825469872098, 0.9698749251261947], "b4": [0.020557686900609454, 0.9135162993259853, 0.9400609201199601], "b5": [0.3077100538379952, 0.8607616472950071, 0.9097389848593196], "b6": [0.00470038272831625, 0.9910262833519202, 0.9023338637435161], "b7": [0.36053919073938945, 0.9242302340542808, 0.8925631475673199], "b8": [0.32611051084033105, 0.9769535580965, 0.9866929017241028], "b9": [0.02951020379405763, 0.8558029624728692, 0.8113525859524473]}