{"b0": [0.1653121602730979, 0.9012439049336544, 0.8163759178477994], "b1": [0.9750783205882396, 0.896237540166992, 0.8745107315056297], "b2": [0.31226229148673457, 0.952539879114007, 0.8956034289480818], "b3": [0.15978565481271428, 0.8881940929870611, 0.8383699242432325], "b4": [0.33932533493652123, 0.8638557657901282, 0.8193104949125096], "b5": [0.7583119094138729, 0.8068778482724642, 0.9820170475376304], "b6": [0.29327338126298597, 0.9477102548094569, 0.9698386991727745], "b7": [0.3042908759842007, 0.8780278589024023, 0.998433431160058], "b8": [0.9949859831331217, 0.9772231872029055, 0.9083763787293787], "b9": [0.10333644722088633, 0.8864031791924561, 0.8273726207187194]}