{"b0": [0.07270132558468091, 0.9098201916468689, 0.9331132848678152], "b1": [0.9995337471985644, 0.9823940038660334, 0.9029141226711104], "b2": [0.34626930907460723, 0.962327903966425, 0.9591609747073915], "b3": [0.008220675202763318, 0.8718387938198049, 0.9456791962130311], "b4": [0.07816651473761196, 0.80276878052769, 0.9644799411399133], "b5": [0.06902852666730477, 0.8848700071417877, 0.8021671569969975], "b6": [0.3717254588834971, 0.9188966019875664, 0.8734119021489384], "b7": [0.005615761774436825, 0.9730394421116082, 0.8498001942880599], "b8": [0.3002690552814672, 0.9352442114110728, 0.8527293007884059], "b9": [0.15873004970449786, 0.9865714306485566, 0.9588559993671941]}