{"b0": [0.11252064699145536, 0.9136752894639002, 0.8214822663599357], "b1": [0.8433764980971322, 0.8714488089475475, 0.8648211175297371], "b2": [0.7392118882534378, 0.9482902230679804, 0.8445452577531708], "b3": [0.001583853288646917, 0.9616378118481554, 0.9752783699560478], "b4": [0.9737719177551852, 0.9740213576012466, 0.995984275782033], "b5": [0.06922186137978742, 0.8380534268584492, 0.9086836496368628], "b6": [0.0005702553897278033, 0.8148839742643087, 0.9008224873133657], "b7": [0.3504105547846247, 0.9035051417263357, 0.889958908352848], "b8": [0.07472585019252057, 0.8802989656172122, 0.9123076823868977], "b9": [0.16028918000568018, 0.8495282724030767, 0.9904972756285615]}