{"b0": [0.7788760143436589, 0.9444244862670422, 0.8221698472751029], "b1": [0.31942582122416013, 0.9350447799894295, 0.99891264889765], "b2": [0.6941797677240088, 0.9451611397881584, 0.9284601496796183], "b3": [0.08491282733628992, 0.5385464255051261, 0.8693684658708892], "b4": [0.1568253561713289, 0.938256434894923, 0.9218534433290596], "b5": [0.7216016470922522, 0.9067402516675642, 0.8517185023275978], "b6": [0.6009960964342848, 0.9827247457693773, 0.8508065713719073], "b7": [0.6514238383491999, 0.9674885495025234, 0.9549325795814074], "b8": [0.1690149729525353, 0.9623894425625015, 0.9217953929598324], "b9": [0.16560359902145236, 0.8695975669239648, 0.9583800265147723]}