{"b0": [0.00405111290729738, 0.9211459446226411, 0.8836300568414847], "b1": [0.31164409782033436, 0.8549675821957504, 0.8661405504262185], "b2": [0.9917121314095215, 0.9600839230887227, 0.807900530138015], "b3": [0.7404055958420119, 0.9394242810687665, 0.9308417450878379], "b4": [0.36606160000123444, 0.9450709126454012, 0.8873218346493931], "b5": [0.6269332733671837, 0.8621609935518686, 0.899329411870255], "b6": [0.6183759038070415, 0.8185652099799564, 0.971277962655634], "b7": [0.7366595652171684, 0.7787477775340963, 0.8862674306409797], "b8": [0.7303414062797188, 0.9770097255992476, 0.8275936528190829], "b9": [0.7323115882479654, 0.9001655761382235, 0.8462749781712955]}