{"b0": [0.15779651538551565, 0.9393122045204899, 0.9162003248531363], "b1": [0.6426372293991343, 0.9387375346847695, 0.957163851153489], "b2": [0.15748175929901267, 0.9730426120794337, 0.9986623613521782], "b3": [0.08434554969607962, 0.8594514660843697, 0.9924972539084002], "b4": [0.07814504644537289, 0.9295223555698517, 0.9723134133528646], "b5": [0.07327099988917968, 0.9682440217027569, 0.8479020028604087], "b6": [0.16031719626280566, 0.8926907139516623, 0.8287190309153013], "b7": [0.7633403586067071, 0.8575233787700469, 0.8362577078932693], "b8": [0.5787726330474904, 0.8994285661470627, 0.9498410490087097], "b9": [0.3072651590086298, 0.8781359079660959, 0.9379732405579945]}