{"b0": [0.5947822522703301, 0.9647955483050141, 0.9903599651976984], "b1": [0.32047178399646065, 0.8783414910928863, 0.9406610982646186], "b2": [0.1695396447521173, 0.7891899413764517, 0.8972153838029493], "b3": [0.16576945672122054, 0.8441799490278409, 0.8454075554484953], "b4": [0.8802326078569671, 0.9706216384092713, 0.8404039634379242], "b5": [0.9898802288554827, 0.9413035883327866, 0.9014843480568584], "b6": [0.30084540005934196, 0.9627181959499431, 0.9056921007329953], "b7": [0.10612854862709602, 0.8775536360257864, 0.814788042539409], "b8": [0.08802768113373581, 0.9977605555217421, 0.9831578038742567], "b9": [0.998083227080061, 0.9747683156932374, 0.8268120754449799]}