{"b0": [0.35655735774546243, 0.9350988205465386, 0.8382652293031003], "b1": [0.35617772668545705, 0.8258208060178999, 0.87042386423773], "b2": [0.5567369657104514, 0.9332061140628198, 0.8474843544987087], "b3": [0.9947239560082111, 0.9922505360909196, 0.9003421641654766], "b4": [0.32025497131409286, 0.9976509433262173, 0.8078865562547023], "b5": [0.5904587014356505, 0.9130542635560487, 0.8818449511861671], "b6": [0.9925443550323771, 0.9503301065830239, 0.8941195275041153], "b7": [0.07076745661822047, 0.833854606027557, 0.890720314605143], "b8": [0.740337916669797, 0.9563189328200222, 0.9879168135732438], "b9": [0.8980515385441064, 0.9944805277368897, 0.919526710405823]}