{"b0": [0.5703882754733756, 0.9584311543741098, 0.8309168099736413], "b1": [0.9850710874592786, 0.7093865696088129, 0.8137184728633247], "b2": [0.570792422388013, 0.9819584431163636, 0.800474110421741], "b3": [0.8881756996912025, 0.9722185113590385, 0.9145091287093442], "b4": [0.9816043184017113, 0.9853047771364731, 0.8789835941386559], "b5": [0.16342902027637798, 0.9221943624960289, 0.8750375690504919], "b6": [0.3933933829676428, 0.8997181441672736, 0.8929356245805945], "b7": [0.16953040022864438, 0.8774178103678808, 0.9049808607531221], "b8": [0.31699017041676286, 0.9656866770582269, 0.8868998913133388], "b9": [0.07893511447573777, 0.9882659083176322, 0.9171743224451074]}