{"b0": [0.15819833735516814, 0.963963170869179, 0.9980108597866655], "b1": [0.16134261326620755, 0.9620326723854125, 0.9997653859552613], "b2": [0.8584286645277764, 0.9198602040815576, 0.8382786563698952], "b3": [0.6122008405459277, 0.9303293815692247, 0.8597336215397484], "b4": [0.3644026988103428, 0.9513582748603028, 0.8893849273502871], "b5": [0.911873750968451, 0.9498719553339687, 0.8824201343790818], "b6": [0.9733693369435058, 0.9132214568623509, 0.8035821963664402], "b7": [0.08919701422002321, 0.9571797656281384, 0.8306081026041813], "b8": [0.35962250938224805, 0.8986992538026491, 0.9831761265397195], "b9": [0.6009170359515874, 0.959951634777859, 0.9745005899216259]}