{"b0": [0.7703654736348888, 0.9492949672065465, 0.9192020497028736], "b1": [0.08394289908419385, 0.8599130436547116, 0.8977273671575138], "b2": [0.08846181223766283, 0.8076134867250414, 0.8451850985687694], "b3": [0.07639065547458752, 0.9480710826960186, 0.9990218452338547], "b4": [0.8730222682989929, 0.9689922820420618, 0.9059776631405378], "b5": [0.8662420353715476, 0.9686247169670772, 0.8191217957927687], "b6": [0.09672722794324003, 0.864304943335258, 0.8027310292435769], "b7": [0.0788961236124902, 0.845735408778026, 0.942081677257542], "b8": [0.7928669862789078, 0.8800884832265343, 0.9690638772648625], "b9": [0.8484819427607592, 0.9464838195050364, 0.814572947995977]}