{"b0": [0.9078227512616212, 0.984173910879798, 0.8055784570712707], "b1": [0.09809953811651295, 0.9725091544834349, 0.9501141074073015], "b2": [0.33631943222282734, 0.9944511678797302, 0.9769002638255292], "b3": [0.812935307008593, 0.8966072872275349, 0.8611117438049942], "b4": [0.09184968310478402, 0.961886785905184, 0.9421911253550149], "b5": [0.8596332150037675, 0.8958224316730693, 0.8190749530926702], "b6": [0.09151526847896134, 0.9161385655768409, 0.8038778246206835], "b7": [0.08238594779674056, 0.8883932751996868, 0.9752193301871981], "b8": [0.07368067652346143, 0.9608971420801277, 0.9990143346900827], "b9": [0.7466429119353909, 0.7666842374273173, 0.8322545194756574]}