{"b0": [0.8831910921389554, 0.929094405561028, 0.8014123813128361], "b1": [0.9043417558261875, 0.9184388557412424, 0.8696108466345198], "b2": [0.8881278702441492, 0.9480814845708195, 0.9300088403256589], "b3": [0.08853141502454981, 0.900200177258698, 0.8575682384192403], "b4": [0.09731363959159874, 0.9107727770154446, 0.9992840384526757], "b5": [0.057954365759747085, 0.8467147036150143, 0.9967739128713368], "b6": [0.07714536167178031, 0.9036055493590084, 0.8837091482912467], "b7": [0.38512120064499505, 0.9247582696111039, 0.9311251106732172], "b8": [0.3116361914952094, 0.8898554942942232, 0.9527698571897278], "b9": [0.11364553704628012, 0.8740889473162232, 0.985028888935889]}