{"b0": [0.08710378721064634, 0.9280540477956094, 0.9919059203641608], "b1": [0.8567137872116483, 0.9618882295226561, 0.9537509377094676], "b2": [0.07228901279635075, 0.9715398927377241, 0.9545897765847766], "b3": [0.08999349027923102, 0.9040648554372218, 0.8450276442026811], "b4": [0.303487948591054, 0.9451001994952263, 0.9948318581701884], "b5": [0.6509376152483631, 0.9551446962974454, 0.8163386390715403], "b6": [0.15612191823061625, 0.7595066772240948, 0.8548460525971453], "b7": [0.09177365440982331, 0.886147840046971, 0.8871718183092422], "b8": [0.31219923437544783, 0.9407013226743756, 0.9868167763880784], "b9": [0.3225938775792525, 0.9427619399232208, 0.8881635072419388]}