{"b0": [0.9418003106036166, 0.9464781637972383, 0.955615741138862], "b1": [0.9833959691934598, 0.9456402227987121, 0.90502922156613], "b2": [0.019083139623401274, 0.9013655200974767, 0.8040377667157069], "b3": [0.8549049010951139, 0.8938897860274576, 0.9781548490836819], "b4": [0.7397289752774608, 0.9142834087429331, 0.9401307030000755], "b5": [0.07635723380836364, 0.9514412281773297, 0.8105148956127033], "b6": [0.8927595666252803, 0.8643273619328171, 0.9107141993167757], "b7": [0.014173661865910278, 0.9178706884960997, 0.9669716537005496], "b8": [0.8856802618631109, 0.8789755905969746, 0.9484746868578797], "b9": [0.15033808930279047, 0.9509881614324165, 0.8341717212414088]}