{"b0": [0.7298731667650634, 0.9294401085047668, 0.9381731836181245], "b1": [0.89376216454605, 0.928890746265572, 0.8859504737324718], "b2": [0.8836038882806274, 0.9429852746236992, 0.9155015177217243], "b3": [0.9702904138279171, 0.9513065837508257, 0.8980154055731379], "b4": [0.7714322059122202, 0.9693322085371305, 0.984833977364865], "b5": [0.007343204972612218, 0.8527146575605912, 0.8749706563893409], "b6": [0.8906812325851275, 0.9889362277039982, 0.8778768276234706], "b7": [0.8851745226759958, 0.8179490542959802, 0.9889397762567333], "b8": [0.0007414635687309486, 0.7546144337874351, 0.8548298924589068], "b9": [0.363874004026893, 0.9085847344398432, 0.8415385116359818]}