{"b0": [0.16767470846654567, 0.9812129634693311, 0.82540695237429], "b1": [0.9821315276935805, 0.9901612814687776, 0.9241307799632389], "b2": [0.15947181772667576, 0.9877190137849817, 0.821097313161401], "b3": [0.1627745170784925, 0.8702120303035425, 0.9381362623499686], "b4": [0.008878168756841127, 0.9815689407854091, 0.8986953829788495], "b5": [0.15987954342106495, 0.9418917046795373, 0.9519836366414013], "b6": [0.1597700724530727, 0.9985551352537653, 0.8760080582812898], "b7": [0.9933799533965002, 0.9095779734676407, 0.9866496626915784], "b8": [0.7905845846912868, 0.9681077807803804, 0.9638768682898526], "b9": [0.16423931893616792, 0.9933202418387371, 0.9692779426353497]}