{"b0": [0.7582412844779806, 0.9830203059214546, 0.8225603104096666], "b1": [0.16208350654142933, 0.9629359602106429, 0.9610808600692365], "b2": [0.793653859127601, 0.8240385760214691, 0.8009105648599747], "b3": [0.1725954245551908, 0.830989926789986, 0.996113009208074], "b4": [0.15965399524500348, 0.9924137115746163, 0.9520822164628104], "b5": [0.7577415496452556, 0.849664131049052, 0.9916449774953011], "b6": [0.6682018730979119, 0.9749061405306676, 0.9013843827214655], "b7": [0.15608876412345357, 0.9385926749181082, 0.9704626102871788], "b8": [0.16865245734231615, 0.9545908209072893, 0.959937498705875], "b9": [0.17278369801163904, 0.8908565774285734, 0.9812773262475502]}