{"b0": [0.9106604213171399, 0.9672631091825583, 0.8993961647644173], "b1": [0.074086219363132, 0.8841479601442442, 0.8046398985442417], "b2": [0.5545690987058522, 0.9829957223838792, 0.9743726845610564], "b3": [0.16365817559914106, 0.7571168909173138, 0.8911704803623186], "b4": [0.09168927694760418, 0.9525800916558584, 0.8903367902020543], "b5": [0.610825296791835, 0.9208528324056602, 0.9746375865730893], "b6": [0.9987675173961993, 0.9799755606350122, 0.8906587498111803], "b7": [0.5595557221609608, 0.9947999942191414, 0.9967739031447956], "b8": [0.31182835778272716, 0.8042525400990388, 0.8018832037623451], "b9": [0.08510867620346219, 0.8842536409310412, 0.9110697561129377]}