{"b0": [0.10435487460028597, 0.8905714992238305, 0.8984542409205097], "b1": [0.07300003284695154, 0.9245852033556181, 0.8613451464213498], "b2": [0.09322359966609246, 0.9134036920309476, 0.8785178858274358], "b3": [0.6262761403554888, 0.7904426719865124, 0.973923808237575], "b4": [0.603880031831124, 0.8710154907284817, 0.8723261458648305], "b5": [0.07972797413425053, 0.9989425861235603, 0.9096605258102707], "b6": [0.16016176837872187, 0.9728036523591441, 0.8774569302997465], "b7": [0.00013017592129596867, 0.9564942172664417, 0.8138645629118776], "b8": [0.7623936314973324, 0.8864343248021865, 0.9018533352271528], "b9": [0.06462931442053443, 0.918107901956785, 0.800330471702498]}