{"b0": [0.29078144692457153, 0.9107996126721905, 0.8281558602762675], "b1": [0.6309288035788051, 0.8335575087658068, 0.8679661790292208], "b2": [0.1572103251335607, 0.9859571284510459, 0.8694182402902589], "b3": [0.6104890994655104, 0.9034168222115665, 0.9832014962850851], "b4": [0.06870762986444422, 0.9487771628397533, 0.9549825172842654], "b5": [0.3313845368472252, 0.9493811124707712, 0.8577027696115155], "b6": [0.8457673162682658, 0.8745191240271585, 0.8958920561839878], "b7": [0.9930761037024927, 0.9482609817316127, 0.9098027623032293], "b8": [0.8740458687705859, 0.8522138742863852, 0.8701979930070681], "b9": [0.15689937391337574, 0.9452955368312037, 0.915924893120865]}