{"b0": [0.8961276856477275, 0.8967900727661261, 0.8776821800979562], "b1": [0.9075984087988904, 0.9380054113241151, 0.8390323640803501], "b2": [0.7162346452183884, 0.945451689681492, 0.8112630360294959], "b3": [0.34883754004134004, 0.9744709964818503, 0.8350592128816876], "b4": [0.3600161515744854, 0.9221637597266377, 0.990422401495819], "b5": [0.29327263718863106, 0.9032567142555782, 0.9218443161216655], "b6": [0.5691733688804197, 0.9847520533733342, 0.8122539913457152], "b7": [0.6208371009739618, 0.8312667760733545, 0.937856607776635], "b8": [0.8907279305188497, 0.9446804184931736, 0.8995140866127272], "b9": [0.6080198600997501, 0.9893756668341753, 0.9775882014905665]}