{"b0": [0.3143886123923334, 0.8768425884395831, 0.83811702846606], "b1": [0.6328053543437477, 0.8242380224915172, 0.9785449971988714], "b2": [0.05838323981121789, 0.8214470573756154, 0.937465415973772], "b3": [0.9002714939677271, 0.8895674335780938, 0.9864240543516251], "b4": [0.7948735243361048, 0.9109463492708854, 0.8965884230287816], "b5": [0.6507838816966917, 0.9794122466517265, 0.8621349003913736], "b6": [0.6022687885513568, 0.9909780611370622, 0.8890700225739973], "b7": [0.0006639417351526374, 0.8344278053664158, 0.8096860729803832], "b8": [0.33704836739736593, 0.9710846618726149, 0.9222239112286647], "b9": [0.6666213936607321, 0.9582741207309047, 0.8821362819649533]}