{"b0": [0.15256713972096955, 0.9662838127436995, 0.8493399129650706], "b1": [0.7646782118376467, 0.8809085210590465, 0.832821423558784], "b2": [0.7346471139407801, 0.8882805691929166, 0.9398915170791742], "b3": [0.9945570003885993, 0.9720295623588927, 0.8019775643010607], "b4": [0.7202685441758132, 0.9672812664185664, 0.9397210643823735], "b5": [0.7128113203691452, 0.9847273161178636, 0.9110452923057183], "b6": [0.0986137380005557, 0.8668665617050602, 0.8481128444251301], "b7": [0.7186334878859273, 0.7691909154375816, 0.9819059290201819], "b8": [0.16804968115027674, 0.9743091681517597, 0.8931567317595185], "b9": [0.09565285410127229, 0.8508003698256895, 0.8627176769662961]}