{"b0": [0.7518507433199407, 0.8787532451611098, 0.8639136609038129], "b1": [0.377486259004924, 0.9595571831437743, 0.9708868718165078], "b2": [0.7178446302625726, 0.8639596251123348, 0.976220892258059], "b3": [0.7626869135768544, 0.947061418426885, 0.9620195859794837], "b4": [0.0886761705890907, 0.9739725908298886, 0.8386895512715118], "b5": [0.7565140377950186, 0.9846503896233681, 0.9577048905396051], "b6": [0.7652878110814523, 0.9964473873779542, 0.9995648658310265], "b7": [0.74303779034871, 0.9139365873432623, 0.9058236865755935], "b8": [0.15256483673108326, 0.9804920381264385, 0.9009719067002918], "b9": [0.1567007680901556, 0.8724666031154115, 0.8672070764669677]}