{"b0": [0.08849073916499037, 0.7469440868623785, 0.9026608416904511], "b1": [0.003814493170714004, 0.8602923123602495, 0.9000665770760773], "b2": [0.6406338321710257, 0.9518584111318603, 0.9346848709940617], "b3": [0.7445882229312236, 0.9504021168390548, 0.9488283245821595], "b4": [0.7220928725320716, 0.93392250993862, 0.8990570368788979], "b5": [0.7668609304243161, 0.8779039138582293, 0.8278683798850675], "b6": [0.16329148790260237, 0.9285717684057048, 0.9480985014453154], "b7": [0.7535101679820173, 0.8782668665591872, 0.8834922646140035], "b8": [0.0995129399071905, 0.7370442151932834, 0.8718010338841647], "b9": [0.07866034693062858, 0.9839656565670498, 0.8506405313985315]}