{"b0": [0.3137915281852571, 0.9993079373008453, 0.9740240028122612], "b1": [0.8850802015560488, 0.8980981774371947, 0.9950325140092334], "b2": [0.3670119973467745, 0.8812714604318852, 0.9681726040050743], "b3": [0.7548240962925675, 0.8132354897958742, 0.9548227643729211], "b4": [0.7830627739654318, 0.9655938211688299, 0.8852228448233332], "b5": [0.7888493971339874, 0.9771853054668566, 0.9313775149798252], "b6": [0.29690527960326457, 0.9627590332181305, 0.8988472145923726], "b7": [0.9187825431949089, 0.741769345180577, 0.9775018135835236], "b8": [0.3493315357788883, 0.9222610479101179, 0.9643937590696947], "b9": [0.16087575980259697, 0.9092268457640488, 0.8942575635048192]}