{"b0": [0.8942679291729472, 0.9172050380804154, 0.8216172535816068], "b1": [0.2978989155956539, 0.9439056114280586, 0.9876769600650047], "b2": [0.7404764027281143, 0.9579535563378678, 0.9877896754429595], "b3": [0.3389699143758542, 0.9577493332725769, 0.9109341601345684], "b4": [0.9798533738151896, 0.9351179497576255, 0.9237676703285169], "b5": [0.16234325714602066, 0.9506409373371083, 0.9359808097291765], "b6": [0.7820970232882923, 0.8063507532734903, 0.8371599661094254], "b7": [0.01481871128558094, 0.9586242795701384, 0.8815440727727598], "b8": [0.7362137116837818, 0.8886813786125125, 0.8181249988384548], "b9": [0.32643011988220605, 0.9154733354556502, 0.9843878464572342]}