{"b0": [0.08241618028747721, 0.9753528701890205, 0.9056813995402018], "b1": [0.07407063158657382, 0.9901989111238116, 0.977145722903213], "b2": [0.1646383564731905, 0.9751735837725508, 0.8432782091826979], "b3": [0.0837360893449835, 0.9570258740847915, 0.8117783700624698], "b4": [0.8755663901447669, 0.9407355017142196, 0.9864646800648273], "b5": [0.8474064835863931, 0.9446335244922204, 0.8776061955316256], "b6": [0.9162627175780185, 0.9392554151630174, 0.9866988951047376], "b7": [0.08032792894937345, 0.911253415466497, 0.9345160838901626], "b8": [0.9163828095792798, 0.9225253460046214, 0.9639429859461753], "b9": [0.38399025408961796, 0.7657016650373057, 0.8876823523173007]}