{"b0": [0.14865287208759745, 0.9410116854883559, 0.8377550946068085], "b1": [0.8709712616830855, 0.7760673627226764, 0.898702641313037], "b2": [0.022428005168123533, 0.9578497180372181, 0.8540965697066667], "b3": [0.1597329163051962, 0.9372454240148707, 0.983446030025272], "b4": [0.1129055276290235, 0.7894201528696052, 0.8366180877374273], "b5": [0.1685129451507789, 0.9480145112310041, 0.8195205875210567], "b6": [0.7905103170234564, 0.947747365212672, 0.8533132762886625], "b7": [0.15959633443180457, 0.9368978128303884, 0.9901956928923845], "b8": [0.7587322604361766, 0.8204539520568231, 0.8072085473740893], "b9": [0.7616607597251375, 0.8859930095669606, 0.9215132667573301]}