{"b0": [0.7565863218478016, 0.8535281414283148, 0.874335192317128], "b1": [0.9118324647810141, 0.9433563323840067, 0.8359256006385707], "b2": [0.9959982764881419, 0.8171632794726278, 0.8404658555465447], "b3": [0.7480407802422322, 0.8160986188382173, 0.8655204802265384], "b4": [0.6280849928763997, 0.9828586102806938, 0.9177814831239265], "b5": [0.06111611019735751, 0.9057593969175335, 0.8163432024603214], "b6": [0.1598851042314031, 0.9547978836928843, 0.9058968840827423], "b7": [0.9022956261769592, 0.7419584379338666, 0.8049083397884474], "b8": [0.6694571540742758, 0.9355300323912698, 0.9621636601944219], "b9": [0.17128662327424216, 0.8710900358572233, 0.8041754851731672]}