{"b0": [0.018648903350786398, 0.9595370678750208, 0.9991445077200862], "b1": [0.7742404724599623, 0.9453235679515609, 0.8916622916144336], "b2": [0.10601525919170099, 0.9413995909042003, 0.9433366579582106], "b3": [0.16070825088022944, 0.9737172605709398, 0.8789107058761934], "b4": [0.16372857020498796, 0.8860145987386809, 0.8189400655169848], "b5": [0.6376020578799101, 0.8978349824806549, 0.8437979625262707], "b6": [0.9887046015859993, 0.8071776381677396, 0.8247336346775579], "b7": [0.3338546260033434, 0.8700284362830416, 0.8421365717309754], "b8": [0.022363978167174205, 0.9349486316791911, 0.9895111605903414], "b9": [0.7019753314874921, 0.883816106958575, 0.8240198770761666]}