{"b0": [0.6243129695071888, 0.8932532407300161, 0.8238682569237935], "b1": [0.12885353524151152, 0.8459648793782614, 0.9209549419150526], "b2": [0.7318008304798242, 0.9895775257737307, 0.9447972764125189], "b3": [0.5769226874517838, 0.9926427576211871, 0.9427130585628528], "b4": [0.7708412701925567, 0.9682197277438567, 0.9006290176580749], "b5": [0.1618957921008538, 0.9715804591205088, 0.9092767943066881], "b6": [0.15646143733701132, 0.9139618569154814, 0.8502572351425579], "b7": [0.9761692953779147, 0.9603310724539057, 0.9289140428281789], "b8": [0.15618132896108827, 0.8440124184404176, 0.8850031976032482], "b9": [0.9867360316803542, 0.9550674764378658, 0.8296024868360756]}