{"b0": [0.16265871371317925, 0.7980659831148513, 0.9233650343204793], "b1": [0.762278676961915, 0.8150753154581927, 0.8638998708882465], "b2": [0.7618155892242572, 0.9756892175627453, 0.8336012999285407], "b3": [0.1579341410183908, 0.9561408923200133, 0.842419170271642], "b4": [0.7083297463219586, 0.993948461926703, 0.8738016407209984], "b5": [0.1544456010827457, 0.9367645742682177, 0.8306440279367621], "b6": [0.0023680307442925457, 0.8595515447155401, 0.8428224684978636], "b7": [0.7819252247329364, 0.9643554528034174, 0.8030271150993801], "b8": [0.7404352759094968, 0.876064149835734, 0.9680263295657673], "b9": [0.10957141048631813, 0.9082308625889542, 0.8404160733853936]}