{"b0": [0.7840724124327833, 0.8466425535722144, 0.840527443624667], "b1": [0.1579718877251439, 0.9839596922976575, 0.8742273717231009], "b2": [0.7622791697253382, 0.9919237611325539, 0.9503200824454467], "b3": [0.8086474977764239, 0.9470187292567397, 0.9313118575750878], "b4": [0.16060471044203348, 0.9682814091170028, 0.9031890921269486], "b5": [0.3265716603928553, 0.9371231585865759, 0.9484967428878676], "b6": [0.15401644914816445, 0.8853387456149545, 0.9922005005323562], "b7": [0.7298068012574866, 0.9890111892276182, 0.996028657113649], "b8": [0.9979739994589825, 0.7497653068027756, 0.8363272223362472], "b9": [0.0794916469138827, 0.9361032106632934, 0.9290988876056923]}