{"b0": [0.8891468051587101, 0.746492406981529, 0.9542230479926528], "b1": [0.1565417220343973, 0.9835245084451691, 0.9012886242359923], "b2": [0.019747604402783118, 0.9098349148592338, 0.9681814645616366], "b3": [0.7380842197645207, 0.9836192888320666, 0.8131728830758103], "b4": [0.9773314397211188, 0.8967814443805657, 0.9762230915547402], "b5": [0.039904525468884205, 0.9723266448051249, 0.9200448432589805], "b6": [0.9989435456608787, 0.876035739788037, 0.9622208807369347], "b7": [0.8391378892432626, 0.9395104650513882, 0.9482450508562666], "b8": [0.15251895049087671, 0.9811167130494874, 0.9033138731077172], "b9": [0.1579049897297862, 0.8842197225283231, 0.8409688562355465]}