{"b0": [0.020188201362893007, 0.9224399967906042, 0.860803081560216], "b1": [0.8933797933874276, 0.9817511139469666, 0.831210323398219], "b2": [0.9986604883604266, 0.9577250007982419, 0.8773017852746671], "b3": [0.009738591724983129, 0.9681540276084629, 0.8372802642845372], "b4": [0.1678681230867792, 0.8830401236670398, 0.9335704878645369], "b5": [0.3221099040502222, 0.9167053051724463, 0.9902228311578299], "b6": [0.1597968496773739, 0.9668809202854479, 0.9942278930446597], "b7": [0.15557446136005884, 0.8773038692067021, 0.9725407814815114], "b8": [0.023648833051157187, 0.9882685167095896, 0.9499331064000931], "b9": [0.8805480021932768, 0.9420671893460287, 0.8587008862563795]}