{"b0": [0.7573301375969541, 0.9695303201047542, 0.9870304493905918], "b1": [0.6224307855795594, 0.9749130895065062, 0.9773072208897859], "b2": [0.751483238379199, 0.9156015977857751, 0.8951986021094254], "b3": [0.32108554515785037, 0.9653680167205562, 0.8318338173570591], "b4": [0.16911310115301612, 0.9953462416687024, 0.8519302638245125], "b5": [0.3580912240331109, 0.883994648255999, 0.9679388937761684], "b6": [0.8799788307565025, 0.8953859042702971, 0.8452817060243822], "b7": [0.007163362138593229, 0.9940368202847378, 0.8945589538700758], "b8": [0.7307392859273498, 0.9924572095324136, 0.8044807951444849], "b9": [0.07652245593751583, 0.9317533565733186, 0.8751682930731595]}