{"b0": [0.08833323614426365, 0.8780780072297945, 0.8390740302514503], "b1": [0.1600358104768044, 0.8241151562806244, 0.8700021461643341], "b2": [0.08635290184310634, 0.9100730155573834, 0.9670604816839498], "b3": [0.7694506269617709, 0.9462961747237848, 0.9263504167635607], "b4": [0.34266942120457455, 0.912666065238233, 0.9602435274566179], "b5": [0.5653741633565977, 0.915540571555181, 0.8673690060622811], "b6": [0.08880987137319897, 0.9451329896222502, 0.8318100405499965], "b7": [0.7437954957651314, 0.8269830743227047, 0.924462915593073], "b8": [0.32262290831565155, 0.9163347498658919, 0.8208200919525064], "b9": [0.6033369289822611, 0.9741388696446923, 0.9451470327743584]}