{"b0": [0.7391779412444605, 0.6900966681614668, 0.8074759380846288], "b1": [0.9986147297874814, 0.900343279832612, 0.8276496030631908], "b2": [0.08363820894673134, 0.8953480544646366, 0.8084305902272271], "b3": [0.3645970296423036, 0.9195594522012149, 0.8882082666976691], "b4": [0.06623137454824451, 0.9797183135242284, 0.9413333552960748], "b5": [0.9182960863122278, 0.9911636886692361, 0.8054250413989164], "b6": [0.07223548358117371, 0.9988988377205691, 0.8702270060702619], "b7": [0.7498404141129655, 0.9302136836111018, 0.8630688103697264], "b8": [0.6003747265054727, 0.8506859285245051, 0.8766839335157218], "b9": [0.10369647406162333, 0.9207771197803651, 0.9508719223240041]}