{"b0": [0.7446092136013625, 0.9652676645070456, 0.9897865758632801], "b1": [0.8730984390838931, 0.9814406432682834, 0.8126828933070843], "b2": [0.154961798704882, 0.7764034897023183, 0.8372078669698793], "b3": [0.7377257310126144, 0.9546863090243104, 0.952153547580627], "b4": [0.15855078064823672, 0.9552356290256901, 0.8244761834984985], "b5": [0.7812647296117727, 0.9585657212242324, 0.8724429345452376], "b6": [0.1573092120234985, 0.9447035716440513, 0.9924559822725828], "b7": [0.3357313546146286, 0.989354803321863, 0.9529788854814407], "b8": [0.16510786735153363, 0.9433221294754941, 0.9636412264834392], "b9": [0.7523487360499295, 0.9631873502710109, 0.8019602081792396]}