{"b0": [0.32564558644431285, 0.9899698082813699, 0.9801405600960877], "b1": [0.5482486123339182, 0.9590226754837821, 0.8366766250553058], "b2": [0.5611748853458037, 0.9658088093459424, 0.9622934720444926], "b3": [0.001876760055121932, 0.9605180563557311, 0.8324266754772228], "b4": [0.07209569689508084, 0.9332176729647249, 0.8694372992034459], "b5": [0.161883025528567, 0.8708649108106193, 0.9048593479916655], "b6": [0.615051215032457, 0.8960046314862916, 0.8533110296819812], "b7": [0.008894371875709906, 0.9407390506066251, 0.8092628957760237], "b8": [0.07966900322742204, 0.9632253633171285, 0.8830822805982426], "b9": [0.3600608851923571, 0.8885648733447998, 0.8588332434522158]}