{"b0": [0.900163425246964, 0.961033257695294, 0.9453480248736993], "b1": [0.344779677539797, 0.8376963424177223, 0.9493731813303922], "b2": [0.5242072054796892, 0.9173390086160832, 0.9043491283470384], "b3": [0.16079480822099956, 0.7579496049026432, 0.9322487219410767], "b4": [0.018744407220752747, 0.9936852544011322, 0.8704619229622341], "b5": [0.6836990947899702, 0.9290737184647267, 0.9167088388653687], "b6": [0.6702115963567605, 0.9591287166886634, 0.8000637581234316], "b7": [0.1576223738947766, 0.9780448348315791, 0.8673652531980898], "b8": [0.8672498412114849, 0.926146692521444, 0.9708061831075431], "b9": [0.8825068478081033, 0.9375596894736482, 0.9428268742044058]}