{"b0": [0.15858999082961048, 0.9194779069885434, 0.9219737501050435], "b1": [0.6612710222556554, 0.9364094929403184, 0.9062565405654226], "b2": [0.15827215924769938, 0.9785471274672252, 0.9637363058792568], "b3": [0.7623401964299914, 0.9640943419978647, 0.9784369857583095], "b4": [0.07264925371160029, 0.8949743900767015, 0.9831998035920892], "b5": [0.5307141048658864, 0.9970304708749032, 0.8594738484928509], "b6": [0.9244427105755807, 0.9263467848390762, 0.8204335851776667], "b7": [0.1521421659723068, 0.9964155591270005, 0.9956105555864367], "b8": [0.15991134669880586, 0.9199618679485423, 0.8378603276434216], "b9": [0.3217574083430818, 0.9657981343307792, 0.9488545993852846]}