{"b0": [0.36547749333250884, 0.9867739571198513, 0.9881234346836103], "b1": [0.6469044061018719, 0.9228674640976999, 0.8095652516725235], "b2": [0.354152566783864, 0.9614227893641457, 0.8026541463575776], "b3": [0.16171644269834004, 0.9606095252130631, 0.8357219223077231], "b4": [0.8686734508621992, 0.9570681189963562, 0.9278633201266733], "b5": [0.9847186652248202, 0.9714070480698547, 0.811830504082602], "b6": [0.5748789628900809, 0.9730106639869938, 0.8301568049574588], "b7": [0.9025679896885329, 0.9928885148284811, 0.9977246097336916], "b8": [0.32211338732476713, 0.9250841892089557, 0.9952919159372832], "b9": [0.3331746878639405, 0.9085987266575556, 0.8981347114505424]}