{"b0": [0.1661300930705128, 0.8679887604121813, 0.9697566730960228], "b1": [0.0609469108501592, 0.8316635765838446, 0.9106187434941164], "b2": [0.3541902451538788, 0.9990384756632362, 0.8502633311052642], "b3": [0.0984946867446344, 0.9135270429785544, 0.906853523330321], "b4": [0.6260549534874251, 0.8685332824900392, 0.9915857245845396], "b5": [0.8873010550761091, 0.7485982071305621, 0.8920582154754042], "b6": [0.8920328930605846, 0.9486543101210002, 0.8743447803366451], "b7": [0.32415104484606644, 0.8608272217349453, 0.8974308552678272], "b8": [0.9967913868496745, 0.9651109296426538, 0.973092055077224], "b9": [0.32495884150855686, 0.8039779082335876, 0.8348063121143621]}