{"b0": [0.8409475058196008, 0.8388944184350484, 0.9247994165195951], "b1": [0.9839543601406135, 0.8318447021070402, 0.9189645182028784], "b2": [0.06854122543600394, 0.998402692541661, 0.8767174058861429], "b3": [0.6248501639436235, 0.9584771159133894, 0.9175199525954255], "b4": [0.0070872792047729895, 0.8897597877979915, 0.8327528111105797], "b5": [0.001039383106030186, 0.9627989140940195, 0.922338021247097], "b6": [0.008198611060824881, 0.937512810699158, 0.9054230969296853], "b7": [0.3036566707433643, 0.9959662596840733, 0.8231546948608565], "b8": [0.7517019874650616, 0.9358471295892801, 0.8041500694666779], "b9": [0.5851861656440284, 0.7645654505640122, 0.8297007272005352]}