{"b0": [0.6715503897761667, 0.9729136290901149, 0.8813057274523968], "b1": [0.1597145662183416, 0.989003456000183, 0.9779933493965356], "b2": [0.7582363831140987, 0.9647134692975038, 0.9665391113225539], "b3": [0.3284418177000663, 0.857628529633535, 0.8772101519633807], "b4": [0.8665604194301721, 0.8006009302815953, 0.8230774174036479], "b5": [0.8902358706114913, 0.8906378524769236, 0.9909864569529483], "b6": [0.8859807742031449, 0.9964606352116016, 0.8957016936998505], "b7": [0.0806057571708546, 0.9398533323788913, 0.9340837000843726], "b8": [0.07532937977273621, 0.7793219640830729, 0.8986298344277958], "b9": [0.8479595832515889, 0.8558104095063322, 0.8278608167721565]}