{"b0": [0.614637132525223, 0.9420915142697317, 0.9529413483594571], "b1": [0.15236920132065593, 0.9800935616514869, 0.8730690989892815], "b2": [0.005997844962626031, 0.8460422268132726, 0.8013986490571742], "b3": [0.9982621809959373, 0.8046763945290866, 0.9250836285463687], "b4": [0.15540392046663956, 0.7657788916782525, 0.9087107298076473], "b5": [0.007557799787235793, 0.9770190734881736, 0.8164220487217106], "b6": [0.5930990435662677, 0.8295113127961224, 0.9879033242921136], "b7": [0.1650076816743323, 0.8607487710031059, 0.9681325965567359], "b8": [0.09893465765695078, 0.9158671517614988, 0.855296255082679], "b9": [0.16814670736624365, 0.8558640913355327, 0.9678543480511419]}