{"b0": [0.8513309527671005, 0.9774640620172592, 0.8094348389451254], "b1": [0.1630632428343461, 0.9470581138108309, 0.8513017703241275], "b2": [0.7434506436627787, 0.9802885061313152, 0.9064499832334468], "b3": [0.023686434150999917, 0.9553612624476634, 0.993103032898866], "b4": [0.9948152480489173, 0.8773149792125219, 0.9044331926165284], "b5": [0.9940028272466602, 0.965916951413208, 0.8414909296626668], "b6": [0.1601057334692793, 0.962704873987976, 0.9625160196486062], "b7": [0.1554215811997559, 0.9480973753031005, 0.9960898751112737], "b8": [0.822980814689072, 0.9287658245423978, 0.817509364662125], "b9": [0.8484631553422424, 0.9002598565050691, 0.8737526068491364]}