{"b0": [0.1538985003582491, 0.8952551928795119, 0.9717530254216976], "b1": [0.10767007109860816, 0.8892602808725673, 0.8244178704512732], "b2": [0.985534465720876, 0.9493936222380688, 0.8698020086653168], "b3": [0.024406918472938723, 0.9881746491111517, 0.8814770126897576], "b4": [0.16357750201923818, 0.8021546413391664, 0.8814862828554644], "b5": [0.8780375718040949, 0.9613711495874183, 0.8205719585875372], "b6": [0.021409183401713824, 0.9117037198842328, 0.93045678073713], "b7": [0.022172658087401275, 0.9024114509561252, 0.865489273714636], "b8": [0.8552124964321058, 0.965861968864941, 0.8772366741227949], "b9": [0.00415122283572736, 0.9548076944733535, 0.8780387991130902]}