{"b0": [0.8892528590965354, 0.9147017349110272, 0.8669754773419206], "b1": [0.876412370982855, 0.9589138548610062, 0.9121289035295607], "b2": [6.640908825679106e-05, 0.9334912884161473, 0.9635202861032514], "b3": [0.9897852240198515, 0.959803390751905, 0.8093113195583598], "b4": [0.01108483287977919, 0.975366004508963, 0.8513365803876489], "b5": [0.025058717662658495, 0.9469982388397042, 0.8042818591429298], "b6": [0.017311706134193895, 0.9074472275570359, 0.9502022239427897], "b7": [0.9987980043892626, 0.838459432678548, 0.8454845724395093], "b8": [0.16378243378046123, 0.935119615979747, 0.8069231271533784], "b9": [0.01245184543644614, 0.9675039747908412, 0.9459525919090543]}