{"b0": [0.1725482738519785, 0.978457873642265, 0.866634590290885], "b1": [0.7634237036764847, 0.9138593751392576, 0.968471141600034], "b2": [0.1593756141435631, 0.925248321701586, 0.9231845262728697], "b3": [0.0005866683097128501, 0.8258057719639739, 0.8420677088764817], "b4": [0.5907739961939369, 0.9146010226613991, 0.9553093006942999], "b5": [0.8369507708791498, 0.9809439213926823, 0.9925088000557651], "b6": [0.9955932253544693, 0.886634553171996, 0.8710197310711301], "b7": [0.16386293787647627, 0.9233840187970384, 0.823429676365253], "b8": [0.007780066133364221, 0.9382823449592386, 0.9878819319377361], "b9": [0.7356821659734156, 0.9864802514624005, 0.8604872751723736]}