{"b0": [0.15647038227758134, 0.8861096598636409, 0.9270065948330911], "b1": [0.9951142173878551, 0.8444463195278656, 0.8033805444698794], "b2": [0.7604268466467711, 0.9176469584310547, 0.9787864973504847], "b3": [0.15586162457423558, 0.8288862828975035, 0.8194558036860137], "b4": [0.7913471830262206, 0.8873624282503179, 0.9296930637751677], "b5": [0.6254554757470713, 0.9903836688815563, 0.9820086257448211], "b6": [0.005023035852112095, 0.9739819614079401, 0.8471129354645187], "b7": [0.14599967934745597, 0.9843188425065438, 0.8713140859441073], "b8": [0.881701477437597, 0.9800730528789267, 0.8909600563101585], "b9": [0.031950368519944816, 0.9852544128959236, 0.9840340280260886]}