{"b0": [0.15763462327167985, 0.9765519325836481, 0.9862745047542282], "b1": [0.09290746199500026, 0.939384166298643, 0.868072548342801], "b2": [0.1659818797947884, 0.9941924756164724, 0.8884244511037096], "b3": [0.1575049401404998, 0.9584244628359745, 0.989805859909155], "b4": [0.09408465288736022, 0.7886978002750428, 0.9901330196054083], "b5": [0.9984939366600486, 0.8446607353887451, 0.8928375814303636], "b6": [0.5261286076481039, 0.9844929349237668, 0.9579801346968386], "b7": [0.9962463807839981, 0.7926924605806468, 0.8682970675907445], "b8": [0.847310600107935, 0.9125371573306087, 0.8172867954226297], "b9": [0.0019777030813039305, 0.7421812615655368, 0.991641062707376]}