{"b0": [0.08413188732970178, 0.9859732750397988, 0.9866417931477358], "b1": [0.004168606234860001, 0.8862588924356811, 0.9719767442492352], "b2": [0.7754336879204102, 0.9206651819826038, 0.9448112542450737], "b3": [0.1752015497860717, 0.9735493465074976, 0.8716544361704669], "b4": [0.16160344815204059, 0.8372699392420722, 0.9337336161357312], "b5": [0.07181933627119065, 0.8937945611730618, 0.9588049921019705], "b6": [0.8424745504241478, 0.8089432363941598, 0.8162038752088311], "b7": [0.3443386067484964, 0.8904655324679891, 0.9223098369595114], "b8": [0.30158277636036224, 0.997460478686394, 0.9108673276272587], "b9": [0.08157882695394193, 0.8811161304394274, 0.870089720224431]}