{"b0": [0.3613463097808868, 0.9960510941623235, 0.899854917670417], "b1": [0.07318359581044867, 0.8806652866499374, 0.836416251367334], "b2": [0.889545447930153, 0.8645668194701625, 0.9967644252663307], "b3": [0.7584855695657492, 0.9283508651410796, 0.8121537284328554], "b4": [0.1632629830885838, 0.910179571825758, 0.9198206772716226], "b5": [0.7104875708781888, 0.9825291895485836, 0.9913983026741053], "b6": [0.01005169237925186, 0.9616913085516114, 0.8047260088785714], "b7": [0.34560932492951524, 0.9531002131831731, 0.9689170475902587], "b8": [0.08976201331047065, 0.7886927281795565, 0.939899126928297], "b9": [0.7653020069794789, 0.9988601352281451, 0.9306172144396904]}