{"b0": [0.0028824106177825232, 0.8931663112715005, 0.931984396739927], "b1": [0.010234706309115198, 0.9662886320188683, 0.8557654721109178], "b2": [0.3181421324789607, 0.9017536797084934, 0.9517920389027611], "b3": [0.08107959104957246, 0.8181937165742574, 0.8357634393380471], "b4": [0.6558476656225648, 0.9824435337798028, 0.912397046795398], "b5": [0.10023073847243646, 0.9179179980228395, 0.9891190555768568], "b6": [0.07375823664305024, 0.9450701968209733, 0.9555536465179623], "b7": [0.696790834918109, 0.938128799929755, 0.8151252188903219], "b8": [0.10868150946028392, 0.9858959364548806, 0.9003355793173669], "b9": [0.3052299927310559, 0.8751892037479857, 0.8411548836585538]}