{"b0": [0.1621681742863866, 0.9729222379314092, 0.9834920884128556], "b1": [0.09214283775587147, 0.9749335599068852, 0.8376435876916442], "b2": [0.8850727538763542, 0.9487955657597351, 0.827511896624445], "b3": [0.16299617266132033, 0.9599327771671805, 0.8160000069630948], "b4": [0.09815774491416963, 0.9425707031826134, 0.8369326509783039], "b5": [0.3554940480600022, 0.8817697507981266, 0.9160194503233057], "b6": [0.59563699287527, 0.9541461326352986, 0.8690348595639478], "b7": [0.7624062496472048, 0.8883501500851761, 0.8069076183622457], "b8": [0.5906825094742567, 0.9924961013901467, 0.9204413387373456], "b9": [0.3192932050152656, 0.9942459629193138, 0.9144303056087456]}