{"b0": [0.07354992923023654, 0.9521473312006182, 0.8035439202397338], "b1": [0.8212738775412234, 0.9396770239181435, 0.9952404958762082], "b2": [0.06977449080653479, 0.9093059109880534, 0.9251378523878949], "b3": [0.019538232183192422, 0.9672790995796423, 0.9725853724151832], "b4": [0.8768372856289701, 0.8815469360227436, 0.9384856106071419], "b5": [0.3150318509451621, 0.7805193721242509, 0.9904323662064525], "b6": [0.1682692453577609, 0.9592896003903131, 0.8724053391107702], "b7": [0.16277920731030876, 0.9616710974887244, 0.9046074687143495], "b8": [0.07711923025664592, 0.9176749129886557, 0.8205590942986558], "b9": [0.9804134447629695, 0.8780535273500354, 0.8063463093595725]}