{"b0": [0.1617594062140515, 0.9007203524188941, 0.8629551654555826], "b1": [0.3220021178745872, 0.944281487742461, 0.8683159218250394], "b2": [0.6816243493523428, 0.9407251548367165, 0.9634994702140451], "b3": [0.753283575786081, 0.8968852430487685, 0.9431192489344953], "b4": [0.1595405560339438, 0.9465375793616233, 0.9388471478205183], "b5": [0.8476214863128007, 0.8575287676616216, 0.8457689609184688], "b6": [0.6978500991670566, 0.8641863591454082, 0.9084165097414271], "b7": [0.324016258366247, 0.9144216449902918, 0.9452970993660008], "b8": [0.011889648900783024, 0.9814279604689148, 0.8958105887665738], "b9": [0.07336507187620503, 0.8840569213635121, 0.9995009545887412]}