{"b0": [0.6886738347405985, 0.9132617511759282, 0.9532665244792708], "b1": [0.15797937634778705, 0.9388878224827003, 0.8769948648912671], "b2": [0.16271807341197836, 0.9550525826025625, 0.8991007834943738], "b3": [0.15928613382925697, 0.9713073334049765, 0.9357623310183858], "b4": [0.5670201100018709, 0.9762243920420615, 0.8778400732128313], "b5": [0.6664165836037536, 0.9993184153856725, 0.9109954251943071], "b6": [0.5961470673207211, 0.8573710348828314, 0.8918882557221052], "b7": [0.6513344445509108, 0.8735101015159286, 0.939839264860237], "b8": [0.15132756384083432, 0.9534292805160088, 0.8290719998533866], "b9": [0.1566941873489914, 0.8995703081008517, 0.8192133946042298]}