{"b0": [0.16810211453746896, 0.9738534587800332, 0.8908860675802969], "b1": [0.1595815030152207, 0.9584994654284898, 0.8983364603283448], "b2": [0.15890906909392485, 0.9827426500172138, 0.8968214438123939], "b3": [0.8343873925956901, 0.9952071465087633, 0.9003424628118287], "b4": [0.35240325392786287, 0.9250308653686673, 0.8491233026752667], "b5": [0.8502765353504753, 0.9600355426150295, 0.8257180418464205], "b6": [0.8625775321279657, 0.8801696852155625, 0.9071701778053732], "b7": [0.16121140833361428, 0.9162944886833331, 0.9886883623045378], "b8": [0.8776314665749425, 0.95543959354274, 0.9611006058066889], "b9": [0.9587136684319648, 0.8343114858592965, 0.8179053281016363]}