{"b0": [0.14476586811967176, 0.9815042823425116, 0.8298801024119686], "b1": [0.8618726762904394, 0.9702347012230598, 0.9603154475857737], "b2": [0.16432534729553858, 0.9537264578578418, 0.8820669503054072], "b3": [0.6429018452311829, 0.9686975687103395, 0.8451439911215222], "b4": [0.29168418776594024, 0.9014205468592777, 0.961448096100357], "b5": [0.8961548795322218, 0.8758642804758453, 0.8990264768824779], "b6": [0.3606177751677626, 0.9458126033981089, 0.8883951192977497], "b7": [0.7412452352169784, 0.9935770241246851, 0.9216825924147491], "b8": [0.8960725174772126, 0.9286719619648642, 0.8632288468785455], "b9": [0.15462688734150437, 0.9620742301166029, 0.9503706090598882]}