{"b0": [0.8665976623704933, 0.8183544771943534, 0.9811377938430944], "b1": [0.16415551977848838, 0.8302909710887861, 0.9354120389227628], "b2": [0.7515574328289136, 0.8746403903760219, 0.8954448531183992], "b3": [0.8743710261257067, 0.94621390646884, 0.9055387060186688], "b4": [0.16171353531566607, 0.9778238663011481, 0.9542230157746543], "b5": [0.16144438816474596, 0.9899741945233292, 0.83428052914811], "b6": [0.3336513293417947, 0.9507083664705533, 0.8110905374387098], "b7": [0.8586454638403382, 0.9447999439506318, 0.8928906986131568], "b8": [0.26035680356551927, 0.964774423109797, 0.8525932702330682], "b9": [0.3220557628951773, 0.9563427282514522, 0.8791476160705903]}