{"b0": [0.15458426621620236, 0.9660527042376938, 0.8025969126752213], "b1": [0.8838486417035061, 0.9422507143875615, 0.908098571246191], "b2": [0.16082282239376952, 0.9751088773107842, 0.9668332397274684], "b3": [0.9098342757535269, 0.8574325004227394, 0.9360990442809338], "b4": [0.8432094197005527, 0.8979272312381749, 0.9393532260642004], "b5": [0.1590570532260323, 0.9965767083266966, 0.9056123220966806], "b6": [0.1592186627868058, 0.8877874211736065, 0.8510343195395421], "b7": [0.8622169589722424, 0.8485940887214014, 0.9132337404642182], "b8": [0.7657834427690914, 0.9695716552162065, 0.8226964666658887], "b9": [0.3223532454615785, 0.9698653090160299, 0.994287200525332]}