{"b0": [0.9131077747877328, 0.9834997317310412, 0.822001953350524], "b1": [0.3584017459203997, 0.9170962153634923, 0.9358823346642801], "b2": [0.8533739812715528, 0.9941759213342702, 0.9209474403212403], "b3": [0.016820939022906087, 0.9554862355284829, 0.8460650385311258], "b4": [0.5893435368641257, 0.8479884244915451, 0.9696017672178772], "b5": [0.1587160903998932, 0.897404021205914, 0.8999439860865038], "b6": [0.6075807989501094, 0.8372232388498001, 0.8077733354872474], "b7": [0.7542345080045361, 0.9368970964974216, 0.8716050599349137], "b8": [0.008845539371807036, 0.8233282310504899, 0.8351419895444355], "b9": [0.8984629713468735, 0.9307289282864621, 0.9863022685957992]}