{"b0": [0.9024070059046543, 0.9402888211604477, 0.9405838109006086], "b1": [0.9012984258530193, 0.9615397227901257, 0.9717506164053208], "b2": [0.7127543307524173, 0.988078970965244, 0.8056050337859106], "b3": [0.9015418448554565, 0.9615853998052255, 0.8773338256081683], "b4": [0.17379189922392457, 0.9306026640921761, 0.9113892019308746], "b5": [0.3585545399144652, 0.9747461430809032, 0.8111715891113728], "b6": [0.15921689793743368, 0.8949930801853557, 0.9932211832839699], "b7": [0.07605158403049335, 0.9112242580581301, 0.8435483709744761], "b8": [0.0030777607812505665, 0.9473986851242299, 0.8581505823112885], "b9": [0.9922365990420832, 0.9932600235021976, 0.8513483148147502]}