{"b0": [0.11353259757515205, 0.9993300810804996, 0.8899328802971302], "b1": [0.15788983671553983, 0.9589653840835051, 0.994323803774394], "b2": [0.853680927865703, 0.9497650049436963, 0.8231658898386126], "b3": [0.8669535330705276, 0.994967535187005, 0.8816822280612604], "b4": [0.30231967368997914, 0.8240070565041705, 0.815223419437195], "b5": [0.3008808437989612, 0.9954448303186682, 0.8100939501038394], "b6": [0.6934464449325433, 0.9208313133429081, 0.8868477935230409], "b7": [0.006126025526569935, 0.9427688640011267, 0.8157437924439573], "b8": [0.4085813339187613, 0.9748124219177062, 0.8947061221372948], "b9": [0.8567606312798819, 0.8760669875142263, 0.9336416163090375]}