{"b0": [0.06430868709423919, 0.9352991569353333, 0.8301150491747451], "b1": [0.335638342193707, 0.8838075013430547, 0.9892490798796597], "b2": [0.9909355459558415, 0.963869830294645, 0.8567859393401775], "b3": [0.6064380827512462, 0.9986633979378834, 0.9029218533241873], "b4": [0.6336770073636167, 0.9180933909084356, 0.9620163761592735], "b5": [0.0596110683575211, 0.8387096832956289, 0.9377587241393789], "b6": [0.15794629609487393, 0.9505978627409, 0.9453061819133581], "b7": [0.8456493003597678, 0.9011202401015701, 0.8291802549452528], "b8": [0.07211366096681711, 0.9485556530517941, 0.9079017883316948], "b9": [0.6259931941920612, 0.97420949908642, 0.9830746484455125]}