{"b0": [0.3113830796313763, 0.9115076029304936, 0.9848466068203133], "b1": [0.7598260767960759, 0.8960768100713801, 0.8553552315412606], "b2": [0.15854905067764719, 0.9060847496184473, 0.9952035926285235], "b3": [0.10232097992484764, 0.9863744216809368, 0.8446918170696762], "b4": [0.3446863872611228, 0.9809644882013174, 0.9819696875778486], "b5": [0.5787554269148137, 0.9800502268576264, 0.8361959642938888], "b6": [0.7620284077986779, 0.9420699692025793, 0.9982211354079485], "b7": [0.06682990691709041, 0.8610654731146755, 0.8304772980541947], "b8": [0.9998462567099436, 0.8393075371848995, 0.8853704137043029], "b9": [0.6282309865832019, 0.9726212230734597, 0.9265288673333183]}