{"b0": [0.5884763695643652, 0.9633922460061464, 0.8069626653084527], "b1": [0.7700984420877058, 0.9985849542909748, 0.9195094020255508], "b2": [0.1558577747283447, 0.9967323851000432, 0.8718438796927857], "b3": [0.3397782653538719, 0.9223682637606718, 0.8685821738753583], "b4": [0.7426506767302185, 0.8437802957212399, 0.9242209221870975], "b5": [0.3272561258402819, 0.8697917290729145, 0.8422931708746827], "b6": [0.17643692158653962, 0.9458149612436588, 0.8970252971026433], "b7": [0.30729140853283643, 0.8792293301139276, 0.888193970518639], "b8": [0.7546217301983078, 0.7639527060952034, 0.8347501644214859], "b9": [0.8094464717062121, 0.984421187839121, 0.915210077898393]}