{"b0": [0.3248524455057964, 0.8885211115530006, 0.8187530095743424], "b1": [0.8579446359491157, 0.9104048824172799, 0.8505357515466546], "b2": [0.29550930466572184, 0.9428662701592091, 0.8734459990036134], "b3": [0.7673794054231965, 0.8660447275656299, 0.9956916208331016], "b4": [0.6134170640973583, 0.9916574424784359, 0.9940006630457225], "b5": [0.7381737603361326, 0.8321434688972318, 0.8759204097220791], "b6": [0.7782020729420204, 0.9562820129498047, 0.8888100131098912], "b7": [0.5936187892736718, 0.8936311512572506, 0.9860718270762205], "b8": [0.07833165987309934, 0.9435204008980008, 0.8071751288469109], "b9": [0.5790174971678652, 0.9599441041299973, 0.9809661873275947]}