{"b0": [0.7914289472523427, 0.9742789423784519, 0.970196874677531], "b1": [0.7539106473223016, 0.9774361339224689, 0.9991767052199443], "b2": [0.16364521879059118, 0.9178954385566039, 0.9382016980555367], "b3": [0.7712776477586033, 0.9516450164455077, 0.8376936781670759], "b4": [0.06591426771176549, 0.9698289362724826, 0.9758661337536709], "b5": [0.7467338570278279, 0.9528826333210957, 0.9189813534261636], "b6": [0.7481280959628702, 0.8963554130710889, 0.911593346339608], "b7": [0.10074882825719315, 0.9971552168854626, 0.9200375259695661], "b8": [0.16086008817666778, 0.9500897283201735, 0.927944719770464], "b9": [0.7787781595750327, 0.9844783950664037, 0.9687634210151491]}