{"b0": [0.7705166686972429, 0.9057215106787223, 0.8763173519808664], "b1": [0.16212142784829073, 0.809899414671753, 0.9431309345288521], "b2": [0.07713442325720513, 0.9649039950223313, 0.9276135292824739], "b3": [0.0843494068609862, 0.8760040073663461, 0.8890568019171508], "b4": [0.7778638040321322, 0.8427628282497577, 0.9965404106531666], "b5": [0.9013914015143711, 0.9849020191100187, 0.8185103399896839], "b6": [0.7518524891803277, 0.9992658125475924, 0.8721834356875355], "b7": [0.7462198223957138, 0.999952453779728, 0.8256058616952732], "b8": [0.8111527794636817, 0.8690315438486858, 0.9204104839809508], "b9": [0.10308417803087785, 0.9036303389714291, 0.8351008624976558]}