{"b0": [0.15811148812839698, 0.8225051137113186, 0.8332003373265305], "b1": [0.0747721851143121, 0.9468743814697694, 0.9501421574274506], "b2": [0.7394067755064474, 0.766104003106635, 0.8303833668210926], "b3": [0.14903491194114843, 0.9102292924328466, 0.8686958795864963], "b4": [0.9942471948426858, 0.929233371863749, 0.9570025565639705], "b5": [0.09406388450191022, 0.9884454354176923, 0.8075870958993135], "b6": [0.6020132939502971, 0.9599711529422676, 0.8570360789193789], "b7": [0.008620877955404387, 0.8855425453811465, 0.8661631425612293], "b8": [0.9905313049479473, 0.84743155878148, 0.8720774556954838], "b9": [0.6448132531679996, 0.9906052146703845, 0.963291698412334]}