{"b0": [0.7447346886972214, 0.9095815297438764, 0.8490343385456264], "b1": [0.8758132980032961, 0.7449869362247741, 0.9120620809344467], "b2": [0.008525797170368119, 0.802542787581381, 0.8388207743902224], "b3": [0.7256847838727586, 0.8376486545442021, 0.8539530043341819], "b4": [0.8833850100791923, 0.9255984412964211, 0.966485699715399], "b5": [0.9927998835101047, 0.8796117305532014, 0.9322065283617427], "b6": [0.34863098589052577, 0.7362864516280537, 0.8429531320711228], "b7": [0.8791894342049672, 0.8127439619210622, 0.9640103467024825], "b8": [0.5747599276792225, 0.904934406370219, 0.8972993261380084], "b9": [0.8457812036444717, 0.8800187755118724, 0.8568156187366222]}