{"b0": [0.8976003334475676, 0.9604939124878367, 0.9217014884285671], "b1": [0.8515710775241108, 0.8041425114762214, 0.9854993319270909], "b2": [0.7459005547555754, 0.9112215536000816, 0.8896639308264059], "b3": [0.555876898123348, 0.8972990810711878, 0.9907599327470658], "b4": [0.8960764891181043, 0.9423801973270425, 0.8412177006089356], "b5": [0.8555319913226106, 0.9483528721355481, 0.8394329276133295], "b6": [0.7129640701757484, 0.9705756947943291, 0.9365250671473357], "b7": [0.37357513177661433, 0.9666359101860007, 0.882978027522384], "b8": [0.36172762171806694, 0.9790325911866324, 0.8627500597664024], "b9": [0.15452747306232792, 0.9702772468056453, 0.9862442784348119]}