{"b0": [0.7126722986461815, 0.9698177923394001, 0.9570144341276635], "b1": [0.31994778008950553, 0.8876033857237418, 0.9755590974268031], "b2": [0.33191901038342436, 0.9708140652887067, 0.9538213125601424], "b3": [0.7395009777191521, 0.8963516703980318, 0.867683886623166], "b4": [0.8534393159123327, 0.891339750390438, 0.9063620034033483], "b5": [0.09435862918672688, 0.9996141617852169, 0.9857270692359055], "b6": [0.9106134575409992, 0.7520120644764128, 0.8182805694830063], "b7": [0.860445722981611, 0.9548937639882134, 0.812280772830978], "b8": [0.8558912855939138, 0.9182860991114368, 0.809477464524459], "b9": [0.5924117445602182, 0.8939349150298466, 0.8357927738151945]}