{"b0": [0.8913600761764531, 0.8046976248074199, 0.8790429916307043], "b1": [0.9676949688510049, 0.9801179522149991, 0.915675016923129], "b2": [0.3231109418046571, 0.9306969882592513, 0.8565943666099224], "b3": [0.9182682755936281, 0.9212355384623122, 0.8398336677374114], "b4": [0.9079989930015544, 0.9353471508067982, 0.865760602850753], "b5": [0.9039286083737785, 0.9621234262693339, 0.9520737691781815], "b6": [0.3235308507486599, 0.9565734095678964, 0.9978465654045954], "b7": [0.9927758804130535, 0.9744958083330626, 0.9596075562583914], "b8": [0.8514521110508592, 0.9707455223384716, 0.8749360674003269], "b9": [0.16627321993851626, 0.9854611567993143, 0.9738202878552618]}