{"b0": [0.3599401337178213, 0.8453406795830237, 0.8573588896259983], "b1": [0.8619751754086082, 0.8610690214478335, 0.922480657307299], "b2": [0.006112719825763315, 0.8912380235304886, 0.887468953247776], "b3": [0.8694423156164206, 0.8200112596847372, 0.8171524544792174], "b4": [0.8055061120125554, 0.9754289894786077, 0.8602989607257929], "b5": [0.9047340899719764, 0.9604547948399577, 0.9197332456010519], "b6": [0.3759502726720004, 0.9296051732262707, 0.9815674812151256], "b7": [0.9918444831739963, 0.9388593569689527, 0.9457182120460268], "b8": [0.3817045904801993, 0.9196597757691651, 0.8912434988312653], "b9": [0.07985238310034852, 0.9094129028122743, 0.9183699624548719]}