{"b0": [0.8575122747743599, 0.9234660014368609, 0.9079140130164913], "b1": [0.9076645441110813, 0.897910000805582, 0.8149285504201227], "b2": [0.8774324425486355, 0.945775486070469, 0.8523035836037159], "b3": [0.7387645067451756, 0.9819612515206961, 0.8937502119219062], "b4": [0.9851518180185417, 0.9765564316726266, 0.8270233763602813], "b5": [0.8726375357174806, 0.880521590293725, 0.8810733414001095], "b6": [0.3305946530509955, 0.9991227673623533, 0.9088536133135406], "b7": [0.8686679724689625, 0.9814480414740142, 0.9927945871024966], "b8": [0.7107506740673021, 0.9937624623223694, 0.9129088528435568], "b9": [0.6955819600141286, 0.8386393719129447, 0.9196218373474756]}