{"b0": [0.345584001681189, 0.967147519639524, 0.841930419883318], "b1": [0.8850590697911247, 0.9066063704162127, 0.8296975786005903], "b2": [0.9962077441704573, 0.9404785905963341, 0.9644837485305854], "b3": [0.8730033089044653, 0.9651144769564215, 0.9984052546593085], "b4": [0.5801438368411581, 0.8981341454445773, 0.9024046866163431], "b5": [0.16863222544597486, 0.9889896180783306, 0.9893122139872385], "b6": [0.8612264751911431, 0.991634894032279, 0.8706415914476868], "b7": [0.768999379507903, 0.9260808788154248, 0.9521053803428202], "b8": [0.3350324935574298, 0.9157525939872059, 0.8502659071704494], "b9": [0.8629239745368155, 0.9058722803712357, 0.9872276854005437]}