{"b0": [0.3615026089508752, 0.7973026976659656, 0.9447086969425119], "b1": [0.9303136928403837, 0.874625478906238, 0.9822764377875245], "b2": [0.1627116108690609, 0.821004782915326, 0.9323963925898776], "b3": [0.6049278495756659, 0.8152641705738465, 0.9012391737994575], "b4": [0.6819135633196629, 0.9766269824214135, 0.8713329881188235], "b5": [0.9001771790471583, 0.9987213681251731, 0.9145926914006577], "b6": [0.5982492418420694, 0.9956785474451246, 0.8618482401296571], "b7": [0.7953750789798568, 0.8746556194280566, 0.8065868637830507], "b8": [0.8779661935596745, 0.9241651980991733, 0.8299124549247846], "b9": [0.6083675710464578, 0.9029089314276396, 0.8327504851266002]}