{"b0": [0.8574155060720227, 0.807737840847889, 0.9910190069995457], "b1": [0.9814216544443914, 0.8738229942202921, 0.9955306185341367], "b2": [0.9093684085192093, 0.9917908431523835, 0.9778558390036447], "b3": [0.5849432642750341, 0.8879966435399826, 0.9777234964347185], "b4": [0.16244684227412157, 0.9399349764418484, 0.9815048917798707], "b5": [0.15582874907331132, 0.7471436192635701, 0.9827810572501147], "b6": [0.174069258525775, 0.9094875695877207, 0.9187513212319837], "b7": [0.8852516395364332, 0.7745707633099969, 0.9969328888021171], "b8": [0.16339982859357596, 0.868922197546934, 0.9919743387060082], "b9": [0.6355104222004871, 0.8380340488190524, 0.9934905150226945]}