{"b0": [0.5880299827930617, 0.8800893574636267, 0.8303861144959095], "b1": [0.2736809078562604, 0.9491367361939445, 0.9532801225569165], "b2": [0.35230318758675233, 0.9891428961069453, 0.8429968135304771], "b3": [0.7555689349585348, 0.9961605481752974, 0.8254722739129886], "b4": [0.8505013232049389, 0.9964636312408149, 0.9683514045680167], "b5": [0.9741288676711641, 0.9731621976619605, 0.8276688512169115], "b6": [0.35730248932404884, 0.9967194686376096, 0.8573834865040351], "b7": [0.06473561653322298, 0.89484039822425, 0.8268474646520526], "b8": [0.5981344671291554, 0.9923414191821649, 0.8877133439336271], "b9": [0.1699524273476192, 0.9067337839805291, 0.9092494730215245]}