{"b0": [0.3336665720457713, 0.8608024289696072, 0.861396432640509], "b1": [0.7714628825583286, 0.7683144832583221, 0.869024409638574], "b2": [0.987907761002325, 0.9435568772953412, 0.9731477417233998], "b3": [0.30399605972828164, 0.97417179583099, 0.8644366127131917], "b4": [0.6067714357723925, 0.9542247735533735, 0.8232900735557286], "b5": [0.15839449649005002, 0.8006169175631388, 0.8663278754475385], "b6": [0.9120152717062868, 0.8377439343358187, 0.9689117256929229], "b7": [0.7489065482661914, 0.961324249771165, 0.8257726349286106], "b8": [0.6509072546583794, 0.9084546324234636, 0.8146402497255332], "b9": [0.8612198569306132, 0.9319325944817711, 0.8172073850853729]}