{"b0": [0.7097023866265317, 0.9182555153678522, 0.8830888882699378], "b1": [0.7725345162659094, 0.9216466748661892, 0.8311147482132145], "b2": [0.9872405614013734, 0.9636545808363833, 0.9008799835094905], "b3": [0.9801636259177754, 0.9526578470576643, 0.942508862974015], "b4": [0.3416859939771408, 0.8774992791648834, 0.9235857636774866], "b5": [0.09244252103655011, 0.97948836482665, 0.9989346481139408], "b6": [0.9682650464451718, 0.9341439237838819, 0.973184468239563], "b7": [0.6077794244826044, 0.9502471301041315, 0.939044736110436], "b8": [0.8620998242762364, 0.910188520754944, 0.8334853277912836], "b9": [0.8811659281084213, 0.9144060474222634, 0.8471064059150826]}