{"b0": [0.6111059439174792, 0.9215472518680099, 0.9181595905575506], "b1": [0.17190690306318404, 0.8822408100777701, 0.8772521300544878], "b2": [0.6442772972881525, 0.9187447104446917, 0.9409436552460967], "b3": [0.008472413650488385, 0.9306983226965619, 0.9242186647352016], "b4": [0.1611316254602096, 0.9788198181973036, 0.9625398543535989], "b5": [0.0023995668803419305, 0.9386815908733916, 0.9727514943318597], "b6": [0.5686145865359783, 0.9888252212174001, 0.9110326159451274], "b7": [0.0026796109017025714, 0.877523058571935, 0.9734171028722315], "b8": [0.01286969765844349, 0.9564163286417207, 0.9625771521521371], "b9": [0.8847464751747032, 0.9093607919101221, 0.8089628399416235]}