{"b0": [0.6481738404007494, 0.9018829722676106, 0.9977903236282805], "b1": [0.7550458149687657, 0.859031182235056, 0.9343662493857348], "b2": [0.35991624784328896, 0.9661583584088589, 0.9782355065827798], "b3": [0.751822122330283, 0.9907998263129495, 0.8311137740709118], "b4": [0.3202937389405317, 0.9828853492471117, 0.9760077074812389], "b5": [0.006785994970094797, 0.9381957985962992, 0.9986204408228393], "b6": [0.16779036615477527, 0.8202182930911873, 0.9769418146437394], "b7": [0.5562002055259504, 0.8649795757373059, 0.9268233818056167], "b8": [0.013862937866420857, 0.8901175479860687, 0.8993574583177204], "b9": [0.8917425704995183, 0.7864823997051812, 0.821853031790169]}