{"b0": [0.35006960085907557, 0.9471031917327113, 0.881172649769438], "b1": [0.005027833748628666, 0.9977515520681912, 0.946398644531257], "b2": [0.6213373181236189, 0.9851079652065603, 0.9990980512852841], "b3": [0.007495531012261053, 0.9943760415972274, 0.9114351526375485], "b4": [0.06490341431634176, 0.9362979205565466, 0.8544024447116375], "b5": [0.7461468942146322, 0.910278533090378, 0.9863655557276322], "b6": [0.16118509784829804, 0.9253757259556216, 0.8695573316005497], "b7": [0.17143217526675447, 0.9290854126507065, 0.8532024419104153], "b8": [0.16663529495098003, 0.999490648119583, 0.9102156272196267], "b9": [0.16614504566870564, 0.9942870335461335, 0.9531144128474364]}