{"b0": [0.7733942048814546, 0.7668230245122026, 0.8863786699917504], "b1": [0.7522800809883624, 0.9912520011809357, 0.8699116374727786], "b2": [0.985624389294785, 0.9395706604321604, 0.9460828034686702], "b3": [0.8754628756225243, 0.9476159666738139, 0.997429412873284], "b4": [0.1582967877816247, 0.8849242986586937, 0.8133665018762365], "b5": [0.29455193452724243, 0.9673518469881713, 0.8119446499726751], "b6": [0.15062122033225092, 0.9761963301338712, 0.884529078649362], "b7": [0.7270803310011617, 0.9516588767651966, 0.8212595729987467], "b8": [0.8816490443641328, 0.9795923710651993, 0.8541585997851285], "b9": [0.9912472206472883, 0.936854613506509, 0.8973942961658643]}