{"b0": [0.7511742172674797, 0.8934242745552797, 0.8557100183970534], "b1": [0.7512766047048811, 0.894795615285455, 0.9760165378432915], "b2": [0.0021405764313332048, 0.9033212209328952, 0.8249757253542359], "b3": [0.15886852160196485, 0.9923481898827775, 0.8458037114812201], "b4": [0.7306942087916021, 0.9239705704438732, 0.9704126697131212], "b5": [0.1631300066431371, 0.9646943217726635, 0.9772863477230033], "b6": [0.3183417033201841, 0.8788056440249586, 0.9661047265924396], "b7": [0.7904827302949929, 0.9743536621626449, 0.8382179653556483], "b8": [0.7552514777796233, 0.8215576491432048, 0.8760710239731957], "b9": [0.009995246060701419, 0.7799406138527206, 0.9477872218875875]}