{"b0": [0.08468954292885122, 0.8591385347342002, 0.9366039880932536], "b1": [0.06560129171895807, 0.8589123975740975, 0.8140354183256642], "b2": [0.9852070382510459, 0.9548310137330169, 0.9680246407548551], "b3": [0.34489385328861366, 0.9592973090858807, 0.8368499900234567], "b4": [0.5969389170419245, 0.9223654752736945, 0.8395555453417665], "b5": [0.659602197893391, 0.9967570503551706, 0.9258851473826333], "b6": [0.7360702175547, 0.8359016320020903, 0.9082203538820173], "b7": [0.012997041287382405, 0.9887412905606243, 0.8586121566477632], "b8": [0.9162307882356265, 0.942318335145277, 0.9753467664261858], "b9": [0.9145789782250372, 0.9359472168703934, 0.8383756970284796]}