{"b0": [0.013491984480197, 0.9935105375581275, 0.9928613430758338], "b1": [0.07179261846401025, 0.9548074075547858, 0.9771413965740321], "b2": [0.36479274447451787, 0.856863402385649, 0.9502017208778151], "b3": [0.07920556897206621, 0.8520644788327462, 0.8587944759984559], "b4": [0.0881379145493124, 0.9828399272770448, 0.944939557349346], "b5": [0.7644145604595471, 0.8437646549396056, 0.8434639090413769], "b6": [0.3315827617411977, 0.9727597714545883, 0.9293174968608969], "b7": [0.09020545383412058, 0.9526180413180593, 0.866684243059871], "b8": [0.975418052385975, 0.9619001835882147, 0.9956437306388292], "b9": [0.992886776851481, 0.763329430666589, 0.8836036955954529]}