{"b0": [0.07755181432162433, 0.9197689609382858, 0.8679999756241189], "b1": [0.3839329991177029, 0.9416892405413319, 0.9821436689713804], "b2": [0.7405059145967011, 0.9865259451540699, 0.8866069113708903], "b3": [0.15727202755821348, 0.9478759281310839, 0.8956241127605429], "b4": [0.7790203805758218, 0.92794324403501, 0.9008724352274412], "b5": [0.16247463020367628, 0.9947613255872463, 0.8754014018389878], "b6": [0.081053639377454, 0.9401890589045011, 0.9696735620769757], "b7": [0.06431420716026688, 0.8130761998338071, 0.9520911477503585], "b8": [0.6360922323663467, 0.7960322204031722, 0.8619983047214255], "b9": [0.7037113267490008, 0.8319485208064665, 0.8687734110198768]}