{"b0": [0.09112726657696955, 0.8492436099660405, 0.8380209072072665], "b1": [0.017800445631220674, 0.9792488030075559, 0.9835032851369442], "b2": [0.09382234146813656, 0.9962743493751415, 0.8545458056420668], "b3": [0.7379404271960867, 0.9556415095258696, 0.8748761653432553], "b4": [0.30081318961995884, 0.9491502009865918, 0.9718660087547539], "b5": [0.05313179102663926, 0.9923894167151046, 0.9332034163735436], "b6": [0.9024513359489904, 0.9715276744168948, 0.975308956167223], "b7": [0.5970681190333622, 0.9081054750853772, 0.8694787041290486], "b8": [0.7680506860082309, 0.9702080940949448, 0.957377763480055], "b9": [0.00013834256083863214, 0.9131666406104838, 0.8118720885501799]}