{"b0": [0.35916606142209484, 0.9586611091844682, 0.9339566628573323], "b1": [0.7342321601080222, 0.8279870057318297, 0.8663705353601552], "b2": [0.3275836799884327, 0.8781501813213182, 0.8278721011551022], "b3": [0.08834294861770378, 0.9350266608991182, 0.9764170880531309], "b4": [0.3131737213354587, 0.957474180139553, 0.8861498516799083], "b5": [0.8811681293976024, 0.7926076517717453, 0.8068811007785343], "b6": [0.3158328119181693, 0.9519686197435431, 0.8511175338502431], "b7": [0.15942974157194248, 0.9960207849763267, 0.8317891508074351], "b8": [0.9929782549143465, 0.9638625237394052, 0.8931190536869985], "b9": [0.8605565352754444, 0.9739920706786063, 0.882237983366482]}