{"b0": [0.8014171251132864, 0.977397057368928, 0.8752125240723416], "b1": [0.15575082212869096, 0.990239210952837, 0.878709567603889], "b2": [0.15926418166430284, 0.9639684213642172, 0.8079913937289988], "b3": [0.9964845275275827, 0.9818751822958122, 0.8471274235920291], "b4": [0.7617264569415443, 0.984441278562794, 0.9453585709629199], "b5": [0.35322658519145195, 0.9198489088193607, 0.8472393914684025], "b6": [0.09376736776015879, 0.8523298547387873, 0.8569684853571583], "b7": [0.06891252536730942, 0.9984958305003957, 0.8050414221380221], "b8": [0.07755314598882226, 0.8022350312314848, 0.9133341809481825], "b9": [0.36256926651731197, 0.8255956577126038, 0.8480300704936835]}