{"b0": [0.743939164236967, 0.9903727323484856, 0.8817546099330338], "b1": [0.3740901526105269, 0.88181318643946, 0.9499729410444637], "b2": [0.6182156965415143, 0.8847863945495624, 0.9586617074745937], "b3": [0.07774218169446208, 0.791349776735497, 0.8895074720030227], "b4": [0.07789079291211783, 0.9065706958605287, 0.8343844099527844], "b5": [0.7643597356648375, 0.9588813646866421, 0.8010552047669708], "b6": [0.04728110842202147, 0.9727848558948415, 0.9509320228002778], "b7": [0.07755776094798185, 0.8710164564362285, 0.8602682098081427], "b8": [0.0760731513882407, 0.9574951110302651, 0.9128966746067628], "b9": [0.7746448175377573, 0.9816167751900474, 0.900362047468807]}