{"b0": [0.8262735929878429, 0.83079808677325, 0.9896536024427857], "b1": [0.5928834805197465, 0.8899103028268515, 0.8700992914999935], "b2": [0.3669129393401389, 0.7689947356369109, 0.8316724365815427], "b3": [0.16079915903911346, 0.9366498398390004, 0.9557009704944537], "b4": [0.7260574539465557, 0.8675572172597924, 0.8334239882551405], "b5": [0.07652140890837185, 0.913273946206825, 0.9029318168634087], "b6": [0.01756704534729485, 0.9876251810025384, 0.9102769694186819], "b7": [0.15923795029961954, 0.9543726150285247, 0.8598646805127562], "b8": [0.8639928780366752, 0.9249306645097007, 0.8333912210756808], "b9": [0.16548111604734594, 0.8108152574792985, 0.831267493991067]}