{"b0": [0.640154335106613, 0.9260929824664346, 0.9723408585707277], "b1": [0.06299521834619265, 0.9331201235193812, 0.9766999043852791], "b2": [0.10736304229224825, 0.9343596561797888, 0.9846301733506556], "b3": [0.8767035750236605, 0.9482720907507393, 0.9041042069766166], "b4": [0.009684570796515433, 0.8676680347953928, 0.8550790089209912], "b5": [0.1680290634609518, 0.9041604936955698, 0.8965526869177814], "b6": [0.010442177068889369, 0.9597757497748712, 0.9585620969266984], "b7": [0.07353677322627426, 0.9785589165810228, 0.9559357704234741], "b8": [0.15982786700629054, 0.9007638065876944, 0.99585212413797], "b9": [0.7159096496128153, 0.9175140778014484, 0.8562265488572168]}