{"b0": [0.9946133329206037, 0.8898230241985198, 0.8630390343419942], "b1": [0.6487558585582878, 0.9545833429236187, 0.9079290142745404], "b2": [0.10506445989997695, 0.9570114429403708, 0.9936186633411548], "b3": [0.9997294077515866, 0.9763934436642074, 0.9293141392117054], "b4": [0.07418218575476156, 0.9384560796955386, 0.8423921003120991], "b5": [0.8774032558983241, 0.7938341970200219, 0.9000501562264966], "b6": [0.995228360644219, 0.868606640755217, 0.9955069123931817], "b7": [0.38413658291893527, 0.9722451140840098, 0.8807080278344074], "b8": [0.6436701095757603, 0.7977023226859266, 0.9624993637321901], "b9": [0.008723664030284335, 0.8603606829085879, 0.8887554902471458]}