{"b0": [0.8601555842153656, 0.9488430711945575, 0.9803667498127976], "b1": [0.8562917186926201, 0.985223744760008, 0.8544007608621569], "b2": [0.8783289976755738, 0.9447486311999331, 0.8399700613699664], "b3": [0.5952250168872868, 0.8377676796334296, 0.9537674268641717], "b4": [0.8972106492586436, 0.9072764467881558, 0.8449892965503739], "b5": [0.7419724115720112, 0.7726732357133538, 0.8452804585874658], "b6": [0.14732811684122146, 0.9971167356402221, 0.8762621775446966], "b7": [0.08278002091791148, 0.9915754346567854, 0.8788772542841373], "b8": [0.07455841001940613, 0.9902350799318091, 0.9666021229998192], "b9": [0.08374483878367155, 0.9942757700274398, 0.8693907725080459]}