{"b0": [0.6221574207733943, 0.9104250511641472, 0.9988330367223557], "b1": [0.7408700166911679, 0.9992092722063944, 0.8686575909485874], "b2": [0.5866794645350027, 0.9496838764742732, 0.8475245084530401], "b3": [0.8510089162803877, 0.8128545936629259, 0.8766310289872987], "b4": [0.7551428633103489, 0.9386861467304388, 0.8558697569301696], "b5": [0.28803646137194205, 0.7209979616891247, 0.8137942060439245], "b6": [0.0761443157010555, 0.8986058459814282, 0.8476266303675701], "b7": [0.06821739730873466, 0.9337531665575339, 0.9304211793551811], "b8": [0.904458998881616, 0.8986643448051376, 0.8424341949202241], "b9": [0.8895499903942675, 0.99471512811156, 0.8510365452675319]}