{"b0": [0.16742823319902184, 0.8644437374003165, 0.9434237127716885], "b1": [0.32718446341226476, 0.8990609463759711, 0.8799626729330774], "b2": [0.901554720395646, 0.9006818368064781, 0.9464472897380185], "b3": [0.6256625242206285, 0.80606512773595, 0.9196888730634659], "b4": [0.16467219393440602, 0.9753355551534894, 0.8821976355389519], "b5": [0.16358642913855725, 0.9918987630862943, 0.9859949898841633], "b6": [0.3459464558368037, 0.9391140984424001, 0.9703087339641346], "b7": [0.9801162936943467, 0.9562050591915312, 0.8371956106997902], "b8": [0.8825426321694181, 0.9077037191351923, 0.9388632082982304], "b9": [0.3590982560258588, 0.9127884660879354, 0.900438660850041]}