{"b0": [0.8843235739152707, 0.9540115947896698, 0.8120077415131598], "b1": [0.5964839327830822, 0.953036658139251, 0.8462762722839591], "b2": [0.3720824033780277, 0.9766806829462894, 0.8013419201400636], "b3": [0.07429906439052467, 0.9241846390323096, 0.8704061818936976], "b4": [0.5723688690768626, 0.8966563323609513, 0.879249423266335], "b5": [0.3463855591092577, 0.8499348653726965, 0.923672253525023], "b6": [0.3650764101606571, 0.9016158488339191, 0.9434564682071057], "b7": [0.7388139453707444, 0.8790432904093418, 0.9291309724588045], "b8": [0.3558166400734105, 0.8101954673742375, 0.8218936498471295], "b9": [0.6187805012443515, 0.9762190176312706, 0.8695467842167508]}