{"b0": [0.6368645867748809, 0.9169916094863022, 0.8004567216077499], "b1": [0.3447748818275983, 0.9390778684483118, 0.9014125687434361], "b2": [0.016665668548461098, 0.9181631285931288, 0.9280503081297724], "b3": [0.8417268059651112, 0.9393939857380902, 0.9092845075448018], "b4": [0.1589903294931419, 0.9191656479693586, 0.8875462462033998], "b5": [0.15487304536870483, 0.950868339940784, 0.8870892751635412], "b6": [0.9964071353128273, 0.8743420292110169, 0.9821623916886084], "b7": [0.30945804352539386, 0.9727352573600823, 0.9051067835595333], "b8": [0.16642390724699013, 0.9615702520174314, 0.90301972727266], "b9": [0.34353588693081377, 0.9926570041013356, 0.9345232117499617]}