{"b0": [0.15993839482011465, 0.82905041836739, 0.9006107873539542], "b1": [0.15735222307211588, 0.8894872470813487, 0.9145130005688157], "b2": [0.16668712199168442, 0.9997116495854053, 0.8838222208887023], "b3": [0.08265604833155323, 0.9773578309322218, 0.8649420050072573], "b4": [0.15818805372028355, 0.8303921515647136, 0.8282711579387556], "b5": [0.1581564798791484, 0.8940100593859102, 0.867728687672634], "b6": [0.1658392148814098, 0.9348925609703891, 0.87817455188461], "b7": [0.06621777675202455, 0.8608283648541198, 0.9794349897177479], "b8": [0.1006339372986857, 0.8482124221186447, 0.9158561647605572], "b9": [0.1556875889978549, 0.8965015579669448, 0.8626987332586848]}