{"b0": [0.10043820902524843, 0.7963142940398177, 0.8014210191158796], "b1": [0.15865974150694231, 0.8574916503611276, 0.9368103089291087], "b2": [0.16455419335458893, 0.9629298595125866, 0.9000491706226883], "b3": [0.1534778344663567, 0.9808351701014963, 0.820698563661675], "b4": [0.15636602176484576, 0.8093726627240864, 0.813744886317337], "b5": [0.16524514363969114, 0.9161151821561454, 0.8429930778776432], "b6": [0.06508473732065825, 0.8717895001479462, 0.9749274982386291], "b7": [0.16756959742870253, 0.8417030456150818, 0.9175369626508717], "b8": [0.10312477578854687, 0.7888854030481718, 0.8716130025796489], "b9": [0.10135978242315961, 0.923658581337273, 0.904454728055862]}