{"b0": [0.6364955210403541, 0.9023513012845208, 0.9241808373837495], "b1": [0.10998143704456695, 0.8979617564251376, 0.9109103082200142], "b2": [0.16296905112467383, 0.8549933883356308, 0.9801329742786388], "b3": [0.15476251159251253, 0.9967060458317348, 0.8915029084020151], "b4": [0.3314080597222616, 0.8361287309659796, 0.995491395513198], "b5": [0.8823570005325625, 0.9897868943489846, 0.9202882506890049], "b6": [0.27991687045314206, 0.9417809259517256, 0.9559128576304853], "b7": [0.873009624945631, 0.9357154713839588, 0.9843148780675606], "b8": [0.8172067451744415, 0.96650690493724, 0.9018991430857328], "b9": [0.1595832106456319, 0.9332793649207537, 0.9486854348259871]}