{"b0": [0.3128627521092405, 0.9588459892692623, 0.9688969632564857], "b1": [0.8840553520938009, 0.909868941726602, 0.9068833960026238], "b2": [0.16347158944172158, 0.9247098928065989, 0.9888385896943368], "b3": [0.08183462727430102, 0.9898926554437101, 0.8855725354046885], "b4": [0.15919594414737923, 0.8989903689251538, 0.965517281794185], "b5": [0.1558433086526062, 0.8329602555696834, 0.8485133183588186], "b6": [0.9916382587175057, 0.8560206802240371, 0.8040542793365283], "b7": [0.92873561124277, 0.894603866999589, 0.9678011810004759], "b8": [0.7577375517335253, 0.9579109963999274, 0.8724769524472862], "b9": [0.15043898746632076, 0.7569614969087654, 0.9852438717750548]}