{"b0": [0.16429267351408425, 0.8460043173359795, 0.9917105057965795], "b1": [0.027310245757570392, 0.9770464731026296, 0.80101463295737], "b2": [0.33952539260563486, 0.852268393002173, 0.8728759486688772], "b3": [0.9884891566392112, 0.8878402173416657, 0.8088437120798061], "b4": [0.15629283379686934, 0.7540379670695505, 0.9556351943155815], "b5": [0.8946051506082813, 0.9706107959741543, 0.8428379327015284], "b6": [0.15105933828136653, 0.9308255028285366, 0.9598085395646396], "b7": [0.9850847105169035, 0.8660734355745072, 0.9094749615804021], "b8": [0.005918446788347467, 0.9348381559618177, 0.8554036739766581], "b9": [0.15949461148886993, 0.928304894339393, 0.8595839368571144]}