{"b0": [0.06627344921199066, 0.9868615865557809, 0.8641725482188807], "b1": [0.1598727585398546, 0.9383539504660482, 0.9389569591516508], "b2": [0.15905128649457972, 0.9562200771441434, 0.8815490342563652], "b3": [0.011965264705045758, 0.9245394909177136, 0.8512338804588316], "b4": [0.9804634061406808, 0.9421622246779517, 0.9427125145570443], "b5": [0.8413478031893779, 0.9047924146350514, 0.9312681208262454], "b6": [0.3178162184828055, 0.9885996184758682, 0.9298516824130388], "b7": [0.7693463310654965, 0.9966053046817603, 0.9515219417402595], "b8": [0.8334898062096046, 0.987580448641382, 0.9510320213342075], "b9": [0.0014713151877950668, 0.755765103752872, 0.9379441512142159]}