{"b0": [0.0010587563244164946, 0.7962690550443778, 0.8600977457552724], "b1": [0.3186842420438183, 0.9932144114416199, 0.9465701881906226], "b2": [0.9031609889089098, 0.9808015406783537, 0.9629780405734744], "b3": [0.9756812503210611, 0.7097368100334112, 0.8203379016135495], "b4": [0.6521298792402728, 0.8404554026304137, 0.8188734901202187], "b5": [0.015646688764839413, 0.9636629627428548, 0.8466023870894435], "b6": [0.7305863018285903, 0.96387921413702, 0.8428538013619458], "b7": [0.9856191328908253, 0.9445365058399204, 0.987255390894728], "b8": [0.06689518058927436, 0.9403286866190763, 0.9058727563740944], "b9": [0.007357048552944366, 0.9868972090442629, 0.9738891061203354]}