{"b0": [0.7977270125850581, 0.8325465122297863, 0.8293147636797314], "b1": [0.07653435161872431, 0.9785920567570457, 0.9741253526741309], "b2": [0.7334967614524374, 0.9934844935500408, 0.942061603147556], "b3": [0.09888264153836862, 0.9998396614725147, 0.8520960470434967], "b4": [0.7381374075251815, 0.9860830043228751, 0.8026432698438868], "b5": [0.7002659226110619, 0.941013287031128, 0.9541339532592653], "b6": [0.16866565906918565, 0.8393413364039359, 0.8728683548649319], "b7": [0.7552196652372081, 0.9623539897124584, 0.9316389660236822], "b8": [0.7370902886213644, 0.9423675366475848, 0.9603328996369214], "b9": [0.0854549780159951, 0.8050181194862317, 0.982010761806776]}