{"b0": [0.7389302586065046, 0.8228318228139461, 0.8883701759380397], "b1": [0.6921288369154769, 0.9570166809150092, 0.8492308187908776], "b2": [0.1562863431858176, 0.8271506431206643, 0.9848132587746962], "b3": [0.6388775647457081, 0.9056977027613038, 0.8977333804228793], "b4": [0.766035566004634, 0.9919668701500616, 0.8907475207044376], "b5": [0.7748408366491232, 0.9028664317136389, 0.8544201086150839], "b6": [0.1641912984737524, 0.9445088361034147, 0.8495113031049584], "b7": [0.5789780575878747, 0.9867083695620874, 0.9431413030754715], "b8": [0.7537955213393499, 0.8628599913557773, 0.907847509929993], "b9": [0.16440166043303273, 0.8887216786369266, 0.9887882831050847]}