{"b0": [0.06963615658143317, 0.9167415273388992, 0.877060644614008], "b1": [0.15567200224400377, 0.9355598006984835, 0.859601702359751], "b2": [0.7340982902110171, 0.9642891866253184, 0.9563981464248182], "b3": [0.06972223141077516, 0.9621937427769925, 0.9281874534398699], "b4": [0.6220791883546252, 0.9061539715826262, 0.990209162664642], "b5": [0.08628879568807234, 0.9728394812612406, 0.8100048107799835], "b6": [0.09553771233991258, 0.9642175817192595, 0.8985952361434992], "b7": [0.9884653701865633, 0.9495530236139254, 0.9170349252675477], "b8": [0.09569814467268037, 0.9713305412684272, 0.9887375343773444], "b9": [0.01867838744742577, 0.963182191779986, 0.8673966199393176]}