{"b0": [0.10076546469900068, 0.8587876182349489, 0.9072643818941988], "b1": [0.05215389653840135, 0.9955606760426936, 0.8933748093787572], "b2": [0.7522897906298699, 0.9773433232001275, 0.8209328768568815], "b3": [0.7104733899510759, 0.9598880649377396, 0.9129219865642609], "b4": [0.8627011327610709, 0.9952829902605561, 0.9703107808068229], "b5": [0.9079670197207383, 0.9536461508182557, 0.915334749932763], "b6": [0.05264823893125437, 0.9634196883700202, 0.9178723558393443], "b7": [0.09014811914706997, 0.9961220890742721, 0.8552781345149175], "b8": [0.12635459471375166, 0.9372981627944977, 0.9809740584852359], "b9": [0.09050965215802739, 0.9003938316988612, 0.8628475487284462]}