{"b0": [0.05567184153557618, 0.9736474443748743, 0.8538570773086153], "b1": [0.06301651228936167, 0.9000362500856299, 0.8138014536345493], "b2": [0.173528784014019, 0.8109206691674438, 0.8370582603222041], "b3": [0.09636673575749306, 0.9091484312529952, 0.8818710162519844], "b4": [0.5690056082716999, 0.8306792428980175, 0.9744743080975272], "b5": [0.9781163128531657, 0.9700597697190484, 0.8921336705796011], "b6": [0.0893463397055005, 0.900182320857316, 0.9775935547353508], "b7": [0.053523663489325364, 0.9088158238336672, 0.8268322567887333], "b8": [0.10852552522483329, 0.8368654120857834, 0.8582772418949455], "b9": [0.1599064939131212, 0.910049978371635, 0.8984035923244725]}