{"b0": [0.6397946596101028, 0.8580629301357321, 0.8850313881035029], "b1": [0.9985361501163906, 0.800521040245045, 0.9512729764569916], "b2": [0.3326251964431644, 0.8055646130506777, 0.969989870210369], "b3": [0.7733860300562782, 0.9213793532209832, 0.8806980608773451], "b4": [0.7851639962802581, 0.8770614145837514, 0.957974728500291], "b5": [0.2800341011481151, 0.940203914602765, 0.9394470082330565], "b6": [0.6462905270069116, 0.9874544574019937, 0.9688068484548527], "b7": [0.8589616898620162, 0.9157593027413775, 0.8881622063356701], "b8": [0.06688587623226175, 0.8085481901382852, 0.9318422777062068], "b9": [0.851452125449153, 0.9318741564113752, 0.8495770050175175]}