{"b0": [0.1505621901983954, 0.9101296126385011, 0.8685423930588001], "b1": [0.6394074765585365, 0.8613646778219372, 0.8620337999636328], "b2": [0.3507825219795353, 0.9784628519926922, 0.9144052299704353], "b3": [0.7646358454062816, 0.8414143088247121, 0.8286787406112965], "b4": [0.3074996769745065, 0.8276973739702975, 0.9908640640267818], "b5": [0.3342788950434724, 0.9195915411968862, 0.8057766273714401], "b6": [0.7511994740998543, 0.9924156622866562, 0.8302223520717987], "b7": [0.15564406554607163, 0.8577090668641612, 0.9018710311071877], "b8": [0.7520180598769265, 0.6856622398163406, 0.8065165454307109], "b9": [0.3271845045539624, 0.8963984599244071, 0.8806884727385638]}