{"b0": [0.0885240261948132, 0.9107258107346915, 0.856510858923083], "b1": [0.8560261829757111, 0.8613453589114469, 0.8125703144078598], "b2": [0.006775611558677235, 0.8791819098708368, 0.8148621336170265], "b3": [0.29077654451151697, 0.9768224447000537, 0.9535676338650261], "b4": [0.8609283977436857, 0.91084198394816, 0.9518195466535192], "b5": [0.6686355002335027, 0.9392363719536314, 0.8090218064570494], "b6": [0.7962966100563783, 0.9544195724000096, 0.8243875795592576], "b7": [0.7318298616926977, 0.899607972728053, 0.8039397776021198], "b8": [0.8933982519274056, 0.9893925309667563, 0.9729369757282328], "b9": [0.5397883416557171, 0.9987581937004392, 0.9051077780112472]}