{"b0": [0.007477120579126004, 0.9374296546775913, 0.9452366049371566], "b1": [0.5632422856329059, 0.9538679179255227, 0.8382990682189354], "b2": [0.6164785678378056, 0.9895245841694671, 0.91678868699775], "b3": [0.0019312309428596655, 0.9285838711521035, 0.9640061990926979], "b4": [0.6336233823231174, 0.9485562725260752, 0.8856588808130954], "b5": [0.6109640089976757, 0.9066711659895229, 0.9325510113289206], "b6": [0.3299043847364896, 0.8632319994057785, 0.9658411911060912], "b7": [0.6029222868037347, 0.8770856450544652, 0.8334382008321921], "b8": [0.6215983763048711, 0.8658971948646225, 0.9872809173888056], "b9": [0.16491147762724243, 0.9325879592772723, 0.9934499646565143]}