{"b0": [0.8438706468387498, 0.9455616474087364, 0.8679707249694772], "b1": [0.011175029357708985, 0.9730072187181645, 0.8542193873413341], "b2": [0.591079639228409, 0.9878992455787795, 0.9172692052617291], "b3": [0.08192466104365838, 0.9913764774156185, 0.8240573547756699], "b4": [0.7599614586534965, 0.8951656430506115, 0.9703265179175975], "b5": [0.334775795510957, 0.8881909859484616, 0.9458590050722127], "b6": [0.6054333969357013, 0.9180021742952177, 0.8582852059034536], "b7": [0.8551777664218545, 0.8811500390500784, 0.8980455734740506], "b8": [0.1579256382837569, 0.8533864166450923, 0.9420067901334948], "b9": [0.6520866894111625, 0.9095909338098128, 0.9227250299154228]}