{"b0": [0.9677405598547029, 0.8080898046106317, 0.8636230737267144], "b1": [0.8259362491511643, 0.8883811468696103, 0.9626366190325273], "b2": [0.35154465390799206, 0.9831756663640238, 0.9726282052864937], "b3": [0.005305057551400566, 0.9538122414614475, 0.9725668431877149], "b4": [0.009897651015277946, 0.8597371790256082, 0.9237907134596884], "b5": [0.646225575453231, 0.9486181476442913, 0.9476342507008259], "b6": [0.9881664689488889, 0.8229756738447875, 0.9056385015244196], "b7": [0.004539893659921393, 0.9843115266782091, 0.9140313532257569], "b8": [0.9654787622483115, 0.9854425269144582, 0.9861369511948768], "b9": [0.8763678011655692, 0.8776676271542354, 0.9264796935455503]}