{"b0": [0.0027764643020703624, 0.9818457555914522, 0.9411773948354576], "b1": [0.6437262481765833, 0.9048991422401218, 0.8384031747610641], "b2": [0.16955987343037482, 0.8706063372739676, 0.9358206532700707], "b3": [0.3394828117225092, 0.9781150425500771, 0.8223271525379354], "b4": [0.33593609418368153, 0.8782993684201915, 0.8027958060539754], "b5": [0.16218740098874854, 0.9575761534682843, 0.9386890004485048], "b6": [0.32249395110396056, 0.9654624147848624, 0.8396881231136433], "b7": [0.5787469402827137, 0.9201544293006506, 0.9807103604335023], "b8": [0.8589993795150034, 0.9771386286663172, 0.9738734448372136], "b9": [0.3726855278181907, 0.9715975858582432, 0.8469173162218709]}