{"b0": [0.6455730600552179, 0.9937611038797951, 0.880928535057924], "b1": [0.0007839463777012999, 0.9736320507637005, 0.9498656952325658], "b2": [0.7752090937501208, 0.9846168762597409, 0.952456124146787], "b3": [0.2710176776419165, 0.9432124522114268, 0.8939202508151746], "b4": [0.9875882071103209, 0.8995307194346678, 0.9278592693020116], "b5": [0.16510068599664118, 0.9676017980871565, 0.8971991032594663], "b6": [0.003338916664586029, 0.964693009573462, 0.9112575915532021], "b7": [0.07771409457788088, 0.9780218976326526, 0.9826945614323861], "b8": [0.8723606936828994, 0.9777811556186944, 0.818838540592107], "b9": [0.5499995352324745, 0.9076781634144928, 0.9991623130033375]}