{"b0": [0.6000549435906837, 0.9940538706766027, 0.9939343857140497], "b1": [0.7440981398722343, 0.8656425111865288, 0.8135543745562525], "b2": [0.8769047109346992, 0.9485098393784961, 0.9214875885487653], "b3": [0.7728579679268031, 0.9162307002796265, 0.833909952710219], "b4": [0.9957161234036994, 0.781358264323432, 0.9201336179336902], "b5": [0.32299237450430196, 0.9325036618968384, 0.9386891435576803], "b6": [0.33359015901280936, 0.9123074124530127, 0.8239137776826699], "b7": [0.7319704916737461, 0.9389102177069897, 0.9108361314919413], "b8": [0.15768694435708488, 0.9770743194149272, 0.8413704648055621], "b9": [0.8041355349477576, 0.9604912633463877, 0.8992850318727044]}