{"b0": [0.9891031842443374, 0.8876180987555263, 0.9826391088516827], "b1": [0.15482264979300162, 0.9720854110793549, 0.9122735033068681], "b2": [0.890793382647893, 0.9080836079399779, 0.9341985770305185], "b3": [0.00915143625864598, 0.9321967360222395, 0.8079785936275692], "b4": [0.35014910236750796, 0.9194246981738118, 0.823016660773484], "b5": [0.5825042903996129, 0.9031281163356597, 0.971454347073244], "b6": [0.8811567386869642, 0.9543422529478621, 0.990378251548527], "b7": [0.3381778802884277, 0.8228302586749254, 0.8547455879934367], "b8": [0.3311013301847609, 0.9838716868352207, 0.8141970187980425], "b9": [0.060263572600498444, 0.970406376902245, 0.9389444492375496]}