{"b0": [0.006026306192527586, 0.980258797390404, 0.9807138234537809], "b1": [0.8442904131406037, 0.835452395183565, 0.9749604419496971], "b2": [0.8921175657837792, 0.9849884152860799, 0.8738016095174013], "b3": [0.8548531787241781, 0.8351042064506395, 0.9486595196409904], "b4": [0.5708006267111961, 0.9679880154681351, 0.9694931274033681], "b5": [0.08676053211316717, 0.985098144528288, 0.8701953930149016], "b6": [0.9135018311530304, 0.9690484436445886, 0.9751616761759352], "b7": [0.9940890179699566, 0.9673373006869006, 0.990212758410831], "b8": [0.05887380511106319, 0.9482719591641766, 0.816258384581723], "b9": [0.8532975495697481, 0.9402698438665874, 0.8288434677208982]}