{"b0": [0.08856294801854858, 0.9092739111057702, 0.835249941255764], "b1": [0.0841984606036604, 0.9318793017060721, 0.8453509940218461], "b2": [0.023300933353139975, 0.897713537389861, 0.8904528809169645], "b3": [0.1607723397223868, 0.9683325795996689, 0.8889018408483759], "b4": [0.6101298458086974, 0.9850361197016185, 0.9455923969651602], "b5": [0.30693655931156516, 0.928030140674397, 0.8025443227061331], "b6": [0.0884965902587706, 0.9639446683899184, 0.8002572048530273], "b7": [0.10440236190334776, 0.8165074172947442, 0.8991654524176315], "b8": [0.07292970601096711, 0.894353547140893, 0.8437125358430432], "b9": [0.16546764235971598, 0.9544207284092836, 0.9482215391794682]}