{"b0": [0.29426764306819253, 0.8438785838350827, 0.9255140003432671], "b1": [0.005250734261972947, 0.8435145144660267, 0.8841817932299864], "b2": [0.7543837229542661, 0.9781605801425409, 0.887709427870454], "b3": [0.16985165698797233, 0.8934095173562043, 0.8935473877625171], "b4": [0.5987402158386089, 0.9818062200312041, 0.8149004213875172], "b5": [0.006253999436147845, 0.9936296788564606, 0.8065507422064598], "b6": [0.5927794976557897, 0.9516269490151259, 0.9763410061563303], "b7": [0.08245826837777791, 0.9228470791612934, 0.900595275954577], "b8": [0.3693536325024219, 0.8900792016095431, 0.9341784410169963], "b9": [0.9180491578892397, 0.950564634373228, 0.9830531117351066]}