{"b0": [0.34567964642955595, 0.9051218654720323, 0.9661510199877219], "b1": [0.9868249677230113, 0.9757835633566431, 0.8949767821778135], "b2": [0.6848589489440254, 0.9713285588801379, 0.9423045506941986], "b3": [0.3246591379345762, 0.8580591233915087, 0.8095184856025659], "b4": [0.00188354908488805, 0.9103051941633561, 0.9676975461247421], "b5": [0.3478224875626457, 0.9009021482456874, 0.8027543571104477], "b6": [0.5732879233302632, 0.8962902248636324, 0.9415591256974973], "b7": [0.10995899090644662, 0.9456029044977968, 0.9766627068256676], "b8": [0.9982885476768106, 0.9304127980156371, 0.9377616310865353], "b9": [0.16523267565029387, 0.9680599248085217, 0.9457205054313437]}