{"b0": [0.0004691275361098448, 0.8486181423361586, 0.8881147438921084], "b1": [0.6216770200206413, 0.9754621494348854, 0.8612559062032171], "b2": [0.8504791750107806, 0.98961534147701, 0.8766639768000145], "b3": [0.1621701869554624, 0.9821997653085199, 0.8492256330516054], "b4": [0.15813226672074365, 0.918688928840502, 0.8109202424918969], "b5": [0.15979762596773348, 0.9705788921967546, 0.8080789984604493], "b6": [0.15528184736036488, 0.901929915032854, 0.8640373611046901], "b7": [0.7948131608293615, 0.9368984480790226, 0.828317641856836], "b8": [0.9801489695052353, 0.8740325162043266, 0.8026531174811079], "b9": [0.08968021160033673, 0.9333308594041402, 0.8691672678140079]}