{"b0": [0.3247054035772389, 0.7690670634672174, 0.8248935619727191], "b1": [0.8995824643748763, 0.9428545660224743, 0.9644907829463627], "b2": [0.8923348016124697, 0.9255990798106782, 0.8380787532358016], "b3": [0.30416395237467797, 0.7086663972911714, 0.8252125286950504], "b4": [0.34711927323049274, 0.948790380143532, 0.9698841458376795], "b5": [0.6099088885758368, 0.9659528602513124, 0.9739401876378188], "b6": [0.6256587346685722, 0.9882345035411769, 0.9800677077260673], "b7": [0.8558739564732367, 0.8820920931358759, 0.9346500205659178], "b8": [0.6069673145040062, 0.8897263745954329, 0.8210631143824123], "b9": [0.15482647648515915, 0.9546574236183696, 0.8375685904763318]}