{"b0": [0.7524205499643462, 0.80784482707713, 0.8178622722285034], "b1": [0.3325770341493239, 0.8409363424896612, 0.8539335754317819], "b2": [0.8891890664928053, 0.9679029076163103, 0.9355623524439649], "b3": [0.8999117059812667, 0.972283781453077, 0.9336400333413825], "b4": [0.8948313327714824, 0.9707025454569059, 0.9629346612675925], "b5": [0.9955552791531307, 0.9445566470390412, 0.9881245716825379], "b6": [0.866802132683405, 0.9168489665693627, 0.8677131581884855], "b7": [0.09800389042837405, 0.9352813086609608, 0.9881977317931926], "b8": [0.053422527553806026, 0.7502400597582571, 0.8719763976725671], "b9": [0.30649331357692666, 0.9988619188731879, 0.923855439805786]}