{"b0": [0.8684004828063396, 0.8712296249194942, 0.8358284821496723], "b1": [0.7617762007958714, 0.9120643826406165, 0.9254114170978253], "b2": [0.6169904934472256, 0.9921866446394785, 0.8380468739913621], "b3": [0.5888135721317559, 0.9606141425821494, 0.9520739908013841], "b4": [0.769028853567483, 0.9722034444693805, 0.8871886680458629], "b5": [0.8684430234197132, 0.9332868262306968, 0.8859029958114608], "b6": [0.3311452769671012, 0.9027667410733159, 0.8735512039210732], "b7": [0.348832949130367, 0.9784106252424425, 0.8760862301266588], "b8": [0.8475488583939526, 0.9994802496459346, 0.9057364926534887], "b9": [0.0014730803721705909, 0.9491713761360937, 0.8270280552041852]}