{"b0": [0.7833840585654741, 0.9367412312391669, 0.9701779990060547], "b1": [0.34505105468842523, 0.9529535517426788, 0.9649038957194476], "b2": [0.15984393131753433, 0.9942721580777285, 0.8271866616669707], "b3": [0.3273784317168873, 0.978449171985468, 0.8500137033515669], "b4": [0.345714909035731, 0.8665973192377746, 0.9841521032917521], "b5": [0.9019369340268412, 0.7452442631891683, 0.886773780160671], "b6": [0.3030601553917611, 0.8871084015561195, 0.8292418965295252], "b7": [0.864538786990583, 0.8842748121848341, 0.9196342246633358], "b8": [0.8743906391920194, 0.8406938238278677, 0.9459208189966027], "b9": [0.09766901703154895, 0.8359880619896132, 0.9754527934903016]}