{"b0": [0.1629476495387398, 0.8697812164628422, 0.822890309493059], "b1": [0.6460166744304903, 0.9089434650251246, 0.8612941602439697], "b2": [0.8978303852322553, 0.916135716180618, 0.8222749672309186], "b3": [0.31966957178217925, 0.8426940767318248, 0.8654142113066845], "b4": [0.6500638721354629, 0.9396319623660762, 0.9917767763868557], "b5": [0.8861340759781168, 0.8961632717576173, 0.9084837674909894], "b6": [0.026646160370410184, 0.9732779442035612, 0.8662813428650891], "b7": [0.5657634108573023, 0.9115408120915888, 0.9461408906603235], "b8": [0.15195095198791791, 0.9920654209942411, 0.9300574814712707], "b9": [0.7173443065699548, 0.9774137519901754, 0.840408192385683]}