{"b0": [0.979580643548875, 0.8946158230907463, 0.9367854981453273], "b1": [0.09545940645422263, 0.8791439004973317, 0.851409547630424], "b2": [0.30442217722183174, 0.9251475549457766, 0.8274704674171791], "b3": [0.8770010286065419, 0.9257189249430458, 0.8336407167400691], "b4": [0.3400265895045839, 0.9645158914135709, 0.8761029063299542], "b5": [0.5861917753063574, 0.8525939161523897, 0.9422155254112241], "b6": [0.1602306553479796, 0.8912361667319993, 0.8988045679775643], "b7": [0.08791337969112338, 0.8653506774820375, 0.8981239397102199], "b8": [0.747861493591233, 0.9015634431106503, 0.9314977744489531], "b9": [0.8803604778832427, 0.9956696276508411, 0.8996689159618947]}