{"b0": [0.008318521600667648, 0.9622726904518835, 0.9208549757107604], "b1": [0.15556045134253935, 0.9602108566395761, 0.859755747962338], "b2": [0.012616716722767495, 0.8256297540756986, 0.9440211218588089], "b3": [0.9967562454942608, 0.8884388872180993, 0.8483514117534299], "b4": [0.9998424850898507, 0.9963411418381605, 0.8073785506247261], "b5": [0.9860014086659703, 0.9850885960527398, 0.9847280230667848], "b6": [0.8652802509314756, 0.9938034732683851, 0.9208431311333385], "b7": [0.9954825936646563, 0.9388474433055175, 0.9727650195952515], "b8": [0.1571359782210514, 0.9989579513035186, 0.9529780897589533], "b9": [0.008202500697681844, 0.9400868191730751, 0.9129914285180246]}