{"b0": [0.8609840245033351, 0.847653419951549, 0.9055396785584595], "b1": [0.9981725743899037, 0.9927836302354207, 0.8064623631927899], "b2": [0.8469160986761097, 0.8974852035923883, 0.8740307630796152], "b3": [0.016056346490609993, 0.9015058692249294, 0.8216912979946979], "b4": [0.9956172022197439, 0.9347834450052943, 0.9396144326119601], "b5": [0.9832127814791555, 0.9973221356732942, 0.9319444004754379], "b6": [0.16206966116797583, 0.9422475616732968, 0.9356366051691372], "b7": [0.354530873782212, 0.9544893625611867, 0.9503466976924997], "b8": [0.9872102949929819, 0.8581326363730944, 0.953674460485165], "b9": [0.1646986801013643, 0.8524450067647156, 0.8032778317880704]}