{"b0": [0.9927203842150211, 0.9804482210057252, 0.951463918266474], "b1": [0.15308052848828677, 0.9866261608646315, 0.9795338153168782], "b2": [0.1590206294403041, 0.9869050718342101, 0.9948765273083394], "b3": [0.16582802905700347, 0.9230561606751735, 0.8097087127241658], "b4": [0.9979199964992802, 0.8133851947261078, 0.8624556014535719], "b5": [0.9833981159592732, 0.917572604040545, 0.998380174494961], "b6": [0.004486888503462028, 0.9412916988991546, 0.872895660478644], "b7": [0.9833048872372708, 0.9405827484399808, 0.9825335025206872], "b8": [0.85822573379448, 0.9544164908834951, 0.9674650865337651], "b9": [0.9257996536801347, 0.8552805121971427, 0.8138303159431485]}