{"b0": [0.0170540367073741, 0.8982236735233612, 0.8145762986608349], "b1": [0.3020164342672066, 0.9775725810377502, 0.8324270790133947], "b2": [0.08026038385663505, 0.9229676161214484, 0.8893429485981753], "b3": [0.08049063318053178, 0.8685918348688876, 0.9149972119479317], "b4": [0.5772161360094785, 0.9943311514464257, 0.9517645332338728], "b5": [0.07655852855915708, 0.9916117882454956, 0.8609250582212934], "b6": [0.8940205338477566, 0.8009414950597913, 0.9505002972858282], "b7": [0.6583605933779104, 0.9354089313987006, 0.8596815705091326], "b8": [0.15121241248295494, 0.9024169139991958, 0.9703603165011409], "b9": [0.5644666745330646, 0.9818616040728851, 0.9101805546932542]}