{"b0": [0.5988156022774974, 0.8122025531717039, 0.8662725933911938], "b1": [0.8790901394960813, 0.9589230136350391, 0.8465191444362238], "b2": [0.8840230944281592, 0.9086138958463734, 0.9517815192359222], "b3": [0.8884724044788613, 0.9504136263284468, 0.844638659788495], "b4": [0.8441836223468967, 0.9145700170651645, 0.9373846258152813], "b5": [0.07156880475734002, 0.8835788291170236, 0.9229265147377561], "b6": [0.1037239992374023, 0.9736937227067668, 0.9177874244119539], "b7": [0.593563098406729, 0.9051411000569707, 0.9302637331769824], "b8": [0.323948406851231, 0.9036530895181688, 0.9267628022436153], "b9": [0.3476979897466111, 0.9547520128443743, 0.9498529167752264]}