{"b0": [0.10475079331407797, 0.9155353688451797, 0.9368430609044328], "b1": [0.9926737415466118, 0.9784551440423386, 0.8516009777840691], "b2": [0.8479586589419571, 0.7725644193076323, 0.9932518955730427], "b3": [0.1060977781499552, 0.7787925945808678, 0.8763240773165645], "b4": [0.165507388968, 0.9666302740507237, 0.8636192543067837], "b5": [0.6057986329593225, 0.9667140975894446, 0.8066421934837266], "b6": [0.8389618101559988, 0.9580072585767596, 0.9983327138461653], "b7": [0.11340665551733389, 0.9652295280613208, 0.8266293319031724], "b8": [0.15884606713027075, 0.901045232155371, 0.9525908773274583], "b9": [0.7514621891083241, 0.9435430668722098, 0.9539021486666411]}