{"b0": [0.7574868637376191, 0.9711303328981594, 0.8496034664180734], "b1": [0.08723267159378262, 0.8191730279418172, 0.8813564060513686], "b2": [0.3474882005058129, 0.9533474106687254, 0.8057708842166394], "b3": [0.07411923341581014, 0.8575471784367571, 0.8679892949618488], "b4": [0.9053355390408988, 0.9204836593422341, 0.8529258819921628], "b5": [0.16061273977522317, 0.9353857329249109, 0.9814978675454968], "b6": [0.2882185839818985, 0.8795009968852628, 0.813889955052713], "b7": [0.012484957292634751, 0.9386844768529403, 0.9343851897628787], "b8": [0.7547125125118285, 0.8524259640765606, 0.8510556097091875], "b9": [0.6016547885713363, 0.9960247997422623, 0.8726720407192373]}