{"b0": [0.9724215870019691, 0.9485179773256194, 0.9250594226033328], "b1": [0.01277253960443828, 0.8248965756265169, 0.8888976714683361], "b2": [0.598752884443597, 0.9185509180989563, 0.8725280191686352], "b3": [0.15841074083595374, 0.9773455694147606, 0.8144484344807226], "b4": [0.5897094199382373, 0.8578626850635149, 0.9683181771766418], "b5": [0.34605423597090945, 0.9834296085381433, 0.8627888631413302], "b6": [0.3621014628143988, 0.9516584909710015, 0.9306129745877102], "b7": [0.8288702058859697, 0.9145713894077554, 0.9646449233962684], "b8": [0.3462346903099966, 0.9885887700470795, 0.8688448347080577], "b9": [0.16189395008281035, 0.9690260489390715, 0.956929122283721]}