{"b0": [0.9915343126352231, 0.9396054060269181, 0.886556390451405], "b1": [0.02314770443839409, 0.9827382439495451, 0.8798183404393286], "b2": [0.8967926509333011, 0.8002978420341945, 0.898388015174297], "b3": [0.1520200678370098, 0.9973983503616509, 0.954008045090529], "b4": [0.07460978803331438, 0.7446312822179373, 0.9495770493436018], "b5": [0.7967958735059928, 0.8865433098264441, 0.9764282238432755], "b6": [0.7416743107394923, 0.9829418695795232, 0.9507445645308272], "b7": [0.015021421705005818, 0.9856988879158571, 0.8271305409005159], "b8": [0.2959495592820323, 0.9638811079228518, 0.8642753232174747], "b9": [0.6296857667654109, 0.9898044493086311, 0.8808465281806]}