{"b0": [0.1549840484315773, 0.7855375210759393, 0.8983728620665697], "b1": [0.16101036374895852, 0.9211314198896217, 0.9643930468271255], "b2": [0.5732239992766641, 0.9730342724104882, 0.8337440733039599], "b3": [0.9922945479799897, 0.9474176872340199, 0.845051985009423], "b4": [0.10323007731374863, 0.9941502017827001, 0.8317348195397798], "b5": [0.8768160986574789, 0.9637154450800341, 0.8985165866384949], "b6": [0.7587493384807656, 0.8922890376593899, 0.9343170123937464], "b7": [0.10883957112303155, 0.9897175220046922, 0.9346594649263021], "b8": [0.5607396239668095, 0.8953509497190594, 0.9932168417759653], "b9": [0.7237849572083523, 0.8635716028761101, 0.8789756691568624]}