{"b0": [0.7774329898687854, 0.9377307653077861, 0.9887463911606699], "b1": [0.08691389544176314, 0.8791248964985742, 0.8698118916060757], "b2": [0.092703682065113, 0.8748036689122857, 0.8577498988255755], "b3": [0.7426696862528008, 0.8883214655938209, 0.9892543403735843], "b4": [0.08177102465114996, 0.9847120896566041, 0.9153186395955051], "b5": [0.16052147067963365, 0.9161216847337385, 0.9496852480064975], "b6": [0.8446544605845905, 0.9603881538191641, 0.913001693873647], "b7": [0.7243973270164932, 0.973472087749408, 0.8657717538675582], "b8": [0.7710488770244173, 0.9757791894892052, 0.8422545861459367], "b9": [0.7600885459900933, 0.9945036181987493, 0.8708021533292252]}