{"b0": [0.7708327217658172, 0.8154905142191531, 0.96277559981767], "b1": [0.15977390870643446, 0.8757989392092553, 0.9969642974678163], "b2": [0.7606236779542115, 0.763260006426732, 0.8367063939442534], "b3": [0.7704899231105629, 0.9448271561819489, 0.8340776718634635], "b4": [0.7163236750874594, 0.9592439054614325, 0.9934991227029221], "b5": [0.7359325175727724, 0.8909313060427739, 0.8712574506293713], "b6": [0.7350046168415598, 0.8704458008936529, 0.9196012117652275], "b7": [0.08939929307057218, 0.9156480386356282, 0.9950229528666109], "b8": [0.15919226418358368, 0.880122996164237, 0.9048637433158286], "b9": [0.16806544268671014, 0.8832333135366969, 0.9278192106679016]}