{"b0": [0.6947339228744602, 0.8116972856666663, 0.9456475437676284], "b1": [0.35424499261833536, 0.9282850250533835, 0.8459508657113686], "b2": [0.06484049831310258, 0.923349475848547, 0.9909822146204468], "b3": [0.17061587678152548, 0.9974431873180426, 0.8075717673045627], "b4": [0.7552262165800306, 0.9290858896557159, 0.9354037159505099], "b5": [0.7576102380314065, 0.9299353811722861, 0.9743979654174747], "b6": [0.7625528209987015, 0.8849639114275719, 0.8996088517302008], "b7": [0.7658880382543591, 0.9245115265921511, 0.9454433368838636], "b8": [0.07867518719668651, 0.9507608542297179, 0.8892676470415758], "b9": [0.7927371620108918, 0.917065333390297, 0.9402130375081567]}