{"b0": [0.7134453335134257, 0.9414465768195331, 0.9098021586407735], "b1": [0.719834069246881, 0.9932973547259878, 0.915170746620457], "b2": [0.7582299089399944, 0.78201960404656, 0.8284109002254121], "b3": [0.7285686504556625, 0.8859913509856425, 0.9383710974203029], "b4": [0.3526228436569474, 0.8122891847741776, 0.8097088977337106], "b5": [0.6149455991298188, 0.9437507292266716, 0.9282435709311883], "b6": [0.7495906894861193, 0.9340214945996453, 0.8389959552654846], "b7": [0.3182581875296796, 0.9553813565401922, 0.8255445406762015], "b8": [0.10267217166257815, 0.8961199780576546, 0.8254848220471916], "b9": [0.8201576349524542, 0.9869771212308227, 0.8006671323670629]}