{"b0": [0.6174028673283581, 0.9192950006410129, 0.9896885093874538], "b1": [0.7392098880153186, 0.727974047482496, 0.8000884357839265], "b2": [0.9965271079906945, 0.9548801265572506, 0.8463013002906656], "b3": [0.7117897570573181, 0.948737171317581, 0.8723842969239668], "b4": [0.7317046516245692, 0.9986201556217368, 0.8750937850169042], "b5": [0.7274412004313379, 0.8317304952194278, 0.9673029340490059], "b6": [0.6940072650264386, 0.9227251994290664, 0.9641253734451459], "b7": [0.825350063676985, 0.8546637581405843, 0.8469767241236051], "b8": [0.03206358818802083, 0.9908216942684082, 0.8966599218860327], "b9": [0.9904864128798962, 0.9767193562507379, 0.9855251944639134]}