{"b0": [0.006207844090781466, 0.9778892913652574, 0.9801729713955543], "b1": [0.743803423422862, 0.9335130210367144, 0.9539179542807362], "b2": [0.031081739848307754, 0.9700764798230194, 0.9295659325652106], "b3": [0.3334285624541695, 0.9629638513175519, 0.9041180228278083], "b4": [0.07137756790079719, 0.9646340076405862, 0.8262570972797691], "b5": [0.7265834916620777, 0.9854985508126264, 0.8374699850144982], "b6": [0.7566161747658958, 0.883963572284292, 0.8997191121954105], "b7": [0.7508543969545839, 0.7737369613681466, 0.878081407430527], "b8": [0.7715931116400081, 0.9872848764851561, 0.8572437954196824], "b9": [0.8575358170169471, 0.9597299582180686, 0.8061690130624122]}