{"b0": [0.8412878797121026, 0.9177700871576323, 0.9186002953069967], "b1": [0.7826974988041345, 0.9541203563025966, 0.887141354317192], "b2": [0.7111663049803125, 0.9527422822860622, 0.9980377544470026], "b3": [0.1663511254837379, 0.9960850692521217, 0.8641856102422857], "b4": [0.9911124144949767, 0.9896028393782185, 0.8249435190759025], "b5": [0.7546734551810349, 0.9737233247784992, 0.9076288564059242], "b6": [0.832106070387307, 0.9230173490626354, 0.9695626704207838], "b7": [0.3505402325006257, 0.9366324624803353, 0.830953015108353], "b8": [0.34219898145967426, 0.9966232040775159, 0.9855443901276634], "b9": [0.07391288818712796, 0.8293964436314799, 0.9107869683356671]}