{"b0": [0.0012616981217980308, 0.8886277383688699, 0.8927910105068696], "b1": [0.15928662574428126, 0.8712654110148612, 0.8751911541443366], "b2": [0.0012444319992764765, 0.98306330843454, 0.9675761273787198], "b3": [0.10489150320144786, 0.9421430362567859, 0.9686477189771112], "b4": [0.078752305109985, 0.9146825846017044, 0.976211830242999], "b5": [0.5969949046384655, 0.9027831914436011, 0.8258455342706225], "b6": [0.982673056882165, 0.9214540853465172, 0.9228266142400443], "b7": [0.7599472952132419, 0.9289196355149828, 0.8583147516470199], "b8": [0.807431094388933, 0.9596440403644292, 0.9760246561714346], "b9": [0.7490073523252774, 0.9459114574876684, 0.992979579182547]}