{"b0": [0.561688397072999, 0.779990996010423, 0.8856418865194413], "b1": [0.9781405278018849, 0.9898969932675216, 0.8828314348353623], "b2": [0.9683362502479711, 0.9260386062104842, 0.9039616180102685], "b3": [0.006213014963903585, 0.8963900253002293, 0.9914244527914129], "b4": [0.9879810700749837, 0.919222336435584, 0.9961979542756322], "b5": [0.7429049292551023, 0.9253674847916312, 0.9613585772656671], "b6": [0.009955435126958446, 0.966441387344825, 0.8540321992190587], "b7": [0.7577079280845115, 0.8514164453543406, 0.8867173063625678], "b8": [0.7224725769076885, 0.9183018913482875, 0.8917654644875748], "b9": [0.06768810778981789, 0.952148132329672, 0.921274032459567]}