{"b0": [0.09065887103846482, 0.8859329289282827, 0.9901340419012972], "b1": [0.7404327467428321, 0.9583246342228878, 0.8583916092888245], "b2": [0.8565162129037713, 0.9140257380589931, 0.8583797952532909], "b3": [0.015509146507074295, 0.8891482133320872, 0.9527336048348641], "b4": [0.16108609627688658, 0.9400647459323895, 0.8409690553876359], "b5": [0.8478033470352939, 0.9882424116840276, 0.8502956502002516], "b6": [0.993720975141335, 0.9663588560462121, 0.9633387350208771], "b7": [0.00475187253241208, 0.906528568956362, 0.9080808206054742], "b8": [0.8606488974448034, 0.9666198926774336, 0.8826244722536503], "b9": [0.16842625879601494, 0.9918500534347174, 0.9280699015804414]}