{"b0": [0.9871450912059551, 0.9853505613139959, 0.8335347073706876], "b1": [0.8885741975255773, 0.9670201823669164, 0.8176824118952304], "b2": [0.5648017305307778, 0.9688742941503403, 0.85861497728048], "b3": [0.32024269963364654, 0.8793518355214104, 0.9104443772030778], "b4": [0.8679040310894078, 0.9946888549916365, 0.8206827171265532], "b5": [0.6460112814262687, 0.7786440929706892, 0.9328462162368192], "b6": [0.08476586079074055, 0.778089716052792, 0.9849793049328267], "b7": [0.966881335610069, 0.8394663449387445, 0.9157544604824502], "b8": [0.008999524381748948, 0.8448108175263431, 0.9241353724578214], "b9": [0.8223962017185973, 0.9811951668237914, 0.8654271141053718]}