{"b0": [0.8650145382214592, 0.8553617549564797, 0.8178501050705598], "b1": [0.6050920108042871, 0.9195035925837947, 0.980815807555825], "b2": [0.6013651802209629, 0.9723348863537473, 0.8256296380575192], "b3": [0.9913165920124147, 0.9312090876925193, 0.9960327118720724], "b4": [0.7666237545635208, 0.8206278182946752, 0.8104535004699273], "b5": [0.897748327355266, 0.9369552518876502, 0.9357806286647192], "b6": [0.5878473300821574, 0.97142537018021, 0.8137586126592686], "b7": [0.6270085176164453, 0.8973118247409514, 0.8712695971278037], "b8": [0.004928743526395537, 0.9645194568616753, 0.9680522351095591], "b9": [0.5632573374475676, 0.9985920498725959, 0.953990938482645]}