{"b0": [0.2674175121083797, 0.816854037011866, 0.8827006748624742], "b1": [0.6610702977332507, 0.9334072598582881, 0.9746052288925199], "b2": [0.3246426492698813, 0.9172540951951424, 0.8701854817195988], "b3": [0.3369198014311575, 0.8482950021708328, 0.9371981090332565], "b4": [0.7399333935778565, 0.9372880610937621, 0.9490916568950961], "b5": [0.013882415374794533, 0.9880652317991064, 0.8166735652239199], "b6": [0.6238425437509593, 0.8966506862429827, 0.9932579823673087], "b7": [0.004845872214342618, 0.8949962702621153, 0.9418320191629063], "b8": [0.6466320043073146, 0.9321683253202648, 0.8934774992909883], "b9": [0.01064179231101382, 0.8678537090594505, 0.8915473690655193]}