{"b0": [0.16048312048994207, 0.9094332758645196, 0.9667696186727693], "b1": [0.7393058746981843, 0.997059850662303, 0.808899261439402], "b2": [0.1503514197373525, 0.9266114644765793, 0.9094793494533248], "b3": [0.7624838243867806, 0.8928369994094276, 0.9556904725501163], "b4": [0.1556217238184499, 0.8781150649904089, 0.9598529966336102], "b5": [0.5898365396480965, 0.8519299855900071, 0.8719699009980592], "b6": [0.5297295268614328, 0.8962937883487127, 0.9442826161043415], "b7": [0.07601630772982815, 0.9913884568336867, 0.9676088074973037], "b8": [0.8752715929101477, 0.9327212679020378, 0.9454141472666522], "b9": [0.7473011442221553, 0.9416493647953799, 0.8084524808534692]}