{"b0": [0.9848737886608849, 0.9607878382262869, 0.8510999358292268], "b1": [0.3288656287107862, 0.891782964579215, 0.8049143763293182], "b2": [0.1690544165723953, 0.9971318270568544, 0.8913654754477282], "b3": [0.3442665946175572, 0.9374203573799926, 0.8980411088337177], "b4": [0.16043694489899313, 0.9459931491640831, 0.8083836938597497], "b5": [0.999099773361074, 0.9767564017036122, 0.9250688209307201], "b6": [0.39184771751523456, 0.9615618539356309, 0.8388961349671944], "b7": [0.0032338125146827647, 0.9337915573314406, 0.9410927925041557], "b8": [0.8499589095342246, 0.9869917432002013, 0.8802916874052614], "b9": [0.9871381798711516, 0.9872378544036087, 0.8206250584425486]}