{"b0": [0.016794016012860707, 0.9730831040324734, 0.9140174422894909], "b1": [0.8728700373786764, 0.9171426006257309, 0.9534666110570013], "b2": [0.7491042591614869, 0.9686911314480695, 0.8382477967646176], "b3": [0.30718413322448695, 0.983417610665275, 0.8806594483981668], "b4": [0.8409616295066017, 0.9506539228757696, 0.8214397939139897], "b5": [0.16406385899389, 0.9981384464548956, 0.9088302233279737], "b6": [0.7412556254490703, 0.9900367463305386, 0.879115452212873], "b7": [0.16165165999297948, 0.9949401270435284, 0.8394968156680744], "b8": [0.08195628341804621, 0.8862346419767819, 0.9675635021864807], "b9": [0.8816013928599822, 0.8290788256299362, 0.8632632601588678]}