{"b0": [0.31299600791843596, 0.7813681902304944, 0.9475667406269673], "b1": [0.3254228225120431, 0.9148945496628041, 0.8784027130420492], "b2": [0.6524172295653569, 0.8923920020685822, 0.912552495116261], "b3": [0.8900304865832895, 0.9672573287970979, 0.8259840898324091], "b4": [0.07203805929919853, 0.9557142969740456, 0.8494916105040236], "b5": [0.7714654964135597, 0.9445923660064715, 0.9398001240073691], "b6": [0.3864641651977734, 0.9871816614862239, 0.9254732637370122], "b7": [0.09734625748273938, 0.8796652727311858, 0.9657816023666872], "b8": [0.7670879888691844, 0.9338537227932734, 0.8127189384531386], "b9": [0.5798906786942076, 0.9301431662972681, 0.9420127450858391]}