{"b0": [0.8590147900302789, 0.992169471601984, 0.8476845301286899], "b1": [0.7958261860179421, 0.9922311035599239, 0.8504631594516294], "b2": [0.7718104841427552, 0.9926502149671065, 0.9150365100954193], "b3": [0.07926828937174085, 0.9578631652887774, 0.8325414097325574], "b4": [0.9815963397520582, 0.8851763868093872, 0.8260191700035758], "b5": [0.7238748938254855, 0.9208837526362267, 0.9513552221329165], "b6": [0.630375005005776, 0.9973262787372534, 0.8010847274119669], "b7": [0.7589296107304552, 0.9494719023313847, 0.8166297491566671], "b8": [0.0677700951489737, 0.8369320840450573, 0.8038690955122914], "b9": [0.8687998691126998, 0.8341472734689173, 0.9698855582907556]}