{"b0": [0.7671046840238935, 0.9111239778545227, 0.8133429123849686], "b1": [0.3119148580801623, 0.9095847198026263, 0.8347347022448706], "b2": [0.15876424308109197, 0.9075565480565726, 0.8230925942529561], "b3": [0.1630375703639886, 0.9045567280350985, 0.9395441216702555], "b4": [0.0964301065543553, 0.9180643126613637, 0.9297321601530206], "b5": [0.8171554232437448, 0.9587911339546024, 0.93812074967273], "b6": [0.8450868843161484, 0.9869525364846364, 0.8875950320081452], "b7": [0.35437873784552876, 0.8394182340461015, 0.8061974288579115], "b8": [0.35766929885980653, 0.8996730288680733, 0.8740144296765423], "b9": [0.16121509382526053, 0.9975779106848773, 0.9150250713709472]}