{"b0": [0.1519384476845503, 0.8749831930138015, 0.8570246218274659], "b1": [0.09730335166548956, 0.9427361240344874, 0.8214255237466209], "b2": [0.1645415739508821, 0.9266456051244095, 0.817736293526315], "b3": [0.9699605994021945, 0.9368453846642033, 0.9093268103896078], "b4": [0.8657949362291387, 0.9250333250219331, 0.8549107279050862], "b5": [0.7630868439709434, 0.887610929768217, 0.9818751089552665], "b6": [0.35773618772757776, 0.8607549228034947, 0.8701375149110793], "b7": [0.0872380579748798, 0.9950958091515166, 0.8233180040202541], "b8": [0.15924353200522184, 0.7871319906747501, 0.9553473843323994], "b9": [0.7758578969837632, 0.9609828797064925, 0.9847065883096243]}