{"b0": [0.9887166344168352, 0.881394002878866, 0.8229135848671808], "b1": [0.08586223408361544, 0.8282858852770151, 0.9702550804593466], "b2": [0.8783209762821248, 0.8827897770908737, 0.828768534013876], "b3": [0.0843278105891196, 0.964387671669899, 0.9801794683465407], "b4": [0.15202125873036457, 0.8445384822734675, 0.8114977306114174], "b5": [0.07793795120900804, 0.9209624323507771, 0.956504442771918], "b6": [0.7288064265255076, 0.8651963733482774, 0.9844760824445444], "b7": [0.8800690874909556, 0.8263009853011185, 0.9772705524835917], "b8": [0.0929360146500223, 0.9957584621967971, 0.9146002107547931], "b9": [0.7389943046153999, 0.9298305614499108, 0.8394673459156433]}