{"b0": [0.14157843253003727, 0.7548120645644947, 0.9673512391921035], "b1": [0.8553152154028772, 0.9764927503387676, 0.8165817424425035], "b2": [0.3247441660339592, 0.9673156312735302, 0.8565581444867857], "b3": [0.16124046912171644, 0.9348876226241614, 0.9153375734878436], "b4": [0.31306508981850245, 0.9897827385358636, 0.9456285102906379], "b5": [0.9866015983232118, 0.9054465243173481, 0.9090273769828918], "b6": [0.30810216095196297, 0.8926190621108693, 0.8063979695993106], "b7": [0.3462913356647623, 0.9949116425132187, 0.8314685312161211], "b8": [0.16527400482242066, 0.9407751583556541, 0.9244745719821337], "b9": [0.8857111184357759, 0.957213114745487, 0.9668815203054137]}