{"b0": [0.1018551915473493, 0.9454401022873772, 0.8419108158144104], "b1": [0.7285878180555758, 0.8978319968845271, 0.8886960938987919], "b2": [0.8615562076814696, 0.896908287420574, 0.9749266777270006], "b3": [0.7600394517880651, 0.864749008149324, 0.8401230561821166], "b4": [0.5826761291156233, 0.974841718164152, 0.9261033336023899], "b5": [0.11299041962456849, 0.9624028527448435, 0.9320098637109874], "b6": [0.08316945715257207, 0.8989011268659088, 0.9131283360679686], "b7": [0.7823369722945336, 0.9959374110754762, 0.9614589026574936], "b8": [0.09990297854568915, 0.8521617783944118, 0.8631766995591051], "b9": [0.8812434736006937, 0.9374533054175829, 0.9740813298817662]}