{"b0": [0.14937266912307842, 0.9232976514084357, 0.8007861549632743], "b1": [0.0618905749151887, 0.9586240346543762, 0.8544020811268159], "b2": [0.07898212199785906, 0.9411882700058691, 0.9194520173402342], "b3": [0.07751203909454055, 0.9707783308041804, 0.8194534072993445], "b4": [0.7561809453555028, 0.8221339554577074, 0.9932077944941582], "b5": [0.7925842225940136, 0.9903338841378262, 0.8673349884758152], "b6": [0.9125076781447505, 0.8812026973968179, 0.9194445045134103], "b7": [0.8724430522833778, 0.9712101070360099, 0.9481333436039128], "b8": [0.893302603048392, 0.979224453874864, 0.9574581979181052], "b9": [0.824331321146884, 0.9205242287971186, 0.9391410900084532]}