{"b0": [0.06724118100492778, 0.9681944595705804, 0.9551344634392156], "b1": [0.1601176359569219, 0.8722992499302769, 0.8971539820084514], "b2": [0.7255811487897408, 0.9851407045006352, 0.9788717334979101], "b3": [0.8900813095829513, 0.9626492693305838, 0.957099577539577], "b4": [0.8701207643903266, 0.9788280029797559, 0.9446384876728348], "b5": [0.008188071825108013, 0.9790161508199041, 0.9927084991682266], "b6": [0.12147320193622893, 0.7540085722628918, 0.8949697930565691], "b7": [0.878175854928954, 0.7386413360652858, 0.8419925304281952], "b8": [0.07726248474898581, 0.9157755682387976, 0.9282168101185377], "b9": [0.06025371565352684, 0.9612967196876415, 0.8614725721753537]}