{"b0": [0.8649095856402649, 0.8922039172858645, 0.9731607696829695], "b1": [0.06649477501498069, 0.9518437408888951, 0.9100891893079819], "b2": [0.09051038585628338, 0.9631048192751632, 0.877756055682834], "b3": [0.9058612466929457, 0.8452840535872568, 0.9383174427905036], "b4": [0.0899526255589139, 0.9374712622474497, 0.9119149055440582], "b5": [0.9168132832378774, 0.8834556535760696, 0.9127994094574929], "b6": [0.562442750689971, 0.9067580052189902, 0.9672166844773804], "b7": [0.8599693689620849, 0.94882010680829, 0.9602720091870691], "b8": [0.6873133808684138, 0.9820131949020822, 0.8474665546765167], "b9": [0.8766556475716619, 0.9583383193069435, 0.8141264139414629]}