{"b0": [0.8036630698783996, 0.9703250474408067, 0.846795040483443], "b1": [0.3088335260949295, 0.8439246907559608, 0.9267473488463891], "b2": [0.09906594201409963, 0.9380038534081612, 0.8088334771222064], "b3": [0.7157249717450002, 0.9812496801076389, 0.9085786338735042], "b4": [0.15819037495774013, 0.9616714133407183, 0.8153786911027986], "b5": [0.09362301522343286, 0.9477665045158935, 0.8113674615096705], "b6": [0.07378817884293742, 0.9150794929711406, 0.9840096176091738], "b7": [0.6619853708453478, 0.954003899941511, 0.9867138002293336], "b8": [0.3183578734474714, 0.9875337299541619, 0.9933270252057932], "b9": [0.8834172144148039, 0.922616460763236, 0.9635516590883814]}