{"b0": [0.1594536721859926, 0.8268279990564525, 0.8460863834898902], "b1": [0.007900717772284559, 0.9693974298357267, 0.9644645060573022], "b2": [0.1570032486414335, 0.9783184744140868, 0.9202315227925411], "b3": [0.16562517658557918, 0.9539159331780985, 0.8877268622183816], "b4": [0.1590198714031038, 0.8027021703703664, 0.9721535217386155], "b5": [0.8808876001501647, 0.9397452680440358, 0.9750549410146409], "b6": [0.9022720673533626, 0.8572505117374328, 0.8655813053373953], "b7": [0.7735767764867618, 0.9436355926707714, 0.8366792895056442], "b8": [0.06493636469530267, 0.8143868420074786, 0.9276625566755645], "b9": [0.09554385282879714, 0.8460220804971493, 0.8705460323450994]}