{"b0": [0.07523439264664801, 0.791945700382652, 0.9824118534909477], "b1": [0.15368320652987313, 0.826794802669146, 0.8053231256424332], "b2": [0.1594832117036768, 0.9539767774095155, 0.9330931362454526], "b3": [0.07616320447867729, 0.8612244161927316, 0.9872551608599232], "b4": [0.16345412069396925, 0.9516845345053413, 0.9699607252202942], "b5": [0.0887399230112412, 0.9027050137832205, 0.8354070837384184], "b6": [0.34198751135451205, 0.9800257333468698, 0.8515704300958608], "b7": [0.9867916077648594, 0.7786542896476476, 0.8869487005172049], "b8": [0.07988532791489993, 0.9949178622416749, 0.9870499613506477], "b9": [0.7888431857808368, 0.8691106550483098, 0.8378366918496463]}