{"b0": [0.32593903234975113, 0.9840917938881184, 0.9501713407482552], "b1": [0.37194993238679713, 0.8504371946740511, 0.9603348066493254], "b2": [0.17288463563202813, 0.9921912913081675, 0.9219479021846964], "b3": [0.8067760491771296, 0.9410739906612332, 0.8866126973487166], "b4": [0.15738534705765678, 0.900158718541675, 0.9913371025340548], "b5": [0.33772226611240536, 0.8917841861261954, 0.9684469732180477], "b6": [0.8295755730831622, 0.7291414666373452, 0.853336314971966], "b7": [0.15891112226513007, 0.9502853097086088, 0.9246954947313608], "b8": [0.9110843832768961, 0.9583198876412399, 0.8116144325126221], "b9": [0.16652256050083103, 0.8992894920552348, 0.9225259817725993]}