{"b0": [0.8525385600061813, 0.9338484131311061, 0.8793770518331538], "b1": [0.8580977914806343, 0.8409396357772562, 0.8472792438911912], "b2": [0.9056807018987769, 0.8518787384019951, 0.9418327596749156], "b3": [0.9812002354072651, 0.8836717813478085, 0.8663859798709784], "b4": [0.0676287776217916, 0.870187045872279, 0.8330435395604825], "b5": [0.6021776181067868, 0.8862447148803138, 0.8908364855692017], "b6": [0.06567938044200633, 0.9438539657113455, 0.8782281147657991], "b7": [0.6036129523225644, 0.9907568437305359, 0.8738473976357786], "b8": [0.16822199764215437, 0.9833337740155466, 0.9324048917245922], "b9": [0.6201547120420919, 0.9778698841315407, 0.9801077588140865]}