{"b0": [0.9728345143417887, 0.9920511392897159, 0.9701931010287665], "b1": [0.013123005359216365, 0.8855072743267229, 0.9237859787198951], "b2": [0.16206273095690402, 0.9545863930745194, 0.8232301461839847], "b3": [0.013686153892876281, 0.9997740942913529, 0.9581826706452466], "b4": [0.3455339243524566, 0.7788082862499351, 0.9674523029192685], "b5": [0.8984710116205349, 0.978527798793736, 0.9132125899506351], "b6": [0.349622375808489, 0.9103958034403081, 0.9649443273812185], "b7": [0.845949130956441, 0.9806056859413005, 0.9271451998342802], "b8": [0.32856550165408016, 0.9527708819391151, 0.9503480708458412], "b9": [0.32173128049201266, 0.8757818860944937, 0.8081222621603878]}