{"b0": [0.6196870452023547, 0.959850029566342, 0.9045432905589873], "b1": [0.0028179171884717548, 0.9903511089913282, 0.8755056956639524], "b2": [0.29124628617743725, 0.7829010716548175, 0.9976353556996833], "b3": [0.3437727152105174, 0.9728406385480874, 0.8018672902027602], "b4": [0.015561182153081627, 0.8913059215053711, 0.807896118809226], "b5": [0.15880300190726365, 0.9006453279504055, 0.830173637689594], "b6": [0.007738305348286203, 0.8890448013070134, 0.9132303828411199], "b7": [0.07169666618435498, 0.8842199884333591, 0.9859879399307704], "b8": [0.8675817097519227, 0.8766302648047657, 0.9606189437570868], "b9": [0.07271503876578725, 0.8336103692422112, 0.8687949144160199]}