{"b0": [0.08408226470045113, 0.9943091538599228, 0.9474522900139148], "b1": [0.898960228232723, 0.9643700891600092, 0.8599938333817078], "b2": [0.31322017818815523, 0.9984225244119344, 0.8819561442524142], "b3": [0.9757353677377588, 0.9765688878233293, 0.9706930782667992], "b4": [0.10191493478279012, 0.9856677070166076, 0.8727876126408765], "b5": [0.8899084316310071, 0.9749934620284217, 0.9685645492788184], "b6": [0.3548186155952445, 0.8591797914458559, 0.8241549035004765], "b7": [0.8592616600956474, 0.8830921801160195, 0.8193913555557306], "b8": [0.02998813097277637, 0.9451912134475982, 0.9051118925841558], "b9": [0.9170020077912407, 0.8491808669123221, 0.9523007180739467]}