{"b0": [0.17524534882174314, 0.8676179469717462, 0.8661509351182939], "b1": [0.5992647121030966, 0.935047983116339, 0.8464801406830147], "b2": [0.3048225046090912, 0.9387154333901228, 0.8932208389587188], "b3": [0.16456586644158347, 0.9173125979268714, 0.8585632978449427], "b4": [0.9087233065471536, 0.898396900893706, 0.8448471994056225], "b5": [0.7270459320994297, 0.9280197391097847, 0.9202871885976657], "b6": [0.8803881192160864, 0.9080399150222103, 0.8150322262212362], "b7": [0.3521835569495773, 0.8017267661639561, 0.8147612684815921], "b8": [0.1663922716533036, 0.8838430930064987, 0.9189710496829995], "b9": [0.7712837824609674, 0.9507852620028632, 0.924350548849593]}