{"b0": [0.5850258556985741, 0.9549445963992328, 0.8718785302972287], "b1": [0.9976669906839636, 0.8485266930041523, 0.8306762533893529], "b2": [0.9842277496450713, 0.9772694364566691, 0.9779725632945877], "b3": [0.33996613211944743, 0.9992531322476867, 0.8177522519806201], "b4": [0.8735792225370217, 0.9376493312550374, 0.8309137574745251], "b5": [0.07079968067995018, 0.9536021249409127, 0.9987917288516117], "b6": [0.34012443861167346, 0.964957767315402, 0.897766291245738], "b7": [0.8298772807835944, 0.7915214257980088, 0.9066322641438209], "b8": [0.5985182748903839, 0.9030951280908404, 0.9899674759761113], "b9": [0.6065883573282181, 0.9385401478184341, 0.8352920659959345]}