{"b0": [0.6213826428319419, 0.9958921449744419, 0.8479049611810691], "b1": [0.8545880047384474, 0.88538691424283, 0.8332145046907058], "b2": [0.3395692772222956, 0.869890721431476, 0.8133381497857911], "b3": [0.7617522575813466, 0.9819031468182705, 0.8613408001781445], "b4": [0.010180383176091157, 0.89721517983525, 0.9407787271451827], "b5": [0.0017226734075384729, 0.9710075198963928, 0.9947912076728086], "b6": [0.2836325542163396, 0.9665264843360742, 0.9638207807534923], "b7": [0.07727510395324882, 0.9205727576481127, 0.9484687123987193], "b8": [0.9896441383259982, 0.8989379197682317, 0.9924360067130071], "b9": [0.16442257603232924, 0.9194283870760119, 0.8363437334221087]}