{"b0": [0.9775331714963038, 0.8904910549167515, 0.90801955504968], "b1": [0.31845217253763336, 0.9894811979495607, 0.9786189038342067], "b2": [0.35337847744745554, 0.8894355143934709, 0.9166626318244038], "b3": [0.9978852454761946, 0.8542360984207872, 0.8533696543871875], "b4": [0.33283677405153783, 0.9696088442522918, 0.9117007232345307], "b5": [0.3773567152358608, 0.8811277928118666, 0.9722183069230398], "b6": [0.5919912372239772, 0.8998134250223244, 0.9477225229360076], "b7": [0.15810202053050001, 0.9579226515847553, 0.9546309221684717], "b8": [0.30985940713563415, 0.9973015608597048, 0.8090726270699424], "b9": [0.9960935597191706, 0.9185743790980821, 0.8324280780975484]}