{"b0": [0.6650946514593608, 0.9713670983645197, 0.9265297730615315], "b1": [0.16867240466462938, 0.7961344279387532, 0.9091796722087382], "b2": [0.632645090813698, 0.960966697586292, 0.8152163359900814], "b3": [0.6358238041281374, 0.9188159595783904, 0.8581848334579383], "b4": [0.9103003140565231, 0.8626955383836139, 0.9052340411800621], "b5": [0.3812607906608651, 0.8466668527449515, 0.9401547753656248], "b6": [0.00077653189214553, 0.99558373919338, 0.8472056663832191], "b7": [0.3600186203037991, 0.9917335151157741, 0.9460950539141045], "b8": [0.6477878514762492, 0.9411019552880756, 0.9095315976266867], "b9": [0.3570530052283038, 0.859571326730955, 0.8399082513034637]}