{"b0": [0.7645329866542504, 0.9515544587608811, 0.9914628429814505], "b1": [0.8003451006454299, 0.9628083165723231, 0.9136194633115379], "b2": [0.1006309486285515, 0.9619523118052473, 0.991968855494134], "b3": [0.5941100671591445, 0.9002123754098177, 0.829065245207239], "b4": [0.08162254199040535, 0.9921001566270142, 0.9043594629938978], "b5": [0.16193534402183432, 0.9893049669291537, 0.8193938597412626], "b6": [0.10328539140371021, 0.8920068820907952, 0.8588409228682956], "b7": [0.7428661644066814, 0.9099636475813021, 0.8754348912009999], "b8": [0.0684372352374074, 0.9684995987529713, 0.8235850123852603], "b9": [0.11926134529536063, 0.9609588200827907, 0.8390936585327415]}