{"b0": [0.3141047944214187, 0.9113049556254308, 0.8402073832429228], "b1": [0.8588838188089258, 0.8589719527284433, 0.8258438078968615], "b2": [0.34252159156035744, 0.9881211795432061, 0.8540941251145837], "b3": [0.12231252350985883, 0.9371589493570726, 0.9722996479139813], "b4": [0.6855169466712884, 0.9696548595873253, 0.9986927092036012], "b5": [0.8385281488326047, 0.9195995891377265, 0.8422082149780062], "b6": [0.3167154560035859, 0.9768936831262894, 0.9699548095283035], "b7": [0.5958887955381492, 0.9566817581067508, 0.9727142906049252], "b8": [0.866585895637114, 0.8665960312452462, 0.9811223222033632], "b9": [0.33112867759718284, 0.8931028802211708, 0.9722770454893674]}