{"b0": [0.8610585437815963, 0.8407229124780653, 0.9990164486958674], "b1": [0.34202139983526336, 0.9413338121862368, 0.88232650983558], "b2": [0.9913392833536812, 0.9795072265953493, 0.9394553839407429], "b3": [0.056823097775549884, 0.9718337391998727, 0.8512643125579566], "b4": [0.005074012018937063, 0.9997393650078178, 0.8167834317901727], "b5": [0.9915354758777092, 0.9008174923771989, 0.9274061461399731], "b6": [0.0030593565447331224, 0.9886650734181179, 0.9286778769061964], "b7": [0.36388504556798174, 0.935911785039781, 0.8277794589652651], "b8": [0.09465769128141088, 0.8935746763807457, 0.8099028093409393], "b9": [0.9981210173069968, 0.9384263183000345, 0.8455477903888239]}