{"b0": [0.9911958308851845, 0.8657207841568015, 0.9301606418321782], "b1": [0.16199682229959486, 0.9451811396344852, 0.9436347126825712], "b2": [0.16003434702352387, 0.9492322991216376, 0.9864894472479889], "b3": [0.06886342846912517, 0.7969745602691749, 0.9796875839993586], "b4": [0.16385467214189983, 0.958220028883995, 0.8070539718900984], "b5": [0.15637810141545969, 0.8178681713069414, 0.91720546900916], "b6": [0.15418960398116804, 0.9547769768851484, 0.9761990436813346], "b7": [0.8743122109545023, 0.9666901418642497, 0.8408195119598073], "b8": [0.6217580432950993, 0.9224477063817703, 0.8763157450372842], "b9": [0.1608048725325016, 0.968177662190963, 0.9447892877306723]}