{"b0": [0.16409130952307283, 0.8984748832045375, 0.902378095455656], "b1": [0.3395788334180398, 0.9930471837197618, 0.9444422168533079], "b2": [0.9975669437000154, 0.947923203677011, 0.831342344437019], "b3": [0.5907328407754528, 0.882349589732617, 0.8009168923927804], "b4": [0.09342098067684526, 0.9911970913277619, 0.9794888823307071], "b5": [0.37379441325756757, 0.8230672057205919, 0.8432320427478538], "b6": [0.1606987893013952, 0.8972433747751338, 0.8362156363919734], "b7": [0.028743361443586392, 0.8279018438798912, 0.9348912484905828], "b8": [0.010326884743986853, 0.971353760398287, 0.9027623578525302], "b9": [0.15759844577664509, 0.9500529972311378, 0.9940824891396071]}