{"b0": [0.8778539769021753, 0.9832004595502406, 0.9500420747853302], "b1": [0.08911092686276754, 0.9496298774838905, 0.9642795719937257], "b2": [0.6699023074966811, 0.9887129445378336, 0.875223938780937], "b3": [0.17077503149713738, 0.9735545083952846, 0.9572243135074946], "b4": [0.3628266133902393, 0.9478527620405671, 0.9643452912906543], "b5": [0.9970440603325322, 0.9713309023976291, 0.9366196106519924], "b6": [0.15750017611863418, 0.9788444845926451, 0.8279262298720249], "b7": [0.07419694011694171, 0.9479035685495546, 0.9293522292527513], "b8": [0.16344418435755784, 0.7958397266595202, 0.863617660490059], "b9": [0.887833640156115, 0.9452855816638817, 0.8288649147173502]}