{"b0": [0.08270567475073566, 0.9988162806705543, 0.8545003684200673], "b1": [0.1638290500025319, 0.9051682289014522, 0.8030778224692253], "b2": [0.6364552370758065, 0.9282458474627832, 0.8757014885062985], "b3": [0.6160783820066297, 0.9670956331623296, 0.9716288556710185], "b4": [0.31006460034829353, 0.8569746054020172, 0.9600341467178046], "b5": [0.16204832992342172, 0.947898550320669, 0.9517329487998044], "b6": [0.1570974611136994, 0.8428413575738706, 0.8267712434364118], "b7": [0.7618958487637342, 0.9649527750327568, 0.962057521850381], "b8": [0.08549161913726663, 0.9473097896701911, 0.8034730912566138], "b9": [0.016177090823538152, 0.9580576517517764, 0.8509914187355225]}