{"b0": [0.591163828163049, 0.9373153381035273, 0.9236895646280258], "b1": [0.7458004473190575, 0.7832403277349584, 0.8090259669811828], "b2": [0.15388339080097185, 0.8829875181404934, 0.9446696013735816], "b3": [0.5532419026016278, 0.9016152368862556, 0.8547273921289306], "b4": [0.16803376855576885, 0.9595322404287754, 0.9814104399864864], "b5": [0.6066389670317573, 0.9978161575015915, 0.9562376171164155], "b6": [0.16200448887584393, 0.7962100416863993, 0.9885097037987456], "b7": [0.10842162447200757, 0.9497916978674303, 0.963527534918395], "b8": [0.7747558664062018, 0.9817260144351203, 0.838228623013483], "b9": [0.35480437300912276, 0.8688879631364097, 0.8422278865880856]}