{"b0": [0.15069691775624772, 0.7463475337022126, 0.8864182327029881], "b1": [0.5895198616721163, 0.945916306626051, 0.8875115295906517], "b2": [0.6212340938866711, 0.8433768907704957, 0.8405520998291545], "b3": [0.6285055943590605, 0.8798334021709718, 0.977421187383553], "b4": [0.07631804067023179, 0.8324820549162864, 0.9581610407703275], "b5": [0.15302147272266023, 0.970644885905248, 0.9050590847939813], "b6": [0.99206981952774, 0.7559710209340796, 0.8612749520952115], "b7": [0.7597173473264046, 0.9678236993491651, 0.9525731009088784], "b8": [0.004186143784389108, 0.9828709382371885, 0.9653556621257441], "b9": [0.3440719040735972, 0.9554440004318379, 0.8686726197587789]}