{"b0": [0.1541585574008223, 0.9312832511344276, 0.9804721490175144], "b1": [0.7844656098410394, 0.9057333318658991, 0.8384468743427698], "b2": [0.34884175710737686, 0.9808916373629151, 0.8266213515507885], "b3": [0.0005788197108145543, 0.9687500666898013, 0.9172740060962391], "b4": [0.1532640352827836, 0.8350258539067306, 0.9361370235460268], "b5": [0.1601196409426394, 0.9509590723285409, 0.8894792432256134], "b6": [0.6177278382322263, 0.8728385484202842, 0.9601167960936031], "b7": [0.15599709336806647, 0.9357338414152023, 0.9929798232515509], "b8": [0.8057145438351823, 0.9697144551280553, 0.9304124015932816], "b9": [0.01123087619389456, 0.9248946020320236, 0.9499998952395441]}