{"b0": [0.5536229972262603, 0.8627753026171099, 0.8638116182237939], "b1": [0.16620161990996746, 0.9695100648932989, 0.9248403443794098], "b2": [0.5906495623601884, 0.9904826081299283, 0.8732134302120828], "b3": [0.15814799318111997, 0.8364024814262805, 0.9220098813376066], "b4": [0.14822080613089755, 0.8569417236171405, 0.910521043894914], "b5": [0.15813048043975167, 0.9291120223175698, 0.9142917559313777], "b6": [0.9905836499841653, 0.8870154784853913, 0.8661829031046622], "b7": [0.01562909262306472, 0.8834571474204038, 0.9188578462374885], "b8": [0.3750493693167931, 0.946626316869461, 0.9959101592029245], "b9": [0.6193451553768603, 0.9628050474672943, 0.8802505426543908]}