{"b0": [0.7227282167507215, 0.9595463733917322, 0.877232882981722], "b1": [0.5993712142520665, 0.9164253652865706, 0.9156874402912374], "b2": [0.16466263791856825, 0.9634625567851046, 0.8092074542818559], "b3": [0.7172855802434346, 0.8419949755382723, 0.9460626193652986], "b4": [0.7304107434102944, 0.8122396780955308, 0.9050604932132981], "b5": [0.9852230784359235, 0.8655556849370062, 0.9590733370586197], "b6": [0.16579080623692657, 0.989473447816826, 0.8737950671713293], "b7": [0.7483126142771114, 0.9380263265557633, 0.9544902255453264], "b8": [0.08171934328637252, 0.95638765953818, 0.8997888804822146], "b9": [0.606139675653679, 0.8650245977912705, 0.9890999843017585]}