{"b0": [0.07844150449972206, 0.834059163514564, 0.9906569711363098], "b1": [0.7535183125115874, 0.9077979309524042, 0.9398807275756192], "b2": [0.2909310217793059, 0.998200625801669, 0.978539842003408], "b3": [0.03811136962960048, 0.9981024174120375, 0.8324465624870947], "b4": [0.6575984932762716, 0.8992564943355695, 0.9169409156791106], "b5": [0.8903907674823011, 0.9702550564073448, 0.8353038493293877], "b6": [0.0945476749256525, 0.9341119813745532, 0.8095657888039531], "b7": [0.759671687091243, 0.8875388367031438, 0.9023555799245955], "b8": [0.00866585848747083, 0.9946023205303841, 0.9450672469429742], "b9": [0.0744045866179209, 0.9245779845221743, 0.9952595527209148]}