{"b0": [0.7639207857838458, 0.977428752167074, 0.9871990740141361], "b1": [0.08126989480579487, 0.9766378631667214, 0.9348440285443067], "b2": [0.32559849475352876, 0.8701850979778163, 0.9276174804906837], "b3": [0.7633511704751922, 0.9640845414359279, 0.828538061309458], "b4": [0.5609240852352687, 0.8498284132773921, 0.93256912504458], "b5": [0.7478661016033306, 0.8283509105475454, 0.9899651247320749], "b6": [0.8726530090886989, 0.8799713061732823, 0.9683373780696404], "b7": [0.781388473766316, 0.9663460914914538, 0.8921493389349585], "b8": [0.865688218019793, 0.9529266805488903, 0.8663739822493755], "b9": [0.7479094280881706, 0.8602910338771449, 0.825755417360112]}