{"b0": [0.3179291269160396, 0.9310593195161398, 0.9790030627477329], "b1": [0.6159667988360978, 0.7660648148321413, 0.9205070565929114], "b2": [0.2753257120536185, 0.9253939617860791, 0.9200380258017229], "b3": [0.7280924504689081, 0.8935209037457347, 0.8956418858978978], "b4": [0.559427737108953, 0.9938948101729604, 0.8876150998930913], "b5": [0.07046277903098937, 0.8435523098390192, 0.9818040827238047], "b6": [0.7555183932019617, 0.9305562755924714, 0.8499599799196017], "b7": [0.7853939727572431, 0.9030495665305012, 0.8023047938051835], "b8": [0.7328812920487845, 0.7883847774394439, 0.9430781241306948], "b9": [0.07830882293166593, 0.9955635660406428, 0.8188072785455912]}