{"b0": [0.07919756508070849, 0.9663566405696209, 0.8593426498803496], "b1": [0.8661785275489454, 0.9602013426932637, 0.8234721474000689], "b2": [0.6713157516431372, 0.911765991993368, 0.814113644827688], "b3": [0.8839922685039474, 0.9134748754735136, 0.9353893645138313], "b4": [0.34462231089986006, 0.8223108631256847, 0.9482803277605446], "b5": [0.07887110225276488, 0.9885068794803423, 0.8309817666622764], "b6": [0.5966754151479075, 0.9940839574734534, 0.8360120498753139], "b7": [0.0769955246499768, 0.9577792416612064, 0.878865431090573], "b8": [0.07973722925795936, 0.7689230716546587, 0.947882384316355], "b9": [0.09634099483782664, 0.8236043416563041, 0.8954671595315423]}