{"b0": [0.9066276293593803, 0.7728554214967406, 0.8712761935579391], "b1": [0.29508672677175624, 0.917771005051836, 0.9560807453059391], "b2": [0.8333092166975378, 0.7646770509416447, 0.8643811523503144], "b3": [0.2691450353596469, 0.9849917091519405, 0.8218785863928515], "b4": [0.8526382519368002, 0.9272635192042711, 0.877485111680432], "b5": [0.6104709488188685, 0.9350920190836977, 0.8318144987638099], "b6": [0.548148383888659, 0.9750656804208943, 0.9296337625180701], "b7": [0.06687973353337712, 0.8900644747664037, 0.9831333860298647], "b8": [0.8542124921729196, 0.9116961539537197, 0.8727761866106729], "b9": [0.6719344434617602, 0.9047235767563163, 0.9740716942326523]}