{"b0": [0.9811809906062977, 0.9399036363441345, 0.9907851344686158], "b1": [0.9755482735284774, 0.972741865007645, 0.8040210001345838], "b2": [0.3100736958538594, 0.9192160685828884, 0.8601269760509289], "b3": [0.010843210713989122, 0.9652012500159717, 0.8147234634000339], "b4": [0.011182666199051484, 0.8465805007000773, 0.9821398739755057], "b5": [0.7783083885808609, 0.8951093665183609, 0.9952505709430091], "b6": [0.16201789710875925, 0.9704313358946315, 0.854031854440407], "b7": [0.9850135317524235, 0.8463140620214707, 0.9040343395386912], "b8": [0.5296809981199668, 0.8267577232010846, 0.8393540378782981], "b9": [0.006833071923104939, 0.7797763348158255, 0.9505475054017696]}