{"b0": [0.16376547752001933, 0.9217099610676667, 0.8133227915851978], "b1": [0.027131835634472187, 0.8534895214391938, 0.9088493511918293], "b2": [0.6115161394727844, 0.818347124864433, 0.9029733836868161], "b3": [0.014448563919468105, 0.9854885966874266, 0.982499176667718], "b4": [0.9826643269524729, 0.8954062747027177, 0.8151302772720226], "b5": [0.6432329730335101, 0.9558372231146993, 0.9191664554915973], "b6": [0.08944971763744292, 0.9347178301011764, 0.9634204771415811], "b7": [0.9868599476480953, 0.8914396068682574, 0.9627683719460746], "b8": [0.09751750864343033, 0.9931339398053279, 0.9581186168247143], "b9": [0.06872836045150126, 0.9858987033256433, 0.8942118864052986]}