{"b0": [0.07102090961326026, 0.9288041663108979, 0.889131619759252], "b1": [0.15673473976998692, 0.9347044020292347, 0.992513697131471], "b2": [0.7165090681455679, 0.8801741866693987, 0.8238037486115712], "b3": [0.15866532338681133, 0.990059756106826, 0.9135228838305018], "b4": [0.166285033186952, 0.8420509015182805, 0.9855278753689518], "b5": [0.5669029577111097, 0.8145584564048889, 0.9275808283652389], "b6": [0.9986253653131014, 0.8121486582886073, 0.8982143500375745], "b7": [0.16332330725425123, 0.9285641816488728, 0.9739293581362802], "b8": [0.7296829522263522, 0.9528195705420854, 0.8633621323489273], "b9": [0.7882155171292351, 0.9676614784498935, 0.9681138490704442]}