{"b0": [0.7914449766831727, 0.9176504210341498, 0.9885678040141799], "b1": [0.0020397568424839973, 0.9387264962729064, 0.9596620431252596], "b2": [0.5621043944768145, 0.955648131650792, 0.9727077841190532], "b3": [0.007010828514721267, 0.9884227341574008, 0.9964949631938265], "b4": [0.9889771151728991, 0.9656282043450694, 0.8262384925995616], "b5": [0.10709759986297537, 0.9869349747831023, 0.8184184422190321], "b6": [0.14595539178437003, 0.8817049382876996, 0.9680868251882423], "b7": [0.15556571777574027, 0.9695676731849788, 0.8034425776769925], "b8": [0.5922865589842548, 0.9414432003113903, 0.844766090285702], "b9": [0.6005233530022768, 0.9884658195768827, 0.9778396138468723]}