{"b0": [5.4592557896108504e-05, 0.9170054502542578, 0.9448967714407565], "b1": [0.9986716614894662, 0.9218831342834102, 0.8868941005427554], "b2": [0.00891215811636821, 0.9322578548313679, 0.8242710821710133], "b3": [0.045308690932100666, 0.9975412172307514, 0.9376771616666904], "b4": [0.0097751768215985, 0.9420075508067259, 0.9000956153714896], "b5": [0.5751723151367013, 0.9356171162662257, 0.8872466356254504], "b6": [0.7466049966102077, 0.9740412446032504, 0.8939401630801175], "b7": [0.0013474240242593851, 0.9799309693165645, 0.8358911827604503], "b8": [0.6211912120497535, 0.9457741496863088, 0.8853513881109268], "b9": [0.16011551244051803, 0.996129608105143, 0.8996080718490063]}