{"b0": [0.8541616641077735, 0.9551558463786753, 0.8547445208408796], "b1": [0.5773846804486633, 0.9031686270267204, 0.8599239398112482], "b2": [0.33668826373460453, 0.9615124669718331, 0.9839205129420305], "b3": [0.004948105590380288, 0.9072023632809274, 0.9364990126818437], "b4": [0.6163340600558432, 0.9782911274734256, 0.9534148293638719], "b5": [0.8184750714889281, 0.9325920440536671, 0.9884486390747438], "b6": [0.1573356467198115, 0.933119125913565, 0.94024059444331], "b7": [0.6096544053153523, 0.973324748873776, 0.8105436930073094], "b8": [0.1465442903630002, 0.9541935486779052, 0.9863459785753216], "b9": [0.6167240206120863, 0.9387835640552971, 0.9116544088351646]}