{"b0": [0.1579302860304411, 0.9736521701958223, 0.8034283772403554], "b1": [0.8046805569857273, 0.9632096103829546, 0.8668841132422509], "b2": [0.8780650099712094, 0.9385606667391707, 0.8739088175945803], "b3": [0.3129458949604977, 0.9843676384294588, 0.8643961582220239], "b4": [0.30340008032562543, 0.9517247808271366, 0.8414910528446885], "b5": [0.16581283578991865, 0.8874048507544107, 0.8956792191448812], "b6": [0.871217498060431, 0.934529565907563, 0.8215883486239781], "b7": [0.6238884051483027, 0.8994084489069558, 0.9290690711490887], "b8": [0.009953270136971617, 0.9698812977428659, 0.8252659578071129], "b9": [0.15573937713304317, 0.8777270344231998, 0.8868994808362823]}