{"b0": [0.8531635452059194, 0.9842362037129149, 0.8731962197356253], "b1": [0.15993356383845342, 0.8137140514044926, 0.9158257840954127], "b2": [0.059131848663871514, 0.9949360697017863, 0.8866479915919804], "b3": [0.8611238681050469, 0.9020519615463697, 0.8978383505149875], "b4": [0.005674548447695118, 0.9372635952183882, 0.8720033616203916], "b5": [0.3258555955272387, 0.9285989066247821, 0.8364885147191901], "b6": [0.9207060717750469, 0.9622847095347754, 0.9958220707582861], "b7": [0.1496916221004858, 0.8691839333300533, 0.8988651986146191], "b8": [0.8527742952901403, 0.9395018165264473, 0.922582748822147], "b9": [0.07719067230112141, 0.906956066004319, 0.8384191327430364]}