{"b0": [0.7699432840556313, 0.9156840932659904, 0.8201580332676807], "b1": [0.08073601451072562, 0.9985427917592701, 0.906645444215383], "b2": [0.7629175455016238, 0.9464137996852735, 0.8468068704237968], "b3": [0.7335434202383354, 0.9044257862636271, 0.9320536859722273], "b4": [0.7558699194415343, 0.919602027296318, 0.8260062395544914], "b5": [0.09809495026306586, 0.9209742111834676, 0.8564158046738988], "b6": [0.6407576335411185, 0.9253313777138951, 0.9399457771995919], "b7": [0.8842300444935097, 0.9495260253259262, 0.9904684111271423], "b8": [0.7807692664484707, 0.9987213566771637, 0.8730802559902422], "b9": [0.747605101630431, 0.9648674401813586, 0.9032396685197065]}