{"b0": [0.7587386264300239, 0.866770800443387, 0.8987204043639521], "b1": [0.8747085724090182, 0.8886415291817074, 0.8012549078317787], "b2": [0.6098201710451537, 0.9499326281238892, 0.9793556324920073], "b3": [0.09128803524174404, 0.9071429555738928, 0.9399617777797473], "b4": [0.05897167270119949, 0.9844935416533201, 0.8706959912983335], "b5": [0.0017942592470865765, 0.9199361959097411, 0.8466218383553167], "b6": [0.6033963818655346, 0.6875547243013281, 0.8649838427794154], "b7": [0.6215114422083804, 0.932218980042777, 0.8421470528889416], "b8": [0.7818237466213379, 0.9875311244841211, 0.9937068614134169], "b9": [0.6902677863266917, 0.9658356001801148, 0.816207479523903]}