{"b0": [0.08680092586789565, 0.8837717934680662, 0.9163807817418871], "b1": [0.1018760418268295, 0.9626223466145649, 0.8645550914614277], "b2": [0.34692398839267524, 0.9769059988898016, 0.9665278156995754], "b3": [0.9873322576023636, 0.8725661476304672, 0.9356542752110042], "b4": [0.36362247877316295, 0.9202602548875185, 0.9413114112176334], "b5": [0.30719389308364226, 0.9515190803937559, 0.9076523345003931], "b6": [0.09886524901544423, 0.9330618170429013, 0.9183443195396813], "b7": [0.8894536163202345, 0.8652229593859885, 0.8762584943330483], "b8": [0.09470900383425031, 0.9908060850532201, 0.8700389303831897], "b9": [0.3089958961175314, 0.9484984015901083, 0.9096205128087879]}