{"b0": [0.35197965600545233, 0.8923627007510135, 0.8601664864387392], "b1": [0.0947982330941604, 0.8466012917681724, 0.8701780377180256], "b2": [0.07038143191559426, 0.9353288057135515, 0.9936843955071474], "b3": [0.3307781413805971, 0.7686245703596469, 0.8798965985277374], "b4": [0.3322984968418683, 0.9406325223737317, 0.8200676188072297], "b5": [0.08715763584503639, 0.9104907022749873, 0.8308284465652256], "b6": [0.3505612743361518, 0.9706342806598823, 0.9545356204569481], "b7": [0.34014184911326467, 0.8535223620789252, 0.9516360881476025], "b8": [0.09135822292966032, 0.9531419517279069, 0.9226338212626979], "b9": [0.3576932748459605, 0.9413425712570163, 0.8143910433474458]}