{"b0": [0.3571391003154034, 0.9421848770497331, 0.8260955008096696], "b1": [0.3118975713501233, 0.7900354129130693, 0.9552328824445427], "b2": [0.6767624230323206, 0.8424066188289021, 0.8559396536094189], "b3": [0.6218912740012111, 0.9436398402101517, 0.9381693951903965], "b4": [0.9899430878281217, 0.8925092031270419, 0.8718481678288336], "b5": [0.16569098073917707, 0.9115759498323216, 0.846431740653478], "b6": [0.35676203515751115, 0.8048048454024166, 0.9495769807743046], "b7": [0.3424503268190604, 0.828406921398546, 0.847919623273922], "b8": [0.8688629714603968, 0.9782944542978828, 0.8869954587011059], "b9": [0.01190150618720343, 0.7779468164303961, 0.8082283528973722]}