{"b0": [0.7171326823920002, 0.973278755327555, 0.9568443578744728], "b1": [0.8071421555880669, 0.9369449459267832, 0.8943522808005285], "b2": [0.07525853280308828, 0.9672400641445309, 0.9897815026677464], "b3": [0.1645267968213142, 0.9538918237705822, 0.9921047296202997], "b4": [0.10460458265131028, 0.9718322252720184, 0.9738730172953697], "b5": [0.1605060217897824, 0.9647124053793195, 0.9326842069870025], "b6": [0.3393269274366481, 0.9090186367859754, 0.8927132291116203], "b7": [0.9901107379752326, 0.9866081578076235, 0.9657383375059295], "b8": [0.6124607029149784, 0.9081965684947215, 0.8619629817210109], "b9": [0.8543134057128214, 0.8939868104143939, 0.8334498971060631]}