{"b0": [0.1644155391257588, 0.8497643457395482, 0.8826857018296406], "b1": [0.5869914556693858, 0.8380054403201133, 0.8959102981327169], "b2": [0.09382601381094764, 0.96356341648806, 0.9949617581708897], "b3": [0.9893507483710315, 0.851832734477682, 0.9683917797769128], "b4": [0.05131012974959342, 0.9042705069743255, 0.8069481335520311], "b5": [0.008018947533047998, 0.9295820030425266, 0.8145307181951602], "b6": [0.09040894688955545, 0.965971206303149, 0.9981489063792713], "b7": [0.1578938268800136, 0.9980505980060573, 0.8856236487571052], "b8": [0.16101957493033872, 0.9435445003832854, 0.8819000829718168], "b9": [0.08206136710381325, 0.9373937497979125, 0.8143951817977546]}