{"b0": [0.0923188778287622, 0.9631148503548507, 0.8569269017149359], "b1": [0.1544302091285673, 0.9945484772383618, 0.9679025671525874], "b2": [0.7310939777655382, 0.8639789319520347, 0.823607607764919], "b3": [0.16864396646512578, 0.982502411213149, 0.8274087477558316], "b4": [0.6229936654250661, 0.9799032452324787, 0.9648023562560507], "b5": [0.08644136095864122, 0.9659076883985438, 0.9187560405116326], "b6": [0.610818746628256, 0.8405333347755007, 0.9434792677886832], "b7": [0.15129185416757965, 0.9540565574642358, 0.9564735634718887], "b8": [0.10190899480664467, 0.8980255581676686, 0.8156762715452153], "b9": [0.34655402379857686, 0.8666655574402202, 0.9090712128802975]}