{"b0": [0.33143121347640175, 0.8593885330336914, 0.9734734384334116], "b1": [0.08523520643676989, 0.9851392253345727, 0.9789804634894271], "b2": [0.1597088857365795, 0.9740796908952792, 0.9070189707673002], "b3": [0.1525860679235857, 0.9268023932355236, 0.8512552691923928], "b4": [0.7713872866390404, 0.9115291858368455, 0.9074661324829258], "b5": [0.669507259654383, 0.9689052714522345, 0.8128891617053492], "b6": [0.7710474054822468, 0.8126668421066517, 0.9942104755701561], "b7": [0.6181478100697998, 0.9331862766385893, 0.8632207465932293], "b8": [0.09331135541862139, 0.9188317768778075, 0.94728073864119], "b9": [0.07885097766765871, 0.9285892369152274, 0.8949296179113023]}