{"b0": [0.1617074640555593, 0.8516176072099428, 0.9298272338866951], "b1": [0.9915001670420274, 0.9188295457578532, 0.9886723887262353], "b2": [0.0753514635093566, 0.8975324342663504, 0.9755222162996816], "b3": [0.16270611534460136, 0.9653186586059903, 0.9170715504805415], "b4": [0.5924098930442553, 0.9032644766007658, 0.9612792325620512], "b5": [0.003386210352877956, 0.8594055710057893, 0.8892926682719389], "b6": [0.9990563268456889, 0.9823196453379088, 0.8564142488049444], "b7": [0.16562223924879832, 0.8709264378935343, 0.8622182837559644], "b8": [0.07270680907287552, 0.9538263806017894, 0.8624370028555984], "b9": [0.07660864209314572, 0.8653957625495882, 0.940465384312126]}