{"b0": [0.8755912952924405, 0.8951392507761956, 0.9324917970857407], "b1": [0.34961067184959516, 0.839410514843695, 0.9385133846916134], "b2": [0.005935967884291851, 0.928125481565784, 0.8027984111666479], "b3": [0.759292055984224, 0.9374750671758565, 0.8715688201190054], "b4": [0.7706570501577548, 0.9655856164521546, 0.9970261086853988], "b5": [0.34655083238791995, 0.981666776299227, 0.914852381290091], "b6": [0.33633051567124767, 0.9087672070326556, 0.88284421886823], "b7": [0.6618874454657275, 0.7640885946029696, 0.9575545535695744], "b8": [0.2972277875405972, 0.927139760385019, 0.8620638108983016], "b9": [0.010123683069655783, 0.9686798537976733, 0.9752472685630786]}