{"b0": [0.7055730303056271, 0.9476421411908524, 0.9165613846952048], "b1": [0.00121620648322409, 0.9863653117417993, 0.9700900152668912], "b2": [0.8173570649513026, 0.9558914171298519, 0.8936380377887727], "b3": [0.014837942024725064, 0.8965647058476354, 0.863618691122683], "b4": [0.32137869059844154, 0.9945671766606248, 0.8707003394220854], "b5": [0.8865760481961494, 0.8715980853920606, 0.9048119778314314], "b6": [0.005779618906657392, 0.8569873136046003, 0.8323980133791337], "b7": [0.7139564929034745, 0.8467466255141595, 0.935281382507773], "b8": [0.16063857894492398, 0.9546608418200746, 0.9488897917498373], "b9": [0.06229324887992876, 0.9253870482449125, 0.8476043433453259]}