{"b0": [0.15745009994919384, 0.9626723785136643, 0.8285384869007197], "b1": [0.15947604993856668, 0.9906641935244608, 0.8974087527530743], "b2": [0.31934061288402715, 0.9913995618755449, 0.9587383441835057], "b3": [0.33604498855430415, 0.9443991871131868, 0.8771734250518994], "b4": [0.07662676848056726, 0.8989374308062413, 0.9494695429231651], "b5": [0.16524520451851124, 0.984958229810677, 0.8322427715222722], "b6": [0.5783195588707214, 0.9857769718515758, 0.8870769955724197], "b7": [0.5661393974018479, 0.8012464514036627, 0.8688628073949567], "b8": [0.716730159281097, 0.8969798682178404, 0.8822867709562336], "b9": [0.3373411846334985, 0.9723917921302412, 0.8437278018191965]}