{"b0": [0.003923286817817117, 0.9965471345247416, 0.9129124057969752], "b1": [0.8908003863536368, 0.8891058354992518, 0.9255870504230059], "b2": [0.6224488077875215, 0.8113262625023796, 0.9137001810140791], "b3": [0.9989432218229709, 0.8944688057329111, 0.9183834588565261], "b4": [0.011630576054132676, 0.9970337068569396, 0.8644087136611447], "b5": [0.8066409038970036, 0.873900679611655, 0.9352888865501083], "b6": [0.07729986752288498, 0.8857492200718988, 0.8298080272398574], "b7": [0.15812262590516757, 0.9677720303079407, 0.9725099747309511], "b8": [0.864703603296422, 0.9887892814762909, 0.9982632957928876], "b9": [0.8563384629134354, 0.9531128984601709, 0.8766413584785075]}