{"b0": [0.7408930703848761, 0.9267199211149244, 0.9698851205777917], "b1": [0.16314045796879462, 0.9649875738042869, 0.9737332667452462], "b2": [0.8849300843684786, 0.9725533442185972, 0.8778886883306021], "b3": [0.7062173082789139, 0.9530729339635292, 0.9683582563151922], "b4": [0.7545724995830565, 0.9506307482875953, 0.8476684502419949], "b5": [0.8588313833577138, 0.8990719210445198, 0.8977179092468268], "b6": [0.08040674812947467, 0.7627642937903544, 0.904745395971452], "b7": [0.887906590298369, 0.8941910891929149, 0.883484319767883], "b8": [0.10141473286803716, 0.9012171032835411, 0.9231997556544527], "b9": [0.15675028148056436, 0.8991526924483089, 0.8880609936871516]}