{"b0": [0.30183392617800964, 0.9564540310962305, 0.8649408682647598], "b1": [0.33200803639236154, 0.9226836068817734, 0.8085344742129812], "b2": [0.16203840147853954, 0.7347762579611513, 0.8300067795952633], "b3": [0.7624610105076204, 0.9474798564210952, 0.9975188533265696], "b4": [0.7204445708166294, 0.9092458304957259, 0.8943769781538002], "b5": [0.8571754704833606, 0.8576146406278241, 0.8350167287627681], "b6": [0.07345886540622479, 0.8073929254000446, 0.8885705901295629], "b7": [0.35359984523430354, 0.9410268083278676, 0.8740420245452252], "b8": [0.6799068739102497, 0.8420315369597293, 0.8806133715403113], "b9": [0.7275668372122734, 0.8321397124893448, 0.9136377924099905]}