{"b0": [0.7567795375921055, 0.8477758362003429, 0.8155125393077168], "b1": [0.3034695034187823, 0.9868441465733145, 0.9404571851992499], "b2": [0.985408809386715, 0.8935887671072057, 0.8778533171598991], "b3": [0.15325309125365283, 0.9378875111531199, 0.8974641979453878], "b4": [0.07053796344557837, 0.8392581369934998, 0.9564619963599708], "b5": [0.2977690113157845, 0.9991466084390628, 0.8130157420240519], "b6": [0.6064676063809741, 0.9089975554468809, 0.9625891231896254], "b7": [0.3122281644005168, 0.9619570789833496, 0.8479034936437684], "b8": [0.7247303765588384, 0.9545029979472345, 0.8915418929009015], "b9": [0.15521794863285787, 0.9093198561453242, 0.9928775400538394]}