{"b0": [0.1609205071213754, 0.9439471367266979, 0.9659056738895292], "b1": [0.1634411958528808, 0.9792704653251297, 0.9785231233871489], "b2": [0.15824216303159308, 0.9918700809532409, 0.9886514176556228], "b3": [0.6191851487811693, 0.9201099529632509, 0.8945569491692561], "b4": [0.8341264414146748, 0.7913714308610248, 0.844761127529991], "b5": [0.6821359692144064, 0.9289831269790227, 0.9212208173518179], "b6": [0.16369657118174671, 0.9965921514211393, 0.8140063220679536], "b7": [0.16161772114108974, 0.9574472846997708, 0.8340830590817034], "b8": [0.16535779421579833, 0.9989454813160034, 0.8278812143276584], "b9": [0.1614770711694985, 0.9068507327781242, 0.9636217867373037]}