{"b0": [0.15765198678134615, 0.9619081461960493, 0.940633537808541], "b1": [0.6545319516620691, 0.9883241688423507, 0.9530358784550766], "b2": [0.16208369166966333, 0.9640768774770025, 0.8959764191938518], "b3": [0.16100770950064644, 0.973294013095187, 0.9836476692477006], "b4": [0.7896833329465154, 0.8739798654568068, 0.8776899543853653], "b5": [0.15328458753302865, 0.9200213544663712, 0.8694010295737568], "b6": [0.598988006883562, 0.9274107667569541, 0.8614203179790786], "b7": [0.6355866613977866, 0.8003768453616672, 0.9345709528798826], "b8": [0.5599589038084853, 0.8698369110449391, 0.9654422841101487], "b9": [0.15625937750331498, 0.9804954719244351, 0.9651275832075131]}