{"b0": [0.6525942669061051, 0.907689107459372, 0.9336584627937604], "b1": [0.1569593690693657, 0.8729025455715075, 0.9708998049563229], "b2": [0.16869675572591591, 0.9695416470364164, 0.927509243815596], "b3": [0.6224889915379925, 0.9195075419974528, 0.9190005253225465], "b4": [0.5866476079834386, 0.9647302691921916, 0.9985164677824209], "b5": [0.16568058937224106, 0.8299359996837695, 0.8898919040687222], "b6": [0.15136489275696854, 0.8840639322730481, 0.9744962907953], "b7": [0.1674840561445344, 0.9574730809505604, 0.830979653130528], "b8": [0.5673970588289505, 0.970335691056643, 0.840720152303585], "b9": [0.16013002467220694, 0.9065091297618398, 0.9907059266249331]}