{"b0": [0.6151066591248288, 0.9986833123435688, 0.9732691153796761], "b1": [0.15796126440806196, 0.9166388021104203, 0.8781356669180892], "b2": [0.15686272774795326, 0.9416898512490147, 0.9731778467380606], "b3": [0.6052671272963429, 0.9846477434187705, 0.821559869476161], "b4": [0.6189975498175674, 0.892965914867174, 0.9594504415669884], "b5": [0.15009537936255904, 0.9810708610631994, 0.9958361126660082], "b6": [0.5777739615060584, 0.8518449773992373, 0.9072866626212579], "b7": [0.15642678290157094, 0.928978746938488, 0.9301852636064213], "b8": [0.16761425310950037, 0.965951321342257, 0.9839354610123847], "b9": [0.15944834041006017, 0.9078736118066928, 0.9063972085972548]}