{"b0": [0.5858513017807934, 0.9715484343430105, 0.8510940106987525], "b1": [0.5901318381536804, 0.9946539024112753, 0.9750811480978718], "b2": [0.15980631904797385, 0.9546669836969497, 0.9892337089883178], "b3": [0.16154764024454277, 0.8815685947422939, 0.9570066242878742], "b4": [0.6707456211346748, 0.9532522123591834, 0.8309048875769508], "b5": [0.15256875594400962, 0.9967524901125959, 0.8084111583163499], "b6": [0.572830182506595, 0.9175865242561084, 0.955021991677377], "b7": [0.1613229718891462, 0.9614123765357359, 0.9858745927943565], "b8": [0.15364807241506534, 0.9993704171174579, 0.8194031994808739], "b9": [0.7535132706070207, 0.9903686638763419, 0.8536860976002809]}