{"b0": [0.6354851871212248, 0.9998202896205224, 0.8131995260425401], "b1": [0.08869620481177418, 0.8625994745266041, 0.8867529040892397], "b2": [0.08560035497844133, 0.901599483013787, 0.8619533077494239], "b3": [0.07686424955756332, 0.9548718396781604, 0.9938868565380392], "b4": [0.08086189022541931, 0.8448715359841253, 0.9582545625290141], "b5": [0.5568252203862549, 0.8425606922293898, 0.9222137408694051], "b6": [0.06350853278365852, 0.97189485571502, 0.9297109040768123], "b7": [0.6445610527773259, 0.9732818157669199, 0.9173665257583976], "b8": [0.6001308344761391, 0.9357350444283311, 0.9548111344458218], "b9": [0.5169258998838626, 0.8692308852071355, 0.986036113132417]}