{"b0": [0.08100206770374671, 0.91329723656693, 0.9261976508464796], "b1": [0.09480227611600885, 0.9611143231645866, 0.9769035825159937], "b2": [0.9995102223298903, 0.9414600460733519, 0.8721742605590524], "b3": [0.631715365768342, 0.984585321819487, 0.8198096939827999], "b4": [0.6242757167420456, 0.9656068268683335, 0.8332700099016409], "b5": [0.5860724422180514, 0.9985686012580943, 0.973765982251429], "b6": [0.09085609506147836, 0.8793920572058525, 0.8291971257500653], "b7": [0.09649045943627714, 0.9978067308926248, 0.8309466673746466], "b8": [0.582342216733711, 0.9291459596711775, 0.9696096607432868], "b9": [0.08606310981251665, 0.9897022927225997, 0.9746987452340895]}