{"b0": [0.995057273224602, 0.9549728706566836, 0.8449835964470293], "b1": [0.0944462116969048, 0.9196547286043517, 0.8924231503857104], "b2": [0.09600887785136632, 0.7986321162516807, 0.8246371139274568], "b3": [0.5118361711227746, 0.8902120281820369, 0.8765986489209067], "b4": [0.62571266132083, 0.9919859811950839, 0.8742994630400013], "b5": [0.5580899280045094, 0.9690798095384189, 0.8336440529084324], "b6": [0.6664378095081125, 0.9137946162739433, 0.8361068238020352], "b7": [0.08528364031784122, 0.9281985606459263, 0.9336878556141825], "b8": [0.07496582998571089, 0.9464298980324278, 0.9263746152973755], "b9": [0.0757507163064722, 0.9544786270297478, 0.9346419970479292]}