{"b0": [0.8498160980692241, 0.9974021662187919, 0.9112317230741295], "b1": [0.07313099009852482, 0.9811143091650452, 0.8397578169756978], "b2": [0.08462909858144375, 0.9594217473026552, 0.910282996859936], "b3": [0.631365958278414, 0.9944561388160653, 0.8828056219733297], "b4": [0.06020001786715519, 0.7756947404302181, 0.8293217525104092], "b5": [0.0007668426982408742, 0.7935447283329877, 0.8841456811097808], "b6": [0.598593063080695, 0.9144643166647342, 0.8098832118556188], "b7": [0.09887598375734345, 0.936862628186444, 0.9028286240414884], "b8": [0.6079396795267451, 0.826965285579042, 0.8016768010548593], "b9": [0.0894843354275171, 0.9680897741444409, 0.8504821692484897]}