{"b0": [0.08223637518511039, 0.9149363065961501, 0.8891075390332843], "b1": [0.9925881564370799, 0.9491566190739462, 0.8075697782563086], "b2": [0.9205737378619926, 0.9957383472609057, 0.8766701294012219], "b3": [0.3166052691865393, 0.9285439422131283, 0.9316468605376461], "b4": [0.3303320117012926, 0.8677420225456868, 0.936395177297357], "b5": [0.7486489108355499, 0.9042846816772544, 0.8668957906904056], "b6": [0.8607592801723238, 0.9042752254121237, 0.9098237216163341], "b7": [0.08482413209299157, 0.7545714146549564, 0.8093359015779678], "b8": [0.8503164359656311, 0.8576090988052039, 0.9647393509332558], "b9": [0.8449534202727965, 0.925992554744916, 0.9661437053155639]}