{"b0": [0.16040334159590597, 0.8585532608073241, 0.9556024262593915], "b1": [0.0757549703311788, 0.9291653362152285, 0.8754843827854032], "b2": [0.09726590357617723, 0.8740113714373083, 0.9160226290611359], "b3": [0.1584781399520004, 0.9519035497677294, 0.8574019247959583], "b4": [0.3693313024399322, 0.9590346032660548, 0.9737708250380355], "b5": [0.8417476388871828, 0.9681270366277606, 0.879711859090384], "b6": [0.6458553437296725, 0.8745359218668939, 0.8090352217984983], "b7": [0.08785067208017887, 0.864965669931403, 0.8335964199433619], "b8": [0.9180579430273182, 0.8229351776970162, 0.8404119087906455], "b9": [0.10852017724776805, 0.9354418981760096, 0.8258877120452707]}