{"b0": [0.09415365537409341, 0.9321116530138925, 0.9601882346321683], "b1": [0.5919088829795212, 0.9095125121775766, 0.9756084472403986], "b2": [0.0974898832740914, 0.9659894997939723, 0.9608279266121165], "b3": [0.16388738041514445, 0.8846801526442982, 0.9699037212901609], "b4": [0.8840655770373594, 0.9224775362490134, 0.8501058909837346], "b5": [0.32666803676289496, 0.9785560187216127, 0.876877179728184], "b6": [0.6419887744750326, 0.951724497260775, 0.8673464943296275], "b7": [0.06990908113114265, 0.9327505990023301, 0.8142724544285759], "b8": [0.761204199044198, 0.9727734833832732, 0.9536256418871667], "b9": [0.30335691538814213, 0.8601267913712373, 0.8626425120273159]}