{"b0": [0.15666195805630778, 0.9373508640059334, 0.8002918874818243], "b1": [0.6804437829265337, 0.939739240158392, 0.9126273648908219], "b2": [0.08125492514902768, 0.9645981409234328, 0.981057758809888], "b3": [0.3247112080272536, 0.8818360370846808, 0.8856824571188935], "b4": [0.001176097593960104, 0.8688934610432092, 0.8967142409499692], "b5": [0.1700790685832747, 0.9882335923004476, 0.9585738710907232], "b6": [0.14965124867563784, 0.8146741762199388, 0.9445794771364663], "b7": [0.33695181624071063, 0.8520544617092856, 0.9947676694720577], "b8": [0.7552794225215677, 0.941007676402373, 0.8688216624804869], "b9": [0.8666427349415347, 0.8489696954969835, 0.9886473147924407]}