{"b0": [0.8536250231380503, 0.9388547835647552, 0.8535658040005627], "b1": [0.07846420870853721, 0.9585365915231588, 0.9448902325291414], "b2": [0.17371448311143667, 0.9939412010722544, 0.8661696807330127], "b3": [0.8668680418463337, 0.9056864059170695, 0.9028167069528257], "b4": [0.09764475998793802, 0.8489378198698145, 0.8608615048460243], "b5": [0.3345009459601717, 0.930842568637421, 0.8258996779587509], "b6": [0.006064090259132717, 0.8927851075546727, 0.8890452432481071], "b7": [0.079581603789205, 0.9896933253883148, 0.8928011325605035], "b8": [0.29859690125073396, 0.9635712879584394, 0.8421865031913321], "b9": [0.7113557431108092, 0.8118938726605684, 0.8638739078478791]}