{"b0": [0.01795407115783714, 0.9332543923776571, 0.8902376649077643], "b1": [0.5904812616714459, 0.8027858126001428, 0.917026980803859], "b2": [0.8546336239318151, 0.8527565421564032, 0.80136675683436], "b3": [0.08036219329919687, 0.9608766887812547, 0.989589157118], "b4": [0.35058096712210085, 0.9895403374506182, 0.8583139469942256], "b5": [0.008544092827454454, 0.9758178669813524, 0.9324500991677478], "b6": [0.985889169502709, 0.9254912721854892, 0.9757634386862764], "b7": [0.614181524422535, 0.992160550029162, 0.8932083983939911], "b8": [0.6242930769555308, 0.9797225167374696, 0.8390322312224767], "b9": [0.33308487476417475, 0.9121865255680038, 0.9927325844895738]}