{"b0": [0.8913519181589419, 0.9632225710461657, 0.9507316897980891], "b1": [0.8745849480414055, 0.8973683822423721, 0.9862020317282301], "b2": [0.3392020804599681, 0.925424594029281, 0.933778504787667], "b3": [0.16902983064050614, 0.9033459521480525, 0.8578103563610401], "b4": [0.9128033805505923, 0.8904539641720207, 0.9312488114255317], "b5": [0.634137541197518, 0.8993539127615429, 0.9304960802367106], "b6": [0.36159490184278087, 0.9851272889743418, 0.9494095341142713], "b7": [0.1571781475669117, 0.7359333757997661, 0.9394483877518874], "b8": [0.16080558755554594, 0.9015805932934139, 0.9999229913516645], "b9": [0.2976694849475843, 0.9941761188169491, 0.8828103760842453]}