{"b0": [0.0012138893955589071, 0.9495496518125164, 0.8360175254989143], "b1": [0.7448137792160249, 0.9797871700529213, 0.8309301601440375], "b2": [0.8728323436449399, 0.9459683151811725, 0.9910047151817564], "b3": [0.71993842537461, 0.9305279786110582, 0.9638481934432467], "b4": [0.6074586123633661, 0.8347850572511504, 0.9327013857168137], "b5": [0.7629620343206924, 0.8745330794199399, 0.9254459597906768], "b6": [0.7693157749098714, 0.9921043394505417, 0.9341900791859462], "b7": [0.008504523744234183, 0.9139587033330366, 0.9438491831125019], "b8": [0.8578199276105078, 0.9476747366166487, 0.8009346184498475], "b9": [0.31748109036599187, 0.8627610599903122, 0.9809567166134463]}