{"b0": [0.6371470079713394, 0.941936439720366, 0.8083210496270828], "b1": [0.6144142021167334, 0.9306082795037897, 0.8875713721425617], "b2": [0.7073718741634046, 0.8886872381339649, 0.9995680390303157], "b3": [0.7635708407229223, 0.8406345177591885, 0.8713629811721055], "b4": [0.35840883659307, 0.9325365112102441, 0.9604590995718405], "b5": [0.7592871753665388, 0.9891047888003962, 0.8799067625931487], "b6": [0.6115980119243861, 0.9642041917948362, 0.8326779075296017], "b7": [0.3306960408458311, 0.8835361984998165, 0.8299484333588529], "b8": [0.9926287563680884, 0.8945552579970623, 0.8990649619175809], "b9": [0.9578243331343578, 0.9982470754589338, 0.8087896168322568]}