{"b0": [0.0005514948039228197, 0.9244470167393378, 0.9429761824995778], "b1": [0.15186421578363676, 0.903801344478293, 0.9967202709999127], "b2": [0.16176399323431037, 0.8771861052342972, 0.9321590665875129], "b3": [0.7474061446442538, 0.9205869566662773, 0.8466113922930084], "b4": [0.0852181878468811, 0.9685170101444295, 0.890138254681927], "b5": [0.7711349302399391, 0.9738725438186187, 0.8148878634152501], "b6": [0.06819159062653361, 0.9578845467600128, 0.9187182308550433], "b7": [0.15357540191549507, 0.9913134270748177, 0.8582268606060934], "b8": [0.9805666949362444, 0.7574577968224564, 0.8840283364708971], "b9": [0.1629188982036044, 0.9407292806459684, 0.9826291216827299]}