{"b0": [0.0069608221946439956, 0.9724651534536111, 0.8138104182298785], "b1": [0.007579260929266047, 0.9874342144443825, 0.8938451805521686], "b2": [0.016235385923251786, 0.9680747511021031, 0.9854911429264903], "b3": [0.8291260086564931, 0.9898289308836352, 0.9884812309929445], "b4": [0.008397721835425814, 0.9829807736597392, 0.8010509222040127], "b5": [0.7105031070329679, 0.9870619471857871, 0.8271977828807331], "b6": [0.8586856474727537, 0.9144363134411008, 0.9684163576821126], "b7": [0.16136393025712414, 0.9524911082600862, 0.9626886372589439], "b8": [0.9926892848471401, 0.9556881761370648, 0.988946013725814], "b9": [0.0001239671990429487, 0.9106717275281117, 0.9013751613367961]}