{"b0": [0.01268293155845464, 0.9677692720738535, 0.8545419990315345], "b1": [0.8600577292224316, 0.8046795027235149, 0.9135939688552073], "b2": [0.7144437970954975, 0.9237268444497991, 0.803665149125691], "b3": [0.3424000880078517, 0.9390192489248164, 0.9198811304925236], "b4": [0.16504898025553394, 0.8543401481291246, 0.957467888091054], "b5": [0.9822686192896822, 0.933023693558134, 0.9016922090574414], "b6": [0.9897346624623584, 0.9726787464545158, 0.8896471905931529], "b7": [0.017989907648918575, 0.9685345302774379, 0.9519373061562841], "b8": [0.8866573096257254, 0.989417820714408, 0.8341343847823797], "b9": [0.9923385681078001, 0.9145173003419432, 0.994986568966895]}