{"b0": [0.8789008023655558, 0.9384980056306043, 0.9973127691938819], "b1": [0.08049061662693417, 0.8443365993307442, 0.9538733496480282], "b2": [0.1683999112533497, 0.990787486732059, 0.9081853640415818], "b3": [0.16764541613847173, 0.9778654337831828, 0.9796387798595876], "b4": [0.9721370874080455, 0.9551905952003366, 0.9388737009384965], "b5": [0.1732536290833501, 0.9972775391093807, 0.882640626364579], "b6": [0.008122283481653853, 0.9679211418241551, 0.8181180186856216], "b7": [0.8698221384963598, 0.8485872717054427, 0.8176498087835387], "b8": [0.9903995154962096, 0.9996498930482406, 0.9323216365328004], "b9": [0.8666034426516573, 0.971479134164301, 0.9138243573436814]}