{"b0": [0.1564398796101453, 0.9855034348816446, 0.9978086967767067], "b1": [0.008300267468981356, 0.8946760333233231, 0.8989454531208476], "b2": [0.9898577331329304, 0.9349570151643465, 0.9126914136372455], "b3": [0.008915588086970048, 0.9871106251184446, 0.8541312039441108], "b4": [0.15538467413110701, 0.8905288219542585, 0.9569952356503774], "b5": [0.8719761016177187, 0.974471865518982, 0.9894474564716037], "b6": [0.16315078246486248, 0.962471901171887, 0.8200102229845666], "b7": [0.02146807664300492, 0.9404023300816756, 0.9767980652529998], "b8": [0.16762268134542718, 0.8410086680771016, 0.9980650887856629], "b9": [0.7290644054484489, 0.9130606315787567, 0.998343584406336]}