{"b0": [0.769386718523514, 0.9771214692797594, 0.9911755478001099], "b1": [0.7244027116340245, 0.9930452877283557, 0.9257168328489818], "b2": [0.16225632885501767, 0.8853014892026184, 0.9096514855775004], "b3": [0.6425470350733081, 0.8986152552998783, 0.8493826503271549], "b4": [0.09475695766963704, 0.9681018395597237, 0.9898937836502633], "b5": [0.1617726303018966, 0.8945823400706127, 0.8578349281627128], "b6": [0.710214006086266, 0.9284192607439775, 0.9715146519144348], "b7": [0.15170017185804802, 0.8737992630585594, 0.8253685520027726], "b8": [0.9898432538950304, 0.8435520919785974, 0.8846369616037544], "b9": [0.8707025894998301, 0.9102960144113851, 0.8281737090538357]}