{"b0": [0.1674363217244577, 0.9879069728986142, 0.8904917267010879], "b1": [0.009924913912193422, 0.9725077435291248, 0.8889137544396637], "b2": [0.7255087284412467, 0.9656639424449439, 0.803504284936171], "b3": [0.8968902509610293, 0.8394209376350878, 0.9941155612349849], "b4": [0.32173078425661167, 0.9112746336296388, 0.8837384479095926], "b5": [0.6774696994296143, 0.9312593076127252, 0.9336934013737453], "b6": [0.001123405489192258, 0.7236843050939337, 0.8973260552122468], "b7": [0.0006470489358277036, 0.8408810542917405, 0.8621006031517382], "b8": [0.16461081077023582, 0.9210988370396658, 0.8319174469401318], "b9": [0.16603566657032917, 0.9073038112885858, 0.8521092212160145]}