{"b0": [0.017506580732770685, 0.8814746219854626, 0.9816082022736886], "b1": [0.015530536943771095, 0.9086308577019645, 0.8457136937769724], "b2": [0.16019234210690125, 0.9735885673808982, 0.8037615968476524], "b3": [0.7534936471210051, 0.9173054434989311, 0.8755093426795747], "b4": [0.16261076364178287, 0.9843114749815026, 0.9118946158330492], "b5": [0.013158811005832969, 0.97777205887944, 0.8948874514981681], "b6": [0.7423313568055105, 0.9699752128090456, 0.8288424898494342], "b7": [0.07193020020105544, 0.9828073853362044, 0.9923330796405202], "b8": [0.15827419531776266, 0.9605514654112456, 0.8366118893722577], "b9": [0.6369769676195284, 0.9979076867107106, 0.9333235320374671]}