{"b0": [0.08810700180004595, 0.9198826620538385, 0.8333198668375246], "b1": [0.7296993354580242, 0.8982035369363522, 0.9338338785922571], "b2": [0.16003844687377625, 0.847826506173226, 0.9585934298898918], "b3": [0.31818560600823703, 0.9076524730306028, 0.8673248928989885], "b4": [0.6831810660899742, 0.9471954258719506, 0.804243628990516], "b5": [0.07209172115018618, 0.9751251894518039, 0.8390287433860771], "b6": [0.33571442701500503, 0.8735875084599506, 0.9838453138617008], "b7": [0.3378634912247297, 0.9431537018317842, 0.8009933256228482], "b8": [0.609379762041248, 0.9606825618522663, 0.8197971083180883], "b9": [0.16795488844886125, 0.9145036693087829, 0.9335794420145082]}