{"b0": [0.16179471981939336, 0.8286176008504824, 0.89797340088531], "b1": [0.14738174009035107, 0.9738855601115936, 0.9117658060411373], "b2": [0.8560720944153798, 0.9763053060043582, 0.8329576723567166], "b3": [0.8995424985988411, 0.9530617065779283, 0.8434155183187708], "b4": [0.8705701854527246, 0.9064989543559062, 0.9930718818777388], "b5": [0.975738082450251, 0.9097558543227202, 0.903114777044963], "b6": [0.2996886351613643, 0.9639941746154314, 0.9965076632186942], "b7": [0.1685751403238533, 0.9475512624567144, 0.8196185382584948], "b8": [0.3318749047714208, 0.8871290300534267, 0.9843482405817326], "b9": [0.35386324706855005, 0.9692622249189311, 0.9615165031190549]}