{"b0": [0.31293816353723736, 0.9120841184567965, 0.8352609544982776], "b1": [0.16097583774221408, 0.9623401123801842, 0.8016838012410816], "b2": [0.15907491855301759, 0.8615045867117229, 0.8825677784767626], "b3": [0.8674388342147537, 0.9017118747358686, 0.9628297595798978], "b4": [0.877128196292574, 0.9375584835426755, 0.990126614113008], "b5": [0.15233723598244184, 0.9718431131857694, 0.8870815231960033], "b6": [0.3165869904031429, 0.888317337552041, 0.9627458533793926], "b7": [0.8885565493340795, 0.991763419367138, 0.8034498338877212], "b8": [0.15901945514748272, 0.9337111267919193, 0.901766029623614], "b9": [0.335243397325776, 0.9346362715552899, 0.8072259860013873]}