{"b0": [0.2989745732995132, 0.9659098049234384, 0.882393907186719], "b1": [0.6215803292625844, 0.82743712998614, 0.8107646964302384], "b2": [0.8982357724384216, 0.9382236595729991, 0.8632931149005774], "b3": [0.16264907314327381, 0.9794875505121322, 0.959435200561371], "b4": [0.8905160647744961, 0.8658579352003934, 0.9213795784028025], "b5": [0.16249701386132376, 0.9652414145371268, 0.8348478833386984], "b6": [0.1624438908003403, 0.9445328149690114, 0.8525297203317581], "b7": [0.8951748019091994, 0.9283374028970051, 0.9319133308313009], "b8": [0.2980647399019934, 0.9166991361261939, 0.8041844915260782], "b9": [0.16214444511460852, 0.98727030661408, 0.838349617078604]}