{"b0": [0.35492772503515724, 0.9125913621036165, 0.8953820929468277], "b1": [0.1647540107325651, 0.8834226265504236, 0.8238954327050592], "b2": [0.36185475795504324, 0.9803441329706913, 0.9748429001937121], "b3": [0.8915752487891112, 0.9237944054474727, 0.8213007727466061], "b4": [0.8986770368310611, 0.9760498865452375, 0.8861689618199953], "b5": [0.15379660712252832, 0.8076381017362887, 0.8827255163145667], "b6": [0.8622803144592105, 0.9483156873542675, 0.96591952584243], "b7": [0.157230246789515, 0.9897005662911965, 0.8742291873111351], "b8": [0.15348222876572584, 0.9259782785281573, 0.8333671959225666], "b9": [0.8921774116571868, 0.878004350233159, 0.8164756674919963]}