{"b0": [0.16457897506722075, 0.9520038783859742, 0.8133389530549314], "b1": [0.014462347018987451, 0.9785552074546925, 0.9008858784573099], "b2": [0.859015699408163, 0.8229162696519212, 0.8285129808916952], "b3": [0.9855403428373763, 0.9582966173455937, 0.9975868926019795], "b4": [0.16485798053155132, 0.8943397908397904, 0.870416385092954], "b5": [0.7258672605379195, 0.9867785459584866, 0.9838347761917938], "b6": [0.15941574803964992, 0.984620633349587, 0.8791625613047996], "b7": [0.8354755811192287, 0.9859301317135482, 0.8028484264383348], "b8": [0.8808956813678961, 0.994960426625797, 0.8797874090747791], "b9": [0.9954748077343366, 0.8265988595824281, 0.812966875903479]}