{"b0": [0.3242862091639701, 0.8409691666671455, 0.9727711735468835], "b1": [0.1631300101481925, 0.9441367718689367, 0.8787615318874025], "b2": [0.9780785555466283, 0.9586855146059817, 0.975277362177333], "b3": [0.995711870792571, 0.725781395765275, 0.9089802987214405], "b4": [0.8710942513417926, 0.9185929103689913, 0.8150427545436024], "b5": [0.3201932383664476, 0.9292765185895631, 0.8642943191203843], "b6": [0.011125846715933314, 0.8815365734757146, 0.9901209798769721], "b7": [0.9947081389950556, 0.8652037231730949, 0.8012378363855678], "b8": [0.9814306386091661, 0.978202689129995, 0.9175792089250154], "b9": [0.7541393953600807, 0.970744140003823, 0.8213611022748977]}