{"b0": [0.8985131800943743, 0.8759660749584718, 0.8163718173754225], "b1": [0.9990374989715564, 0.9565724138837355, 0.8666283886159108], "b2": [0.8802427970032034, 0.9149204505699926, 0.8061082476678498], "b3": [0.33102523981319754, 0.7865603349757005, 0.9529905793611255], "b4": [0.841412686456604, 0.9537001241630426, 0.816182485065986], "b5": [0.9982537029527434, 0.9327542463835915, 0.899800544621516], "b6": [0.07839037935902288, 0.8296568572901086, 0.8984467494326706], "b7": [0.1629294145011242, 0.9974256465372642, 0.829377773928561], "b8": [0.16153537755113404, 0.9983575455725062, 0.9263760792197625], "b9": [0.011453455867904803, 0.8036228657879024, 0.9532269551537105]}