{"b0": [0.992620544795396, 0.9657610074879799, 0.8991722268188954], "b1": [0.0006382422610346632, 0.9932912063930778, 0.9452904092278414], "b2": [0.15206707312563128, 0.7340034831582275, 0.8855333283965818], "b3": [0.008177409937822766, 0.9658766044105943, 0.964490967752862], "b4": [0.1605899282352529, 0.9567722389833456, 0.8801224372050256], "b5": [0.9813730275146618, 0.7932919331041423, 0.9671763251034649], "b6": [0.8989518455038404, 0.9798374115242523, 0.9984905437409172], "b7": [0.009258711349005317, 0.9544122014166873, 0.8678582756233929], "b8": [0.15783665880337794, 0.8662255269355995, 0.8545009489525546], "b9": [0.8814399117522889, 0.9705523926055422, 0.9335990105820788]}