{"b0": [0.08269158919636758, 0.9255353833441801, 0.8097888405850958], "b1": [0.8583931159206033, 0.9136119817210369, 0.8785478596619909], "b2": [0.0016873099169155753, 0.9982830572929086, 0.848716989921565], "b3": [0.16228328058775912, 0.69975543161188, 0.8564861172100169], "b4": [0.9131436267634793, 0.9878473996622066, 0.8504613018233276], "b5": [0.16694313175348424, 0.9610218712330384, 0.9830819703050645], "b6": [0.3651575300655166, 0.953751571132456, 0.8973428138790885], "b7": [0.16125591401349343, 0.6996511070779718, 0.8119272648762202], "b8": [0.0019220753620619977, 0.8558168556223458, 0.9870393268413875], "b9": [0.0025487224366374, 0.7807737533011979, 0.9525292851247602]}