{"b0": [0.3735711434679446, 0.959711477234729, 0.9555245245971185], "b1": [0.3434557700577691, 0.988089739574534, 0.8655123781886499], "b2": [0.9822392464265441, 0.9427686583034459, 0.9680095416624808], "b3": [0.6365986777702383, 0.9173165493142773, 0.8468021164461209], "b4": [0.002016834184635879, 0.9648808400383996, 0.9919473398093308], "b5": [0.9837136936924792, 0.8567322472739288, 0.8756465336215632], "b6": [0.34533950473140684, 0.9569468293885697, 0.9312651250296323], "b7": [0.7997616192802575, 0.9984948751951738, 0.9327550783817666], "b8": [0.3468496789135323, 0.9064417830202892, 0.8786155716277225], "b9": [0.34030239370060633, 0.8901163627816183, 0.9560981842058602]}