{"b0": [0.88507120861082, 0.9102963153820575, 0.8885436524502296], "b1": [0.986828481058269, 0.849794197324049, 0.9132584853684481], "b2": [0.2956897242361304, 0.8946121324020178, 0.9576146516111149], "b3": [0.007041641662919434, 0.9883708063777832, 0.9272225710974582], "b4": [0.014179313724734547, 0.8841377487299781, 0.8643542528171696], "b5": [0.9725090946424068, 0.8269269518967317, 0.8966663470476689], "b6": [0.9903254506537229, 0.9055681418051202, 0.9451760041641123], "b7": [0.3669306305794684, 0.8835581378129466, 0.9237749318535375], "b8": [0.36323752917631197, 0.9507160762782364, 0.9378009238492705], "b9": [0.0007104569786951616, 0.8967752486927655, 0.9861960984788466]}