{"b0": [0.35674502463909064, 0.9853309396899615, 0.8632662763862871], "b1": [0.3302676361592601, 0.8454639076792091, 0.8013347865926511], "b2": [0.3491111473367427, 0.991957160207255, 0.8573503282688216], "b3": [0.015603507318340173, 0.813494692222131, 0.9387293401438326], "b4": [0.02391799228505796, 0.987483437052427, 0.8047068412528405], "b5": [0.008534581202601118, 0.9346615759649316, 0.9743844190653654], "b6": [0.9682858866219755, 0.8188392376468836, 0.9713100042479972], "b7": [0.3358059162446857, 0.8668493634490106, 0.9079277529471043], "b8": [0.004306470048990873, 0.9130016903063662, 0.8657590881424229], "b9": [0.995412439053642, 0.9484913579611817, 0.9041418840314186]}