{"b0": [0.323387456513219, 0.7719356032373738, 0.8895652162370965], "b1": [0.06808712718717402, 0.9719050803500922, 0.8712795310004904], "b2": [0.9943821652840061, 0.9990999230391718, 0.977369086774224], "b3": [0.9593597668229223, 0.914247809343587, 0.8146812560005133], "b4": [0.324987052423902, 0.9644837823062795, 0.846254434015186], "b5": [0.2942840848063917, 0.9391460939592717, 0.9082272311458133], "b6": [0.16419124464951096, 0.966664912483675, 0.8927332145752856], "b7": [0.3456323094027354, 0.8908566808815768, 0.9848467262037279], "b8": [0.010596452042461674, 0.9652583039375768, 0.8191065625167395], "b9": [0.3458238722634728, 0.8216144638125742, 0.9942259212274306]}