{"b0": [0.36134535872200607, 0.9766449689388161, 0.915621919239117], "b1": [0.9898702069267057, 0.9523627940159539, 0.8449380082815472], "b2": [0.9881996556996165, 0.965446908941756, 0.8627016118556726], "b3": [0.34754292614505666, 0.7287370029254235, 0.8339752462563365], "b4": [0.013980449426278085, 0.9920445265468325, 0.9156401939412272], "b5": [0.3306870773412111, 0.9214926275366224, 0.820678277781527], "b6": [0.995236522331396, 0.9297757287948103, 0.829887153010381], "b7": [0.9763243514533655, 0.946488050153445, 0.831437735280206], "b8": [0.36057301041752365, 0.9745903523500731, 0.8614720795576776], "b9": [0.024371414888486556, 0.8860909229411814, 0.8382405520656152]}