{"b0": [0.08691681690759716, 0.9738974253068045, 0.8546122344170421], "b1": [0.009282573897312746, 0.9640111555460242, 0.9781611660113189], "b2": [0.08021437191037896, 0.8744108729464114, 0.8072505814350199], "b3": [0.9958476444631114, 0.9865324375180173, 0.9757734677964461], "b4": [0.9817432508845724, 0.8971204986350135, 0.8407663595988416], "b5": [0.3520348137721033, 0.9014452203689314, 0.9628407140315105], "b6": [0.012489693459435345, 0.8916640219870251, 0.9326884071367687], "b7": [0.9992903114668336, 0.9559545716019926, 0.9680719314269095], "b8": [0.10906390994609585, 0.9475844556950616, 0.8483892798788588], "b9": [0.990557956073765, 0.8565749510698581, 0.8151629138183794]}