{"b0": [0.7595412651204395, 0.7479713764767922, 0.9932778242813783], "b1": [0.06101612818871044, 0.8790981524300657, 0.8826784316373475], "b2": [0.09320876067592236, 0.9270425774785369, 0.9675911756625812], "b3": [0.9837953834970932, 0.9552159703445184, 0.8983224173017362], "b4": [0.0897802599352875, 0.9777918971671865, 0.9995426645810075], "b5": [0.9996120553537057, 0.9113351757459367, 0.928275455387768], "b6": [0.08115922261200187, 0.9115279107363092, 0.8449420305920898], "b7": [0.7262100274850364, 0.9005218004304928, 0.9422154897986127], "b8": [0.9786155350616401, 0.9132030816935074, 0.9483156540652594], "b9": [0.004025549085860559, 0.933395682432884, 0.9441587813822959]}