{"b0": [0.742376892492252, 0.992411475877883, 0.8673296649116776], "b1": [0.6031395717242422, 0.9302989580576654, 0.8622914607774906], "b2": [0.7457208217010894, 0.79056854650668, 0.8767014656486216], "b3": [0.16072340348550693, 0.8596373723846837, 0.9753517777320354], "b4": [0.8578787201024121, 0.9448437775398759, 0.9466608870905904], "b5": [0.5720984914858309, 0.9112414252139353, 0.9781984347666339], "b6": [0.8499916327479459, 0.977320426290463, 0.9464222863069323], "b7": [0.11048005605977577, 0.8464738660429189, 0.927039493656489], "b8": [0.895980798425004, 0.9050040858723785, 0.8406631187911713], "b9": [0.7778096198301325, 0.8279574211035999, 0.9581473809066101]}