{"b0": [0.911232756902298, 0.9160730115546221, 0.9006376296194591], "b1": [0.5857804734222686, 0.9622243308812216, 0.8804245734924749], "b2": [0.09415691004629899, 0.8739306991614351, 0.8483052806907242], "b3": [0.7408701012018488, 0.8765467569405587, 0.8846812245655745], "b4": [0.7584049835892485, 0.9134290330719278, 0.8285141517339545], "b5": [0.07717181636925409, 0.9329689816884309, 0.8561615558526842], "b6": [0.1537563442924446, 0.869865294058281, 0.907897199000338], "b7": [0.8272142795079885, 0.8948186738655315, 0.9750090118336856], "b8": [0.7227040528939098, 0.9132344499505451, 0.9667040218672236], "b9": [0.6843008492066259, 0.9180503975913189, 0.8537628986434617]}