{"b0": [0.7990600148396841, 0.9795886461152223, 0.8985101137110578], "b1": [0.7591358728238375, 0.8285189826446931, 0.9846828186076988], "b2": [0.5281164317201656, 0.9817604621019926, 0.810812143078672], "b3": [0.308190419954839, 0.9551359328943719, 0.9767065696347285], "b4": [0.16394899076639152, 0.9528029077760033, 0.8997292491605559], "b5": [0.6093060758995292, 0.9148480680768464, 0.8592773560528297], "b6": [0.7863973970367258, 0.9868956414819704, 0.8983483683537153], "b7": [0.16327632793968166, 0.9202175141693565, 0.9801757915850913], "b8": [0.8779933103343, 0.9719504460759351, 0.9750339521676383], "b9": [0.8507851630616556, 0.8821021789929226, 0.8123636323766757]}