{"b0": [0.3048035343352733, 0.8916108098629855, 0.9956708666248059], "b1": [0.7098654816389773, 0.856653772945389, 0.8631332504334344], "b2": [0.37422130410767906, 0.9410955271914457, 0.909834439411027], "b3": [0.34407717424744566, 0.8992083947885541, 0.9045843302715477], "b4": [0.8121520898733453, 0.9871595418525755, 0.9672756720982265], "b5": [0.629434051095678, 0.8316167586440956, 0.9729101475504527], "b6": [0.6157855698072567, 0.9378938738546683, 0.8300913039014384], "b7": [0.8691997851808293, 0.8325351789244726, 0.9822785084893338], "b8": [0.6374498746251266, 0.9302413232950318, 0.856861528340493], "b9": [0.3443525403506533, 0.9809588644756587, 0.8672073322239584]}