{"b0": [0.09212628475170352, 0.8106333559861525, 0.8329880959107114], "b1": [0.722430679722311, 0.9956822458051193, 0.8201562154437642], "b2": [0.7777079731292484, 0.8240969455219422, 0.971072875154882], "b3": [0.06687743497791095, 0.9821759884595785, 0.9927253552471604], "b4": [0.06910198587918387, 0.9210907052741478, 0.8069495956749759], "b5": [0.7294441990136545, 0.8664422895087288, 0.82052249154309], "b6": [0.797542266670415, 0.8902143360731166, 0.8510556560864285], "b7": [0.9936649905590413, 0.9301127167065582, 0.87324062785407], "b8": [0.06931573211036109, 0.9610415630354173, 0.9046008226052605], "b9": [0.15548380104134968, 0.874211516651237, 0.8196784570466327]}