{"b0": [0.10711174075284711, 0.9331007828439717, 0.8584861030317549], "b1": [0.7621571521834766, 0.7828120867290247, 0.9493249024182066], "b2": [0.8476542205172223, 0.6703951797593461, 0.9537140613150593], "b3": [0.362894221489871, 0.77561971579415, 0.9141808147742574], "b4": [0.5823751249563454, 0.9326762007789, 0.8321422156115773], "b5": [0.16277268075135812, 0.9732506450976198, 0.8371916531985678], "b6": [0.7213004231699968, 0.8624677981122899, 0.8850645732934349], "b7": [0.7151265518577914, 0.9717034213429756, 0.8142517981997139], "b8": [0.5721748614385812, 0.8609000847020382, 0.8881835791519225], "b9": [0.5621987809214032, 0.8435737658905551, 0.8679297254502751]}