{"b0": [0.5771565831894168, 0.8871655121245899, 0.9293138184618921], "b1": [0.09470710244360911, 0.8373680462036789, 0.8063751906863265], "b2": [0.16712272023678756, 0.9900849139511239, 0.8199513647142627], "b3": [0.004537129226908094, 0.8309238890793388, 0.8529806023043933], "b4": [0.2887242213349722, 0.9432867402926988, 0.8955229748020166], "b5": [0.3295936171631325, 0.7583744065665532, 0.8723829375044382], "b6": [0.0792786349711533, 0.9840522458933907, 0.9552085242646902], "b7": [0.1623854934447797, 0.9867420167506191, 0.8000874418483656], "b8": [0.9812728975390945, 0.9228146672461135, 0.9403735362226668], "b9": [0.8461419815732546, 0.9559879996111712, 0.9346933322095302]}