{"b0": [0.5911907854145045, 0.9226475634968727, 0.8571848292013042], "b1": [0.5870496359305791, 0.9380167543578122, 0.8356442376054095], "b2": [0.10290241688701522, 0.9824952948587746, 0.8886240606742319], "b3": [0.8874452007576739, 0.8978387778395828, 0.8409725970599934], "b4": [0.15488379229463645, 0.9345001287477007, 0.8583062332271527], "b5": [0.09979591955036979, 0.9274249040903854, 0.8537623877321096], "b6": [0.7536228749911784, 0.9549421642169699, 0.844053704541481], "b7": [0.9956346279428244, 0.7309775852185237, 0.9109567057665252], "b8": [0.6647508346496855, 0.8865315444293731, 0.9097844604464439], "b9": [0.7677602363861342, 0.7899159377503782, 0.9252751749915628]}