{"b0": [0.08034858163150414, 0.8317084626044777, 0.9889097689865721], "b1": [0.6126881632583736, 0.9387526202236512, 0.8964680917000699], "b2": [0.16818882524179954, 0.8669493720075542, 0.8989466914501406], "b3": [0.007352938975960432, 0.8682889366601985, 0.8931542443814393], "b4": [0.8893826047776043, 0.9245869464042067, 0.962987363623959], "b5": [0.7344289192853397, 0.9200396187768503, 0.8894399532383016], "b6": [0.29176150348529023, 0.9927749302380071, 0.9478747752962817], "b7": [0.15271450849853233, 0.9499162258611716, 0.8837915640187403], "b8": [0.978294626570231, 0.9807857498788418, 0.9968508122394227], "b9": [0.7268424197660626, 0.8695925361178221, 0.996047999964425]}