{"b0": [0.7058005991742791, 0.9138132818697977, 0.8704890195210107], "b1": [0.08564858075785636, 0.9290147576316918, 0.8622090109832977], "b2": [0.3055110092971132, 0.9497595076275496, 0.9017144400828586], "b3": [0.9924466999406175, 0.9081701116491976, 0.97489048334296], "b4": [0.986380461033162, 0.9828969805419974, 0.8519740007524524], "b5": [0.8614633859657091, 0.9604060164836321, 0.9107832331951394], "b6": [0.9931808436422586, 0.9570258997791606, 0.9447482086400742], "b7": [0.08462873890657402, 0.9696697190616272, 0.9106145519512129], "b8": [0.5930169009940393, 0.9551018648220275, 0.8462712376852468], "b9": [0.06394301694347074, 0.9871984146865307, 0.8891905054244934]}