{"b0": [0.001539361095806497, 0.9993669554277415, 0.9613075470967679], "b1": [0.09708150540351136, 0.9776712133120589, 0.9597460078720921], "b2": [0.10119330788635182, 0.7723629894646774, 0.9727898737302619], "b3": [0.6102626379028688, 0.922590330203073, 0.9854548109216258], "b4": [0.08609706519972599, 0.9350003940209776, 0.9903616597801482], "b5": [0.02442138158701774, 0.9371831327747172, 0.9986639938440206], "b6": [0.9845543496211997, 0.8982092966566385, 0.8108438473884831], "b7": [0.7126678398960625, 0.9185390814627299, 0.8451234284782879], "b8": [0.9973248943214942, 0.9026094998627281, 0.8918366704377544], "b9": [0.07664703379291775, 0.8574293144061541, 0.8352073901351837]}