{"b0": [0.16661946168026856, 0.9638645320093946, 0.9845502836360631], "b1": [0.8839208247231936, 0.8574220855475784, 0.852242113313517], "b2": [0.009524622482178028, 0.8271062420808168, 0.9743163369106241], "b3": [0.15645302735049285, 0.8308695796883164, 0.9445177792012177], "b4": [0.1608081495398261, 0.9725615696807776, 0.8169694536622123], "b5": [0.7476314799102883, 0.7370591530366063, 0.8377225754790248], "b6": [0.6152718225396919, 0.9543972808272013, 0.8744636833426053], "b7": [0.35355770276709103, 0.8772661570324458, 0.839980189576576], "b8": [0.7702636503222863, 0.8789201420633296, 0.8343151096556483], "b9": [0.5890754808619582, 0.9293989585043644, 0.8811190684878709]}