{"b0": [0.788593464081044, 0.9489943314517484, 0.9374130747753402], "b1": [0.007250618969622012, 0.9156767492226824, 0.9842481380811382], "b2": [0.16032484983356324, 0.9546320126386277, 0.8233968793484345], "b3": [0.17121630609908256, 0.7876677347224171, 0.8315769888254657], "b4": [0.006338266407131908, 0.8668192301851458, 0.8944719268232484], "b5": [0.3073438942932225, 0.93519539333024, 0.944302950021517], "b6": [0.15897727396804154, 0.9587889955015148, 0.9940314342399647], "b7": [0.16022633227864624, 0.8647459564262745, 0.935673344035575], "b8": [0.15558909650583896, 0.9957394916305902, 0.8950763996770581], "b9": [0.02015263606030994, 0.9531245263895696, 0.9494156986505033]}