{"b0": [0.16121014117999607, 0.8534137103644625, 0.8731681914025562], "b1": [0.020532200682955228, 0.947115568096552, 0.9153999824966005], "b2": [0.16163559855201254, 0.9574686483646121, 0.9955633244119706], "b3": [0.16403566050931304, 0.9918105921749966, 0.8351470332574726], "b4": [0.16488832606303805, 0.974102856648514, 0.9363982204324997], "b5": [0.7617294926576424, 0.862464305548328, 0.9857045774253831], "b6": [0.7511058128387395, 0.939889450464558, 0.8408970051088035], "b7": [0.15409935200152855, 0.9314025285614206, 0.9704051574092141], "b8": [0.15976380694954137, 0.9193804942493352, 0.9542395840121908], "b9": [0.15961677060641724, 0.8937942088288545, 0.9467130515430309]}