{"b0": [0.5420152076188017, 0.9001017741907479, 0.8342743867324768], "b1": [0.16204433376013655, 0.9185758594160562, 0.9520495144548025], "b2": [0.15895662470613015, 0.9835754247230788, 0.8173698375129362], "b3": [0.1648425683126783, 0.9939397375435316, 0.8567113353600943], "b4": [0.012287523494405957, 0.983120884158619, 0.9791464692062466], "b5": [0.9950041939540105, 0.8094239523559085, 0.8088918190384335], "b6": [0.7280743565722178, 0.971779969289537, 0.9429051024100208], "b7": [0.7613485451179145, 0.9084161394238001, 0.9253591105260002], "b8": [0.14845862195978868, 0.9452382549942432, 0.9741798021066187], "b9": [0.15582653727643694, 0.7747762350863598, 0.8085629696455955]}