{"b0": [0.5450600860033183, 0.9238173767437909, 0.9421418208228974], "b1": [0.7401083270520534, 0.9035783800032668, 0.8471936076064405], "b2": [0.9892187466917235, 0.9424269329584845, 0.8693934204984737], "b3": [0.16425409166759344, 0.9159844380547614, 0.8204153361276703], "b4": [0.7967843868906782, 0.9522335153711284, 0.8755679760120212], "b5": [0.05911288830426369, 0.9738408882031124, 0.8530349279807085], "b6": [0.7280705374521523, 0.895616788139941, 0.8996299465977927], "b7": [0.000323591812386148, 0.9237777655135353, 0.972300478174001], "b8": [0.63782359236985, 0.8922774283910276, 0.8739758709316399], "b9": [0.7491214552885278, 0.8796721346792181, 0.9815752427224878]}