{"b0": [0.7547231964837838, 0.9629821691881763, 0.9440097543792748], "b1": [0.09991038509918322, 0.9723792284844791, 0.8054999357157919], "b2": [0.7574653561039331, 0.8577963705613275, 0.9354982374995834], "b3": [0.07657496757801992, 0.848915476320157, 0.9395752817858317], "b4": [0.8725587556845597, 0.9615748762447671, 0.8823570280842987], "b5": [0.7567724220424856, 0.8580465914312668, 0.8093576202335552], "b6": [0.07970393111217974, 0.8319414658831087, 0.8826350560003933], "b7": [0.11880957281767232, 0.9354686827417207, 0.967946902528732], "b8": [0.721398729024045, 0.8136543903479975, 0.8654980912819343], "b9": [0.7748640507787051, 0.9553243635905495, 0.8499030639970203]}