{"b0": [0.3415547514347065, 0.9542183778293591, 0.8092630655573889], "b1": [0.7822090206613153, 0.9446877377892129, 0.8702091318138361], "b2": [0.1573564691345239, 0.9791003789965608, 0.8050642677538807], "b3": [0.06979196504864672, 0.8913429218179982, 0.9659641439472781], "b4": [0.08512650476070693, 0.9885697475149995, 0.9268333655821632], "b5": [0.7820170079829484, 0.9476424791523307, 0.8962642884780307], "b6": [0.7553397928959802, 0.9798463778944604, 0.8885970787257942], "b7": [0.16324016711337802, 0.8954182566014401, 0.8196742180572147], "b8": [0.724931360887122, 0.8317756377096219, 0.9830186793661562], "b9": [0.9889381688137289, 0.9827217600735301, 0.9210904700338994]}