{"b0": [0.7402247648994489, 0.9140335146020747, 0.9451687454861188], "b1": [0.7444040752018657, 0.9945400755322872, 0.9461653620562026], "b2": [0.10580421571910419, 0.8812026968445753, 0.827246678113816], "b3": [0.15112590848496715, 0.9267972398340121, 0.9367087248362255], "b4": [0.7547313995709933, 0.8859853584909281, 0.979199113501738], "b5": [0.1598817800256242, 0.8984513140789373, 0.9049688098506375], "b6": [0.7938393472595311, 0.7709321303026894, 0.955389627681902], "b7": [0.7344561156324325, 0.9926776492923896, 0.8492736914841558], "b8": [0.16079237676470698, 0.8988865824878595, 0.8459325028739323], "b9": [0.8054674591611745, 0.8913212280413805, 0.9321397099349096]}