{"b0": [0.8772716231830213, 0.9061894239399447, 0.9259087758532525], "b1": [0.15865113538673734, 0.8062785375321394, 0.9545635837694715], "b2": [0.7504533859982732, 0.8385675294314896, 0.8862602230437338], "b3": [0.7552195024768866, 0.9003531987666901, 0.9091052236763916], "b4": [0.7490008457112178, 0.8761262970526791, 0.9716844326349647], "b5": [0.07903366281142749, 0.9344640490589582, 0.9434447058529593], "b6": [0.7665671346328529, 0.9418615261465753, 0.9501503068870244], "b7": [0.16043261620145458, 0.9495566140559102, 0.9815883676868424], "b8": [0.3447747747454725, 0.9606343680779965, 0.9617968355582576], "b9": [0.11194897250377087, 0.9533536768838683, 0.8726512289097585]}