{"b0": [0.09143963869413761, 0.83502433738343, 0.9551480342194033], "b1": [0.783987881342503, 0.8841744681098824, 0.9259030291817405], "b2": [0.04375065718107985, 0.930853272003411, 0.8297191347775632], "b3": [0.15957871813938906, 0.9376330014364999, 0.9098129635752298], "b4": [0.6017662858447169, 0.9317609460888246, 0.8208892814512905], "b5": [0.7663560882927812, 0.876237357929552, 0.9665334464538428], "b6": [0.7063375495615248, 0.9399668042084315, 0.9404524388306992], "b7": [0.7576515929232102, 0.9855557408791141, 0.9521987705776774], "b8": [0.15810547747104753, 0.9898931318258221, 0.8520552763291406], "b9": [0.7578540954123825, 0.924236571434681, 0.8530406809648015]}