{"b0": [0.09358280352302263, 0.9176515549793343, 0.8778350991610552], "b1": [0.8727117458075796, 0.9520630022847877, 0.8413148880496237], "b2": [0.08813750519401141, 0.9283623300903033, 0.9081336548420691], "b3": [0.0853388869662968, 0.8288569000565273, 0.9389429275904384], "b4": [0.05446164249582763, 0.9486916856803533, 0.8553215741125517], "b5": [0.1028593135288155, 0.9443792914142444, 0.818477081612214], "b6": [0.9794216616016408, 0.9312370704333293, 0.8322177188644406], "b7": [0.3351014607279453, 0.9680472149697098, 0.9064052736464524], "b8": [0.3497237790569364, 0.9186369237168247, 0.8496367870433198], "b9": [0.33458616397907465, 0.9670322635382205, 0.8271659484665981]}