{"b0": [0.08337606695642187, 0.9912481835475915, 0.9701321530399786], "b1": [0.328727601895656, 0.9436953023932407, 0.8167280013837279], "b2": [0.08170505198681162, 0.9555680285296995, 0.8205360458530493], "b3": [0.09522357210482328, 0.8596357177849167, 0.9512194121144087], "b4": [0.8949601230450895, 0.9630271168696809, 0.8906042918627002], "b5": [0.3196774391100111, 0.7937421225278807, 0.831638723179606], "b6": [0.10613530826885803, 0.8305290663656437, 0.8791286668217775], "b7": [0.08266626025212608, 0.9644935898658654, 0.8728563678745829], "b8": [0.321679697998096, 0.8889096397408528, 0.9047563264438685], "b9": [0.06888448109779495, 0.9894363707961163, 0.9013911038750089]}