{"b0": [0.356052389101119, 0.8663472600242845, 0.886942694523744], "b1": [0.07625574720521701, 0.8476951314633158, 0.9196451708566857], "b2": [0.055045713700966406, 0.7757052239845342, 0.8788609624691449], "b3": [0.33292646293140843, 0.8585478870297937, 0.9501017517832263], "b4": [0.3466208458205171, 0.8753074952183669, 0.9819830475210126], "b5": [0.07196764954382386, 0.9528901813268585, 0.954740290656366], "b6": [0.07159143913962501, 0.814414124851494, 0.8693701204230933], "b7": [0.350116827404567, 0.9244640697153369, 0.8914042675968075], "b8": [0.31789098821217293, 0.9451033229006657, 0.8331495026161387], "b9": [0.10757392437548557, 0.8823998868220676, 0.8670755828048933]}