{"b0": [0.0905980761631504, 0.8430958875644418, 0.8677303945707706], "b1": [0.6887464397499511, 0.8747795759115262, 0.9879202530863621], "b2": [0.08018884353134402, 0.9132583444826607, 0.8885893865025872], "b3": [0.8031367818471185, 0.8071113923546852, 0.9763092808015909], "b4": [0.7424670808842398, 0.9234292876943434, 0.9396551450060615], "b5": [0.7766467744812919, 0.9385636414106793, 0.9694703873531962], "b6": [0.09160490590617526, 0.8749302809174416, 0.9520631994698223], "b7": [0.7730947559019558, 0.9035949788648105, 0.9476922047206162], "b8": [0.7425099474592274, 0.9527878480971372, 0.8879941600120784], "b9": [0.1541523646385645, 0.864528674213816, 0.8060975813682996]}