{"b0": [0.7601909722166122, 0.9522679755467419, 0.966807066736931], "b1": [0.09255748055373632, 0.8926200247350619, 0.828359854851638], "b2": [0.751089093515046, 0.8491137431535704, 0.977158443565001], "b3": [0.7794765507286329, 0.8138080702465839, 0.8827399872841881], "b4": [0.7951210496322932, 0.9014890058020931, 0.8184065220967699], "b5": [0.7641567881154869, 0.9008579069100109, 0.8642930850924446], "b6": [0.15936325558412062, 0.9775519235293894, 0.8742009838427022], "b7": [0.07170658429682644, 0.7895259801234451, 0.8096180089981289], "b8": [0.7467799679366752, 0.9666895431129285, 0.9763019487796282], "b9": [0.7306511126051777, 0.9462444320682237, 0.8620699738810066]}