{"b0": [0.7626370012281579, 0.9931288262285446, 0.8786183425218481], "b1": [0.765080642580161, 0.9963262383084686, 0.9392307081886725], "b2": [0.3261037924800372, 0.9484858671444131, 0.870321397077544], "b3": [0.3734867777433108, 0.9630051934511124, 0.9836011913205105], "b4": [0.08415679947042, 0.9657590814112064, 0.8740812358280493], "b5": [0.1607361946796757, 0.8751682332366072, 0.952892921539056], "b6": [0.15937017385469465, 0.9647689347956659, 0.8515638210874193], "b7": [0.7380563581350376, 0.9743189289920932, 0.8316428671726814], "b8": [0.1673556552775259, 0.9147886054849538, 0.9572688246812269], "b9": [0.7404637013417225, 0.8576703787257262, 0.9169774570742949]}