{"b0": [0.0011521860217477689, 0.9425065136886365, 0.8212980116315742], "b1": [0.32094606308208923, 0.965754290555926, 0.8530226731741031], "b2": [0.9871640012923214, 0.943177366797807, 0.9389840791586724], "b3": [0.9936836346158492, 0.9841656043346866, 0.8923702672225334], "b4": [0.7280904032794713, 0.9784918115030935, 0.8158500473562548], "b5": [0.15211811470688738, 0.9768787952955232, 0.9735748143336492], "b6": [0.5466190656684735, 0.8517426770342706, 0.985112733555124], "b7": [0.6794718358180408, 0.9278402537922106, 0.9897606029880032], "b8": [0.012468774414770272, 0.8770241325503838, 0.9913601266004531], "b9": [0.1635958461969691, 0.8985254281114767, 0.9379456107190128]}