{"b0": [0.9590831177220432, 0.9269301570955161, 0.9637179461669882], "b1": [0.15389673069775925, 0.9820682124116396, 0.9778523475739922], "b2": [0.8588735087375013, 0.9806367384770474, 0.8582973803019004], "b3": [0.9882328799857676, 0.8855296408874689, 0.805980335029206], "b4": [0.33594191074067636, 0.9853765324108977, 0.9743879420780488], "b5": [2.4278134378119292e-05, 0.9727765889559045, 0.8134454500277043], "b6": [0.7763865723672794, 0.8488311642213725, 0.8473481412256814], "b7": [0.5938155279787088, 0.8820473227039608, 0.8851169397659185], "b8": [0.004751997815303725, 0.9866832440898348, 0.8926766431455836], "b9": [0.9918706177232492, 0.898329592207595, 0.864480046776979]}