{"b0": [0.1638643694966246, 0.9673193726715534, 0.8528885159011738], "b1": [0.9100171959864833, 0.8070097741545647, 0.9952636267471262], "b2": [0.0045308233542276114, 0.9373745312197515, 0.8400539200508419], "b3": [0.05325152618481829, 0.9379311793068038, 0.8143252201084243], "b4": [0.013531553400111111, 0.8631022225002308, 0.984873043153148], "b5": [0.1660771865324774, 0.9371511512996161, 0.8111502835166898], "b6": [0.7626833451750816, 0.9938879941216209, 0.9000809363892144], "b7": [0.9802574753637956, 0.8614443803940045, 0.8407302364804119], "b8": [0.002700590622115891, 0.8394288860164485, 0.9504447084631493], "b9": [0.010419688864108188, 0.9255485878688328, 0.8654303978252876]}