{"b0": [0.9929249631255336, 0.8965883922253884, 0.9074879226039279], "b1": [0.6635508345112114, 0.8255375395734681, 0.9719163261884117], "b2": [0.024493727243695328, 0.8776079387871433, 0.9509783334007266], "b3": [0.7411401188895497, 0.8954961686427164, 0.8749070578017664], "b4": [0.004326918487776512, 0.8474508268060044, 0.9044163216476067], "b5": [0.7382216956113187, 0.8627910378693366, 0.9465578686798541], "b6": [0.16557592377471597, 0.9073072054589975, 0.937934743232792], "b7": [0.7537868844384669, 0.9497265520323505, 0.9542812126503216], "b8": [0.9961271832140554, 0.951316889220144, 0.9048665234169196], "b9": [0.0031832414703964903, 0.8916359150279463, 0.849584320887453]}