{"b0": [0.07645641823968918, 0.871733981047487, 0.9983428099670482], "b1": [0.887463158798867, 0.9045958283096787, 0.9059139546296515], "b2": [0.32639576036859785, 0.9175106055416303, 0.947004878133198], "b3": [0.7365013060230524, 0.9188008235474271, 0.9463603733620903], "b4": [0.15992616878180646, 0.9781521751315545, 0.9667963578490243], "b5": [0.2966162265913727, 0.8903073578261751, 0.8190833631536885], "b6": [0.015088597054261884, 0.9241062719041255, 0.9474918861310299], "b7": [0.9972167511439455, 0.9322029245478567, 0.9630195295030881], "b8": [0.992535788225505, 0.8143569492899115, 0.9140601909881204], "b9": [0.08867216398071215, 0.9121774726419143, 0.8495181507594457]}