{"b0": [0.1605609819233102, 0.9486344645251527, 0.8761486319295138], "b1": [0.06524772225749163, 0.9771854483374166, 0.8117578169628257], "b2": [0.15694445166858553, 0.8827227098952144, 0.8625153265339133], "b3": [0.5995957788816293, 0.9589629115375508, 0.8063074082466247], "b4": [0.9256370231789718, 0.9075548674039474, 0.823715941387927], "b5": [0.8686290469939063, 0.9343193401940624, 0.8007724815403496], "b6": [0.7771141846774011, 0.7824099063433394, 0.8334490883381149], "b7": [0.7418195152353245, 0.987156128150078, 0.9344844175599366], "b8": [0.6278304912924878, 0.9849633959634149, 0.893591163920137], "b9": [0.8806521074838161, 0.9682055731044101, 0.8457654393009433]}