{"b0": [0.10325043189721836, 0.8645259878000305, 0.9117930139069722], "b1": [0.3576949532608867, 0.7679775056911273, 0.8378843232762698], "b2": [0.8647663098782816, 0.9049515867239896, 0.9079683552672841], "b3": [0.7881808646462403, 0.872384292833324, 0.8286882817533925], "b4": [0.8773301065975732, 0.884104493404214, 0.9666752000538223], "b5": [0.34016577823211747, 0.9454664553328007, 0.962129240659219], "b6": [0.16082545835062023, 0.9273262830664715, 0.8283263255297988], "b7": [0.10119013710811256, 0.9023908344563378, 0.9239733085771449], "b8": [0.0006069323463973588, 0.8520186990863466, 0.8635193982004011], "b9": [0.7497002424119232, 0.753191647393161, 0.8964773501438014]}