{"b0": [0.7309532164745991, 0.980826731750635, 0.8241216259341507], "b1": [0.09875378764735496, 0.9376890094647787, 0.8716412975724704], "b2": [0.6939999785539253, 0.892378719927979, 0.9924497308170172], "b3": [0.7639186017166635, 0.9655433025581626, 0.9081058077134719], "b4": [0.7428517461775013, 0.9443754644467226, 0.8180652871846346], "b5": [0.16775431124247323, 0.809727048722516, 0.910880668364909], "b6": [0.7268980198175546, 0.996816081321969, 0.9288760838295103], "b7": [0.0910993540979372, 0.8906780675552504, 0.950644861359337], "b8": [0.77393417149195, 0.9643634128068106, 0.9356512143807992], "b9": [0.1659943020871207, 0.7041830630776363, 0.8761166599739503]}