{"b0": [0.7872903263922548, 0.9259040094972859, 0.954076551010675], "b1": [0.0838337385387441, 0.9285414741065753, 0.8563821142579386], "b2": [0.06491484231933485, 0.9866613706651656, 0.8145670003329974], "b3": [0.1623475734526644, 0.8666915905999979, 0.9011565057794677], "b4": [0.7301038243155576, 0.8307246454137052, 0.9930217654695249], "b5": [0.8058339673861964, 0.9277515061617285, 0.8186951457815477], "b6": [0.7362136964428303, 0.9731195368321608, 0.9049593247082663], "b7": [0.15766563667355016, 0.791634174873923, 0.9939347473708358], "b8": [0.7913075079686349, 0.7963743411254316, 0.8745051971035841], "b9": [0.6626301829580892, 0.9480734413387202, 0.8498680963124263]}