{"b0": [0.16397400688012126, 0.8477553451405597, 0.9186338519806657], "b1": [0.7442112541958652, 0.9744396001499127, 0.8493728204572178], "b2": [0.3312519531947046, 0.9860230032581722, 0.8650123912203982], "b3": [0.7608342992864382, 0.8964884070073498, 0.8309922323746372], "b4": [0.7603214281224635, 0.9899997559642828, 0.8449060750913676], "b5": [0.08362569046158232, 0.9661759109275962, 0.9798067420347152], "b6": [0.7126379972621829, 0.8902821998137018, 0.8163381046427471], "b7": [0.7747245506229972, 0.9061672565171196, 0.9062233766957859], "b8": [0.7188332912430956, 0.8798978936372288, 0.923037361231888], "b9": [0.08233053251354548, 0.9043485450540745, 0.9790680673999721]}