{"b0": [0.7276678260717265, 0.9714803941693861, 0.8831549970847332], "b1": [0.3459288426671392, 0.8974329228556523, 0.9576462191124715], "b2": [0.07098079099217766, 0.7188895066408925, 0.8804649423848667], "b3": [0.9051156539046954, 0.9539883593044745, 0.8266625604130126], "b4": [0.1608330382207973, 0.8833996448844672, 0.9345443117400732], "b5": [0.7771371555484389, 0.9658576735617759, 0.8306056952272658], "b6": [0.35336962866645066, 0.926706023008843, 0.8849581854597421], "b7": [0.16307512129658808, 0.9463425859401123, 0.8948117609587682], "b8": [0.08752376011987671, 0.7764400544125345, 0.8200478582694748], "b9": [0.8621155221026426, 0.965529452097148, 0.9210470068956994]}