{"b0": [0.9061131908059294, 0.9443095344443733, 0.9676476691988192], "b1": [0.3724002280521395, 0.969868948814658, 0.8791476271015886], "b2": [0.16362970887877823, 0.944450790329434, 0.8777818739749886], "b3": [0.6123426969196076, 0.9076583061646549, 0.9531637085199762], "b4": [0.777764219257082, 0.8961427882636684, 0.9986840385263741], "b5": [0.0780786248147233, 0.95950572172003, 0.9805444823906546], "b6": [0.1652148532884943, 0.9777767107583876, 0.8161262601331751], "b7": [0.16799467547714525, 0.9299023138748745, 0.8115153793856232], "b8": [0.07389225783889643, 0.9413859454213735, 0.8400036864291159], "b9": [0.3253880414845988, 0.9750791851351965, 0.9133257801301435]}