{"b0": [0.9892610492392909, 0.9345811615185708, 0.8398885128339717], "b1": [0.06413446107236727, 0.8634672200055331, 0.9297426720441463], "b2": [0.02935898044248036, 0.9044856095760817, 0.8397946275145656], "b3": [0.06880005500978269, 0.9465985922550476, 0.9694651030389724], "b4": [0.3909095194766063, 0.9607410328106921, 0.9159770674956746], "b5": [0.0008272907501561856, 0.9374561718748649, 0.9666198829885689], "b6": [0.7569715289332943, 0.9943346384688776, 0.8634610052648287], "b7": [0.8678638799962622, 0.9908492969382443, 0.9217363737934231], "b8": [0.8748632758826029, 0.8904450486432286, 0.8480036034912544], "b9": [0.784640322046894, 0.9359410581841052, 0.8518631352676338]}