{"b0": [0.6226227767322284, 0.9540743135146806, 0.8801345370783583], "b1": [0.7652156024963052, 0.9699502819939938, 0.8139724034637718], "b2": [0.1590274791304453, 0.8838339596771049, 0.8137805394580424], "b3": [0.0612780329870917, 0.947931354947566, 0.8231582148521855], "b4": [0.5884667764694086, 0.9496027720155845, 0.9158321250323541], "b5": [0.8874960192548733, 0.9339823235407708, 0.9644638665032222], "b6": [0.3170687403775194, 0.9058939229317852, 0.8927920025720271], "b7": [0.7420196961426972, 0.9215699311060017, 0.9574876646350533], "b8": [0.9033137844784305, 0.9799512507276249, 0.9866229721111351], "b9": [0.7180752293571053, 0.9456351528567154, 0.9939477506935845]}