{"b0": [0.3082414742766062, 0.9542598575978352, 0.9947854001587207], "b1": [0.3118470894808186, 0.9873718430882477, 0.8076765560588405], "b2": [0.8987227597389206, 0.9210765832796389, 0.9540389775100833], "b3": [0.16442591949572982, 0.9539797079490481, 0.8522322073741813], "b4": [0.16201336090046478, 0.8762942552014575, 0.8430531952267123], "b5": [0.6384219233737045, 0.8539210567887272, 0.9753224250829945], "b6": [0.313736641511128, 0.8544526686507484, 0.8563192444974811], "b7": [0.7591115344563484, 0.9473588996918026, 0.9297786625027143], "b8": [0.3400912453860648, 0.9437908811695148, 0.8036638150611691], "b9": [0.7540641559467655, 0.9502394527602336, 0.8761473998576603]}