{"b0": [0.005125117265535767, 0.9605230246947555, 0.9118753459554699], "b1": [0.07856394778544709, 0.8212121745166948, 0.8040994251685641], "b2": [0.3067221134691247, 0.9880315326696482, 0.9210035310189653], "b3": [0.28806334931337085, 0.9448887788398795, 0.9507113292309399], "b4": [0.627591290415678, 0.9879450966957855, 0.8416113217599234], "b5": [0.3078565616174782, 0.9164454735345564, 0.9424118703456723], "b6": [0.16142641865369153, 0.985897146844165, 0.9652985911462467], "b7": [0.3708425113781615, 0.9440532023798681, 0.9401294214655783], "b8": [0.688004835237247, 0.9660986732672419, 0.821204197203528], "b9": [0.8779477722589487, 0.952454342911287, 0.8567397439195353]}