{"b0": [0.32250589619254155, 0.9625202664148391, 0.8990430115943115], "b1": [0.6133903398827872, 0.8204067275628367, 0.9218616105600461], "b2": [0.8527168150407195, 0.9818824765184069, 0.8543813976012927], "b3": [0.3262518575865323, 0.9627941402588734, 0.9867148728783506], "b4": [0.5569582172600549, 0.9322190995724834, 0.8279021067074175], "b5": [0.30066055852700296, 0.8794005062908548, 0.9368309681353197], "b6": [0.363712475337582, 0.9881305057067997, 0.9790411412520749], "b7": [0.9907777309092204, 0.9818737578897708, 0.80562074253303], "b8": [0.09858190176258885, 0.8642919307977165, 0.8962004840242527], "b9": [0.7961738600668129, 0.9669274573578365, 0.9575581338237213]}