{"b0": [0.978109722719243, 0.9821645472111312, 0.9389009423611795], "b1": [0.0032494234647073256, 0.935618742124171, 0.995673598782969], "b2": [0.3220285643815003, 0.9919320833811642, 0.8605970284623602], "b3": [0.7510188271292451, 0.9480700887213839, 0.8861533014560797], "b4": [0.5561758292499454, 0.9085752450749376, 0.8945106527904162], "b5": [0.08641378819282197, 0.8610292455779964, 0.9716916836196191], "b6": [0.35059931012763557, 0.9731153341749085, 0.8549089362579656], "b7": [0.8739809118308659, 0.857707494499802, 0.838575915208834], "b8": [0.0905570789019977, 0.9963367928874995, 0.8869982389464651], "b9": [0.3548812363760095, 0.9104346076937658, 0.8857638400602145]}