{"b0": [0.7194889493575128, 0.9896946924535693, 0.9525251647347139], "b1": [0.28493736862486324, 0.9143594327217218, 0.819185437124522], "b2": [0.0840731387539848, 0.9207146027075701, 0.9927401359285828], "b3": [0.09755725950237819, 0.9761878099639546, 0.8904127680364428], "b4": [0.7658603958826786, 0.7926426170427344, 0.9657302236434506], "b5": [0.7508342935455016, 0.9996311495571344, 0.9475448753816864], "b6": [0.8734855796303441, 0.9563468740872983, 0.9671670650773766], "b7": [0.979957978299677, 0.9398754050681116, 0.9864540318830929], "b8": [0.3564515720421869, 0.9905284614527763, 0.9545375561527578], "b9": [0.2992242266172859, 0.9709196144745758, 0.8402719662730006]}