{"b0": [0.09194006050213249, 0.8459770857954342, 0.8547186162439954], "b1": [0.36388741465024543, 0.8892271004030534, 0.821551215449756], "b2": [0.7558114474458064, 0.9502266463196299, 0.9073371417206719], "b3": [0.15476827558327058, 0.9667404736749406, 0.9344481941671545], "b4": [0.3401541626427361, 0.9296499408963352, 0.8183348494359524], "b5": [0.3234639630987432, 0.921480800812274, 0.9827831157234265], "b6": [0.8745366852513149, 0.9429255175680877, 0.8996842457323869], "b7": [0.7668451862072493, 0.749625986505593, 0.8882196677148528], "b8": [0.11187984136732294, 0.8973130115036614, 0.8761919702738925], "b9": [0.9004742843817233, 0.8296558944619531, 0.8631555274839462]}