{"b0": [0.07695901205032149, 0.9809530388805545, 0.9958306083759237], "b1": [0.36051640018765807, 0.9909110710307648, 0.8296612908083162], "b2": [0.28965977545307003, 0.7972205581311759, 0.9453361654701203], "b3": [0.1672834295303178, 0.9192589238669356, 0.9759784003487169], "b4": [0.7604704901384918, 0.9468829504700262, 0.8413153409381897], "b5": [0.3355750409884209, 0.9805386334229919, 0.9367070667133216], "b6": [0.06310849938344598, 0.9603401000541887, 0.9684159030284859], "b7": [0.8629137151729498, 0.9523643900541526, 0.8942501615705813], "b8": [0.34143740518611876, 0.9333135199149448, 0.9521542509190567], "b9": [0.8442852261249475, 0.8089442450269593, 0.9573909264629826]}