{"b0": [0.6146866970065471, 0.973993005885919, 0.8982048895588158], "b1": [0.632480363079042, 0.9610285969476994, 0.9571330326986819], "b2": [0.529383494069868, 0.8862722853252848, 0.9685419669587217], "b3": [0.6607323463558472, 0.8840560901237963, 0.9146856642593733], "b4": [0.9887366338181236, 0.9853764984935914, 0.938000546946863], "b5": [0.7375782975705792, 0.8372945467637192, 0.9576820147918345], "b6": [0.01311919695268873, 0.8920611289692484, 0.9432521309638372], "b7": [0.020760169661139992, 0.9265206817499272, 0.862958117806114], "b8": [0.09237526371660996, 0.9146468466593468, 0.8030757896633933], "b9": [0.9938161419388736, 0.9493965802662225, 0.8940809491529269]}