{"b0": [0.1054151422005654, 0.9207253538614784, 0.8513806339991511], "b1": [0.012375670602482744, 0.9506819592625345, 0.8924633910711031], "b2": [0.9738116471239531, 0.92336002082557, 0.881434068912524], "b3": [0.0066094038451719374, 0.965289069188929, 0.972619485728643], "b4": [0.09167008906985076, 0.8079640410743849, 0.81430873857811], "b5": [0.621737178376108, 0.9674077081216751, 0.808750638720456], "b6": [0.6192642498789855, 0.8261850072127814, 0.8680947405798729], "b7": [0.3330967048032699, 0.9191619626067647, 0.8159961604016539], "b8": [0.9819007705430165, 0.9472690970547645, 0.8601208791488502], "b9": [0.060767753827915744, 0.9260090481121297, 0.970575426541595]}