{"b0": [0.9990257199859387, 0.9715511026083553, 0.8357441943374365], "b1": [0.0014975728676117552, 0.8509740385323389, 0.9702682811396207], "b2": [0.5665934284343573, 0.976086419346628, 0.9235254081499975], "b3": [0.29163419046779965, 0.9956200328228805, 0.9174140436325815], "b4": [0.08292792408658556, 0.9910105256392179, 0.9685401417553403], "b5": [0.3237338809749529, 0.9830402632043334, 0.9778586820845758], "b6": [0.08139007925348435, 0.8976002858391174, 0.9322397747442743], "b7": [0.10373542137841983, 0.7949572518223058, 0.8215941627617284], "b8": [0.751444292411843, 0.9421683821601095, 0.8094229760223435], "b9": [0.9886505905953065, 0.992074085255318, 0.9854590796703221]}