{"b0": [0.11365608304386425, 0.8870733830222716, 0.8692094760462037], "b1": [0.359039601556195, 0.9388820169772749, 0.9241883290752897], "b2": [0.0019264111635250746, 0.7927410429393188, 0.9610897177914661], "b3": [0.09244196044703594, 0.9435176659931641, 0.8925511623695981], "b4": [0.3669975143096895, 0.9650091610605642, 0.9283510436714495], "b5": [0.08304034679021725, 0.9467695026361863, 0.8349653600926117], "b6": [0.7741372303850376, 0.9712458498986419, 0.9955418484889913], "b7": [0.9896531711145671, 0.9745882653501251, 0.9877578718264317], "b8": [0.34640439997427724, 0.999362074787488, 0.8850160013230405], "b9": [0.009949714304256098, 0.9503693473367533, 0.8434178521513089]}