{"b0": [0.9177249605599594, 0.8925139664093549, 0.8034893865205534], "b1": [0.16318437569172062, 0.7647916718043061, 0.934028834479812], "b2": [0.09184365589531981, 0.9317291529838431, 0.8935651322302405], "b3": [0.3441380588433005, 0.9410480755397976, 0.900513783615359], "b4": [0.09445938921231609, 0.9933510581595277, 0.9015002598157272], "b5": [0.302104605491521, 0.967531481202546, 0.9514346902419336], "b6": [0.08981713670067554, 0.9731513360396042, 0.9903701676298658], "b7": [0.15768974249339865, 0.8442956802244613, 0.9579976908840674], "b8": [0.5889327730022839, 0.7102917990810841, 0.9690137690411724], "b9": [0.3427662928207132, 0.9778951863859087, 0.8387603152673553]}