{"b0": [0.3505500589617854, 0.9878160632664829, 0.9665942383586676], "b1": [0.31757729213012276, 0.883335672195943, 0.830285244401805], "b2": [0.39071193335511045, 0.9129124451540506, 0.949852902690404], "b3": [0.06467358095818714, 0.9917733231520436, 0.8295188859638096], "b4": [0.007355566751621721, 0.9448725315741737, 0.8478842284461995], "b5": [0.08835977743601804, 0.989979539670948, 0.880901347810383], "b6": [0.11341285583051608, 0.9688728596780157, 0.8862934556861397], "b7": [0.5221273668727562, 0.8320503342092778, 0.9845839546028237], "b8": [0.6026724057196788, 0.9758799809536343, 0.8798045331198122], "b9": [0.30578960248495424, 0.817218508315329, 0.851869551495704]}