{"b0": [0.8644411111381654, 0.9132470818376521, 0.9335134939205971], "b1": [0.14954799734233248, 0.7847711574182464, 0.8260223986922064], "b2": [0.10149995006273003, 0.8627821052134752, 0.845161374779214], "b3": [0.06193107471417006, 0.869643445428967, 0.8027692381397222], "b4": [0.5950957029071074, 0.9276639589795024, 0.9341705649006131], "b5": [0.17203849234500332, 0.9132281565618702, 0.9589990850665491], "b6": [0.5862872372356032, 0.9569711909112156, 0.9187670587215518], "b7": [0.3370358828647893, 0.9910192581142917, 0.8262918333495313], "b8": [0.08479821843531975, 0.9762215319412659, 0.8443521564933849], "b9": [0.35422319246673317, 0.8944136677128234, 0.8062585319635107]}