{"b0": [0.3215681953705561, 0.9917185209743208, 0.9467576666847828], "b1": [0.10554496852805033, 0.9697181989083603, 0.8118217788636289], "b2": [0.37295873589407846, 0.9651318158093387, 0.92539822636521], "b3": [0.09492600873895288, 0.7078922122441768, 0.8227118721958562], "b4": [0.8528771680511281, 0.9505081835925573, 0.9896791324876475], "b5": [0.8581617655328014, 0.9659020177103521, 0.8670557397202981], "b6": [0.8728335905632834, 0.6970742751744653, 0.9436309090257121], "b7": [0.9971718317966858, 0.9802920177006689, 0.9634570864627535], "b8": [0.10303979161023846, 0.7837699180092633, 0.8192363927913285], "b9": [0.6649605093571936, 0.9571127019183742, 0.9898942368549836]}