{"b0": [0.16934843999182456, 0.9526334655920563, 0.9718337258321056], "b1": [0.6194545417657764, 0.9502631132193174, 0.8244388188451961], "b2": [0.5905272112880894, 0.9954653132041602, 0.9549797559530947], "b3": [0.8890245439102187, 0.9740759558893087, 0.9347901320315009], "b4": [0.5488995519839299, 0.833713569211908, 0.9706474865227744], "b5": [0.7328107643990814, 0.9977238551940977, 0.8687641227542575], "b6": [0.007895713393324434, 0.9808064166271234, 0.9655885536378973], "b7": [0.8866052156116586, 0.9436496802581985, 0.878962404187273], "b8": [0.8549724624372288, 0.9474631132086224, 0.8273370631178204], "b9": [0.3564670260831601, 0.8405560266405958, 0.9395063342638444]}