{"b0": [0.7500936724986179, 0.9216922371092366, 0.8959151850206531], "b1": [0.0927430232155473, 0.8489419455149729, 0.8005058338472852], "b2": [0.15718455056811986, 0.9113439878999401, 0.9485333378485176], "b3": [0.0007231422467940414, 0.904790602026822, 0.9529485195263123], "b4": [0.7371292745098961, 0.9430861672603822, 0.831442065824434], "b5": [0.9877121691249378, 0.9426229425651226, 0.8986136642880467], "b6": [0.08069164979531097, 0.9175572973430647, 0.9468938705744863], "b7": [0.6862464906881062, 0.960355074981438, 0.8255239247146524], "b8": [0.06593651811789807, 0.9362524701157575, 0.8234384044907733], "b9": [0.1656539588503758, 0.9503730649842248, 0.8694050767646467]}