{"b0": [0.07484376044905211, 0.828488360377731, 0.954864839665821], "b1": [0.1600415855504785, 0.8677414898854603, 0.9580234214315753], "b2": [0.15457788525153476, 0.9668978898878592, 0.9434005533548325], "b3": [0.8742362367645309, 0.8919786581668114, 0.8569493458877746], "b4": [0.7490293252663065, 0.9366757911285878, 0.8987589666661067], "b5": [0.15056556307993524, 0.9232992385082893, 0.871605148561773], "b6": [0.8677573418558425, 0.9744483355613472, 0.9869846585504404], "b7": [0.32961950467113466, 0.7990011185506185, 0.8737019560179995], "b8": [0.9820731718277872, 0.9223071383886092, 0.9486407763726504], "b9": [0.16480465658674823, 0.9701314302282817, 0.9687170687774792]}