{"b0": [0.0879643204462971, 0.8104353145307229, 0.9244547351965414], "b1": [0.9819793549469982, 0.8818274769433679, 0.8345406817017351], "b2": [0.8593299205569547, 0.9944692575972381, 0.9767786376605458], "b3": [0.10186947497933264, 0.8325723566731004, 0.8278299602385683], "b4": [0.6048246469327947, 0.8833880788265706, 0.8292980210501381], "b5": [0.7440605260577668, 0.9629997706209664, 0.8720553975216311], "b6": [0.0797163165755351, 0.9338801862908643, 0.9103145599497282], "b7": [0.8827011646081628, 0.9317745694255909, 0.9836619659263504], "b8": [0.6371467805960218, 0.9050719835035546, 0.8609977025620249], "b9": [0.3355414303900247, 0.8390096121026049, 0.9517439626634673]}