{"b0": [0.16079276651962193, 0.993588760103254, 0.8523648701182356], "b1": [0.00925384465187168, 0.9535927015406165, 0.9519887309535493], "b2": [0.07018843391283446, 0.9741984477947357, 0.8995537454218369], "b3": [0.012019207272932762, 0.9359567944865956, 0.9094513651128057], "b4": [0.9990767030759947, 0.9600689668095241, 0.9450420111853093], "b5": [0.008954960128501128, 0.9697713651860778, 0.920723731375314], "b6": [0.890915499434907, 0.937441556619451, 0.9708590413710616], "b7": [0.9084943141749875, 0.7247676268430808, 0.8070589562366577], "b8": [0.7299040162937422, 0.9625090327168512, 0.9785489588838884], "b9": [0.8708711428410139, 0.9736229896266909, 0.9836080832435339]}