{"b0": [0.0004764757343229055, 0.9731534314659633, 0.9992546704631906], "b1": [0.7277788432741251, 0.9362821121644492, 0.8087518676627865], "b2": [0.7110464777971636, 0.9571774914391972, 0.8596238119880638], "b3": [0.6351668989291533, 0.8364782906253203, 0.9642398197302697], "b4": [0.0009461289345542797, 0.9197296892999901, 0.9003888353171718], "b5": [0.0036537192013953784, 0.9675418250246953, 0.8725070431418611], "b6": [0.15876807562763603, 0.9773641725954326, 0.957012737352646], "b7": [0.008276133769540624, 0.9740303762343635, 0.9831589859551833], "b8": [0.9970314377638562, 0.9069281165387119, 0.8113784982642298], "b9": [0.16353546635946978, 0.9705077887137094, 0.9470326071260479]}