{"b0": [0.747723672740619, 0.9053466433154633, 0.9398708171922527], "b1": [0.7297638663325411, 0.9355315317358658, 0.9965974687200573], "b2": [0.3375888768206457, 0.958918640073608, 0.8208878513604233], "b3": [0.3353521878027685, 0.8003381007437147, 0.8018962229131962], "b4": [0.7400582394283262, 0.9802177523032676, 0.9217412616424092], "b5": [0.2893478616475667, 0.8776046017959955, 0.9167612848150765], "b6": [0.0030248423608460013, 0.9569981123506213, 0.9489390415935149], "b7": [0.6612538576976561, 0.8979962740920756, 0.8395700251546708], "b8": [0.018526235868197263, 0.8858999936930557, 0.8385481025382753], "b9": [0.9890867677815443, 0.9939270718113594, 0.9111918606024878]}