{"b0": [0.023073913471875564, 0.8538326767521991, 0.9846685271165636], "b1": [0.019944312353483273, 0.9841746606363223, 0.9669399279705657], "b2": [0.00739445371972235, 0.9745581100031282, 0.9148445981717229], "b3": [0.5738326621582476, 0.9938951239328477, 0.9341116592855394], "b4": [0.6305608851969974, 0.9651144736122386, 0.8379382913943053], "b5": [0.9913646289664326, 0.9955681942662163, 0.800846744407923], "b6": [0.5681618219469008, 0.9098154518672166, 0.8580025136374196], "b7": [0.0031232687408531096, 0.8849106136310403, 0.8528824457683549], "b8": [0.16912173546431297, 0.963348930842721, 0.9807900039308797], "b9": [0.6155838003077093, 0.9426366595065047, 0.9250955351134177]}