{"b0": [0.9942027274544601, 0.9988774265168767, 0.9223891314374768], "b1": [0.16395601936692863, 0.9453081437197324, 0.9726267575183872], "b2": [0.024374252577023893, 0.8944061303382675, 0.890644661953795], "b3": [0.1651000686640434, 0.8420051597976055, 0.9371760867485917], "b4": [0.012306644544458907, 0.8760598608706508, 0.8077215862887719], "b5": [0.9911364077965478, 0.8968648909667067, 0.9688625869679452], "b6": [0.9949403153751423, 0.8937392826243505, 0.8873510218927229], "b7": [0.29064838378004887, 0.9441252581243995, 0.9929714752124825], "b8": [0.9758481919339198, 0.8396076218354953, 0.8449052647450462], "b9": [0.16384708833459474, 0.9425324893479008, 0.9763170742904305]}