{"b0": [0.0641262949116177, 0.8324586400550064, 0.8129712107641092], "b1": [0.8727046996588315, 0.9206273645278839, 0.8718694825676494], "b2": [0.157610115230049, 0.8847257486689334, 0.8425417314324448], "b3": [0.6572441409498678, 0.9323036816651583, 0.955292217264476], "b4": [0.07130432612216914, 0.8966020677523118, 0.8414341555568764], "b5": [0.8917794247472177, 0.9482677674506198, 0.9251088739931912], "b6": [0.9831887926999882, 0.9245861946222543, 0.9482943283841323], "b7": [0.10620572121881602, 0.8668647583532701, 0.8574488376061811], "b8": [0.017693218967418933, 0.9648300053287063, 0.9586464478832691], "b9": [0.164979259442649, 0.9650233634096391, 0.8914288344699319]}