{"b0": [0.7470771783323978, 0.8727699610696742, 0.989792970161452], "b1": [0.3538321011962639, 0.9705663628255229, 0.813307723684913], "b2": [0.29886361163872033, 0.9858145181749711, 0.8426080996598592], "b3": [0.34785584742739467, 0.9172554084422545, 0.8466740931639305], "b4": [0.7609488646982774, 0.9707609584059369, 0.9177760961679424], "b5": [0.01972423728832032, 0.9255592980400711, 0.8751019391989595], "b6": [0.7747223799435758, 0.8914310396302214, 0.9405529757251414], "b7": [0.9879805660040515, 0.9772345591227417, 0.9970458898093437], "b8": [0.8926725477375929, 0.9898343157710464, 0.8485343378828482], "b9": [0.5696665885517038, 0.9350329699486126, 0.9231673094728933]}