{"b0": [0.28976870822156775, 0.9023407341117049, 0.8357351620574102], "b1": [0.9978450642076272, 0.9726700121098887, 0.9358209572610763], "b2": [0.8660890410486227, 0.8903811395497877, 0.8345378503533688], "b3": [0.054936184178824156, 0.9015113632119942, 0.9400708172749791], "b4": [0.738268677433541, 0.866176182797505, 0.9889462817404819], "b5": [0.9890572753719894, 0.9368759579605771, 0.824786148139231], "b6": [0.8456820531841269, 0.9786367738547477, 0.9889863634571099], "b7": [0.3263218035973857, 0.9374385321302574, 0.9213972553781342], "b8": [0.874794240195342, 0.8246275123710778, 0.9258463827705498], "b9": [0.5942821075976041, 0.8154963272014935, 0.8167324499677993]}