{"b0": [0.7225813745902404, 0.9332124858257644, 0.9231104776332009], "b1": [0.7978866855607475, 0.9688008223202926, 0.8484269075029403], "b2": [0.9922890503112336, 0.9695993795557161, 0.8964912503936708], "b3": [0.0643408994607657, 0.9263424034277867, 0.8454931935712168], "b4": [0.5843274721572655, 0.9776690691127711, 0.9883961579744103], "b5": [0.37157484891872733, 0.957829777102381, 0.920272376912147], "b6": [0.08115784407246367, 0.9928376331531151, 0.8757092689916972], "b7": [0.7396077079025303, 0.9597700368390931, 0.9735042762696026], "b8": [0.9934422066520412, 0.9696621757951351, 0.9268967146956913], "b9": [0.9118693531499291, 0.9517837481026028, 0.8050496910878232]}