{"b0": [0.0798758378382884, 0.9684085222614379, 0.9328378010631387], "b1": [0.9752931947051772, 0.9797965223638905, 0.9561293686739496], "b2": [0.8806052968544964, 0.9857644937025366, 0.8770513745775064], "b3": [0.9020631020057912, 0.9452539212246451, 0.9557714170067403], "b4": [0.9044174377654335, 0.8521239765623454, 0.8897507516337713], "b5": [0.8863453722609441, 0.9875109878034176, 0.8688922647575368], "b6": [0.09297265999018166, 0.8929346177796897, 0.9987940546679817], "b7": [0.7477881080683564, 0.9047191382310076, 0.9894962248779106], "b8": [0.9963599916690822, 0.8285047838118674, 0.8173621903185676], "b9": [0.15792084002379553, 0.8861890341067675, 0.9316708287071291]}