{"b0": [0.08697790593505371, 0.9716951825505249, 0.8183734860822696], "b1": [0.3137545899635712, 0.852039161049779, 0.8416210572565896], "b2": [0.6129650934239265, 0.9111306112870906, 0.9983539778290613], "b3": [0.07453232837648263, 0.9440115757507634, 0.9612980139269718], "b4": [0.8928077233731773, 0.9639773792441872, 0.9110049041149167], "b5": [0.16422304221680847, 0.9481337162639356, 0.9671675801191328], "b6": [0.9957024887756251, 0.9690013123986319, 0.9765878127154771], "b7": [0.16126654351502695, 0.9669520227314794, 0.803368222967501], "b8": [0.8889996043853562, 0.7786068045061271, 0.9340231034736105], "b9": [0.8736083140246932, 0.9151851241670428, 0.9130186877220203]}