{"b0": [0.7302572914224477, 0.9633822140693711, 0.8708091574572221], "b1": [0.7377409476577289, 0.9911142358969787, 0.9651152087573931], "b2": [0.9860958462245779, 0.8097766835855991, 0.9098144655047627], "b3": [0.7812143671707871, 0.9514350567433718, 0.9039098648815096], "b4": [0.08160482145666205, 0.8054682128068287, 0.8332187463454528], "b5": [0.7458285734537792, 0.8860485970890588, 0.88231510174712], "b6": [0.16165717113930408, 0.8469771108559143, 0.9707584932190639], "b7": [0.08931728797015898, 0.944625939546977, 0.8622006802516365], "b8": [0.7584165857683662, 0.8210903130652849, 0.9925030998714555], "b9": [0.17005677656272375, 0.8931161360346086, 0.8741034517874937]}