{"b0": [0.1608715923772672, 0.9816085033482925, 0.9389357073370752], "b1": [0.7553822354481814, 0.8902531756649605, 0.8606643090528496], "b2": [0.9888093171543803, 0.8797582255808143, 0.9427530240613049], "b3": [0.7617103878862459, 0.9093016552984955, 0.8568197208387376], "b4": [0.6188333464809719, 0.9896285583222223, 0.9587111636108334], "b5": [0.739227973948078, 0.9651332536486528, 0.8298899890480007], "b6": [0.16066515148718344, 0.9136267196067638, 0.964853249291905], "b7": [0.6073961219010072, 0.8425156950862294, 0.8471995277026261], "b8": [0.7507243185316509, 0.9441552598028925, 0.9130079558917398], "b9": [0.15370053745843767, 0.9153771515625043, 0.9811431959464736]}