{"b0": [0.011051820799067424, 0.9916986564031538, 0.8031520753225582], "b1": [0.6858103821835008, 0.9187769524406915, 0.856966129927022], "b2": [0.7837727475832637, 0.9345553859522607, 0.9256295001371473], "b3": [0.734809483415067, 0.9823897030361326, 0.8310223978045707], "b4": [0.7827222203094464, 0.9831103183269956, 0.8035984732881647], "b5": [0.8753804859561015, 0.8493327083802895, 0.9466026560960955], "b6": [0.090595617547181, 0.9788392392507645, 0.8646534058799011], "b7": [0.05671189421214241, 0.7730933765871754, 0.8242606430138397], "b8": [0.3654607946714249, 0.9640573066397556, 0.8332000453533261], "b9": [0.16353629722634186, 0.9579479341096991, 0.9301459590715296]}