{"b0": [0.9613511497641655, 0.8718658453075624, 0.8034571814002267], "b1": [0.15654576609047835, 0.9643676279676471, 0.8775658639102094], "b2": [0.3610358709079605, 0.9032161365149007, 0.8268422842972667], "b3": [0.08855445012924301, 0.8865448795622864, 0.8190358254916927], "b4": [0.09943469417800832, 0.9977676035926369, 0.9736651173132386], "b5": [0.890956228399551, 0.9634119645156964, 0.835111770663307], "b6": [0.8308102123789266, 0.9000621087384583, 0.8079649889473275], "b7": [0.17256635010783872, 0.909583121781912, 0.8644141104170902], "b8": [0.147720456897076, 0.9478911276328228, 0.9024904643677678], "b9": [0.16720391509911514, 0.7615348539960519, 0.8651074758996589]}