{"b0": [0.15645934932966565, 0.9678473900989901, 0.8528268006765107], "b1": [0.15986171591505652, 0.941262074671585, 0.8029949476533355], "b2": [0.14992816148683677, 0.7808720230808791, 0.8516348109971114], "b3": [0.07219351499174735, 0.8882532271187228, 0.881820266879972], "b4": [0.16825035274033165, 0.943957978178662, 0.9382949972641532], "b5": [0.5950036390409479, 0.9851773464834045, 0.9115480634543488], "b6": [0.07952790569269083, 0.9262299652945881, 0.8169010422988133], "b7": [0.08767589997871714, 0.9065897735976144, 0.9992514625089141], "b8": [0.8348357048836881, 0.9687430580916496, 0.8383061721034565], "b9": [0.014130899027811781, 0.9961655049134919, 0.938942930876122]}