{"b0": [0.855976952672226, 0.9946381204595712, 0.9033292262532662], "b1": [0.1656199990749495, 0.8947197808703686, 0.9033886214669364], "b2": [0.17024714516780418, 0.8878189024291541, 0.8368196224944942], "b3": [0.07402425394592047, 0.9813465406643377, 0.8074333264836758], "b4": [0.8869111912780805, 0.8376188468842366, 0.9393361677381047], "b5": [0.06928860730014373, 0.9269620819457706, 0.8622565823949613], "b6": [0.715972023035658, 0.9017987285240838, 0.9789501492149819], "b7": [0.16340782208229637, 0.8908919722567414, 0.8126483803967947], "b8": [0.16451834817422423, 0.8836491362311206, 0.8058320292042658], "b9": [0.10681248229666541, 0.9583911972847681, 0.9742730787895834]}