{"b0": [0.020467123641956807, 0.9265768651457513, 0.8161777611620074], "b1": [0.8808380017501682, 0.9603097408494926, 0.9040762824414442], "b2": [0.09634428860245008, 0.9160533098689143, 0.9909922942680346], "b3": [0.06911922450012833, 0.988451832991434, 0.972085908719123], "b4": [0.08604141694581834, 0.8858218479986891, 0.9335228282774051], "b5": [0.839458674974156, 0.9610613657749772, 0.9717311140685985], "b6": [0.1604933867170745, 0.9997443517031377, 0.9259421991413936], "b7": [0.8849329211674413, 0.9170158693170964, 0.8727083040185568], "b8": [0.8926279372124304, 0.8910824748021592, 0.8465044774337032], "b9": [0.07207137408878944, 0.9829965650170197, 0.8558402098108104]}