{"b0": [0.16912550695424935, 0.9428552558538129, 0.8925743366779391], "b1": [0.3065681743902497, 0.9774360570133489, 0.9029468712503541], "b2": [0.38663299084500075, 0.8573291597684869, 0.873484366576845], "b3": [0.3216219422685082, 0.9797356367923521, 0.8212125093360957], "b4": [0.8675894360339008, 0.9682401579233284, 0.9692279004880636], "b5": [0.02036214578658683, 0.9870649324285943, 0.8199699463943922], "b6": [0.32787832564064445, 0.9122067396705842, 0.9273116974505992], "b7": [0.33990216160320963, 0.8081162098673651, 0.9953096679873923], "b8": [0.16323318063420678, 0.9184879995767838, 0.9404055985806603], "b9": [0.8736171696028113, 0.9852988296621217, 0.8514066564025611]}