{"b0": [0.8967414429411026, 0.9870006692963247, 0.9402914967821208], "b1": [0.661020409486976, 0.9744159493121213, 0.9011682962188644], "b2": [0.8370829855518968, 0.8358984993487266, 0.8636521103743451], "b3": [0.3414737800114969, 0.9529226723577306, 0.8357481201764156], "b4": [0.7208709349755829, 0.9692851062769285, 0.9878906641431177], "b5": [0.6927329782702697, 0.8810497827498264, 0.8469826294925025], "b6": [0.161484763039334, 0.994867679004513, 0.972846945386201], "b7": [0.6411094880025443, 0.9813351416166216, 0.9699805893538174], "b8": [0.8454674990783362, 0.9080816523248448, 0.8451502583316314], "b9": [0.07072096204025549, 0.8422429647878029, 0.9591474513399354]}