{"b0": [0.03674149840453211, 0.86713335007601, 0.8842315228989448], "b1": [0.07962514659225621, 0.9711760776791191, 0.8710702859509151], "b2": [0.35354686107288, 0.9795003743038079, 0.9782970182314252], "b3": [0.08857529541695866, 0.8466437089269415, 0.8841130549905293], "b4": [0.15621621989542, 0.8594885847383081, 0.9334423504061071], "b5": [0.8780161283390637, 0.9989498856484006, 0.8764796652619563], "b6": [0.16902696662165254, 0.9851726313830612, 0.9634471887498478], "b7": [0.8610924162575693, 0.9252129327026727, 0.8697598003630952], "b8": [0.8591345278637814, 0.8414101048646708, 0.963605549872065], "b9": [0.7364134164116496, 0.91642094063431, 0.9230787801539768]}