{"b0": [0.8983135533196175, 0.9961789754646388, 0.9707322251637257], "b1": [0.8551929091661971, 0.967906830676136, 0.9742168325940682], "b2": [0.9998910042139622, 0.9760177430764031, 0.9262132968981376], "b3": [0.10003576161372711, 0.8948883600672586, 0.8773927924147344], "b4": [0.32764648672008706, 0.9461998134414427, 0.8725628280791071], "b5": [0.7628733978297375, 0.8770450042542126, 0.8602154799051567], "b6": [0.09959840683269887, 0.9114419367717648, 0.8169496891829159], "b7": [0.764038124745046, 0.917177020488459, 0.8156825534245941], "b8": [0.8903913504163419, 0.9286321550821426, 0.8685003741643452], "b9": [0.8468717649544379, 0.974427374347473, 0.8092980577105283]}