{"b0": [0.16217078133308707, 0.9354673254734501, 0.9640753069797016], "b1": [0.6304377150176738, 0.9069434875897571, 0.8804300234263203], "b2": [0.7158918044697177, 0.8454671630552444, 0.8816617862943105], "b3": [0.6253738499587538, 0.9487882800376485, 0.840866163859798], "b4": [0.9892094047381128, 0.9272547078518509, 0.8334608944807441], "b5": [0.07082994057035946, 0.9362139241060435, 0.9649415359524929], "b6": [0.34341471490737163, 0.8377347982505797, 0.8463321572431761], "b7": [0.6413437041433219, 0.9099723537232731, 0.8523238513473806], "b8": [0.9942389392847032, 0.8511551082238885, 0.8170285590355921], "b9": [0.9203735104280456, 0.9670721397528562, 0.9948802420711124]}