{"b0": [0.7703694617739033, 0.9156981480824854, 0.9105616817023232], "b1": [0.08441685936471696, 0.9595319420892333, 0.8183799742110648], "b2": [0.6400963967605097, 0.9535389319149972, 0.833988528232176], "b3": [0.16387034760510719, 0.9033102460520801, 0.8736930183408542], "b4": [0.6103728080282207, 0.9770014335468896, 0.8131768862938317], "b5": [0.07946791301303352, 0.8888247602805638, 0.9714102179905916], "b6": [0.016669697092520232, 0.9946495939708523, 0.8399321158740295], "b7": [0.7989761166653936, 0.9781112632717935, 0.8855935373096593], "b8": [0.6495296252542931, 0.902336282621823, 0.8497545637438141], "b9": [0.05398957309347638, 0.9722166489317751, 0.8509821203432972]}