{"b0": [0.5948111895076115, 0.8851816703317429, 0.9842478590174497], "b1": [0.6200583518457201, 0.966531521803019, 0.8637521977948819], "b2": [0.0662720288553417, 0.9735318068250706, 0.8691289297304678], "b3": [0.8858780898927098, 0.7636895992680723, 0.9547169887641873], "b4": [0.0742898513156533, 0.935081320093861, 0.9198994584631474], "b5": [0.6323100165997966, 0.9389996058394966, 0.80299321650709], "b6": [0.8119602773830753, 0.9168097228856928, 0.8531124263186267], "b7": [0.09756605383706918, 0.9286381389570119, 0.8268859450756528], "b8": [0.5151384362695314, 0.977869931017143, 0.9195010156707937], "b9": [0.1622643676708727, 0.9407821024140601, 0.9853390103431117]}