{"b0": [0.7254474095411725, 0.9708052250138164, 0.8899059361499553], "b1": [0.007036482520206493, 0.9563405776152404, 0.9136694216106639], "b2": [0.1633728984899803, 0.9907572361576169, 0.9761349778005354], "b3": [0.7585072252979049, 0.8860680383714865, 0.9427990435257338], "b4": [0.3544104591473298, 0.9305885806163673, 0.8921813115276721], "b5": [0.9872050481476272, 0.9219974599754369, 0.9425802985144661], "b6": [0.16385750952201117, 0.9458522393504754, 0.8915375147040047], "b7": [0.009474527237331255, 0.9553249359797821, 0.9609358410678865], "b8": [0.1671839505081074, 0.9660030498904465, 0.8764858931932699], "b9": [0.7700893763092346, 0.8241490863427816, 0.8205876410024744]}