{"b0": [0.9933829667266185, 0.9834999181658658, 0.8879923860415316], "b1": [0.2979962061416704, 0.8650311831947773, 0.8967559186927396], "b2": [0.7753401879878434, 0.9605305242029714, 0.9851871138726783], "b3": [0.7939452839241276, 0.9625218239673571, 0.8061145727384195], "b4": [0.1606241977180848, 0.9808327907028187, 0.8964846462111733], "b5": [0.7847674749473635, 0.9714810904294684, 0.8007706043288071], "b6": [0.16282184689198306, 0.8506907146766522, 0.9534139083586274], "b7": [0.16927893369310185, 0.9614350557974413, 0.8277236461363482], "b8": [0.7417056586315748, 0.9382781498820641, 0.8456626647936328], "b9": [0.33044611454206696, 0.9805036137054834, 0.8970549415196182]}