{"b0": [0.7782495787934998, 0.8984716403188376, 0.8752291925351449], "b1": [0.6238177092939302, 0.9945692440665755, 0.8176162396975706], "b2": [0.1544797815927617, 0.9008145498103395, 0.8479731089402782], "b3": [0.720138015090632, 0.972095321190181, 0.902817571565894], "b4": [0.7831505757538806, 0.9085464223604025, 0.8376486875202102], "b5": [0.019446773302179685, 0.9352513372493142, 0.9625481980344065], "b6": [0.9966417477678655, 0.9415153804526466, 0.8566586384335336], "b7": [0.16615381797685352, 0.9295962234093446, 0.8958181422495798], "b8": [0.022140460552119295, 0.9778994614708334, 0.8959829528809324], "b9": [0.16698482729264874, 0.7808188468747872, 0.802320152013165]}