{"b0": [0.16291143839959843, 0.9983019845851255, 0.8895002087542652], "b1": [0.7291535217130712, 0.829530628882928, 0.8305250056089625], "b2": [0.32996418029623314, 0.9937311618376442, 0.955806329394479], "b3": [0.3470259853118954, 0.7571045742885238, 0.8702771002543301], "b4": [0.7396155128616202, 0.9691700339813106, 0.831236550177542], "b5": [0.16189108100031951, 0.9679774320455189, 0.8744961969537528], "b6": [0.8731881270942209, 0.7718564403406839, 0.8493833913156105], "b7": [0.7321183277976394, 0.8755147352205942, 0.8283352373905083], "b8": [0.6963799435912182, 0.9016756476940576, 0.9388414249954126], "b9": [0.5566600311346612, 0.9298282773044645, 0.8103420343103113]}