{"b0": [0.6273834917144239, 0.8094283952511887, 0.859735128786219], "b1": [0.9788103524465677, 0.8821096932860095, 0.965932763975964], "b2": [0.7498262654437815, 0.9273702794869795, 0.8093295272138229], "b3": [0.9983522591399153, 0.9904694405594984, 0.9535569571200895], "b4": [0.8614481389727346, 0.8048178149557095, 0.8059921214136603], "b5": [0.611093768583148, 0.9993546031121185, 0.9716763006437347], "b6": [0.16701930222986808, 0.821878970753502, 0.9669089161687339], "b7": [0.7332702009392562, 0.8311280986460187, 0.8953276641870045], "b8": [0.009887343607465255, 0.984626997742331, 0.8861681126709164], "b9": [0.6686480572028476, 0.8333777983916086, 0.8350185418641098]}