{"b0": [0.1595842603337317, 0.9553910106621544, 0.8317757395457557], "b1": [0.9336871764912291, 0.9107755580760397, 0.8557322099940831], "b2": [0.16206250026365662, 0.9779416254683508, 0.9198122576709972], "b3": [0.89151057611226, 0.9000193872298542, 0.9101741680765602], "b4": [0.002574943574764211, 0.7839492752021867, 0.9778619787283581], "b5": [0.7772706377756237, 0.9674438073965497, 0.8594329593407667], "b6": [0.3356080768864014, 0.9990520902025131, 0.9264000008776476], "b7": [0.8691824569936482, 0.973489202745968, 0.8566668000729649], "b8": [0.07147762835966531, 0.9016520176577777, 0.8707850411555151], "b9": [0.5828660420223801, 0.9046023064335097, 0.9455876521911765]}