{"b0": [0.6034838092888816, 0.9450433244805484, 0.947873554299212], "b1": [0.15962688870178787, 0.9888976115459037, 0.8814402388803686], "b2": [0.15762105716122796, 0.8987351192014514, 0.9219891877008233], "b3": [0.9065342024962295, 0.988382517218722, 0.8232165600814925], "b4": [0.1727782643384092, 0.8728756324847392, 0.8626818757422834], "b5": [0.6905015996992286, 0.9078443685079297, 0.8002894805173417], "b6": [0.08905914414336019, 0.8953353232300968, 0.9150337013051177], "b7": [0.8281419238872867, 0.9503656260744667, 0.8674880201975244], "b8": [0.32652073291161143, 0.9883334942190538, 0.8282891225480131], "b9": [0.1589286561714086, 0.9735398720752643, 0.9556702945414411]}