{"b0": [0.5974491875986019, 0.9174391042937132, 0.8986623330791953], "b1": [0.7740368998579058, 0.9100228164497598, 0.9787794040165743], "b2": [0.5951094938785033, 0.8875934986139897, 0.823764146435415], "b3": [0.32010665843462965, 0.8539955788455003, 0.801737311426422], "b4": [0.6007780559854373, 0.8256102884256571, 0.9154053727856053], "b5": [0.7913796072449399, 0.9879472923750169, 0.9914152255926024], "b6": [0.8738426801538877, 0.997806013566253, 0.8144539633169907], "b7": [0.32610831983254246, 0.8918141001232226, 0.8884379088687419], "b8": [0.7309231966852496, 0.980920829785648, 0.8778820550605944], "b9": [0.6182152308916175, 0.9211376036657802, 0.9351088231784531]}