{"b0": [0.6118814783530138, 0.9063218013014307, 0.9900844697349251], "b1": [0.8748686434784295, 0.9569458603805393, 0.9043352334646413], "b2": [0.5837189154986522, 0.9361654787238554, 0.8545594919172821], "b3": [0.09281963095357655, 0.948340747762805, 0.9522037113580533], "b4": [0.996102370164524, 0.847415322391778, 0.9414412315920192], "b5": [0.09702952004073798, 0.9505031463148736, 0.9118136517763964], "b6": [0.8645693292374093, 0.937743776335756, 0.8997262136852272], "b7": [0.00758146515454167, 0.9406935304362897, 0.8278922936692535], "b8": [0.8904482655766799, 0.896803531519981, 0.9078315396774801], "b9": [0.8270616632473298, 0.9469999038226719, 0.848170934616145]}