{"b0": [0.7611113081378802, 0.9312540691868844, 0.914586363171652], "b1": [0.3234961404798252, 0.9056582367044649, 0.9898230640678831], "b2": [0.5795482703939895, 0.9025540266675385, 0.860687848352033], "b3": [0.1595554536409031, 0.9497432775164276, 0.8635960928095501], "b4": [0.7791690108227424, 0.9369593723327412, 0.9017527786327603], "b5": [0.15877065928250297, 0.9887150420281999, 0.8473979863317332], "b6": [0.5745796641417522, 0.9491641579388065, 0.885931310945708], "b7": [0.6233846234094806, 0.8397717738233692, 0.8422230321849582], "b8": [0.1529184460706649, 0.8431870969607215, 0.956321095608668], "b9": [0.3129186734957098, 0.9427447462292659, 0.8890297587182409]}