{"b0": [0.15779521644334726, 0.9004575606857154, 0.8639038654085452], "b1": [0.1618291598372493, 0.914116138973871, 0.9799842945808277], "b2": [0.9962832960896171, 0.9516213490068364, 0.8392716731322335], "b3": [0.004332250738598083, 0.8196230359594258, 0.9812675569125315], "b4": [0.32557802402255265, 0.9328392244439659, 0.930044643035578], "b5": [0.5920219293811911, 0.9294042426896516, 0.9319503680433621], "b6": [0.8533971494870314, 0.8920832345174606, 0.9578987314526358], "b7": [0.6743927758311744, 0.9814143560677634, 0.9431473627151447], "b8": [0.5958208261311535, 0.9641068815610006, 0.9123207667050273], "b9": [0.16673103678975007, 0.9613291616055533, 0.9931668839623201]}