{"b0": [0.9905525991106152, 0.830310985800899, 0.9134830138070187], "b1": [0.16098189897930257, 0.9708819531474391, 0.9474635484817671], "b2": [0.984925373709791, 0.9175431175179339, 0.8175042275514042], "b3": [0.857485588375997, 0.8992279268128772, 0.9653509011842203], "b4": [0.6396437390738012, 0.9092024055169347, 0.8398728689070732], "b5": [0.08243858905768295, 0.9329104289506256, 0.9697723707925432], "b6": [0.0254217872525029, 0.9585454507044153, 0.9498736088833093], "b7": [0.3305190283447657, 0.8145709202443595, 0.8404208729025038], "b8": [0.30815926326863385, 0.9135031708654436, 0.8713627322711313], "b9": [0.8707326438002937, 0.9607488635646112, 0.8675829560064671]}