{"b0": [0.7334684586473604, 0.9597845507067262, 0.9424830438247036], "b1": [0.15571221156832293, 0.9387443968232893, 0.8444489880388414], "b2": [0.15896732814833175, 0.9960362051429732, 0.9721382676559074], "b3": [0.1600492070748463, 0.9302511971630225, 0.9043981618291991], "b4": [0.5413377351077996, 0.8637501725772259, 0.9301432289387026], "b5": [0.07436879938967728, 0.9179175297889971, 0.8249361211071098], "b6": [0.8743065253230071, 0.9694084966507674, 0.8324311284129355], "b7": [0.11973060943501843, 0.9759694351144951, 0.9479907561559975], "b8": [0.7855350247037107, 0.9154603181714528, 0.9135610797115156], "b9": [0.6001338526561818, 0.8433731547877279, 0.8795481847621118]}