{"b0": [0.3684097512428184, 0.8838881409433264, 0.8275852039830635], "b1": [0.151769659174606, 0.8569900830150441, 0.9632068149691491], "b2": [0.7341056628495031, 0.8502007290420388, 0.8800269739942095], "b3": [0.32684209321456875, 0.8664941903906974, 0.8518313491679953], "b4": [0.16231324532080854, 0.8892882198934728, 0.9324137514450626], "b5": [0.16642585092863904, 0.9356090446030602, 0.8027896037232998], "b6": [0.14935586773511345, 0.948806377707229, 0.9764535596657062], "b7": [0.3303369624103594, 0.927695403083523, 0.9948590221156788], "b8": [0.17223760119676926, 0.9174548865198365, 0.9371508938031144], "b9": [0.15839812960915498, 0.8604030246667799, 0.9672864028528673]}