{"b0": [0.1617262904308732, 0.9660278511352509, 0.8926391117092918], "b1": [0.16042987922004692, 0.8820290218634588, 0.9893885197518136], "b2": [0.07745983928216775, 0.995239825553856, 0.807739519305864], "b3": [0.008349162428512297, 0.9888976360143984, 0.9742093949167469], "b4": [0.7476361323089471, 0.9559079913362387, 0.86382128340343], "b5": [0.15078862250429353, 0.9899548022654475, 0.8756257401831293], "b6": [0.7831234088034914, 0.9571906591106866, 0.887467354731937], "b7": [0.023268440548038432, 0.8792116689101609, 0.9693081666370225], "b8": [0.16530948124297334, 0.9809550401825478, 0.9124142994253068], "b9": [0.16378276833251867, 0.9814887460322111, 0.9947124824519985]}