{"b0": [0.07760512273887182, 0.9892774682047552, 0.8665052454138318], "b1": [0.3345841234518497, 0.9777663388035372, 0.9012533057035371], "b2": [0.734732203898083, 0.8473704502774924, 0.872013817625052], "b3": [0.1586325720583651, 0.9671905716424318, 0.9317402380950683], "b4": [0.16426442329500326, 0.9956497612028303, 0.9803202395292555], "b5": [0.16603029719071652, 0.9615443908352155, 0.9150828349226228], "b6": [0.09258653797884717, 0.8561063958567249, 0.870819012558125], "b7": [0.15737494809896238, 0.9536362156991638, 0.877489075624156], "b8": [0.1553824899090609, 0.9756760733436692, 0.8813244002867167], "b9": [0.588690437776105, 0.9148412371350454, 0.8761175768287806]}