{"b0": [0.08525227546771809, 0.9673113220336697, 0.833283296618059], "b1": [0.16510836050770933, 0.9134985480559018, 0.9578551306903055], "b2": [0.8928879645403821, 0.982729283828126, 0.8930918786223673], "b3": [0.08041414133068146, 0.9305811307035518, 0.8389864396128028], "b4": [0.3132634364505795, 0.8612033083040862, 0.9762790503525777], "b5": [0.0017123934892280478, 0.9377611319643273, 0.9791394058567215], "b6": [0.8998334236728524, 0.9749666243692762, 0.8116522940086949], "b7": [0.5937913243458478, 0.9509813474615909, 0.9566271360589096], "b8": [0.32531798363078496, 0.9978125245337759, 0.9999557772714354], "b9": [0.8620831757125995, 0.8969259612339434, 0.8765826178265221]}