{"b0": [0.09070834239541875, 0.974081295701853, 0.8329127004683552], "b1": [0.6418160930772738, 0.8722387544387727, 0.8260587780369582], "b2": [0.07837522441053568, 0.9832126793086323, 0.9683292617241225], "b3": [0.33636954946357744, 0.9315505636952266, 0.8110671639633363], "b4": [0.7613551256965368, 0.9129051694169914, 0.8345073934670981], "b5": [0.3293594999704928, 0.7907272814597974, 0.9383647701506179], "b6": [0.1647161990888614, 0.9515104978712725, 0.8201487408825164], "b7": [0.3455023282184474, 0.9949052648851712, 0.9984179902548418], "b8": [0.3056707570035568, 0.99967788554209, 0.8551286427764515], "b9": [0.08374035920518562, 0.9541936539675382, 0.9348602406503477]}