{"b0": [0.3272537433943091, 0.9791881059692612, 0.8880875130338707], "b1": [0.7104064679740432, 0.9256377970583035, 0.8600125473046808], "b2": [0.6371280637255153, 0.9840061451176659, 0.9387878838785423], "b3": [0.3398006118969854, 0.8911091486058733, 0.8555984254920292], "b4": [0.5761824071345054, 0.9670175342847916, 0.8457848668661704], "b5": [0.0915561439676024, 0.9255292226409059, 0.9378132224443388], "b6": [0.35079873881309476, 0.9688973753461357, 0.9283705525830293], "b7": [0.3490235013891374, 0.899103973767655, 0.9025347310683307], "b8": [0.08075012193875968, 0.7631717868872124, 0.8509027560753042], "b9": [0.08638553994423857, 0.9051033160605718, 0.8819481342512742]}