{"b0": [0.5940311218878955, 0.9691844598934448, 0.8769137231111506], "b1": [0.9970472008279135, 0.9745435316355614, 0.8900920343330566], "b2": [0.07475440823805574, 0.9536671717298443, 0.8814448413964786], "b3": [0.080356588872475, 0.9247745691657003, 0.9382534349302202], "b4": [0.35833265822575333, 0.846835161099989, 0.8084166093440521], "b5": [0.8816565688267533, 0.9296015937461811, 0.9572236322957886], "b6": [0.8743368217915853, 0.8689080518758783, 0.9049537752652194], "b7": [0.8816640504080345, 0.9653194761633672, 0.8207294211113464], "b8": [0.7882492641809243, 0.9426581468182248, 0.9261788605558874], "b9": [0.33346519727320645, 0.8757779102114551, 0.9305856452305511]}