{"b0": [0.155647447524428, 0.9954808815857938, 0.869899302817216], "b1": [0.3380798654366562, 0.9821578944427952, 0.8215496392754679], "b2": [0.6256391068641947, 0.9590037720306267, 0.9420760812516117], "b3": [0.8830727222468922, 0.842914054571945, 0.8115257024589443], "b4": [0.9957517922960096, 0.8662546100139492, 0.9880751565683563], "b5": [0.6190233418344352, 0.9211046706930509, 0.98798631854389], "b6": [0.3237387907988182, 0.8708069531939283, 0.9854983637820461], "b7": [0.9864016866759254, 0.8766134853873615, 0.8999886938134157], "b8": [0.5632513164607679, 0.9036176324673104, 0.8553383563334306], "b9": [0.5851209277167061, 0.9626641770480753, 0.9146402680640768]}