{"b0": [0.6183923314336909, 0.9983471474328515, 0.8411104056488399], "b1": [0.15743706720399173, 0.8811332195088738, 0.9192343624163428], "b2": [0.7102046651321084, 0.8186122721314149, 0.8555537352769416], "b3": [0.5790260178891845, 0.9872234658881315, 0.8543710114704537], "b4": [0.720637680762222, 0.9768467663594437, 0.9568428202695795], "b5": [0.5799617235829989, 0.9835521370384502, 0.8564292187917887], "b6": [0.5732123801166857, 0.9897968397809267, 0.905994372988363], "b7": [0.1615999864442239, 0.8565576931990206, 0.9041998379417248], "b8": [0.07849973430656729, 0.9600900008850906, 0.9829993536212192], "b9": [0.8766669778065297, 0.7970218714946102, 0.8056922787921792]}