{"b0": [0.6836905731787054, 0.9377621893756652, 0.8050241329762983], "b1": [0.33482909022286284, 0.9998630093838379, 0.8641783547666221], "b2": [0.6121649897787584, 0.9337213994048418, 0.9145314720393886], "b3": [0.15814990534267875, 0.9097615425083174, 0.8686973468981134], "b4": [0.8501353216035125, 0.9615114582720549, 0.9620953946377517], "b5": [0.5924214534870182, 0.7160593726241986, 0.8879577745368797], "b6": [0.7782917279503643, 0.9116087970152061, 0.9175702391929194], "b7": [0.546043116465276, 0.9548896936150842, 0.8556861079585416], "b8": [0.09031878588310369, 0.9504262657493857, 0.8026931649017353], "b9": [0.5845714596300762, 0.9841503369763523, 0.9219463452412324]}