{"b0": [0.8629514267170875, 0.8613813992554448, 0.8374014236292828], "b1": [0.3107310833010125, 0.9921697296210357, 0.9622553492449175], "b2": [0.900506432279741, 0.9569057764907776, 0.9629097431802397], "b3": [0.15846008268737324, 0.9995272414104714, 0.848805749135098], "b4": [0.8652196111210192, 0.8053766192693975, 0.8541370213427784], "b5": [0.15513294263963767, 0.9701938844429702, 0.9205592414797041], "b6": [0.1541094063130377, 0.7997481047967022, 0.8988337904852125], "b7": [0.159664129090165, 0.9833447139464272, 0.9181410303036879], "b8": [0.8503607943429973, 0.8616245256849608, 0.8609968569631222], "b9": [0.3139236410497983, 0.9722480067584834, 0.876553385586694]}