{"b0": [0.15923632495007942, 0.8918640581290621, 0.9610475920618488], "b1": [0.3026162422209194, 0.9519496957740822, 0.9191875860260332], "b2": [0.8652561776563378, 0.911814769951204, 0.9528681731113363], "b3": [0.9060266201946936, 0.9801823316422227, 0.8288474138589562], "b4": [0.17340980077421592, 0.9404519454037168, 0.8258721708136906], "b5": [0.7509822453389492, 0.9305678613453098, 0.8060396892735636], "b6": [0.16641019259308096, 0.8419721095777054, 0.9629395624579147], "b7": [0.8596658892209074, 0.9728451695006359, 0.8412157008611346], "b8": [0.15533582276250574, 0.8699099072224152, 0.9270351652076845], "b9": [0.34147670724135876, 0.9966411637321657, 0.8909688546417922]}