{"b0": [0.16667444402633969, 0.9802493564373198, 0.8480792490367819], "b1": [0.16144901964310832, 0.9002427797879758, 0.9760990834778176], "b2": [0.34387542927952536, 0.9383098969531116, 0.8945043268644334], "b3": [0.345036936076279, 0.907940557752587, 0.8780824791923475], "b4": [0.8406570091448344, 0.8431142849844797, 0.8917952159518806], "b5": [0.9118611560891843, 0.9847179618935349, 0.9151954961292565], "b6": [0.3075637366411593, 0.8425765743622943, 0.8769848161116126], "b7": [0.5839700755070771, 0.9890470865698223, 0.8097713531090365], "b8": [0.15828127063347736, 0.8946533131198019, 0.9102330816649002], "b9": [0.8964230261137999, 0.9714320450607077, 0.9747203432027552]}