{"b0": [0.33894146699546923, 0.9096257027884478, 0.8982348828918387], "b1": [0.17199427353074154, 0.946973044568521, 0.9692046966825089], "b2": [0.8944108995413557, 0.9497543071230676, 0.9529578647149484], "b3": [0.7315563769073379, 0.8905480997655161, 0.9617210688312576], "b4": [0.17149789090349785, 0.94825276548404, 0.9931933754113058], "b5": [0.16441469166961029, 0.8542272929075164, 0.8579553843739507], "b6": [0.16342381784735274, 0.7970876832579372, 0.9350358455017705], "b7": [0.8919719941955268, 0.9170084003605985, 0.834704403250287], "b8": [0.8767618312866202, 0.9062778564460785, 0.8483810557556011], "b9": [0.16282702949098465, 0.7650053802627456, 0.9218199517263079]}