{"b0": [0.7434961861273257, 0.7325373246568467, 0.8406380448610048], "b1": [0.004162720453421203, 0.9728047781467655, 0.8936161442881481], "b2": [0.17265994814768934, 0.9641670847778236, 0.8304325301983373], "b3": [0.9988874352660275, 0.9580536109398369, 0.8168512016419753], "b4": [0.010918340823833634, 0.8407152274919097, 0.8983718509173104], "b5": [0.33064745557222613, 0.9888276545954479, 0.8072744375114311], "b6": [0.0031509542869226424, 0.9847443955812567, 0.9357348148443692], "b7": [0.8604978973622995, 0.8734835202340827, 0.8684595081690574], "b8": [0.873033150856754, 0.9160213699104021, 0.9588508133702605], "b9": [0.0008075449925415717, 0.9988443703641807, 0.9499379927820119]}