{"b0": [0.0862367521322906, 0.8909274490367463, 0.9730033709389372], "b1": [0.16385040291750858, 0.7962871170234667, 0.8077193883208988], "b2": [0.8859194851793417, 0.8603191817618516, 0.8603892336467953], "b3": [0.010386721861833979, 0.9659108561378522, 0.9662936950253718], "b4": [0.16751065484213423, 0.8980538161379428, 0.9015390149585362], "b5": [0.015166401869124355, 0.9620250420285928, 0.8398667254363293], "b6": [0.014289970447247497, 0.9337899889028897, 0.9430088802082967], "b7": [0.3206090902724592, 0.9345808527497149, 0.9130955011895706], "b8": [0.0059602259702255045, 0.8231621988310942, 0.9957116074393325], "b9": [0.004734692370067888, 0.8632002519866344, 0.8005939884442215]}