{"b0": [0.866567429647042, 0.86823398333751, 0.9332931162526296], "b1": [0.9976950021041118, 0.8998353571326235, 0.8276096482417538], "b2": [0.15945734382619223, 0.8207895834461485, 0.9945838657560278], "b3": [0.9879651693650676, 0.9106708412548259, 0.970407357066207], "b4": [0.16636174545933322, 0.9418651902224002, 0.9746381466887841], "b5": [0.009085211543462363, 0.9822980602845857, 0.8432588621172394], "b6": [0.85670264625406, 0.9221060753965287, 0.9082903096230557], "b7": [0.9889798188611196, 0.9929585220958731, 0.8723562026801368], "b8": [0.997176546660279, 0.9458750799864148, 0.8119424718452336], "b9": [0.027826067443060775, 0.9980454267274658, 0.9203197473813199]}