{"b0": [0.09258933361816162, 0.9919302981702621, 0.9614682437071704], "b1": [0.40828711072681206, 0.9170360256473559, 0.9362730823921132], "b2": [0.0034267677454824013, 0.9759586353397676, 0.8372915790708302], "b3": [0.10702462829489084, 0.9980907825402676, 0.83843165490489], "b4": [0.8390108334049559, 0.9722661502810293, 0.9410998456582449], "b5": [0.9843696260463792, 0.8905763570641583, 0.9939774375825645], "b6": [0.08475728148453461, 0.9734744331672697, 0.853424597410238], "b7": [0.9858114161159492, 0.8156121718957158, 0.8249760937198684], "b8": [0.862415684182582, 0.9603320501496551, 0.8733591321629943], "b9": [0.8885176777692988, 0.8800021453585678, 0.9347670793111423]}