{"b0": [0.8960393256240269, 0.8844619651703883, 0.9639835944571372], "b1": [0.9979260221096514, 0.9231007444350087, 0.8152343762059167], "b2": [0.012946527491445077, 0.8790642473762397, 0.8697638170607113], "b3": [0.5725742479163628, 0.8339490547735515, 0.9522400482281163], "b4": [0.8992129802887877, 0.8584843563818552, 0.8010480926573541], "b5": [0.8486752265187048, 0.9735132337055343, 0.9364096733509573], "b6": [0.016942091943167585, 0.9631597028274121, 0.8241238109402402], "b7": [0.7233252661358138, 0.9176459527196951, 0.9661919648805782], "b8": [0.8801309487518685, 0.998744801529662, 0.9297556126376806], "b9": [0.16501017754954067, 0.9713347312107692, 0.926070369438855]}