{"b0": [0.8630037158480198, 0.9043136484427252, 0.9915326987467445], "b1": [0.9973839612137654, 0.9473817365559429, 0.8202957482797187], "b2": [0.17209611384175935, 0.9579117769376918, 0.8145681012089437], "b3": [0.9682535119826526, 0.8417006764101823, 0.9985904217207563], "b4": [0.15519478024853858, 0.9957278030781243, 0.8270449931849477], "b5": [0.9871044051241163, 0.8737659927525644, 0.9101800941689318], "b6": [0.9150670942530553, 0.961058140794797, 0.9554998095969112], "b7": [0.0038826950671524986, 0.9056394459456873, 0.8366720513054158], "b8": [0.9970084987770356, 0.9485809716930872, 0.9850417333449655], "b9": [0.3332729543674939, 0.8909639606397064, 0.9010964563608169]}