{"b0": [0.010925359236145182, 0.9248884847293162, 0.9506820011528789], "b1": [0.019118133420430738, 0.9503340448330261, 0.9005103412162402], "b2": [0.006052097104882889, 0.9018050759726869, 0.9611377849883279], "b3": [0.990630194555971, 0.8974800668019992, 0.805087367393711], "b4": [0.16774568416723834, 0.9499157751759078, 0.8454758089441089], "b5": [0.9922866980871157, 0.927087220368763, 0.8540097652252528], "b6": [0.991861468997141, 0.9145388776726286, 0.8967076997254648], "b7": [0.9996165857746496, 0.9311878863641228, 0.8440658574491553], "b8": [0.7646896440821012, 0.9815687504737596, 0.9845807251340551], "b9": [0.899448550383022, 0.9319758734727975, 0.8551868204103065]}