{"b0": [0.020058181829492813, 0.9699515067806685, 0.9125338187079679], "b1": [0.9784428326319236, 0.9991587394907465, 0.9366855995176464], "b2": [0.01211549496036127, 0.9028467683023248, 0.8311180322241377], "b3": [0.16103586032117786, 0.8473292501968267, 0.969847215924151], "b4": [0.17177471800063746, 0.973443221632989, 0.9820885317686003], "b5": [0.0074872219110027815, 0.9224505196994653, 0.8783644527742102], "b6": [0.8766541755495014, 0.9344683921526732, 0.8732779744385243], "b7": [0.9983121079362972, 0.9883709861270059, 0.9096933301452579], "b8": [0.09659166140007132, 0.8400381066220086, 0.8865000296155248], "b9": [0.013620528706586603, 0.8992078051252355, 0.8079425422146855]}