{"b0": [0.006508498647352958, 0.9863348134935331, 0.8251655138669065], "b1": [0.15830409192911085, 0.9688045885608295, 0.8053939350631154], "b2": [0.002295928481633756, 0.8860092965533988, 0.9014247184624427], "b3": [0.0019442076925095236, 0.9146346826562977, 0.8319674017222378], "b4": [0.993570318666201, 0.9203616397728076, 0.9500529008477133], "b5": [0.010637126630288185, 0.9181107063529756, 0.8892337222632449], "b6": [0.16149402334259502, 0.8703841196341847, 0.8518453568344694], "b7": [0.9976285188487833, 0.9530781196704077, 0.8173644739733958], "b8": [0.02443985399010656, 0.9183841795418288, 0.9341849282460791], "b9": [0.16059437394510392, 0.9694737573644067, 0.8604238238211935]}