{"b0": [0.9882376277471652, 0.9540180460915583, 0.9162239051401538], "b1": [0.8766910958871023, 0.880659773753256, 0.8663577699663358], "b2": [0.987760111758846, 0.8354067213972154, 0.9900517133436698], "b3": [0.8798481439758702, 0.9323630384153906, 0.9056177891314718], "b4": [0.16351914595016162, 0.8900372150101313, 0.9505807955175412], "b5": [0.005429514532885752, 0.872486181582635, 0.9589477067372526], "b6": [0.01029785983986017, 0.8799456088601224, 0.9910812158825767], "b7": [0.9817199210378352, 0.9927717273668415, 0.8724195676184717], "b8": [0.901814984213489, 0.8115645204676083, 0.9237169480334305], "b9": [0.15538088261020858, 0.9412057597491839, 0.9632010686002007]}