{"b0": [0.07469600416444608, 0.9781349220216065, 0.9139498596274394], "b1": [0.1079234397575355, 0.9419928536942972, 0.9494812684846771], "b2": [0.08557845454603444, 0.9242345379064837, 0.99073844778566], "b3": [0.6069210171183321, 0.9952621488715526, 0.8084457596530699], "b4": [0.3304060231842506, 0.7857027637479425, 0.8183700757848456], "b5": [0.8459287944217817, 0.985119641514279, 0.8058957347267289], "b6": [0.02849611781151131, 0.928655841758949, 0.9040323672431236], "b7": [0.160833974759746, 0.8636781758488048, 0.8351740334340723], "b8": [0.8532282230195046, 0.9797788375770867, 0.8160357365167065], "b9": [0.5630666084857051, 0.9845860666063027, 0.9947518216902668]}