{"b0": [0.9892355507472405, 0.901812258368175, 0.8966098727105758], "b1": [0.3406914991328409, 0.7538237303867271, 0.9652300641724517], "b2": [0.16275127135366532, 0.9978552262489431, 0.8801301929344589], "b3": [0.34779027659092804, 0.8762546224596313, 0.9761869865063261], "b4": [0.2895955893846973, 0.987646629532739, 0.8963377189669557], "b5": [0.16371035802954192, 0.8103590320501108, 0.830112595732984], "b6": [0.0949436132147032, 0.8078834844337395, 0.9609155526312082], "b7": [0.10301166531734259, 0.7790626476842134, 0.9428323698977766], "b8": [0.09097977245445801, 0.9550823830293426, 0.8731619082577257], "b9": [0.8739179919964245, 0.9011716585062486, 0.9851076942433088]}