{"b0": [0.07512706948251485, 0.971642863938007, 0.8648158659544939], "b1": [0.7551882545168912, 0.9771293052281976, 0.9693079682386057], "b2": [0.3238362370005372, 0.9336327029362664, 0.8624312451387692], "b3": [0.9983880995915502, 0.8993437023583237, 0.931077309356813], "b4": [0.15277574795611015, 0.8391912786170849, 0.9193831149301878], "b5": [0.3308142353182445, 0.9640261096465846, 0.9983165050178993], "b6": [0.898625405109582, 0.8977327498143767, 0.9753231203774237], "b7": [0.0037677137143426686, 0.9496652274744509, 0.9313339812266824], "b8": [0.15640518095362557, 0.9649414460210007, 0.8391622749276817], "b9": [0.7592507439626475, 0.89609557813701, 0.8659103121067179]}