{"b0": [0.0780473315200158, 0.9537841728785452, 0.901827238504204], "b1": [0.11609038150528513, 0.9672218037510112, 0.8408482463155025], "b2": [0.6695580134827241, 0.9644529269950723, 0.8998792369419629], "b3": [0.6854749057229677, 0.954151580103924, 0.8024149542848239], "b4": [0.15214959534913558, 0.9501550426351588, 0.8367721479432169], "b5": [0.5825699470144543, 0.9038575404609965, 0.885478368713583], "b6": [0.3345006258724637, 0.9718011089901714, 0.8709815358178561], "b7": [0.0003634662566052282, 0.9840904188866417, 0.9737782465836322], "b8": [0.17730320310506809, 0.9982131552554534, 0.9532967430130824], "b9": [0.002756638180688511, 0.9720270812312379, 0.9615613277464665]}