{"b0": [0.7839641619704575, 0.9984043910166456, 0.8456598491489952], "b1": [0.6305247269437619, 0.824225513395322, 0.9149984713104662], "b2": [0.15946253295719984, 0.8833683774410003, 0.9054309018493573], "b3": [0.7592424169719488, 0.9532388668139556, 0.876436661595174], "b4": [0.0697855972758956, 0.9884319452602567, 0.8981633461039936], "b5": [0.39074795916288446, 0.8493129147979258, 0.9466988051160619], "b6": [0.016485852623232967, 0.9692257822630517, 0.8336254291267597], "b7": [0.016174860254776786, 0.9680215040343618, 0.9723205017996609], "b8": [0.876157478291828, 0.9262922098291866, 0.8202338721516711], "b9": [0.16463967445167582, 0.9927839332842108, 0.8710514506407491]}