{"b0": [0.07584295167743271, 0.9990768427476584, 0.8536265902513637], "b1": [0.08169800957297857, 0.8674552755791312, 0.867772994827464], "b2": [0.16244438878994022, 0.8715850564700612, 0.9442021647768175], "b3": [0.9005355575974793, 0.9030093004676751, 0.9884932805337605], "b4": [0.7729029758622609, 0.8946962184183045, 0.887349218196251], "b5": [0.8813083460238117, 0.8634838857852037, 0.839738556660371], "b6": [0.32426744822598974, 0.9506753204957326, 0.8660296146026505], "b7": [0.3521673318090199, 0.9231280840510148, 0.8488539550778355], "b8": [0.023760373201027182, 0.9702067162060147, 0.8709663723432959], "b9": [0.8690206064339319, 0.9900003271115834, 0.9181874584530096]}