{"b0": [0.16030328687350334, 0.9475202395054193, 0.8183499781192836], "b1": [0.02777704367299694, 0.8191439943570178, 0.8021276114379519], "b2": [0.9112043600342336, 0.9876204198126084, 0.8741504695282498], "b3": [0.5747779250838475, 0.957496982727313, 0.9321174195930776], "b4": [0.06658775198800812, 0.8258320465762217, 0.9905148949462834], "b5": [0.32239657168887914, 0.967875572182619, 0.919185718142886], "b6": [0.16549982930347007, 0.9366234592466942, 0.8399219645462759], "b7": [0.9837317003665721, 0.9789263163996719, 0.9524480853622076], "b8": [0.8494203588952147, 0.9041566257732846, 0.9159656048147277], "b9": [0.8415626481842137, 0.9346982476656077, 0.9589652750694455]}