{"b0": [0.84746659712674, 0.9376538143588737, 0.9128413207356081], "b1": [0.10283270904928042, 0.9905698826534155, 0.8675624084260951], "b2": [0.1714734589787391, 0.8328825889831326, 0.9374911628824646], "b3": [0.9743256922460891, 0.9102402323250829, 0.9835289665969483], "b4": [0.2796758917435913, 0.9553960474962517, 0.9833011697794255], "b5": [0.8452820073958879, 0.8936645701410753, 0.9023142986742424], "b6": [0.06449234631500878, 0.9118524361790891, 0.9616449229532619], "b7": [0.33327661805945824, 0.8984791136730246, 0.9498989990054411], "b8": [0.018422930010791334, 0.8321889329754896, 0.9179162688273489], "b9": [0.15619768709691628, 0.90136839542993, 0.9560452725901857]}