{"b0": [0.35507634264648547, 0.966927561645931, 0.9707732040345892], "b1": [0.3154239850963259, 0.9945302636766273, 0.847166085411952], "b2": [0.10527476947357922, 0.8638906896824002, 0.8909594630474692], "b3": [0.57764468822461, 0.9936704058405155, 0.8367779554039079], "b4": [0.07585814128211536, 0.9251319206828953, 0.950933606742561], "b5": [0.6586929532554499, 0.9678805316802983, 0.8654585288097489], "b6": [0.2980652957629897, 0.928707787699755, 0.8595512650139381], "b7": [0.08369355218285474, 0.971291595665139, 0.8687855725305917], "b8": [0.7382350154265537, 0.9875374921404629, 0.8126005338617915], "b9": [0.594031427063796, 0.9804234174040658, 0.820135312044384]}