{"b0": [0.7678385113029518, 0.9952381586666087, 0.9129987851518147], "b1": [0.8281231513737783, 0.9868484219347015, 0.9934839855712557], "b2": [0.3151848822257561, 0.8872597464635849, 0.8141990114844596], "b3": [0.9913695715833925, 0.9913665778107409, 0.8367329777890873], "b4": [0.08980127453447763, 0.9944970551782901, 0.8489581588304298], "b5": [0.8461849630832414, 0.8556804254252245, 0.9378477336272723], "b6": [0.3296104400914002, 0.9950210052083109, 0.9263330180519074], "b7": [0.5978718286843416, 0.9490802633834231, 0.9259000670587532], "b8": [0.34023992101760653, 0.9913545653905248, 0.9006527439608263], "b9": [0.3319451139711045, 0.9803697660639099, 0.9297777276091769]}