{"b0": [0.3547048914785943, 0.9000417002453573, 0.8940608402773647], "b1": [0.34689551008864555, 0.7912805502785448, 0.8066324749695549], "b2": [0.3120531523216819, 0.9152487815914836, 0.8288320125344012], "b3": [0.7338977562652044, 0.9269837208086884, 0.9258085874222559], "b4": [0.7472609860725983, 0.9492888677110995, 0.9664925177864795], "b5": [0.32144004349534616, 0.7915471789062463, 0.9995762367111444], "b6": [0.8700500904100791, 0.9935852707486399, 0.8628647736043773], "b7": [0.6386008335961728, 0.986118745177069, 0.801865554216368], "b8": [0.08479154510141111, 0.9689268333097084, 0.8427359388831748], "b9": [0.16052866243276107, 0.9804266990418887, 0.86239151810005]}