{"b0": [0.011035158359843089, 0.9074553829978105, 0.8983925130888872], "b1": [0.9848495226926578, 0.8648445329658071, 0.9493249113217607], "b2": [0.3403138689868674, 0.8881817970088036, 0.9166443668800877], "b3": [0.6083049080751417, 0.994660317850707, 0.8445982408570463], "b4": [0.31661176117052403, 0.9462912790295526, 0.8775940209004094], "b5": [0.09395488174828608, 0.9983163749321778, 0.9026121236362024], "b6": [0.3451139965063545, 0.9911015574689991, 0.9527691957438522], "b7": [0.15975190975331344, 0.8942183651071071, 0.8585010634543119], "b8": [0.9972008716670969, 0.9550382387266239, 0.823784535294015], "b9": [0.9887524124596075, 0.8943825094323762, 0.8106057132743463]}