{"b0": [0.00537081754117169, 0.9118884635871516, 0.8117920955106456], "b1": [0.37104216307547505, 0.9921629622661251, 0.9672225476202247], "b2": [0.062490534884659416, 0.9647092494771817, 0.8561861530636398], "b3": [0.6102111224748564, 0.9314975753190611, 0.8814514352804789], "b4": [0.09772880401175593, 0.924314795418146, 0.935618973983862], "b5": [0.17043767844035834, 0.9927728154841294, 0.802926478702627], "b6": [0.15696253289448733, 0.8846704455278475, 0.8998668282332014], "b7": [0.3219783102627281, 0.8871321201534169, 0.9717999995861242], "b8": [0.3497388721329567, 0.952905898387274, 0.9569864513212778], "b9": [0.0013540307997832993, 0.8733457986260319, 0.9947498078345709]}