{"b0": [0.37532596899060056, 0.9715355953881637, 0.9133912582485003], "b1": [0.6353963637342461, 0.9243726781934438, 0.8904254891662474], "b2": [0.680010893573737, 0.9819953343970595, 0.9816660659345777], "b3": [0.1161499138984278, 0.82674405195504, 0.9139738930883248], "b4": [0.900267905505959, 0.9479528799887792, 0.8614830165860198], "b5": [0.15445998761925966, 0.9380130343088653, 0.9419317866674498], "b6": [0.5906994413579989, 0.8518326533307728, 0.9798111728910455], "b7": [0.6039551876183917, 0.9098738947720111, 0.8578624809771972], "b8": [0.01946771957152624, 0.8672342065547676, 0.9802518023644636], "b9": [0.02379804287594691, 0.9585917476620474, 0.951771641892431]}