{"b0": [0.5794456048752801, 0.9626577278999296, 0.9768019973363579], "b1": [0.09757958697477248, 0.9371259469997448, 0.8014101773983691], "b2": [0.018347542933114552, 0.8033877304984681, 0.9726163945240575], "b3": [0.3600224897461144, 0.9695991553704993, 0.9270898236929241], "b4": [0.019487116447130762, 0.92777338874213, 0.930867530680904], "b5": [0.15654205174940672, 0.9591256982974972, 0.9255680414364456], "b6": [0.10666636870087597, 0.9829814932816363, 0.9995510166725974], "b7": [0.9902835839074973, 0.9784450189965672, 0.8122535652066558], "b8": [0.36761845250830083, 0.9428494851758445, 0.888552902391771], "b9": [0.8720286493273081, 0.9718168815521229, 0.8194749127359127]}