{"b0": [0.3204434886265971, 0.951282288205546, 0.9316085400755765], "b1": [0.6113990226796611, 0.8091860000314786, 0.8556828117252414], "b2": [0.0948024922207465, 0.979800731848124, 0.8755376399892455], "b3": [0.600463003468983, 0.8837857523932692, 0.8233663331737224], "b4": [0.16726239249763544, 0.9208995589005368, 0.8152679603576499], "b5": [0.15485279647436168, 0.9220592866435119, 0.9517082453557212], "b6": [0.9956097959889786, 0.8612274710139681, 0.9738600510464667], "b7": [0.9900300977381987, 0.996296347160583, 0.8494331473309102], "b8": [0.3467104033759034, 0.9905441190025829, 0.8661030725413446], "b9": [0.31126116089068867, 0.7793735297898929, 0.9210806164739848]}