{"b0": [0.6008425814994921, 0.9448012888607797, 0.9967865747461544], "b1": [0.2867567146705502, 0.995825873447305, 0.8992744862228607], "b2": [0.31302409418967925, 0.8954486450534048, 0.8718462669098489], "b3": [0.08766179716086325, 0.881451150549359, 0.8569970973716667], "b4": [0.01104990086347079, 0.9267018619079032, 0.9197328019386258], "b5": [0.619158734354467, 0.9842859232092548, 0.8224673759683909], "b6": [0.6285444715264368, 0.8727969032229506, 0.9678104716380967], "b7": [0.9921497305749502, 0.9402153641412925, 0.8355581688785587], "b8": [0.5879907826756773, 0.920500921641572, 0.9467790369621768], "b9": [0.09800204807638167, 0.8178416155763201, 0.8267977035874035]}