{"b0": [0.07363823639728345, 0.9207377715395991, 0.8954682026019247], "b1": [0.883700118070262, 0.9644233951128939, 0.8981168836078129], "b2": [0.06386170252018213, 0.9195331232139313, 0.8746633170470764], "b3": [0.6468171666052964, 0.9576503234153694, 0.9982394675728624], "b4": [0.3184964816556479, 0.9129899297469953, 0.8910756200523516], "b5": [0.15715554888273464, 0.9577031999716026, 0.8075337420690089], "b6": [0.621015248498464, 0.8305393896335204, 0.9154885184515811], "b7": [0.5940536258529883, 0.9448292386115708, 0.9207320050932749], "b8": [0.09527136396831848, 0.95528177081909, 0.8295633507991796], "b9": [0.7690837614834304, 0.8941787958080277, 0.8050301753368536]}