{"b0": [0.5959510444513646, 0.9761721496260978, 0.8519729940488961], "b1": [0.7014157613234139, 0.969429629296247, 0.9899407777550884], "b2": [0.8966652911879003, 0.9229340768388397, 0.983880034873075], "b3": [0.5943889883636934, 0.9957817336607728, 0.8044021728495312], "b4": [0.3274199514212319, 0.9271952368387647, 0.9168242430435433], "b5": [0.07920326163428613, 0.9098870746713204, 0.99483764379431], "b6": [0.6390206485657554, 0.7369395828623811, 0.8149826459888101], "b7": [0.5989674128621665, 0.8065113458933163, 0.8056729898773767], "b8": [0.6480411560617384, 0.8848606702390108, 0.8998749790410012], "b9": [0.5985479645011017, 0.8531366111017611, 0.8213462063465687]}