{"b0": [0.9817631376962201, 0.9456731529921281, 0.8216830941477502], "b1": [0.08375195769893078, 0.8127250653097868, 0.9787934256536828], "b2": [0.6210705846368483, 0.9627250625926902, 0.9680030978554189], "b3": [0.6360445883895, 0.9284092134780793, 0.9756033684655165], "b4": [0.5900796935398511, 0.9807797946503238, 0.9268464911297013], "b5": [0.8829609913962004, 0.822570614750561, 0.9498403572679688], "b6": [0.7096197874382589, 0.9667685297732662, 0.8903488860201547], "b7": [0.8551688740548077, 0.9763901374773981, 0.9932466702246882], "b8": [0.16771121257279653, 0.9877894624036263, 0.8761920856326816], "b9": [0.5855368487015227, 0.8772271960862591, 0.9668335282482478]}