{"b0": [0.3323751632824435, 0.7960486427684035, 0.9288205097785618], "b1": [0.5851043229940359, 0.9429494647744338, 0.9521479723276488], "b2": [0.8281073036581879, 0.83661860808057, 0.9363376120377463], "b3": [0.35000340893929993, 0.7865853285443969, 0.8898586338534551], "b4": [0.06833718393389532, 0.9931119103904509, 0.955339413555911], "b5": [0.08907524431004032, 0.8245548223091138, 0.993527843499679], "b6": [0.6880678523548973, 0.8661301975979725, 0.9388755063113748], "b7": [0.7466729319581407, 0.9889502106522134, 0.8616276560653862], "b8": [0.6468361039979539, 0.9167165178316056, 0.9551901414840229], "b9": [0.14976461015247394, 0.8298086313649844, 0.95746929393614]}