{"b0": [0.1702153773737276, 0.9137649457901772, 0.8126741822454245], "b1": [0.7208315992439287, 0.8441038430519402, 0.9048449590619697], "b2": [0.8929738168355211, 0.967979206684925, 0.8476882405266858], "b3": [0.761065211396266, 0.9927411939590326, 0.9315686411830205], "b4": [0.8780514405803307, 0.8768442243673761, 0.9341707881583667], "b5": [0.989501251690614, 0.8123655096966782, 0.8607060977827535], "b6": [0.9894307794758065, 0.805700829153055, 0.9420613849961083], "b7": [0.9840761439454669, 0.9947265876038535, 0.9013486940048446], "b8": [0.7560919520137276, 0.9092867505471868, 0.8456320369713966], "b9": [0.0009358826265393382, 0.9818628093516053, 0.8450617500549202]}