{"b0": [0.8954060423800405, 0.9775420718147284, 0.800278439048464], "b1": [0.737979444420151, 0.8970785806168766, 0.8968456323474848], "b2": [0.6015173906670348, 0.8749189760678121, 0.8355629332326603], "b3": [0.7674923385136913, 0.9102914837561635, 0.8754246289588954], "b4": [0.9747663703444389, 0.9196444258717082, 0.8296504242299025], "b5": [0.06597524993216225, 0.9647916883371832, 0.8168096380299711], "b6": [0.9015736394401145, 0.9810489135061268, 0.8365948225807678], "b7": [0.8828054019604896, 0.987691705590077, 0.9926253236503153], "b8": [0.32894967263772334, 0.7820881596410264, 0.8094167576449862], "b9": [0.8308232115084838, 0.8581491390209193, 0.8376167267516931]}