{"b0": [0.8946423383199458, 0.9429006432631394, 0.8315208035215252], "b1": [0.8699050468401204, 0.8341092648206987, 0.8256736584774456], "b2": [0.1498046091973956, 0.9221637352529976, 0.9038732362079215], "b3": [0.8463252269620246, 0.989695639699969, 0.834573593132331], "b4": [0.006912094196529608, 0.8864552900912719, 0.9285503807113282], "b5": [0.7453595777338584, 0.8793712724085929, 0.9252390331205029], "b6": [0.17565827047829977, 0.9464000501005648, 0.8766139617215007], "b7": [0.6393432989412936, 0.9904938772596397, 0.9907733051214664], "b8": [0.014549647206277098, 0.9770779896726108, 0.8802993036797057], "b9": [0.7628595451365228, 0.9708955881013922, 0.8734995258662656]}