{"b0": [0.7813307110954671, 0.9167987603816476, 0.9990709676608658], "b1": [0.7370400947990818, 0.7900211289592582, 0.8525078836587637], "b2": [0.8746596139144522, 0.8781785074922317, 0.997037707703672], "b3": [0.32866591552500113, 0.9992593956123291, 0.9209662841195513], "b4": [0.1652786956011645, 0.9999845563849568, 0.895978329859341], "b5": [0.6269944539346073, 0.8258371909437767, 0.8566358779182093], "b6": [0.15800141637795093, 0.8974637395210506, 0.9041993222848493], "b7": [0.9174044510829249, 0.8872014099194415, 0.9295759454615157], "b8": [0.09616575227275315, 0.8872805914634228, 0.8718249829861775], "b9": [0.9036024759317093, 0.9823962723296118, 0.9870947769415993]}