{"b0": [0.8949705863642012, 0.9661380063454688, 0.8330439175466273], "b1": [0.73733550346041, 0.8560040730009792, 0.8881442990765508], "b2": [0.30891950908510973, 0.9861752800668709, 0.9475374117515238], "b3": [0.850321576160097, 0.746370571271984, 0.9423608255272744], "b4": [0.7580904221737796, 0.9586367012624137, 0.8458063795082286], "b5": [0.5953721769481863, 0.8073301383964882, 0.8905660032095787], "b6": [0.7703927506283921, 0.7503559950421187, 0.9863902201730057], "b7": [0.9959381982523204, 0.8731263443513245, 0.9607156533594733], "b8": [0.7621476882558542, 0.9912653536593657, 0.911416929482261], "b9": [0.8787458795341005, 0.9310211935841539, 0.9127406269172511]}