{"b0": [0.7126946016688207, 0.8386177075346823, 0.8722087545078193], "b1": [0.3362468679876024, 0.996636796323012, 0.8835466888882613], "b2": [0.32509222104285374, 0.8648233179186475, 0.811291609565949], "b3": [0.34768532693432924, 0.9690194825075733, 0.8591001285630736], "b4": [0.07813321168614461, 0.8828893453415533, 0.8228132653998734], "b5": [0.8908120929639622, 0.9209453210230523, 0.812567818603054], "b6": [0.9985780082748466, 0.9915708506361994, 0.9863262848547619], "b7": [0.9914236083932522, 0.9806103543415233, 0.95753001452713], "b8": [0.8941627267155902, 0.9872490380494324, 0.8792867817854629], "b9": [0.0049803547431947585, 0.9890772695938691, 0.8958478975166888]}