{"b0": [0.9158754900061276, 0.9127869782816341, 0.943731195100342], "b1": [0.7656201546496093, 0.9398151566039009, 0.8591606978688621], "b2": [0.09329908511658162, 0.9020118023522707, 0.8041004603063981], "b3": [0.3309608152316061, 0.883550554212655, 0.8747350874322645], "b4": [0.32084633427514575, 0.998057281477803, 0.8604651125022572], "b5": [0.15749783833005376, 0.9974487473417091, 0.8276915716126027], "b6": [0.28724475361230334, 0.9034459978402503, 0.9291646687140589], "b7": [0.0009570157397042179, 0.9815464574335097, 0.8284012234424677], "b8": [0.9728541210092638, 0.9231489479813559, 0.8736770277399828], "b9": [0.998555394311055, 0.9644835638643517, 0.8202804060928198]}