{"b0": [0.004570190594104816, 0.881028972981177, 0.9735687474956872], "b1": [0.7353152058915994, 0.9803566510717627, 0.83625264010766], "b2": [0.32973528991734824, 0.7799182711023476, 0.93975164115533], "b3": [0.16647744654877997, 0.9485012210615025, 0.9228523254638533], "b4": [0.6945350504194563, 0.9982176643693996, 0.8746921396285847], "b5": [0.7279897311977092, 0.989649915583165, 0.8705350272846653], "b6": [0.9977265857133957, 0.9380520944395799, 0.8903440426122577], "b7": [0.9887161857894416, 0.9023713977339817, 0.8705448696774718], "b8": [0.35967728797241855, 0.9275028358518, 0.8755449166615074], "b9": [0.3517801143028912, 0.8858151233446483, 0.9749867453929149]}