{"b0": [0.8730146479171471, 0.900747681602776, 0.9665294894447248], "b1": [0.16738375434891542, 0.9623960316368209, 0.9614761424176018], "b2": [0.36131616543088474, 0.9795808552808637, 0.9429307157134218], "b3": [0.8828788485406197, 0.9307730134811888, 0.810665033354748], "b4": [0.16092504075637978, 0.9337159865869293, 0.9689394068546716], "b5": [0.29192436590770093, 0.9038699665788803, 0.8139038651781999], "b6": [0.630265280980764, 0.9654258413690677, 0.8585963159252059], "b7": [0.7409450872108542, 0.8333250609444129, 0.8661535483655795], "b8": [0.8931938285527293, 0.9818124962721856, 0.8351755612487533], "b9": [0.1525326644575382, 0.8381073897741942, 0.9102453865761233]}