{"b0": [0.1661570696819996, 0.9355803513515027, 0.8578256008807337], "b1": [0.022515249013921955, 0.9291386115645647, 0.9497251022219028], "b2": [0.8834079855590758, 0.947215832207451, 0.9917036002924391], "b3": [0.9035213431865273, 0.9859876280668713, 0.9078526561174658], "b4": [0.29785094207357776, 0.9044719414571144, 0.9432186496538698], "b5": [0.8752358029715002, 0.9042946029481429, 0.8911717596036692], "b6": [0.15853956188827026, 0.989807915285818, 0.9428590125077025], "b7": [0.1613884418078557, 0.8526575995206158, 0.8490636424114735], "b8": [0.37558381907679467, 0.9708336738469038, 0.9059531106180511], "b9": [0.3289964168854014, 0.8376201227735162, 0.8990427031609982]}