{"b0": [0.16310941197292117, 0.9875856482898416, 0.9606231456918768], "b1": [0.16667645183118732, 0.9796663558694106, 0.9299815978691257], "b2": [0.1654211504630486, 0.9800471246329221, 0.9149525929792439], "b3": [0.019178340749873412, 0.999417850226245, 0.8628210349344649], "b4": [0.8963777490490392, 0.9266967936733448, 0.9574560679388269], "b5": [0.9164616992343153, 0.9937416501461824, 0.9143297904744253], "b6": [0.32190117153189585, 0.8418019907769421, 0.9967082968350829], "b7": [0.15566787214070954, 0.9668843429503469, 0.8066532841206954], "b8": [0.3447385718968895, 0.9961969381124532, 0.8762384463614381], "b9": [0.8674400702328703, 0.8642035601164096, 0.9290206009268868]}