{"b0": [0.17053690524681492, 0.9601583977566766, 0.8157041467127566], "b1": [0.8833220305436325, 0.8938360072968501, 0.9010009624122199], "b2": [0.16124461394991088, 0.9620799802684289, 0.9713431924710977], "b3": [0.150067973725854, 0.953465194600923, 0.8677249206546549], "b4": [0.8681733771499196, 0.9634872594250412, 0.9711246790589462], "b5": [0.16244169793791283, 0.9600867385569402, 0.9225677908363552], "b6": [0.8551522121521135, 0.9894822471780571, 0.8937208092226341], "b7": [0.1693519914781221, 0.8420914807737163, 0.9173853021824072], "b8": [0.3368959460979202, 0.9225867921388184, 0.967459005093216], "b9": [0.3562412185133311, 0.958186654127231, 0.8348728089992368]}