{"b0": [0.16873287751665994, 0.9605910731153007, 0.903454255490089], "b1": [0.16328629677273174, 0.9830215177453696, 0.8942449168422577], "b2": [0.1591729362159441, 0.9370994712246832, 0.9352059713022954], "b3": [0.2921242114676125, 0.8613644216816055, 0.880394075715734], "b4": [0.8907961454327183, 0.9506698198311776, 0.8208293643400779], "b5": [0.8693253820221556, 0.9078574090099469, 0.994996868992779], "b6": [0.8564210893086858, 0.9176229657399437, 0.8977030260570206], "b7": [0.3087944098916057, 0.8986695292093786, 0.9654750374916218], "b8": [0.5704182705701736, 0.9241936425262922, 0.8938620100887112], "b9": [0.15475858624454553, 0.7362854739047131, 0.9457038634508294]}