{"b0": [0.07729029295988718, 0.9645097172528271, 0.8447711652924409], "b1": [0.1750846977918403, 0.9757179185034497, 0.8177272763393778], "b2": [0.8504627834481943, 0.9948709859513181, 0.9202078687566023], "b3": [0.009107314920945308, 0.983664645224978, 0.871358421664549], "b4": [0.15816729117595055, 0.8910725674090717, 0.9288955435844031], "b5": [0.013102641907918105, 0.953872127989725, 0.9987361052867654], "b6": [0.017257199224510376, 0.8541978911971627, 0.8498349303704714], "b7": [0.1585977971387608, 0.9143891094566748, 0.9171650368914531], "b8": [0.9679961452258938, 0.9183510703921534, 0.9578107778475049], "b9": [0.10484293764649287, 0.9429986941970655, 0.8145753058607762]}