{"b0": [0.9854264826628422, 0.9539497107628607, 0.9509333734434356], "b1": [0.1574535676988157, 0.8636408175222486, 0.9536625651250448], "b2": [0.9793788536619141, 0.9636122759237281, 0.8545870596835238], "b3": [0.9993579233476215, 0.9592069809995847, 0.9617093262736942], "b4": [0.003086598550753927, 0.9556121110749323, 0.9708047592795624], "b5": [0.8766779207316574, 0.9870152385376686, 0.8943042810922002], "b6": [0.005721837333640146, 0.9625523718144068, 0.9473447598262369], "b7": [0.16237511622220047, 0.9240697968683642, 0.8832173672380509], "b8": [0.8623285657821785, 0.9179299074173065, 0.8914120848452556], "b9": [0.909175515766266, 0.9465446016288436, 0.9622122912508627]}