{"b0": [0.9951229758755639, 0.9639890665619807, 0.9525302264146456], "b1": [0.3519161503698827, 0.701844738879428, 0.931110346389201], "b2": [0.850326434220705, 0.9889267060781932, 0.8220761093836794], "b3": [0.8483995615216741, 0.972119473642566, 0.8959801919130908], "b4": [0.7584979029677382, 0.9682313252002843, 0.8004852367088654], "b5": [0.002328601715378403, 0.9144321066017524, 0.8380284487159249], "b6": [0.8864393970154767, 0.932942688772692, 0.8376603635509199], "b7": [0.17306430354799926, 0.9809779144633036, 0.828145776074853], "b8": [0.009178253011877696, 0.9018105553347137, 0.906070970604122], "b9": [0.0005455529839765495, 0.8828399776088593, 0.9444181041093676]}