{"b0": [0.6827366368187147, 0.9064953064386954, 0.8598324165304331], "b1": [0.6154151619661384, 0.8688613128363738, 0.961548260175083], "b2": [0.008895879027969216, 0.9925069810522098, 0.8384770109174225], "b3": [0.6335174454856267, 0.9844568381805143, 0.9057234725800675], "b4": [0.7787919489991618, 0.9207443599843118, 0.8979026003239977], "b5": [0.15166893224589628, 0.9648701691436297, 0.970058363169952], "b6": [0.16415300962625434, 0.9504013904191221, 0.9362166286672574], "b7": [0.16135003906815387, 0.9807959213314522, 0.9350036675748373], "b8": [0.1524145047297072, 0.8971296426893025, 0.8970456276168457], "b9": [0.1734287992190107, 0.9314022663663573, 0.8525032881751603]}