{"b0": [0.15940307467250187, 0.8064821563450788, 0.9544415359337174], "b1": [0.769172101770355, 0.9694856811811556, 0.9673982229145824], "b2": [0.161379253005557, 0.9014060432651515, 0.9717743718146233], "b3": [0.154227915478537, 0.9755278679715279, 0.8260189437967612], "b4": [0.17041201615038015, 0.8953047320599551, 0.8970974696904267], "b5": [0.1598984195155078, 0.9380905140658556, 0.8135758689794982], "b6": [0.6103358497302287, 0.9344510587009591, 0.9590796083259623], "b7": [0.15919097178252872, 0.9531585506314539, 0.9381105893718833], "b8": [0.7408126359832835, 0.9488778394104513, 0.8054930082675602], "b9": [0.9877741201544853, 0.8566435011110718, 0.9303498797514693]}