{"b0": [0.9927891705883373, 0.8882533755483374, 0.8563947481603459], "b1": [0.016908877104806028, 0.9037758957793416, 0.8290839680879918], "b2": [0.8687047802717754, 0.8775964046519402, 0.9895440179211455], "b3": [0.7033430177685146, 0.9993342158676675, 0.8065346160798376], "b4": [0.08633267604134978, 0.8408009908233233, 0.9161590324753562], "b5": [0.35304461436257617, 0.9619144892400979, 0.9386852105295322], "b6": [0.0012324171397888953, 0.8633084020560956, 0.8942868939561722], "b7": [0.014212760888147723, 0.9784152266996275, 0.8447669453850435], "b8": [0.16424565653807532, 0.9527292153874162, 0.8080584014058835], "b9": [0.16530921362035256, 0.9151913164162514, 0.8518898539587968]}