{"b0": [0.9743962111247163, 0.965222785594201, 0.8692373366748936], "b1": [0.16701838264734448, 0.943882573032229, 0.8717256847768122], "b2": [0.005529748669139817, 0.9677654352609925, 0.9038450515001604], "b3": [0.16628647650870165, 0.9710318934623169, 0.8305767702958362], "b4": [0.9752660692578804, 0.8720616517077994, 0.9622772733466323], "b5": [0.15886394962367117, 0.8460703808804755, 0.9516263256175936], "b6": [0.004135645715693087, 0.9479414447287493, 0.8996871876505346], "b7": [0.8754220036091599, 0.7927305744184819, 0.9834241809960075], "b8": [0.005634770991248348, 0.9650494615724143, 0.8136095203899313], "b9": [0.16374270989070083, 0.9687619333182225, 0.8643475734530527]}