{"b0": [0.9945695435114055, 0.9610551318057848, 0.8860478803771444], "b1": [0.1733220469325054, 0.8728642205444137, 0.8487780979565887], "b2": [0.17085134548241548, 0.961077615249992, 0.8536460837797969], "b3": [0.024877545977546923, 0.987255693430687, 0.8231997821982595], "b4": [0.8704092313354252, 0.9995793000308251, 0.850073164489599], "b5": [0.15795341065699486, 0.9643309489893036, 0.935309271449897], "b6": [0.8705554792923713, 0.893879090071289, 0.8421915018331839], "b7": [0.9901268300545096, 0.8408850860230467, 0.8936192806865035], "b8": [0.995069063754872, 0.9948841485055959, 0.8604791582894762], "b9": [0.9869193313868742, 0.9240736713939098, 0.9138789003239235]}