{"b0": [0.06782298483739518, 0.9190736012598627, 0.8355813668457848], "b1": [0.9556205195188409, 0.9900520128649091, 0.8155320841923301], "b2": [0.7623564785104474, 0.9613916400790902, 0.8804989870487954], "b3": [0.8507338025589813, 0.8798654626974192, 0.8398245829790129], "b4": [0.08618392550035253, 0.9245053749436498, 0.9042482854438783], "b5": [0.3195123524637908, 0.867903261925333, 0.8491369079291354], "b6": [0.342715090129387, 0.9005843162665599, 0.9479758695142906], "b7": [0.6622683261017827, 0.8494602081430177, 0.8555249766111861], "b8": [0.10193393368181715, 0.9160395956265619, 0.9852125911188071], "b9": [0.0072275469980830455, 0.9567498086446267, 0.8764974053592777]}