{"b0": [0.846759863791292, 0.9456237118416889, 0.960506724616109], "b1": [0.8714731567208089, 0.9539005557273262, 0.8198759013810737], "b2": [0.8984725066369508, 0.8576147087216336, 0.8368804836220608], "b3": [0.744592265406071, 0.8887811818268241, 0.8443014567422583], "b4": [0.840699089619489, 0.9895574844996556, 0.8412729196917493], "b5": [0.353448403104615, 0.9163715428009632, 0.9964802115840377], "b6": [0.6970647639245006, 0.7946790072217612, 0.8374134237944495], "b7": [0.0014105223775398906, 0.8919881634396254, 0.8570980871466111], "b8": [0.15628708363422544, 0.8738034993910674, 0.8867099740707617], "b9": [0.07463585463222974, 0.9483666792439664, 0.8849538013524391]}