{"b0": [0.16748931290623323, 0.9118319266220267, 0.8941274686247592], "b1": [0.08835188928144744, 0.8228122734234036, 0.953616135276163], "b2": [0.8449960812419341, 0.9964420334950097, 0.8208330486514837], "b3": [0.3671928025844856, 0.8402035083091042, 0.881896859785644], "b4": [0.7932050299561627, 0.9433867080206437, 0.9302037017072124], "b5": [0.1643714378309686, 0.9026658560643878, 0.9246747661615139], "b6": [0.8901196159800479, 0.9572897956389199, 0.9830171324528092], "b7": [0.7564891948669085, 0.9333824329385731, 0.8573713230946761], "b8": [0.3437941540454087, 0.9937384261108129, 0.9010829458550276], "b9": [0.5692585794967372, 0.9793209255073049, 0.8060266808914107]}