{"b0": [0.04347095212085485, 0.9764169867355725, 0.8107248510508995], "b1": [0.5876466149188775, 0.878194555911408, 0.8678646595030193], "b2": [0.9229646078680126, 0.9170485565288492, 0.9353830680639927], "b3": [0.8609147165027651, 0.977816513011059, 0.8979176507714358], "b4": [0.16325501747349422, 0.9166144653172239, 0.8755480344161629], "b5": [0.6002143136278434, 0.9134791755364082, 0.8169865096234393], "b6": [0.08429924221032077, 0.9782070007103283, 0.8779931958322075], "b7": [0.8789471217282163, 0.9917837122419918, 0.980228768462228], "b8": [0.8387470230921814, 0.8550882889958638, 0.9205006448300713], "b9": [0.16308671881071934, 0.880337097007661, 0.9509232881538496]}