{"b0": [0.16549187722951952, 0.9352477631784967, 0.9616787079696067], "b1": [0.7324824701260441, 0.9370473165483404, 0.9195919744474892], "b2": [0.60366830011519, 0.971844973918871, 0.8478465354888327], "b3": [0.16122521730484712, 0.970564950377829, 0.8371473654614587], "b4": [0.100420995626582, 0.9470655214858599, 0.8969899837677346], "b5": [0.7971107557366751, 0.915245927299715, 0.8347483588793735], "b6": [0.7501324309377744, 0.931883726063768, 0.9679566099296812], "b7": [0.34483818522229354, 0.8771898820512463, 0.801842601981959], "b8": [0.36609589546214333, 0.884549245055646, 0.9661764652809072], "b9": [0.3261968026173409, 0.9631576204852681, 0.9593300853480126]}