{"b0": [0.3378955301301996, 0.8764455404319347, 0.9564159722073745], "b1": [0.3506216578803278, 0.8358420068597638, 0.8853056691053516], "b2": [0.9727090812096685, 0.9938058992098463, 0.8892843204121474], "b3": [0.005284235892661245, 0.9318097922491924, 0.947101212831576], "b4": [0.003905390033912628, 0.7525056911326601, 0.9769363247699235], "b5": [0.15761307517401646, 0.8477308196681558, 0.9282942562494143], "b6": [0.0057714269543598755, 0.9719766201304739, 0.9550551746950279], "b7": [0.16065748732918678, 0.7719688111686048, 0.8824620484397849], "b8": [0.16424368421986904, 0.8617351646333781, 0.9470557016079867], "b9": [0.1567328826556413, 0.9265168053046527, 0.8737347985412047]}