{"b0": [0.3176808972123, 0.8326913499857973, 0.9349699504770739], "b1": [0.15431374076436183, 0.8418711299040557, 0.8473754673607536], "b2": [0.62035986198344, 0.9996290101559632, 0.9178535530346433], "b3": [0.07149474857451517, 0.906116521338472, 0.9825528792073875], "b4": [0.7062694894089776, 0.9785066788559119, 0.8040844249606411], "b5": [0.7974550710068935, 0.9935676192050429, 0.963991276895638], "b6": [0.25017357128407114, 0.9227853946718774, 0.8675306314067929], "b7": [0.7711637684934002, 0.958300596004158, 0.9979442491616386], "b8": [0.38520439304505044, 0.9915891315783696, 0.8679802294367582], "b9": [0.1606360609676322, 0.8940948803128951, 0.9309141671123388]}