{"b0": [0.004815991166035929, 0.9053093629293327, 0.8298480924169358], "b1": [0.874211296992184, 0.9435126523939193, 0.8739542188919444], "b2": [0.1777232503891614, 0.9524809579369911, 0.9540862599205971], "b3": [0.7616325015490562, 0.7971640488081263, 0.8148079352953114], "b4": [0.5410830841611094, 0.9214108785774628, 0.8733670167761322], "b5": [0.3494702502113796, 0.9827644140571672, 0.9061463011858006], "b6": [0.15727062672401185, 0.941087428914348, 0.9349200439919536], "b7": [0.15928975741257453, 0.9089455140373209, 0.8529285414521556], "b8": [0.9992322781675428, 0.9228231366481363, 0.9313763920132948], "b9": [0.15140763622418366, 0.7925382403425835, 0.9852776820038371]}