{"b0": [0.012922217917734086, 0.980243960005749, 0.8730595993945712], "b1": [0.17083441983825814, 0.9913086995514603, 0.9937969922762676], "b2": [0.3827057740655638, 0.9715038342121615, 0.8357739276409109], "b3": [0.15385902145811794, 0.9563839850183402, 0.9876758462909865], "b4": [0.16427278541283805, 0.978008625018405, 0.9595767584005636], "b5": [0.1649343677898699, 0.9850625155746132, 0.9206794667324023], "b6": [0.013307619268156741, 0.9835451812886272, 0.9449696274877222], "b7": [0.023049803482447565, 0.9904072199745245, 0.8629543911687336], "b8": [0.9984474193203914, 0.7541318972054143, 0.9973962210401957], "b9": [0.33305411641774574, 0.9528678912355142, 0.9800253826827162]}