{"b0": [0.730309760574137, 0.972088454158166, 0.8964206934316136], "b1": [0.33427362098615837, 0.8792474908288245, 0.8239205744875484], "b2": [0.35656650328936457, 0.9680401005944996, 0.8057028849475723], "b3": [0.8634178294345551, 0.9495808809406231, 0.8509522730566301], "b4": [0.33671776295394673, 0.9883919759695372, 0.9406949365062548], "b5": [0.8821518831512191, 0.948895525293769, 0.9669106008149074], "b6": [0.1662464403613474, 0.9102418396736662, 0.9144700986546921], "b7": [0.1666858856414094, 0.9913069620028064, 0.8468578092259821], "b8": [0.1585608345061615, 0.8696453781795083, 0.9647442162719464], "b9": [0.852187705955009, 0.9836010917215953, 0.8450819304865925]}