{"b0": [0.1580698451185796, 0.9555631171140233, 0.8320746520027515], "b1": [0.1576644485871155, 0.9148932065210249, 0.8048276516376563], "b2": [0.33058841026259667, 0.9422415427448384, 0.8626566390507096], "b3": [0.32251379878342107, 0.8553551223781856, 0.849483785289405], "b4": [0.17105951438428937, 0.9349786685683958, 0.9311904253496476], "b5": [0.027362008465143958, 0.8598593885357079, 0.8292449923503494], "b6": [0.16979188233286735, 0.9981732808584876, 0.9724665331695687], "b7": [0.33448780938962186, 0.8900066903744398, 0.9715877533634715], "b8": [0.3119895518017021, 0.9100850657533184, 0.8282608243735714], "b9": [0.7942168063522602, 0.7620132696020612, 0.8243419509169476]}