{"b0": [0.009634387737885866, 0.9244394025510012, 0.9120720196852292], "b1": [0.3449636208575302, 0.7243164757838749, 0.8567191910620189], "b2": [0.9987414059406328, 0.9919242231389056, 0.9752620268005938], "b3": [0.2795319687308804, 0.856432627812259, 0.8275041593260358], "b4": [0.016143911628312514, 0.9667458003507629, 0.9102296411312756], "b5": [0.7350733062741398, 0.8494270764775201, 0.9816311535486929], "b6": [0.7359511164223782, 0.8714114788396432, 0.9814639214720207], "b7": [0.532476053707037, 0.9957757526725015, 0.8137734350816764], "b8": [0.1554302139763484, 0.993780265617398, 0.8226120657471503], "b9": [0.7379450624705739, 0.8958050607884767, 0.9977559352757605]}