{"b0": [0.004774950604080825, 0.8546575438496727, 0.9080906332201227], "b1": [0.7481731601661187, 0.9428423121371662, 0.9495322724860259], "b2": [0.6779450876512101, 0.9832648755689791, 0.9446057086201077], "b3": [0.00064042373821671, 0.9597438708582383, 0.8751113088066941], "b4": [0.9817163687044171, 0.8050251033020757, 0.8040126839531981], "b5": [0.07659665987447636, 0.9877612574592031, 0.8140457335548962], "b6": [0.720371275051658, 0.8272227302155791, 0.8012940363109446], "b7": [0.7501886149075058, 0.8988494992553185, 0.9762714262282679], "b8": [0.5519966635448179, 0.7528502685578233, 0.9009055000486419], "b9": [0.1641011673537232, 0.958764704897594, 0.8360091929156583]}