{"b0": [0.3747573559251892, 0.9783032485404827, 0.9998721035056479], "b1": [0.8641914720174104, 0.935137466216861, 0.8515261946062769], "b2": [0.9845866691041448, 0.9168432006562555, 0.9213648148172191], "b3": [0.765201508356359, 0.871416015129754, 0.9975048200345503], "b4": [0.7326769404360298, 0.9064982255851507, 0.9861672833600061], "b5": [0.08540451544248405, 0.9710229515593933, 0.9201910731813919], "b6": [0.009459123647039347, 0.913466072519291, 0.9266406862777601], "b7": [0.8379785329582841, 0.9359752757486993, 0.981507493658379], "b8": [0.9891388057527607, 0.973227317177343, 0.8178273744434935], "b9": [0.7589457840842249, 0.9444348677953893, 0.8524149713977047]}