{"b0": [0.723250978777141, 0.8124765040013667, 0.9206119437268021], "b1": [0.00024309004620790312, 0.9009383596894205, 0.9877554719193417], "b2": [0.7182174147042116, 0.8640934792566614, 0.9080284138003252], "b3": [0.7544064808254107, 0.8688259336025658, 0.8855045555609579], "b4": [0.8236557890859647, 0.8601435899325537, 0.9961416480714526], "b5": [0.3291467470035288, 0.7605350590194645, 0.9214775036345426], "b6": [0.021203395662136672, 0.9949898237121366, 0.8553573226800316], "b7": [0.10561861805047433, 0.7893720327170862, 0.900841818843126], "b8": [0.8294133211129399, 0.9523800453777094, 0.8353215634808777], "b9": [0.9991517463256255, 0.9383754690547886, 0.9831833745645239]}