{"b0": [0.3194055228704839, 0.9618514652449831, 0.9335089877942936], "b1": [0.8704538712710633, 0.7719898073265078, 0.8259086761310337], "b2": [0.35162257127267915, 0.8137247001670832, 0.9514042842192082], "b3": [0.09165914190254248, 0.9888439152038253, 0.9174729511856557], "b4": [0.6157080227023385, 0.941619687197546, 0.9271678003673521], "b5": [0.6464046968491997, 0.9023421821530149, 0.8582978343739271], "b6": [0.8932902151551978, 0.9880442215760314, 0.8719692893810352], "b7": [0.9561110465755995, 0.9903937840727618, 0.914635751970998], "b8": [0.15801075323956337, 0.9596900366786207, 0.9045330900344716], "b9": [0.019150278163711395, 0.8580370284099398, 0.999411663792839]}