{"b0": [0.8783735729729035, 0.8882617872460702, 0.9621841679910618], "b1": [0.6447899217575965, 0.9772836373736666, 0.9064112551868605], "b2": [0.16186352390911413, 0.8877240391064691, 0.8234235285284871], "b3": [0.30709638568328573, 0.9635686601534242, 0.9249369866869906], "b4": [0.6708195900621375, 0.9938328991334635, 0.8533812288702655], "b5": [0.5786814421035545, 0.9781307965332919, 0.9380804924451577], "b6": [0.9843523305873441, 0.8945821906312262, 0.9242061798361776], "b7": [0.9021532232407838, 0.8242032522042407, 0.8221007402522875], "b8": [0.9910540290109899, 0.9394845416072171, 0.9292307272435723], "b9": [0.09523595592532563, 0.9271025844028649, 0.8676186654250344]}