{"b0": [0.5301733999874151, 0.9964437626302463, 0.8504184504938204], "b1": [0.884640932552207, 0.8900451486916191, 0.9884385025638786], "b2": [0.6522310545454758, 0.8623953692193436, 0.9683233833754231], "b3": [0.7441264285115459, 0.9105821042395403, 0.9029109081997534], "b4": [0.6310084819507285, 0.98646113630768, 0.9293721513982409], "b5": [0.561159685245687, 0.9515042206863648, 0.8419013745178268], "b6": [0.5899964399780838, 0.9767920360404377, 0.8919338760944931], "b7": [0.7383176988833327, 0.9654702681757983, 0.8472339486296012], "b8": [0.775066786194785, 0.9963344953733642, 0.8312828922633895], "b9": [0.5859575126882732, 0.947719327383092, 0.8927483444075781]}