{"b0": [0.15851897350471497, 0.9187329433373399, 0.9275112528178812], "b1": [0.5746963538524031, 0.9707743996942803, 0.9292663650669069], "b2": [0.5915182361077171, 0.9691286201203113, 0.8116848013467617], "b3": [0.7481782514552817, 0.9069252323423079, 0.8249892386596622], "b4": [0.789308484244424, 0.8139803709803708, 0.847740332114602], "b5": [0.635066593668235, 0.8171777826637674, 0.9472934013831423], "b6": [0.7844605796155147, 0.9289890386691677, 0.8251870083160873], "b7": [0.6202246828407938, 0.9647162694663133, 0.8747051225668419], "b8": [0.6567099714087895, 0.8840738739168893, 0.9209274507635302], "b9": [0.7702912832765075, 0.9804366665889035, 0.8859122598044534]}