{"b0": [0.7509844778972738, 0.9039715990618659, 0.9897653581584568], "b1": [0.7751772232267449, 0.8938524999164311, 0.8368204093644942], "b2": [0.6154743363668511, 0.937389248262253, 0.871067060825234], "b3": [0.7791270456079786, 0.8832614684933385, 0.9615667467838452], "b4": [0.7453837480362678, 0.9691118873920437, 0.8283059328044581], "b5": [0.9861398173372399, 0.9885014440472646, 0.9373873468386126], "b6": [0.601094444090579, 0.9465716903723438, 0.8427784249211513], "b7": [0.7801202960121867, 0.9483393952719308, 0.8260187734730887], "b8": [0.5960714647017794, 0.8873695561601808, 0.9866720200417315], "b9": [0.7274700923531929, 0.9815664097354726, 0.8392471671073687]}