{"b0": [0.7598573940686972, 0.8511301939286997, 0.852611255691266], "b1": [0.593089412268474, 0.9610384962167811, 0.8747158459380935], "b2": [0.5608652707914065, 0.9989426562765844, 0.9699749359379909], "b3": [0.7413925551817145, 0.9625286847221011, 0.9866835562895331], "b4": [0.9978105903315685, 0.9364687276587803, 0.9427838839999694], "b5": [0.7647617510785384, 0.9365919371037917, 0.923607908666431], "b6": [0.6598607167029263, 0.9713877041969653, 0.8990942251073395], "b7": [0.7510288079873055, 0.9494703157361672, 0.9668506352184697], "b8": [0.7507024083400696, 0.9965045574007618, 0.9194154070897035], "b9": [0.7682115886895214, 0.951106610151851, 0.8984642834232517]}