{"b0": [0.5565083393612735, 0.9133611848921456, 0.876514579899131], "b1": [0.6254067248171724, 0.8806207198608519, 0.8746879630303362], "b2": [0.7337344311091601, 0.8447416983956014, 0.8526862031907033], "b3": [0.6015241025060802, 0.8917878111577984, 0.8057540998590385], "b4": [0.7812000366629952, 0.9736631313151933, 0.9916329836457146], "b5": [0.6420960858058133, 0.915177694748636, 0.9262053507138077], "b6": [0.5826220204342591, 0.9129498479267975, 0.8542320197815784], "b7": [0.597351380889902, 0.8530266612175383, 0.9734465115984237], "b8": [0.774687631474514, 0.9373369624680951, 0.9320526188731506], "b9": [0.7761104592798431, 0.9215459501049024, 0.8284271398045564]}