{"b0": [0.7414771556218617, 0.9455976871680893, 0.8551522671754265], "b1": [0.2670519288461841, 0.9193378031768266, 0.805850696326005], "b2": [0.7624792386557574, 0.9864289181219248, 0.8432298350692367], "b3": [0.6547333990313604, 0.8048487182036985, 0.8125276567192347], "b4": [0.7319942458315984, 0.9349784995255876, 0.8015618826365761], "b5": [0.6087510477059412, 0.8675551311140882, 0.9913441639504121], "b6": [0.6039196205309744, 0.9886847589104467, 0.957574322296737], "b7": [0.5747901863312443, 0.9771826566731925, 0.9507624137441387], "b8": [0.7721021955494155, 0.931528317934424, 0.9213510059619194], "b9": [0.7660342040004103, 0.9047801079695935, 0.8987608217864538]}