{"b0": [0.8422314288629685, 0.9241237715534176, 0.9850582070571099], "b1": [0.6872681854691487, 0.9349583895915373, 0.9148110136715023], "b2": [0.6209479162748149, 0.9061128438680061, 0.9621100417423202], "b3": [0.6079449543835335, 0.8314496489481275, 0.8759109643474239], "b4": [0.7601994492425307, 0.7903426593799954, 0.8423636175910408], "b5": [0.713786023134389, 0.9411097639274346, 0.8190720011923232], "b6": [0.666548343751176, 0.8688716311578928, 0.9280581808209328], "b7": [0.7570092088006452, 0.973965353899515, 0.9780496846466992], "b8": [0.7477038319183926, 0.9997343968116935, 0.9872606405487274], "b9": [0.5815731856395031, 0.9744046825877892, 0.9369410262552164]}