{"b0": [0.998320468345245, 0.7847328071890809, 0.9358705489356796], "b1": [0.1638335553002385, 0.9436440671957176, 0.901336524934836], "b2": [0.17241234946871412, 0.9422820405840702, 0.8724433712761949], "b3": [0.3471285132260629, 0.9160438126007293, 0.9225172350012386], "b4": [0.3229504526470943, 0.78669011325429, 0.9324811199501132], "b5": [0.36098502065806415, 0.91343778565913, 0.8289912188600564], "b6": [0.15798583406763506, 0.8200652616771836, 0.8631974243600118], "b7": [0.6165604072419102, 0.8955892747032235, 0.9025853700390178], "b8": [0.6088540890206492, 0.9711368641940393, 0.9806955136934957], "b9": [0.1598955195548078, 0.9833207493580172, 0.8592061215311824]}