{"b0": [0.7316997257577968, 0.9983544144061287, 0.8727016785141628], "b1": [0.7663396912708049, 0.9402509995048058, 0.9095002340226127], "b2": [0.7597840391614552, 0.9071880579418891, 0.9294317864758723], "b3": [0.0005545571345876807, 0.9469931451159062, 0.9263750836836868], "b4": [0.09769855498066557, 0.7402636909556393, 0.8932789936755735], "b5": [0.15942312667848993, 0.9905583108358824, 0.898522078737478], "b6": [0.7133904087018575, 0.9607897321118999, 0.8226575169389964], "b7": [0.5764119584818688, 0.9594495202939034, 0.9360151257432782], "b8": [0.761345800325138, 0.9981030083141289, 0.8214081589829847], "b9": [0.8581833237153712, 0.9997141392710681, 0.8069113847488748]}