{"b0": [0.9986936120088196, 0.8772182533035252, 0.855325528824061], "b1": [0.8689137349023143, 0.7190001315553047, 0.8411220965344819], "b2": [0.9689573213855628, 0.9999857529895815, 0.8733275702648009], "b3": [0.7141423928244126, 0.9625915182388254, 0.909490741696827], "b4": [0.16649636966265477, 0.9795771351344195, 0.8090971864179147], "b5": [0.7222965971819312, 0.7951150968858309, 0.891577118205434], "b6": [0.745841285155534, 0.9605452804184971, 0.9511776910793682], "b7": [0.7221575758034383, 0.8979678142204653, 0.8487443503628705], "b8": [0.8565599484581924, 0.9441120229208119, 0.826810140338444], "b9": [0.7518908698182559, 0.8902683575631052, 0.9262258643873935]}