{"b0": [0.06788941663299981, 0.9380627474207153, 0.9225423517505122], "b1": [0.6986371544016339, 0.9602998235840557, 0.9647946997829234], "b2": [0.005221908464898248, 0.8643040281618323, 0.843564233883905], "b3": [0.7203602496329409, 0.9441424671966374, 0.9478571720170024], "b4": [0.7857675951556783, 0.9469133931002844, 0.8159683419361055], "b5": [0.887253487722676, 0.8960021187126486, 0.8255405548285821], "b6": [0.1662179141701756, 0.9151804848839983, 0.9263163774394576], "b7": [0.8062874485941123, 0.8360342011563998, 0.8971285172978948], "b8": [0.7487459253568501, 0.9168484850810839, 0.8556793611666261], "b9": [0.7680478664100729, 0.9756728670362742, 0.9311974387164451]}