{"b0": [0.746895979273696, 0.9642595378526511, 0.9394319165995998], "b1": [0.1627951388706001, 0.9447107144478583, 0.989710602600693], "b2": [0.5789961606974522, 0.9333262480836697, 0.9257317738821598], "b3": [0.09832524995938309, 0.9442323350471443, 0.9032590290393346], "b4": [0.15871355961772268, 0.8290935626421745, 0.8821519323845978], "b5": [0.6564123390987366, 0.9709098063366032, 0.8391452426695263], "b6": [0.10819904075574063, 0.9951239704140513, 0.900007125905296], "b7": [0.34136600794652294, 0.8461197337254702, 0.8428285195502921], "b8": [0.15748690531738954, 0.9256232142526285, 0.9464671410631845], "b9": [0.16480812464570188, 0.9946022005931315, 0.8911230169538911]}