{"b0": [0.14860703708680728, 0.892881803835814, 0.9138465185353409], "b1": [0.8353767467082491, 0.9364883622652971, 0.8033081158125901], "b2": [0.6357254488607396, 0.9446654606809772, 0.9333455143868516], "b3": [0.9372195649626786, 0.9760875696842588, 0.94624394143386], "b4": [0.08341688459117817, 0.9802138251132252, 0.972893197694127], "b5": [0.37041728690922343, 0.9740341647078046, 0.8164987629803364], "b6": [0.33169194684809084, 0.9024139531881956, 0.8331503896768043], "b7": [0.0018391562842548506, 0.9537948562926931, 0.8124472835902542], "b8": [0.15993819653908106, 0.9426175173891729, 0.8836352195592484], "b9": [0.7734150480125738, 0.949336961472888, 0.967610813654665]}