{"b0": [0.5630358982218499, 0.9643952020367428, 0.855614155881176], "b1": [0.5901310030674485, 0.9908196975647092, 0.8530597276016288], "b2": [0.020903889359808324, 0.8739060636541836, 0.9544052915736602], "b3": [0.07115526878673588, 0.9797474823404059, 0.8779860126552964], "b4": [0.0680254661185288, 0.9872533684680233, 0.8798020541258695], "b5": [0.1529833804048684, 0.9889740890472729, 0.8409178129258179], "b6": [0.29952777256537827, 0.7828119623397118, 0.9286367191476391], "b7": [0.6815869487013616, 0.8160104344111148, 0.848087747989858], "b8": [0.5849187509659555, 0.9238029967396948, 0.9696258922791209], "b9": [0.1599706913104651, 0.9637606914338543, 0.863004356096249]}