{"b0": [0.07467670850108583, 0.8629118115437133, 0.883694792974992], "b1": [0.8630126553114087, 0.909764717630441, 0.810571410060145], "b2": [0.9680327560544043, 0.9706501398961, 0.9076783659583447], "b3": [0.7997201611435854, 0.9243148175121573, 0.9815608330940466], "b4": [0.6280731004455925, 0.9497664131289518, 0.9123897169687295], "b5": [0.9182777374406496, 0.9708434442272624, 0.8078399167037216], "b6": [0.1564305730296386, 0.9843242221189519, 0.9593914908845652], "b7": [0.8503595576122644, 0.9214911609092349, 0.9460264844146523], "b8": [0.3483782075843016, 0.9770738820465698, 0.8507837409444114], "b9": [0.16518829973588806, 0.9783158632293829, 0.813161869235395]}