{"b0": [0.1661433658923348, 0.8131923687844917, 0.9439478618006794], "b1": [0.7375690092062341, 0.9882437292069265, 0.9839098436371339], "b2": [0.34546467009521575, 0.9613254885438639, 0.9863575764114694], "b3": [0.34590786316605543, 0.9604047428029913, 0.805965384215584], "b4": [0.08675937260060863, 0.9729443793229656, 0.9635519786218834], "b5": [0.16569701874949336, 0.982877720855651, 0.886716660459253], "b6": [0.732118593756232, 0.8243956034072079, 0.9719148371888844], "b7": [0.16421860147699627, 0.966439154494413, 0.9798613959472197], "b8": [0.7324773676772723, 0.9767671352292931, 0.8004383443664065], "b9": [0.3530966341074464, 0.8699910225677772, 0.9317387993680468]}