{"b0": [0.998276109556226, 0.9472241176160102, 0.8133226423871893], "b1": [0.9964446489428164, 0.9282903186408271, 0.8405677397454996], "b2": [0.06735832595102606, 0.9726953959298094, 0.9278119641240188], "b3": [0.019171712099516115, 0.9319004596117533, 0.9906156668352005], "b4": [0.3319908736659626, 0.9630292672063199, 0.8933664824221], "b5": [0.735907649585654, 0.9579711955858101, 0.9909236554153261], "b6": [0.16173179386021608, 0.9877932049324282, 0.9551429236247266], "b7": [0.9029482599643925, 0.9268358908504273, 0.8094236295943494], "b8": [0.6009773709101114, 0.9980518852646889, 0.9508517229348703], "b9": [0.01004352351881459, 0.9783366990062693, 0.8054441235917102]}