{"b0": [0.3342947400253173, 0.9976887036937974, 0.9892493710297251], "b1": [0.31863411508371914, 0.8625172618766055, 0.8058008913978802], "b2": [0.16294995955359812, 0.970561693732872, 0.8403831507678309], "b3": [0.3385066067949725, 0.9144103735257465, 0.9610383005125772], "b4": [0.33231311428531846, 0.8254191329101856, 0.8164926423215277], "b5": [0.733737130918171, 0.9455775840056039, 0.9089843204149437], "b6": [0.6025402983602376, 0.8872637333544243, 0.8767164334574643], "b7": [0.8763773888503101, 0.959804230242146, 0.8622033380292501], "b8": [0.058589287340911095, 0.9990007463296738, 0.9819864249471489], "b9": [0.08453583717479138, 0.9613163720793162, 0.9719279525540556]}