{"b0": [0.8826071957188746, 0.8034631289958533, 0.9663182489325832], "b1": [0.0649152524408653, 0.8038488369612756, 0.8083103982991757], "b2": [0.013403929414418536, 0.889244463756481, 0.8149542595944288], "b3": [0.08767242815639459, 0.9112348263804079, 0.9626786945520689], "b4": [0.0010250486635045204, 0.9614093847671709, 0.8774674186550468], "b5": [0.16422314532126897, 0.9931852834198024, 0.812823384153476], "b6": [0.8534933388554043, 0.8945127255434691, 0.9341252342027427], "b7": [0.07746875478270936, 0.9338196290897466, 0.9169914671532285], "b8": [0.8612653581404234, 0.9372408435091363, 0.8854963222612834], "b9": [0.158503097312651, 0.9821472882216062, 0.9522897646364646]}