{"b0": [0.8907765936072568, 0.9810617942501244, 0.8161639310795817], "b1": [0.8818582721075541, 0.9938698145634736, 0.8864542225334033], "b2": [0.6105222283998117, 0.9891826579519031, 0.8411630702978755], "b3": [0.5829120425950015, 0.8062292795369663, 0.9905350983938495], "b4": [0.6320744629986388, 0.9552156737634528, 0.9302196917483834], "b5": [0.9117667677273961, 0.9152640944642357, 0.9505771012955639], "b6": [0.15847060850850977, 0.8861566942440092, 0.821693612944551], "b7": [0.1607764442831142, 0.9226791496701275, 0.934499180328835], "b8": [0.8743137934472623, 0.9657676128979662, 0.8071516445146262], "b9": [0.14968964586891262, 0.9574777911354343, 0.9877355528118567]}