{"b0": [0.567240760232526, 0.9613044756231689, 0.9957649582025606], "b1": [0.6328414941754175, 0.9142869759700065, 0.8426015684811938], "b2": [0.15882268054323861, 0.9400943788399171, 0.9832914451972193], "b3": [0.7579806313030096, 0.9682389618545548, 0.915104094856845], "b4": [0.6280224494724855, 0.9598558409235989, 0.8966667751141689], "b5": [0.6324546566153362, 0.752464873471139, 0.8282960913814611], "b6": [0.6664904133113346, 0.9898162120447437, 0.8775202754008968], "b7": [0.7138251609748396, 0.9166655495576823, 0.8442327110823649], "b8": [0.6418301389111041, 0.8936087754279941, 0.9856212317982656], "b9": [0.8708523138332673, 0.9924530040342685, 0.9764352313364995]}