{"b0": [0.7651304041715832, 0.8915105400012977, 0.9448933710811389], "b1": [0.32182189273036355, 0.962243068846278, 0.9538128969669073], "b2": [0.6521163442670325, 0.9049117598947973, 0.8016898632424574], "b3": [0.6364640191371655, 0.8323251415109645, 0.9088287461243487], "b4": [0.07964461576905128, 0.9748046998201635, 0.8239870483528275], "b5": [0.34731949718517546, 0.9950828116099093, 0.9632471942532018], "b6": [0.6023836059454378, 0.9730823715463319, 0.9405618049750113], "b7": [0.565255669561749, 0.9794020601782439, 0.9219544284533893], "b8": [0.5498017592279584, 0.8966212747909509, 0.9897895572445471], "b9": [0.06093727983978811, 0.9942085153636563, 0.9372593773098165]}