{"b0": [0.9847239533413351, 0.9780863340132332, 0.9838998620536293], "b1": [0.1551642356191196, 0.8643943319215975, 0.8093108032327275], "b2": [0.16313691031766933, 0.9506538321771575, 0.8318395706076527], "b3": [0.784211281392645, 0.9435082133805639, 0.9614632065263362], "b4": [0.09757082726256294, 0.8424977778054483, 0.9830488450599297], "b5": [0.008360895664990407, 0.9072739561748773, 0.8715482862133764], "b6": [0.7521113992982369, 0.9106793262208077, 0.9471925931989442], "b7": [0.010797586112042255, 0.9721476417484619, 0.9896110826260434], "b8": [0.9982672637420618, 0.8137692745664011, 0.8219691463277634], "b9": [0.7049830388116151, 0.7432641754125733, 0.8096433438446639]}