{"b0": [0.9904154665754382, 0.8299916810093597, 0.8574540875533667], "b1": [0.5550635550889134, 0.9665545912307368, 0.9673172566695669], "b2": [0.9918907327442544, 0.8914874560523, 0.8789038538056633], "b3": [0.7558653727577861, 0.9236038914581886, 0.9223603989165686], "b4": [0.8758956730624752, 0.8767874153197917, 0.9118109602752217], "b5": [0.6467616689164237, 0.8864851160648732, 0.8315016840793323], "b6": [0.8832875809368637, 0.8690248379877401, 0.8024737253945707], "b7": [0.009763295063205666, 0.9795233565406392, 0.8925367279423994], "b8": [0.6669036438453905, 0.9150633896659849, 0.8128023814820206], "b9": [0.15793642910485967, 0.9747207406402049, 0.8910270384062531]}