{"b0": [0.7930617336091876, 0.9811049768512167, 0.9857256751273379], "b1": [0.9991192618640983, 0.9582518280729541, 0.8498154114938014], "b2": [0.571244572134266, 0.9534867572460043, 0.9886328042451775], "b3": [0.6089946275418401, 0.9589501087256741, 0.827681582788484], "b4": [0.8478314460689778, 0.7514730938746464, 0.9285011915037898], "b5": [0.005888554839453794, 0.983115966926498, 0.9481672474579976], "b6": [0.7606878185824599, 0.982003405817113, 0.8186331386097346], "b7": [0.16662809132448206, 0.9028415335891836, 0.8823685276172213], "b8": [0.5769283824275498, 0.9769662706786015, 0.9924007562190796], "b9": [0.8229189980377821, 0.9158081177393532, 0.9669389657382726]}