{"b0": [0.16012896387460165, 0.9092008748347183, 0.9167747672444635], "b1": [0.004675187289560206, 0.9906698436443275, 0.8562344747952563], "b2": [0.7541373866497613, 0.8665120874940299, 0.9830417048873613], "b3": [0.8426120418252957, 0.9717751323515184, 0.8291010131782014], "b4": [0.005323893296408742, 0.9009294130531926, 0.8311297099178393], "b5": [0.15170181622108392, 0.8977678916268492, 0.8356190213961285], "b6": [0.7331356472973032, 0.926908407868354, 0.8549856877681208], "b7": [0.863936108871145, 0.9399406506977505, 0.8508157510620543], "b8": [0.6517180100603329, 0.8658910863191851, 0.8306485978580089], "b9": [0.6033750765086845, 0.9093596465423139, 0.8724015973934394]}