{"b0": [0.6294609330370654, 0.9462633902994634, 0.990526841889207], "b1": [0.07359111835865823, 0.8482453318670059, 0.8132097491666402], "b2": [0.9886540040427323, 0.9043563246573784, 0.852940722243135], "b3": [0.7591308036440405, 0.9799391668198741, 0.8659382913042354], "b4": [0.8269693147984502, 0.9861670189388688, 0.8404191072056704], "b5": [0.6131517931532096, 0.9800592228638801, 0.9957896047404085], "b6": [0.6214366433177553, 0.9464725373752512, 0.8490536953965949], "b7": [0.004797271530205705, 0.9600108157168684, 0.8603192611878256], "b8": [0.8752374013606121, 0.9331318125626602, 0.9715633743094245], "b9": [0.866012986851602, 0.8107312453190784, 0.8890295757566804]}