{"b0": [0.17299681424774516, 0.9437215182644421, 0.88234437867198], "b1": [0.36577028926151606, 0.9924618718505421, 0.9035752653996946], "b2": [0.25574432002266384, 0.9946279502901395, 0.9261245605179214], "b3": [0.15916025013431215, 0.8715835113254553, 0.9976407687522252], "b4": [0.1647564202078979, 0.8100769493570362, 0.8210733736372328], "b5": [0.16033680601608513, 0.9829373920664328, 0.9374901201589247], "b6": [0.1693144049645751, 0.8488131380599562, 0.8985150752919547], "b7": [0.9025249157564322, 0.9726689858249803, 0.8087010916214753], "b8": [0.880136512752333, 0.9661399647903813, 0.893719340795117], "b9": [0.5992834933639625, 0.8474561342990313, 0.933113436471578]}