{"b0": [0.8851129892446399, 0.8357247122938181, 0.8778125130517388], "b1": [0.28793684633727407, 0.8320044960094377, 0.8981893273258689], "b2": [0.2989102788254284, 0.9214693054801295, 0.9384567811368327], "b3": [0.891162455032234, 0.971649605407274, 0.9527914804209273], "b4": [0.8637472359588042, 0.9490138524069289, 0.9864481573080276], "b5": [0.15075403881309693, 0.9789579288085823, 0.9571760323504808], "b6": [0.3588741130425185, 0.9637929075515912, 0.9013678093492251], "b7": [0.15140839799618547, 0.8125274117476207, 0.8394153094409298], "b8": [0.16050705363556436, 0.98910589421796, 0.8014431966963208], "b9": [0.7912606801931658, 0.9944626360594186, 0.876719001624196]}