{"b0": [0.15986581233425212, 0.8634077544488751, 0.9821508817665593], "b1": [0.3510613292435133, 0.9463971031301532, 0.835819658552347], "b2": [0.15947410362057582, 0.9053396734731605, 0.9033887843205377], "b3": [0.17297188654668857, 0.9315911521357454, 0.8304608713353197], "b4": [0.1599457417107783, 0.9913391558619525, 0.861296637189135], "b5": [0.8688122685729531, 0.9190003468035889, 0.9909936370391584], "b6": [0.3229486497459678, 0.9961190568469585, 0.9005988371912461], "b7": [0.16122740459090829, 0.9869640689006083, 0.858095164592033], "b8": [0.17128887250518637, 0.984095899253886, 0.8179477779158129], "b9": [0.8780823154065774, 0.8926027100066866, 0.8818833503791674]}