{"b0": [0.16578035085847453, 0.9910002508349822, 0.8927506633977077], "b1": [0.1671684459791906, 0.9102291415793499, 0.8052849043008152], "b2": [0.16715126433013475, 0.9400263862976033, 0.9114448824711522], "b3": [0.15426375914144302, 0.805393897716035, 0.8526663613683441], "b4": [0.8864349372955478, 0.9525711661256036, 0.9834810308594242], "b5": [0.15497730191748219, 0.9289978745994348, 0.9741912592181394], "b6": [0.31888612900599456, 0.8993265259325635, 0.8354720580413173], "b7": [0.3379131190008159, 0.8665745395580439, 0.9505110049877701], "b8": [0.9002178851060805, 0.9810934447919132, 0.8026598326098872], "b9": [0.16234130749877373, 0.9291275594806541, 0.9645986366924233]}