{"b0": [0.16348936361725241, 0.8972615637729631, 0.9741894173944248], "b1": [0.16594571796446705, 0.9883068398047464, 0.9394680443971126], "b2": [0.15575260660284412, 0.973430488962716, 0.9968054815744799], "b3": [0.16024725925532557, 0.845766239857021, 0.8293607322975249], "b4": [0.8997905256438286, 0.7974001589589886, 0.8649097044299809], "b5": [0.07102318145529846, 0.9185135963499019, 0.866391100455743], "b6": [0.30499020967046, 0.9559735184698304, 0.9186174718171246], "b7": [0.9816174437958095, 0.8874536016748759, 0.8717431635474133], "b8": [0.3526481051345818, 0.9612071082772107, 0.9984268213055593], "b9": [0.8801290120319903, 0.8474559856871767, 0.8127004777880964]}