{"b0": [0.05000188374093126, 0.8998875832906063, 0.874021284248876], "b1": [0.15920566283695384, 0.8279579008135375, 0.8914837522641648], "b2": [0.6066434196967356, 0.9577644804789842, 0.9304454204870243], "b3": [0.15757472498577363, 0.847547108612559, 0.8663253516206052], "b4": [0.3222505434141511, 0.9427398294081538, 0.8604651494133431], "b5": [0.1557937310087057, 0.935019366374099, 0.9781995083818167], "b6": [0.636697189711905, 0.9232097691363035, 0.9787839264828251], "b7": [0.8277135578425951, 0.9490686227028207, 0.8936133109326867], "b8": [0.15830605461410038, 0.8687422697647987, 0.9970847604702294], "b9": [0.7283795564836157, 0.9582182915840732, 0.8405285585926104]}