{"b0": [0.1619729975921722, 0.9498489816225633, 0.8173016868856187], "b1": [0.8637938036592651, 0.8954264422572034, 0.8042059197759762], "b2": [0.84651395192534, 0.9624319864796094, 0.835022541814806], "b3": [0.33116464775710674, 0.9990100355433061, 0.9054061365174535], "b4": [0.1677794924097904, 0.967563549541749, 0.8544634899373341], "b5": [0.16428975262987142, 0.8826001136336479, 0.8891387405972655], "b6": [0.15335754952714126, 0.9598858105278293, 0.8606086719607557], "b7": [0.5737337568632203, 0.9307900735726481, 0.9603069551193727], "b8": [0.9935433154902797, 0.9419048833633579, 0.95682017249734], "b9": [0.1586987889059207, 0.860857702326866, 0.9469885310528539]}