{"b0": [0.737804421115861, 0.9532869825731636, 0.9429072155991629], "b1": [0.6428039484204976, 0.925405532908266, 0.8841851721962527], "b2": [0.7468396842086701, 0.9828745101823302, 0.8490078711389012], "b3": [0.7404311318213074, 0.9022987689076706, 0.8762250950362924], "b4": [0.6396692173938532, 0.9987849778186941, 0.9674438505538858], "b5": [0.8373386986532851, 0.9334899294009227, 0.8207783500038829], "b6": [0.1649717689049645, 0.9102173646112255, 0.8928883905808127], "b7": [0.0061865337386034225, 0.84434247954809, 0.9662323458754988], "b8": [0.6979161049223562, 0.8476975693725263, 0.8718713686767433], "b9": [0.6116713790236397, 0.960653284857232, 0.9912336873001527]}