{"b0": [0.0051684812045522666, 0.9966098095075441, 0.8943500262117376], "b1": [0.6209205920482699, 0.9350306744726912, 0.827374106991295], "b2": [0.004841519507469528, 0.9869044448794257, 0.9527537351281775], "b3": [0.7485397325456846, 0.9401286650540089, 0.9148823562521976], "b4": [0.9756339019329875, 0.9685549244178193, 0.9206819673470505], "b5": [0.8383604839469246, 0.9781395441133739, 0.949493589154115], "b6": [0.09185835036833588, 0.7876767849031218, 0.8981133961548133], "b7": [0.8396277306474367, 0.9524531229141416, 0.8690175366855623], "b8": [0.09117848959391439, 0.9028863221331531, 0.947908140317934], "b9": [0.33932696558752384, 0.9193736356654436, 0.8313897093735193]}