{"b0": [0.008260961873771294, 0.8954556721872815, 0.8225688592923395], "b1": [0.9982966613161992, 0.9756021232721622, 0.9298029200639067], "b2": [0.9832081946328206, 0.8434310531444161, 0.9844135354552693], "b3": [0.7550373408340577, 0.9768793979725656, 0.9148306542603684], "b4": [0.06985632364374464, 0.9870730065534716, 0.855013774684106], "b5": [0.751184811021548, 0.9396302330754357, 0.945508723715168], "b6": [0.0005803796474641638, 0.9453904473743071, 0.8752672307648328], "b7": [0.003597110109606981, 0.7738430249064371, 0.9273934260916177], "b8": [0.8896884695956273, 0.995585226799645, 0.9357807494056751], "b9": [0.004338849926767971, 0.9879734514794488, 0.8629684314240528]}