{"b0": [0.011890958766183672, 0.84116553352865, 0.8460531980450411], "b1": [0.011339117381839105, 0.9559706532747172, 0.8503328680765284], "b2": [0.32599617796695973, 0.9973832770443666, 0.8897317918544299], "b3": [0.9868851204107334, 0.9747050566276394, 0.9629282313961544], "b4": [0.7859133520465662, 0.9999836842984507, 0.9332779346682201], "b5": [0.0005487439472417377, 0.9787859646987758, 0.9588305094827096], "b6": [0.30966661697469966, 0.9665315387588502, 0.830470896990947], "b7": [0.9734232186871403, 0.9308855172430203, 0.9940301626297924], "b8": [0.09033899491302791, 0.825314437170926, 0.9314191713189394], "b9": [0.999485297025204, 0.9926579761118361, 0.9604023373837225]}