{"b0": [0.9834457725964488, 0.7972135822214387, 0.9513590634208628], "b1": [0.32648746089317754, 0.8519648941586263, 0.9290811524864395], "b2": [0.1505030287299989, 0.982758627732492, 0.8062180383811683], "b3": [0.8732890920151728, 0.804724335944452, 0.9851718979791829], "b4": [0.00783358574678435, 0.8985296045724624, 0.8897238083910256], "b5": [0.10067140378504885, 0.9187615600731206, 0.9310641474708586], "b6": [0.012879250203046675, 0.9577521225235046, 0.9143424289640596], "b7": [0.062255390204775246, 0.8720949052360899, 0.8700166667347756], "b8": [0.8846838868046111, 0.9770550439716714, 0.8519718321387016], "b9": [0.775884709271736, 0.839843074893682, 0.9454535413029194]}