{"b0": [0.9978214824410985, 0.9506348195791381, 0.8179350788808406], "b1": [0.3366090563758577, 0.9665446689168208, 0.9676948010891685], "b2": [0.16131957276971043, 0.961753274784464, 0.9874184024366557], "b3": [0.34591301977749517, 0.9456531655482494, 0.8374311701506439], "b4": [0.7587027949511501, 0.988542890007448, 0.9503603763404449], "b5": [0.013327952375551183, 0.8721727526869885, 0.8347977360529777], "b6": [0.3018454978124361, 0.9985712842364657, 0.9359370531223632], "b7": [0.9906032258372858, 0.8473524478808463, 0.8978072225270423], "b8": [0.008834191652214447, 0.8349265780569332, 0.9502864460309333], "b9": [0.05274377989174717, 0.8416580850753285, 0.9088028530808555]}