{"b0": [0.06878343965320623, 0.9042387061997837, 0.9657321191853595], "b1": [0.7918475434545108, 0.9854781674892545, 0.8920432017799022], "b2": [0.298974274480309, 0.9066907369804332, 0.944547084906392], "b3": [0.15576405186752626, 0.9859317082497708, 0.8745864677894065], "b4": [0.9999639396357266, 0.7991101417577562, 0.8373838551838699], "b5": [0.08090701266043988, 0.908397608597996, 0.8263782387629979], "b6": [0.3231069044059962, 0.9395935599563131, 0.9275089504509996], "b7": [0.5868880206194451, 0.8658995708778743, 0.9746439282573995], "b8": [0.08912143850422412, 0.8007618061504818, 0.9829847122486853], "b9": [0.02550369862478942, 0.9520782526770445, 0.8724690661235772]}