{"b0": [0.6567141137519132, 0.9220428230961726, 0.8125448737157983], "b1": [0.9874260139340981, 0.9332495224356429, 0.9010850606140886], "b2": [0.16124380058350313, 0.9687178988394982, 0.9824884295587962], "b3": [0.3367727945562293, 0.9504226937358964, 0.998371343892818], "b4": [0.15470032802226671, 0.9350975631752843, 0.9928536177656133], "b5": [0.34051745043083625, 0.950285575444533, 0.8723651974756919], "b6": [0.5738975912762556, 0.974812181627471, 0.8850403607464008], "b7": [0.6086376908820219, 0.9181985221984664, 0.8114136340682958], "b8": [0.16151805373359882, 0.9559976696436537, 0.9386232436823143], "b9": [0.01867781123298392, 0.8657186921760518, 0.922996199804308]}