{"b0": [0.711008735745391, 0.9342206248834889, 0.978156944375257], "b1": [0.16437440225750627, 0.914536965357576, 0.8836077704403253], "b2": [0.16234633599016995, 0.8208441422061473, 0.9843644410541665], "b3": [0.1617800194653939, 0.8977689109623332, 0.901848179318666], "b4": [0.6098889902278536, 0.958935024282443, 0.975341821651316], "b5": [0.6276747501059133, 0.9348268867667286, 0.9920469426266822], "b6": [0.8104846665452773, 0.9557938549948415, 0.8212801720569817], "b7": [0.16162291201569035, 0.7799240548392923, 0.8391996924504517], "b8": [0.16325905129344664, 0.8596240934513937, 0.9786978345537812], "b9": [0.8213248958490001, 0.9311620140235172, 0.8146068956960012]}