{"b0": [0.7588327018482862, 0.9230088243907051, 0.967600314278041], "b1": [0.6407155207395576, 0.8984647913655205, 0.9439224195166465], "b2": [0.16775551371638264, 0.9481804941801514, 0.817358725176759], "b3": [0.7054689353691983, 0.8422874615127889, 0.9807822888287586], "b4": [0.6057022792501608, 0.9333843108791914, 0.8227557946872003], "b5": [0.15655695300613373, 0.9791397819879291, 0.9952710441144913], "b6": [0.16086267178585587, 0.9942164547095086, 0.9563127315927501], "b7": [0.15941154900572646, 0.8620243606582556, 0.9241236994670854], "b8": [0.16323983451262125, 0.9007566710456194, 0.836983550811349], "b9": [0.005469786675343091, 0.9581251603197795, 0.802924152549124]}