{"b0": [0.8677889268683942, 0.695464668736539, 0.8272538753210246], "b1": [0.6639456818451399, 0.8488498715077197, 0.8019889518672718], "b2": [0.6103553242485695, 0.9900532400331575, 0.8904739213167732], "b3": [0.9008733018067732, 0.9419156553517665, 0.8599700541217016], "b4": [0.9910444918928394, 0.9380460537362082, 0.9814831112770073], "b5": [0.73878079285638, 0.8280371163926128, 0.9577637378050526], "b6": [0.3112862133337581, 0.8851516808933992, 0.8733912123332065], "b7": [0.16243138949033908, 0.9852067933121404, 0.9869297473122114], "b8": [0.94105747823227, 0.9500357955614207, 0.9332661551019364], "b9": [0.8298132003013241, 0.9917431847780948, 0.9847450301721539]}