{"b0": [0.6433337234078735, 0.9802085854046507, 0.8148229070516158], "b1": [0.3370593147999258, 0.9332348268562911, 0.8089253580676202], "b2": [0.8597009784857751, 0.914832885393275, 0.8867601770815989], "b3": [0.010447164836194607, 0.9788950403994022, 0.8901783086452751], "b4": [0.31552669715336784, 0.8438964753983009, 0.9749108737320659], "b5": [0.8505892174387365, 0.7255183136451414, 0.9041507738447432], "b6": [0.74627511986928, 0.9782872248876997, 0.8264268393622006], "b7": [0.7333083040437909, 0.999850859473812, 0.9859294267679201], "b8": [0.0076119446873523485, 0.923778433746993, 0.9903670075196149], "b9": [0.6002380405737889, 0.777820152010998, 0.9990750034574702]}