{"b0": [0.7463836254015861, 0.9075598738983643, 0.9872544289160868], "b1": [0.6749700258298064, 0.8019799502249586, 0.8701450207825474], "b2": [0.08488243306472619, 0.9214104662238802, 0.9265334483614808], "b3": [0.9845588882785421, 0.8591933221892337, 0.9865984852565305], "b4": [0.7793755770227381, 0.8843652972554917, 0.8612486821409169], "b5": [0.9879250999749503, 0.8200487559426293, 0.9376729256558743], "b6": [0.6045336560945039, 0.941400319086703, 0.8284329223141731], "b7": [0.7417593716321117, 0.9241787085954491, 0.852758835981831], "b8": [0.8416621754073382, 0.9359931944091376, 0.8510075539858818], "b9": [0.3050290349995469, 0.9746993391131338, 0.8461914506504132]}