{"b0": [0.9953515429216825, 0.9999877146626747, 0.8970341017156664], "b1": [0.0857328987634561, 0.982158158741727, 0.8129928243742935], "b2": [0.7785380962765039, 0.8561126793751452, 0.8759382004261306], "b3": [0.8838222807633731, 0.9794869945777167, 0.995080932817529], "b4": [0.9979523549333648, 0.9909270934810486, 0.8591245015752134], "b5": [0.33241863985961495, 0.9382569532425074, 0.8430859161838415], "b6": [0.7555162651798415, 0.9885670320928659, 0.8127168018359218], "b7": [0.6406878525931964, 0.9703104162438961, 0.8019209928883911], "b8": [0.8665013159788043, 0.9514373583723531, 0.9001162960532032], "b9": [0.30058296223873404, 0.869408681807781, 0.9915557729650115]}