{"b0": [0.9941439866278466, 0.9178422907085205, 0.861686519498138], "b1": [0.009507869476589296, 0.9300129175399304, 0.9028831142016969], "b2": [0.5327274148381974, 0.9498907775347948, 0.8702671925281572], "b3": [0.8467087401630775, 0.8940203529072045, 0.8114431912734669], "b4": [0.6325211517934266, 0.7827828859662046, 0.8604987890525935], "b5": [0.7310568770983679, 0.8981887967729256, 0.9998295554055402], "b6": [0.8992013246041766, 0.885952113398518, 0.9174013370094396], "b7": [0.8704664160159256, 0.8547208063293578, 0.9479268948366943], "b8": [0.9943217709159168, 0.9022315657447116, 0.8240202542890622], "b9": [0.8816179044046981, 0.9462299919661319, 0.8224103006411354]}