{"b0": [0.8879486885974811, 0.718501618588142, 0.8296737668466296], "b1": [0.01090492863678555, 0.9930594851262294, 0.9777692577413686], "b2": [0.08238638525509173, 0.8608902886830372, 0.9516119868719156], "b3": [0.3390170457219008, 0.9359465426699252, 0.9225534755535927], "b4": [0.5688242303457534, 0.8965070326002131, 0.8478255332109065], "b5": [0.6380425282080308, 0.9986085342103198, 0.8972984182639174], "b6": [0.08900495354635778, 0.9665516067013327, 0.8533260614739505], "b7": [0.8732791498491165, 0.939423455865806, 0.8544685291469807], "b8": [0.33486138311770475, 0.7862439361240823, 0.8291567936158901], "b9": [0.020713671035581305, 0.8265291654285413, 0.806545033085148]}