{"b0": [0.31955037740671793, 0.7921951404896725, 0.8949008569510482], "b1": [0.6132079569624161, 0.8274256697664114, 0.8009246256107139], "b2": [0.852493317552421, 0.9513371955897282, 0.8235274557719968], "b3": [0.09314140637767934, 0.9237903348149911, 0.9205025807440834], "b4": [0.33895438879841067, 0.9736852006518625, 0.8104741559365938], "b5": [0.32445465571704946, 0.9359881992393092, 0.8131119875220861], "b6": [0.3139059405250234, 0.9662203785908156, 0.9887056177649337], "b7": [0.5985005011226463, 0.9776951202359067, 0.9206603148866651], "b8": [0.9956408347856802, 0.8124107290599965, 0.8103180829917295], "b9": [0.8710814450437644, 0.9214557485199044, 0.9727186281120538]}