{"b0": [0.999783604595954, 0.9280613718090973, 0.8186023534783469], "b1": [0.005378901162169603, 0.8310966534985015, 0.9148595230411284], "b2": [0.35256478319950896, 0.9704440184980355, 0.8879448657446309], "b3": [0.5224130890419881, 0.9390245303694243, 0.8872465111441821], "b4": [0.33933306558719956, 0.936909780135631, 0.8441607332785352], "b5": [0.0793304162801241, 0.9822320348111276, 0.9745862652674367], "b6": [0.16053804130192678, 0.9744529292817283, 0.8119924769870589], "b7": [0.5784514400156793, 0.9029104193072109, 0.958804180355893], "b8": [0.9039234467009546, 0.9321934135000208, 0.86718543892002], "b9": [0.15169464167055016, 0.8156269091514095, 0.9730555930571352]}