{"b0": [0.9878741247327143, 0.9269159511227251, 0.8372862919995765], "b1": [0.6122886961947155, 0.9854903726473833, 0.9544878991907679], "b2": [0.14883869883692827, 0.9657519442746033, 0.9584208681176035], "b3": [0.022844837088943453, 0.9601711485995397, 0.9853520435365435], "b4": [0.5825129168677718, 0.9470438952936552, 0.8421024309286957], "b5": [0.6157644978351966, 0.8828934149369365, 0.8719343822615957], "b6": [0.5503212600001108, 0.9818314185821028, 0.855905241725309], "b7": [0.1692406508818541, 0.8961038431185117, 0.950479073740806], "b8": [0.3711190763367849, 0.9610045990946984, 0.9437602243009515], "b9": [0.37582775905471194, 0.970455432109865, 0.8632080618631178]}