{"b0": [0.29635537189863803, 0.9977544454567949, 0.9763286021308045], "b1": [0.856291842705002, 0.920812549417562, 0.8612527580250946], "b2": [0.004744773111039876, 0.993384419378048, 0.9555765014667337], "b3": [0.8683661759930648, 0.8572606085133339, 0.9574502038410315], "b4": [0.6017818049265893, 0.9612785510812055, 0.9428226950417092], "b5": [0.6186329658393668, 0.9007638485336302, 0.99664096758253], "b6": [0.6199522694290401, 0.8895472016140085, 0.8600104099352339], "b7": [0.5449870666956241, 0.9789813345406442, 0.8440757824966099], "b8": [0.05148709891441585, 0.934231095471457, 0.989953066252309], "b9": [0.16142314455786122, 0.8982883042612747, 0.9876034401072664]}