{"b0": [0.013823215139432568, 0.9563643976662484, 0.828450597100502], "b1": [0.318644485992611, 0.9149722104821407, 0.8880510497155762], "b2": [0.07354987473615582, 0.9858908365370498, 0.98600961734722], "b3": [0.16565415649701695, 0.8919015768005485, 0.8415022345266517], "b4": [0.31136908078711234, 0.8865913678305799, 0.936509126179358], "b5": [0.5660240567503925, 0.9922081785074641, 0.9981964931082493], "b6": [0.9878373253710747, 0.9164628993912793, 0.8199265727722269], "b7": [0.3457618583934329, 0.9976295667068384, 0.931263424604078], "b8": [0.9071963870325717, 0.8289437316838502, 0.9571291394560361], "b9": [0.10435544161925452, 0.8562665599925812, 0.8928721848705754]}