{"b0": [0.06718583746232536, 0.9643210537499181, 0.811032941227567], "b1": [0.87762884523593, 0.8245537366684766, 0.9466788902054466], "b2": [0.32996283166263013, 0.9653885132681436, 0.8334803346499681], "b3": [0.15108982216638453, 0.8739052893665428, 0.8863854224452288], "b4": [0.8743227912108926, 0.9748204819586966, 0.8302801269216], "b5": [0.7783461442110549, 0.9013766623776681, 0.9196682743384124], "b6": [0.7529628507909437, 0.8123041663517375, 0.9546996451880365], "b7": [0.7192365702733587, 0.908258127426528, 0.933566516621638], "b8": [0.7601562287532968, 0.9036546388423605, 0.952709820426504], "b9": [0.6083817988688309, 0.9615313320835387, 0.9682127450528504]}