{"b0": [0.7924629656093181, 0.9280338944451998, 0.8788664411700543], "b1": [0.7976116991453196, 0.8522804707295966, 0.987972136433002], "b2": [0.7914884388722361, 0.8602186749961652, 0.9924081159556383], "b3": [0.907902465140625, 0.981042747718093, 0.9943732788801037], "b4": [0.7958035922705271, 0.9011075233574654, 0.9435001855735442], "b5": [0.10387232259424695, 0.8886997118084756, 0.8329902657391739], "b6": [0.6643201571237718, 0.9046739980279535, 0.9291047817168326], "b7": [0.31480259825096446, 0.8478703622882731, 0.9823475121324818], "b8": [0.16117991689601394, 0.790892822530886, 0.8666094969546587], "b9": [0.7492784132666103, 0.8145269105412629, 0.9441233317788528]}