{"b0": [0.7654482834725029, 0.9579941356077448, 0.8797891716911027], "b1": [0.7480199351803907, 0.8971722323957776, 0.8678315679743], "b2": [0.3937752544096803, 0.832814338921681, 0.8582434295133402], "b3": [0.36961798711767135, 0.842168451899719, 0.9918671259285774], "b4": [0.9102474179364735, 0.9710709428645314, 0.8489997645908289], "b5": [0.005402495670608579, 0.8071273434774545, 0.85940866692029], "b6": [0.16614213038762135, 0.9025943066296627, 0.8133997833406016], "b7": [0.07842941949321558, 0.9113434599788113, 0.9642343537284639], "b8": [0.8879825477465018, 0.8420353556815654, 0.934889291759281], "b9": [0.0739093295349725, 0.9186782029842452, 0.8666642193644334]}