{"b0": [0.16010018522327077, 0.9090567002704338, 0.816185712131024], "b1": [0.7339855041544623, 0.9414874295175935, 0.8055731042268636], "b2": [0.7424508829389568, 0.958249166523337, 0.8764830643395095], "b3": [0.7505263569481315, 0.9718735687969654, 0.951208705784955], "b4": [0.7588489808167718, 0.873321751257631, 0.9906434537137621], "b5": [0.08359948354370998, 0.9026745188429427, 0.9860811228383382], "b6": [0.7687649456121519, 0.8916999348764375, 0.8891819131961195], "b7": [0.7160515105181333, 0.885013941288868, 0.9923955456637846], "b8": [0.09986093966214814, 0.9930635166006901, 0.8957613687570309], "b9": [0.08750250573289625, 0.8769007260375556, 0.8459677462768866]}