{"b0": [0.15871595159310348, 0.949147850832495, 0.9025323291516595], "b1": [0.781233969335934, 0.783815779552352, 0.9844981433465856], "b2": [0.7866865785329089, 0.9688311056714761, 0.8634924800298474], "b3": [0.1596848448267701, 0.9455667490708335, 0.905345214935968], "b4": [0.7202082134081597, 0.9953659143462201, 0.8008932038299332], "b5": [0.35945877194058634, 0.9095792836301481, 0.918945685097098], "b6": [0.08918583296624817, 0.974936007717762, 0.8421033177749646], "b7": [0.0010676086973297535, 0.977079482248492, 0.9898073042934158], "b8": [0.7228041564703912, 0.8709251312057531, 0.9555216735561467], "b9": [0.06665110291287993, 0.8091697529004703, 0.8873862795245457]}