{"b0": [0.15418724582886045, 0.9482649818929814, 0.8055741154943903], "b1": [0.7622923281274316, 0.9573613488741032, 0.8362737354638747], "b2": [0.16893491313718292, 0.9130972704838447, 0.8244413194830287], "b3": [0.7273133734259372, 0.9910877387515162, 0.906929023441662], "b4": [0.757546828589435, 0.9764825870714893, 0.8037799737744165], "b5": [0.6211389374192793, 0.940296515138439, 0.9411807717149245], "b6": [0.0867534791999654, 0.8741483681122798, 0.8849672803133848], "b7": [0.7901571740162403, 0.9568720683949405, 0.9989286150610962], "b8": [0.7230743077026173, 0.933519142688263, 0.8483149866867393], "b9": [0.0917200642882888, 0.963095235928364, 0.9156227795425564]}