{"b0": [0.994556626080939, 0.9516909130597618, 0.841856609500454], "b1": [0.9785303289356481, 0.8594229771202169, 0.8562570417300381], "b2": [0.3538268404117263, 0.9775177785685607, 0.8712910788376841], "b3": [0.8739364012160958, 0.9967820749869223, 0.8689806780615501], "b4": [0.15982166264291717, 0.9759902066750736, 0.8193420561667177], "b5": [0.15561854313861284, 0.9736608435625935, 0.9166372409669782], "b6": [0.5719392847135382, 0.9878447424296664, 0.9543499550658042], "b7": [0.8220939524125934, 0.9821775093056757, 0.8836832407153662], "b8": [0.6026144809951698, 0.9827370870650973, 0.93265599658007], "b9": [0.15687823426307532, 0.9989174834165993, 0.8320589842608583]}