{"b0": [0.86803019425062, 0.9644837465476779, 0.8504653366825606], "b1": [0.8216146160024593, 0.9554364267765655, 0.8331278471289], "b2": [0.1657203657666807, 0.8952432842264743, 0.9600082479653537], "b3": [0.16133952952262898, 0.8607344881032839, 0.9489362795051173], "b4": [0.6597736973974156, 0.9876652917600627, 0.9968734865305429], "b5": [0.9869554241098958, 0.9802108238874458, 0.9232051659602649], "b6": [0.16796697133354047, 0.9370740862907041, 0.9322991710422499], "b7": [0.0036995362300405337, 0.9950572419250505, 0.9403411152636926], "b8": [0.16455976415037354, 0.9564330532663496, 0.9888906977173895], "b9": [0.15808823699223537, 0.8832399742306508, 0.9900556196766874]}