{"b0": [0.8802759269911742, 0.8465669258673253, 0.8984257612299119], "b1": [0.8620196263090938, 0.9247191394222094, 0.949388075356274], "b2": [0.7643665515488068, 0.9089696652078255, 0.834901600317805], "b3": [0.16376939268381846, 0.9374255657484832, 0.8966513924883125], "b4": [0.8838045630188689, 0.959732168959658, 0.9566147724494436], "b5": [0.07980115219494756, 0.8653873474002086, 0.891060989034532], "b6": [0.3725768473870176, 0.9569340499748772, 0.9769974813726852], "b7": [0.2805637749504229, 0.8675619499944017, 0.8200348371882484], "b8": [0.15969142773706543, 0.8907830881902246, 0.8887967142828237], "b9": [0.16737117264717985, 0.9258270552000897, 0.8035663669190903]}