{"b0": [0.8782171087732722, 0.7614139675658297, 0.8495554689430148], "b1": [0.30883001900862006, 0.9880699799769339, 0.8589126521586641], "b2": [0.2928243228613672, 0.9047195440459522, 0.8522543779724968], "b3": [0.8874884692551562, 0.9972800233109309, 0.8422966823675138], "b4": [0.8366638892260787, 0.8308756843389373, 0.8006654079957545], "b5": [0.8565339533794795, 0.9500180450245662, 0.8558236535959819], "b6": [0.1540573694688682, 0.9078971985740716, 0.9997937996264931], "b7": [0.8676348631109079, 0.9988263034190737, 0.9109085851498111], "b8": [0.8865585447230205, 0.9091467078389567, 0.810737787270954], "b9": [0.3443312220023414, 0.920987019803392, 0.9219915847453017]}