{"b0": [0.09044741614416318, 0.8929291754580584, 0.9355735175536434], "b1": [0.007013316993902591, 0.8277175649733123, 0.9253069129584318], "b2": [0.6262676114214547, 0.9917339999640604, 0.8611924677855591], "b3": [0.010900257464468918, 0.9185895412800968, 0.9829084545665032], "b4": [0.6687132482320547, 0.9814640836655881, 0.8078897148264335], "b5": [0.09682480417874702, 0.975924565772509, 0.8376306113816909], "b6": [0.06684369434455306, 0.9494900730488459, 0.85761340302309], "b7": [0.35392946575226425, 0.9077246056358353, 0.8611403681846477], "b8": [0.3429549254653359, 0.989978959010733, 0.9618964496903492], "b9": [0.9940120056614288, 0.9174587177183714, 0.8647540143714108]}