{"b0": [0.09010417396969166, 0.9189222963299057, 0.9774782869109828], "b1": [0.015764105101330136, 0.8909044045397231, 0.8488444030955996], "b2": [0.00023430864048253302, 0.9670157474019461, 0.8085869727938428], "b3": [0.35856139940466375, 0.7920372825463238, 0.9294978232289374], "b4": [0.8691246596358222, 0.9063663032656984, 0.9313102625272422], "b5": [0.10511703095764859, 0.9194551733262157, 0.8141899587576106], "b6": [0.9635949220958441, 0.7780978609606521, 0.9479594007528404], "b7": [0.08259073448582951, 0.9206035953014419, 0.8203332086917977], "b8": [0.7174090093675562, 0.8729339658742472, 0.99052231151746], "b9": [0.3228527029275212, 0.9387246112106651, 0.8894041296398507]}