{"b0": [0.07597506455414221, 0.9826162870990649, 0.9611830206345604], "b1": [0.077900734796799, 0.836662307420412, 0.9138646446595569], "b2": [0.3224393860260834, 0.9155187414965225, 0.9820417045562945], "b3": [0.5174316958487511, 0.7926580210952762, 0.9453385592878515], "b4": [0.5813371606497456, 0.9909632032600552, 0.9494791564579959], "b5": [0.08105815573927723, 0.8270371476100534, 0.9199444936545482], "b6": [0.007028037900679987, 0.9039768950532772, 0.9196845487349122], "b7": [0.02091406610538639, 0.9865602779609752, 0.841577040791958], "b8": [0.8878277496798248, 0.8704743567958206, 0.8272212740664097], "b9": [0.012768980695125916, 0.9606834839749472, 0.939102694779748]}