{"b0": [0.7320390704117904, 0.940224204867005, 0.9866856230963549], "b1": [0.6184087240679316, 0.9551465174591178, 0.9434527375217234], "b2": [0.7460604893380726, 0.8083266769945099, 0.9194214005931615], "b3": [0.9861754267327886, 0.9413118605986455, 0.8627818255505235], "b4": [0.15958406901505978, 0.9557796180390742, 0.9263998992296082], "b5": [0.15957826266193983, 0.840445268955291, 0.8370925799298434], "b6": [0.5916108125725025, 0.9692243682211115, 0.989407815572665], "b7": [0.7958799283386856, 0.9515399642166733, 0.9514532294827146], "b8": [0.6332367053797754, 0.9640742760769099, 0.8685464679875459], "b9": [0.7277366196452881, 0.8730429618534338, 0.8014085836191163]}