{"b0": [0.5795451727459393, 0.9542634626135896, 0.8790068299080138], "b1": [0.16099332955547227, 0.9753267452363101, 0.9555158618757231], "b2": [0.7473648345781101, 0.9886178639863755, 0.9176570252585973], "b3": [0.7519257343789865, 0.8613578032900588, 0.9319783270330864], "b4": [0.5842639058446104, 0.9155994563356329, 0.9062796634850214], "b5": [0.6924016326424001, 0.8876993209090722, 0.8482375395818019], "b6": [0.6180089892252622, 0.978239122088209, 0.9764701908988442], "b7": [0.7748376163200059, 0.8633248286723841, 0.8849344858687332], "b8": [0.6002216093002901, 0.9739361390255317, 0.8740189779465857], "b9": [0.6262350563709422, 0.9744088904920802, 0.9421077780461341]}