{"b0": [0.15833526625755423, 0.9446514950095413, 0.8289268640364993], "b1": [0.5487453129710069, 0.9735846225337268, 0.9664373068954653], "b2": [0.9984121819531362, 0.9452706576295381, 0.9717545645207782], "b3": [0.7575112022127076, 0.9600206000004161, 0.9855827006209165], "b4": [0.8037006072652032, 0.8352692830952411, 0.9104315971657525], "b5": [0.007979088791244971, 0.9110614866189356, 0.807838891913573], "b6": [0.7150336727516807, 0.998767010903238, 0.8118864968041684], "b7": [0.06620229094194215, 0.8951399042203039, 0.9964832580403327], "b8": [0.7670773378018647, 0.9804347328895896, 0.9778652143143929], "b9": [0.5924559686065478, 0.9105453289909152, 0.8614021876887611]}