{"b0": [0.5957141509792855, 0.9094367373637691, 0.8842601464584071], "b1": [0.15855171742510893, 0.9041117867469046, 0.9026593889467978], "b2": [0.9928391047716347, 0.9128062774314623, 0.9884132554769363], "b3": [0.7389480859473276, 0.9905961783132805, 0.9921211154133897], "b4": [0.7340318379099127, 0.9756037199155635, 0.8627972108421436], "b5": [0.6238232341663686, 0.9940030009532903, 0.9846912793127788], "b6": [0.6200187151213543, 0.9851744323722749, 0.9985621513305378], "b7": [0.555457577806417, 0.9166375105080006, 0.8961076924972159], "b8": [0.7588592419981466, 0.8723973591550808, 0.9288416402834625], "b9": [0.7513191099013851, 0.9571950420780908, 0.8151856572315117]}