{"b0": [0.15150774199956143, 0.9757196041350527, 0.9469150779554181], "b1": [0.5783538363742085, 0.9730239358132203, 0.8226822284504399], "b2": [0.05636792680130771, 0.9518153718876146, 0.8140800704693166], "b3": [0.9875236246725501, 0.9771077845985475, 0.9703266654523658], "b4": [0.6105751895907141, 0.9590525608431443, 0.9069363840103221], "b5": [0.7529792894579578, 0.8900972391787267, 0.9433535349866865], "b6": [0.16652694997524162, 0.8064922547489907, 0.9285792329878143], "b7": [0.29859960089044757, 0.8335599567987222, 0.9341814979115405], "b8": [0.5961798223983937, 0.9645919584796587, 0.8689881738816303], "b9": [0.9894420330333142, 0.8988776606254488, 0.9890007056566185]}