{"b0": [0.34555295983139733, 0.9412598287699278, 0.8702779708502932], "b1": [0.01597205042604684, 0.8897632252602672, 0.8583061193776235], "b2": [0.08910911128363828, 0.9991401927535004, 0.9232925410946639], "b3": [0.9946491695185214, 0.8692174771937892, 0.8610203809320705], "b4": [0.3491589785828721, 0.991258723648665, 0.9681846330307535], "b5": [0.868186576123703, 0.9469124245167224, 0.8616091614419187], "b6": [0.013974096241056737, 0.8427934486688672, 0.8246697508038188], "b7": [0.7869446561861101, 0.9563963192995384, 0.8207134176095555], "b8": [0.16358150193699023, 0.8554664972488035, 0.8610632991259122], "b9": [0.7275971138528351, 0.9043547923786817, 0.8016382469832476]}