{"b0": [0.8721840851368043, 0.9868043917508353, 0.8356000113293068], "b1": [0.5547903218994158, 0.9024659037569033, 0.9857674456879885], "b2": [0.7748945953104611, 0.787533928999659, 0.9215025721987625], "b3": [0.8822664422327222, 0.8626390808572475, 0.9657010548000586], "b4": [0.36217738994286774, 0.8282285732510231, 0.9067089408146356], "b5": [0.740152595562646, 0.951353768760497, 0.976500624820761], "b6": [0.0042881411981473055, 0.8426027473634554, 0.9340099463697566], "b7": [0.32344799588771267, 0.9691192825507029, 0.9963029211207999], "b8": [0.1596661903987602, 0.9996865031546318, 0.9756011874298284], "b9": [0.00935243923586315, 0.9131697979325185, 0.8491550184590347]}