{"b0": [0.602444241516893, 0.9249828209170298, 0.8510533103595264], "b1": [0.3806418048585257, 0.9712249211382377, 0.8353410905044428], "b2": [0.5923121678598787, 0.9480007041852636, 0.8995068074159579], "b3": [0.3248289918061449, 0.9976076810411084, 0.9566667871662052], "b4": [0.16991555908701958, 0.9544307282686333, 0.8874023770688402], "b5": [0.644087180562964, 0.9486502194616631, 0.8457552567383547], "b6": [0.7081664806232384, 0.9640043272149377, 0.8407506061386436], "b7": [0.8574417959164354, 0.911326007922555, 0.9520679319086084], "b8": [0.003307177811107392, 0.834468487758051, 0.8162478004298908], "b9": [0.16338160214895525, 0.8922467125998844, 0.8945457218546561]}