{"b0": [0.5998076522233741, 0.9467452129557623, 0.8397016997452806], "b1": [0.015855843872303613, 0.8423737720623861, 0.8028042721544741], "b2": [0.1675766627599721, 0.8513994370160591, 0.8892500876266131], "b3": [0.11145995334700602, 0.8802330414258169, 0.8175337254247351], "b4": [0.3230652701632177, 0.9144162256525352, 0.9333188762673212], "b5": [0.316322313514495, 0.8049263126233183, 0.9558814585644049], "b6": [0.0748711833046551, 0.7892188889967033, 0.8872385684660047], "b7": [0.16446297118104233, 0.9670952247245816, 0.9002149130084044], "b8": [0.6821240451304393, 0.9917175385385579, 0.917912116219426], "b9": [0.07539017876022296, 0.9565606907765575, 0.9541162289426015]}