{"b0": [0.16410602668031554, 0.8482600914695746, 0.8453402656374618], "b1": [0.983266069614619, 0.987939859072457, 0.9359915944739626], "b2": [0.0973227798032119, 0.9548123198187713, 0.8047867834105812], "b3": [0.007176111739454772, 0.9886761785852459, 0.8227843348796954], "b4": [0.07312814192628217, 0.9791239498544503, 0.9602892025775099], "b5": [0.057429136836534805, 0.9237660420550234, 0.9174440267049355], "b6": [0.7746479918724599, 0.8751232969752302, 0.8932594685276674], "b7": [0.09331572203062587, 0.912879398657242, 0.8131901054813944], "b8": [0.9874279037961621, 0.9796625002106645, 0.9764990503131473], "b9": [0.9965400508883051, 0.9420442591931127, 0.8424504626778018]}