{"b0": [0.7243476230762631, 0.9368464424398169, 0.8795059697357697], "b1": [0.08879965124188263, 0.8861337928781177, 0.988925402307359], "b2": [0.0519626404998646, 0.8238058374218454, 0.8112625206381792], "b3": [0.7676706943605187, 0.9730226961832987, 0.9965959924444776], "b4": [0.9761367480377756, 0.9196164918361016, 0.9356742588487473], "b5": [0.8558282163035676, 0.9037753782394502, 0.983204975553678], "b6": [0.1027899224282473, 0.9903122613608357, 0.8959207406610384], "b7": [0.981783273062554, 0.6983121927602934, 0.9270985853538706], "b8": [0.729788158117929, 0.9668522207317056, 0.9705019180120709], "b9": [0.834199478205325, 0.9485561226614087, 0.9154591615788591]}