{"b0": [0.07776101208492521, 0.9596060822446967, 0.9509740584771875], "b1": [0.28526838036918695, 0.8448560346031527, 0.9055222710523501], "b2": [0.0958342830987075, 0.8895645952297894, 0.8852495263078219], "b3": [0.6045950311430961, 0.8588550957958919, 0.8513596595254106], "b4": [0.2840427514056426, 0.9607242050337055, 0.9072122644025931], "b5": [0.09820910483578835, 0.994825668648817, 0.9330781299210794], "b6": [0.7583533702286729, 0.8788051315323818, 0.8210625586325342], "b7": [0.7693068210525411, 0.995328749440663, 0.9498620031393963], "b8": [0.900714116867115, 0.9585197832725888, 0.9734489138727426], "b9": [0.734454696057712, 0.7389747652039642, 0.9162774719696962]}