{"b0": [0.3107842803112563, 0.8991542652552519, 0.8036588952141293], "b1": [0.8070391830282969, 0.9916561712497695, 0.866855132788734], "b2": [0.6028139533927794, 0.9725056803817916, 0.8431804857685783], "b3": [0.6219740811334594, 0.9249213988067667, 0.840669198903209], "b4": [0.3408251621379465, 0.9515265441528993, 0.8436853440923037], "b5": [0.7666056671594842, 0.8468197158400588, 0.8162318263912189], "b6": [0.9953676825057823, 0.939614017990029, 0.8792789595553363], "b7": [0.7548054823678616, 0.8391253801011814, 0.9416460892316182], "b8": [0.9899162360413691, 0.9357010549190438, 0.9753488585422576], "b9": [0.0022147894143445153, 0.9560602445044439, 0.9232287801350576]}