{"b0": [0.7469760711271927, 0.9731336753348617, 0.8265545563380008], "b1": [0.7318581579699682, 0.8887299232195504, 0.9791976597878311], "b2": [0.00043533531165274654, 0.9595707083313616, 0.8720086918598731], "b3": [0.7485695884518835, 0.8395582928957859, 0.8772303738812026], "b4": [0.6141339337552764, 0.9358781651240797, 0.8558098940888926], "b5": [0.9955248325280585, 0.7723170694485699, 0.9349446736149816], "b6": [0.0209733516160324, 0.9204641278565916, 0.9935327908444193], "b7": [0.09698454833423396, 0.9539614224372615, 0.9910767606797104], "b8": [0.9384674243465126, 0.8856184863245987, 0.9785428503633132], "b9": [0.919961111105225, 0.9041899652225165, 0.9361421712455217]}