{"b0": [0.08827812673013817, 0.9892821289848055, 0.8610779474317747], "b1": [0.3359724620613011, 0.9201884214084929, 0.849912793162743], "b2": [0.16796496203962022, 0.8228031654039447, 0.8359721611812648], "b3": [0.9990147483013112, 0.9307013209991173, 0.9136751724720138], "b4": [0.9989364513747099, 0.9848532114711057, 0.9812699728355285], "b5": [0.7647885757594145, 0.9627084786733296, 0.929563195464074], "b6": [0.9809870653015479, 0.923733262215841, 0.8159045989291408], "b7": [0.6266988703864188, 0.9956282000726492, 0.8430438798458586], "b8": [0.7183573358069942, 0.6775373524805332, 0.8320654891984084], "b9": [0.759503253043302, 0.877987214226125, 0.863068119770661]}