{"b0": [0.7911428838731323, 0.949035197046525, 0.9648179607098255], "b1": [0.004541635513084229, 0.8760615903519458, 0.8476333107754382], "b2": [0.31779570970306487, 0.9788763961317783, 0.8604146775237232], "b3": [0.7382682047408562, 0.9668617179879166, 0.8607387180202002], "b4": [0.7309434123313477, 0.8519289388432716, 0.9026825390030211], "b5": [0.08138773296798686, 0.9616807258144158, 0.9565219559305899], "b6": [0.9002339225765944, 0.9168531530888009, 0.8785442187689756], "b7": [0.9905870992696868, 0.9587251722246397, 0.9566716897338448], "b8": [0.022802833258518996, 0.9080269927334261, 0.8684563730674434], "b9": [0.9269917825914308, 0.9066114963493003, 0.8144769893903152]}