{"b0": [0.3148545950713576, 0.9254639751427873, 0.8070344096444835], "b1": [0.15992332205469398, 0.8296433848598093, 0.9782223379683416], "b2": [0.1679402888233498, 0.9458933037420667, 0.9305075765119147], "b3": [0.27803547829160313, 0.9940785796031844, 0.9849295984540188], "b4": [0.166863603019639, 0.9542528523202342, 0.9142618622139745], "b5": [0.9952102392249158, 0.9979466139150692, 0.9425686680657386], "b6": [0.16565968555690894, 0.9328816582194439, 0.8536286199188515], "b7": [0.7597249205206744, 0.8057503812504622, 0.804503580524802], "b8": [0.7639393478555516, 0.995730433853264, 0.8044043116235197], "b9": [0.7337342625032861, 0.7606698355066455, 0.9170900947875463]}