{"b0": [0.9093478452359648, 0.9225066855920797, 0.8552361814436236], "b1": [0.7167618141376425, 0.9028192088590304, 0.9497865284280016], "b2": [0.9024853733683024, 0.9763838929800247, 0.8985431103111199], "b3": [0.6284139691216561, 0.8786239186377451, 0.8197431320728219], "b4": [0.07104655647933326, 0.8844347129965545, 0.8424768869959186], "b5": [0.3814666778822879, 0.817702640646016, 0.9780021068840492], "b6": [0.16072577298612964, 0.8163160441649605, 0.9456479067178408], "b7": [0.15368985816130698, 0.9332522584199316, 0.915890782235662], "b8": [0.1617860209863098, 0.9828800300217465, 0.9076126556370672], "b9": [0.32759956261006073, 0.9877988387922112, 0.9656214232953846]}