{"b0": [0.16715331860877541, 0.8488157265193266, 0.8156004647983892], "b1": [0.010238066980210979, 0.9202174791901192, 0.9734793898674474], "b2": [0.16440662500470346, 0.9097247695825732, 0.8794448500876407], "b3": [0.09023490495067402, 0.8730093700649303, 0.8404063744933442], "b4": [0.9119246619825435, 0.8758642101880255, 0.9383049239207777], "b5": [0.8742199667625747, 0.8902125496100518, 0.8219091718198372], "b6": [0.06844921641684495, 0.8531336346979168, 0.979743848786226], "b7": [0.9041475977857008, 0.9758323563411667, 0.8316699518071157], "b8": [0.29873597295174553, 0.9405815257620183, 0.8235346047018258], "b9": [0.08636643819901281, 0.9596609494153525, 0.8076317937682811]}