{"b0": [0.7800567669243903, 0.9854045735240297, 0.8388619208086803], "b1": [0.16905993721897783, 0.9177010095958473, 0.8141266254493235], "b2": [0.9059967809370153, 0.9963326321719628, 0.863380899035117], "b3": [0.16181215533841656, 0.8790507467481659, 0.8654465951635771], "b4": [0.162019981046066, 0.9954930441350398, 0.8489888717101525], "b5": [0.5452939610719478, 0.943223463321318, 0.8724596869462233], "b6": [0.6762665200053004, 0.8556542033515353, 0.8588883679780045], "b7": [0.7495465845147702, 0.942436800278752, 0.8021001942690433], "b8": [0.7802110741898926, 0.8765412964570222, 0.8860836598537573], "b9": [0.1510033168917661, 0.9249006888669093, 0.862858561300993]}