{"b0": [0.15851998732904332, 0.8703038486126239, 0.8086682285065436], "b1": [0.6276312528432011, 0.8641053885166715, 0.8822659099649144], "b2": [0.30718420974061195, 0.8584084880876985, 0.8994663138407859], "b3": [0.7542035343830016, 0.9271671880619121, 0.8747187983516096], "b4": [0.6953165373491522, 0.7676199129546287, 0.8099362703348665], "b5": [0.1711495579543932, 0.9211319632289198, 0.8011213562470593], "b6": [0.8036428577294386, 0.9981436727614758, 0.8858243139632183], "b7": [0.7460455875581481, 0.9883512068196291, 0.8636610914856364], "b8": [0.161305837465685, 0.7947526034935092, 0.9259350819078794], "b9": [0.16584337722774856, 0.8596898247485165, 0.8193280358522628]}