{"b0": [0.8069809430758518, 0.9151545057892239, 0.9433293648013449], "b1": [0.1650463424849914, 0.9294245038512059, 0.8771871359755324], "b2": [0.6261889980005668, 0.7894475891090009, 0.8527019721672247], "b3": [0.7729994392446713, 0.8474628479771892, 0.9765459293298298], "b4": [0.1698865890048238, 0.878547504034248, 0.9204549449002626], "b5": [0.8433300550467472, 0.9391091129946422, 0.8413441987557814], "b6": [0.6171189455880246, 0.955350587217249, 0.9404958710371509], "b7": [0.16092556183744933, 0.9847950216768515, 0.8680869861302988], "b8": [0.7180203245025514, 0.927845016021454, 0.8304724080221924], "b9": [0.1606325177267686, 0.835301964145261, 0.8586838374753393]}