{"b0": [0.7404662975749452, 0.9520884493716892, 0.9527906236521153], "b1": [0.7487246541128937, 0.8715957328285662, 0.9390782452981107], "b2": [0.6574676822527412, 0.8995297280187924, 0.8116306211218255], "b3": [0.15449241784021342, 0.8131435863517185, 0.9181734878749677], "b4": [0.17210502010013876, 0.9710987247311874, 0.9061856172537748], "b5": [0.986589188723783, 0.7361302274280226, 0.9672170670372376], "b6": [0.16677537677335572, 0.881887593144398, 0.941641456316097], "b7": [0.15820067130825846, 0.895727452254212, 0.8473007914086285], "b8": [0.16190861135315945, 0.9022425016166957, 0.992589043958412], "b9": [0.9939940769073168, 0.963803330034642, 0.9975173584312749]}