{"b0": [0.1501680230169883, 0.8158682838592758, 0.8265826216284605], "b1": [0.7753851106290169, 0.8021931931284108, 0.8199796706868505], "b2": [0.5501962670707619, 0.8151167774647411, 0.9903834626324698], "b3": [0.6343283582243862, 0.9343759510901768, 0.9019501570079062], "b4": [0.5639193405419785, 0.9115987769411433, 0.906792887054126], "b5": [0.14829714692929566, 0.9668994729663593, 0.8287328524855323], "b6": [0.1773861800962776, 0.9183004287400947, 0.8364056889642708], "b7": [0.15547929484201592, 0.87165309819275, 0.937205350377054], "b8": [0.3267256305086999, 0.9612301906376942, 0.8312234910727326], "b9": [0.8816614001687612, 0.9567485203412758, 0.9953196882468472]}