{"b0": [0.7514183846974437, 0.9207193406588675, 0.8728218447416555], "b1": [0.165256176098779, 0.7968940165104408, 0.9600288531285855], "b2": [0.15613413818756697, 0.9808776090325274, 0.8611243398714046], "b3": [0.7607537999860423, 0.8447004106014027, 0.9359186758261744], "b4": [0.614021925033886, 0.944875907703404, 0.9081157471359365], "b5": [0.16612766456200387, 0.9370295259876228, 0.9440402231301503], "b6": [0.7365319694827237, 0.8912226485636185, 0.9553260878564074], "b7": [0.36654090656306865, 0.8771685020123678, 0.9381253276584761], "b8": [0.9149766511135649, 0.932939377245306, 0.8609594563151134], "b9": [0.6000401248048991, 0.7747916269799906, 0.8927068329630959]}