{"b0": [0.8720995630655268, 0.9872182686275025, 0.9440779268100989], "b1": [0.8869924956543919, 0.9545261327492411, 0.9175100553439368], "b2": [0.7574842418514101, 0.7586761061684192, 0.8769574193209178], "b3": [0.78688633578106, 0.9416821778778853, 0.8599179477084415], "b4": [0.013110036461290227, 0.7466437858624179, 0.9122944406298322], "b5": [0.8879033889622387, 0.8757956146118775, 0.9548881252357018], "b6": [0.09071331816724573, 0.9953276316476609, 0.8720883309933869], "b7": [0.5501243660735571, 0.9241746915700262, 0.9165956670102247], "b8": [0.866749465481716, 0.8934076951205373, 0.9329125572911598], "b9": [0.8777762954916785, 0.9280132178140222, 0.9292779301833245]}