{"b0": [0.8838494083731676, 0.9951274063403406, 0.9894207086549639], "b1": [0.8623053321717462, 0.859250507960233, 0.9846923535894994], "b2": [0.9073127640935525, 0.9076577062947406, 0.8884862173759245], "b3": [0.881097250888659, 0.9626008360517424, 0.9250961460475723], "b4": [0.7308231367350798, 0.973573205807451, 0.9111508655119757], "b5": [0.11190304159950712, 0.9417432190126758, 0.870104080911447], "b6": [0.08813862465575605, 0.9604822020280858, 0.8813679110799495], "b7": [0.1583514998272825, 0.8969772262253225, 0.9785496604511599], "b8": [0.8756490010311534, 0.823851533248711, 0.882603184907042], "b9": [0.8635049109615319, 0.980702852060848, 0.9779142853921168]}