{"b0": [0.7757995319151434, 0.8583046047679539, 0.8132886062281205], "b1": [0.8847483502755891, 0.8732882437420352, 0.8623950542723918], "b2": [0.09651171000039727, 0.988851752308838, 0.8917487584212749], "b3": [0.14697556829858838, 0.8827125502165737, 0.8830415365552575], "b4": [0.2918326016330702, 0.9763748671442727, 0.8487415075528673], "b5": [0.9011540368469397, 0.8867156812666168, 0.903177334646727], "b6": [0.9856178211490285, 0.9411913922528977, 0.9106144129873575], "b7": [0.8911798329994063, 0.9784565807652781, 0.8478348917946172], "b8": [0.16354296351633382, 0.9174062896609091, 0.8908204085749535], "b9": [0.08318548476395109, 0.9883816180294174, 0.810036347641347]}