{"b0": [0.8619405824520057, 0.8502699634603087, 0.8072337994467003], "b1": [0.015679674707277182, 0.9708671957833525, 0.9940862565253523], "b2": [0.8980357514766497, 0.8845847136137938, 0.9388769391130674], "b3": [0.0056667116707048324, 0.9812191414638335, 0.9242611003252708], "b4": [0.8577275388920304, 0.9619925127350468, 0.8535065999226057], "b5": [0.08813480075244345, 0.7801279634474422, 0.8385689959980053], "b6": [0.6620720495131129, 0.8899010703161666, 0.9610623917798219], "b7": [0.07491594405887021, 0.9680655949810563, 0.8553096242600469], "b8": [0.8727055555650655, 0.9121854701300376, 0.8118165089967015], "b9": [0.8778822463178233, 0.9266231424718498, 0.9463881771663298]}