{"b0": [0.5898899176616973, 0.7654021692384785, 0.8002893895168952], "b1": [0.8767418429891568, 0.9098191325762742, 0.839798639760046], "b2": [0.6209152583235776, 0.8813065929718574, 0.9837434836402557], "b3": [0.9294123811422726, 0.9540903162255221, 0.8985387256972766], "b4": [0.05631060287572473, 0.9245824578619087, 0.8009605201195111], "b5": [0.6218511185452379, 0.8242925116591892, 0.9683111134646246], "b6": [0.16460499241660137, 0.9818072220984436, 0.9721160634104484], "b7": [0.9029659772794066, 0.744677181602247, 0.9961573455790049], "b8": [0.8478769358785143, 0.8852043573798687, 0.8263412392610201], "b9": [0.8981826317922824, 0.9188020587321527, 0.899832173253226]}