{"b0": [0.15918085188267597, 0.9916691692369031, 0.9433932950975232], "b1": [0.3175571239700653, 0.9100082656372144, 0.877285445744551], "b2": [0.318989436237476, 0.9844176552260642, 0.970450223866183], "b3": [0.34751964856701023, 0.9353958560084834, 0.8401935208910548], "b4": [0.16234591246332092, 0.9894073426083861, 0.823508776879215], "b5": [0.9990920052178194, 0.9921798375918368, 0.8446619826691493], "b6": [0.06342775630148864, 0.991544348324813, 0.8087974705426756], "b7": [0.3230513036862558, 0.8466208282891067, 0.8615944554912537], "b8": [0.5817230672505457, 0.9702236322690662, 0.9137031978436166], "b9": [0.7788424814172658, 0.9761746970563172, 0.8220508936291552]}