{"b0": [0.7517279418784465, 0.9906552593575333, 0.8007952549621536], "b1": [0.6124465470444611, 0.9233036253648179, 0.8741479215122913], "b2": [0.0887268350757781, 0.9387375837737943, 0.8533619530143293], "b3": [0.7852151955696774, 0.9621755789450894, 0.9846200815403181], "b4": [0.09667968831227554, 0.9832764156848236, 0.9800561190500244], "b5": [0.15576165677091292, 0.9926384930938384, 0.8905561720486611], "b6": [0.7086434873670698, 0.9288532567117045, 0.9182087410495364], "b7": [0.16475398961692675, 0.8121427704134534, 0.9557793208273978], "b8": [0.8647893120588424, 0.998100114679418, 0.9611098404727074], "b9": [0.5897049445935165, 0.967014147521926, 0.9988870970181364]}