{"b0": [0.33676842032903226, 0.7780287983614476, 0.8246566529261434], "b1": [0.09728986279927282, 0.9537312738158942, 0.9561554267767509], "b2": [0.5990559731906032, 0.9236987441065285, 0.95699479758451], "b3": [0.6189122756748389, 0.9751890262891757, 0.9177899356399473], "b4": [0.3378858983108536, 0.9103405316546962, 0.9081572975718121], "b5": [0.8528541419762844, 0.949010390133302, 0.9160435203825458], "b6": [0.9912936909523373, 0.9552838242890427, 0.8043304214677182], "b7": [0.2917699783030087, 0.9057058434613394, 0.9139818185736962], "b8": [0.1666317044937624, 0.9438163603353563, 0.8753031359127382], "b9": [0.3134786080867892, 0.9484651392989117, 0.929547141389886]}