{"b0": [0.9209365931815312, 0.9761957572579348, 0.8713443564808746], "b1": [0.006255885531349668, 0.9222793468535939, 0.9254456196905022], "b2": [0.935609011989465, 0.9693148654575415, 0.8309014713328503], "b3": [0.8530065059285558, 0.9906175950328604, 0.9106024187143096], "b4": [0.5924657715731025, 0.9889366401562082, 0.9303817012047092], "b5": [0.6579712344166336, 0.9525258237487237, 0.8379540347901081], "b6": [0.7648831883944012, 0.9334951062155418, 0.9043911381698976], "b7": [0.824325382218645, 0.943407755256585, 0.8637250213701491], "b8": [0.1727588250958087, 0.9568221998014139, 0.8009885810428831], "b9": [0.15955043943674052, 0.9699508228796201, 0.9924162944282968]}