{"b0": [0.00839587590180074, 0.9467181907655144, 0.8039083719386702], "b1": [0.6313496035362407, 0.9216941000783865, 0.9997001338082531], "b2": [0.041761325462108145, 0.8088194823850021, 0.8365509659563933], "b3": [0.08743946053146175, 0.9749963595796628, 0.9348809155274833], "b4": [0.7390762142861225, 0.9407077238427651, 0.9980254145572333], "b5": [0.6160835273256974, 0.9695974913342416, 0.814550391746497], "b6": [0.33705074682563974, 0.7354001490393917, 0.9341884113799687], "b7": [0.15749227966860246, 0.808523109613613, 0.8908787719982146], "b8": [0.910550949502388, 0.9753680024504672, 0.8375853044814126], "b9": [0.7298153982790738, 0.9437349874431122, 0.9473042646170617]}