{"b0": [0.3082690032242656, 0.9683439217591687, 0.8230750271419432], "b1": [0.9885851888483991, 0.9979857274120525, 0.9006963451573651], "b2": [0.7414331506275927, 0.8896204432281809, 0.9160071458069159], "b3": [0.894030975322665, 0.7509310044443008, 0.8890994371689146], "b4": [0.3235829311622291, 0.8908285535080932, 0.8424155285846223], "b5": [0.9875731749742875, 0.9556739720688343, 0.9643801451006121], "b6": [0.006298476416353924, 0.8217541021880335, 0.8272643226732366], "b7": [0.0963220916957904, 0.9044487677911133, 0.8095082875187464], "b8": [0.1691977313892369, 0.9569600129790742, 0.9327032441149504], "b9": [0.015139854630256033, 0.987851024717127, 0.8384476513509219]}