{"b0": [0.8374969051232968, 0.9377879448295883, 0.8344801561316124], "b1": [0.32228521316640857, 0.8708722163863556, 0.8499012879005003], "b2": [0.3277623476057988, 0.8766348060078211, 0.8064698014143346], "b3": [0.000996990108473245, 0.9934274567371656, 0.8848572915796212], "b4": [0.07690328137308641, 0.9413701622160384, 0.9008054207439491], "b5": [0.014101258118124065, 0.896006351873557, 0.9232452891448542], "b6": [0.3145942287807816, 0.9368458880070585, 0.8634724368647793], "b7": [0.3738826024540785, 0.9802861003771907, 0.9476908379327377], "b8": [0.9759127057663298, 0.8883599731164946, 0.9963968857002077], "b9": [0.9396723700583912, 0.9624510036536232, 0.986741985784311]}