{"b0": [0.7570528752841251, 0.9014434588858617, 0.8327866485070663], "b1": [0.34192949598040867, 0.8881897654352343, 0.9503787759573566], "b2": [0.06408955481235293, 0.9141918631893526, 0.9262581718888926], "b3": [0.7335615289939256, 0.8205524865765658, 0.9890250219879094], "b4": [0.9892560279716254, 0.9905751245775902, 0.8365168616844482], "b5": [0.8973783693090668, 0.9961415885149139, 0.9683615505560438], "b6": [0.30341773245718484, 0.9992515620106854, 0.9179455196463588], "b7": [0.004261621889671091, 0.9931244043932486, 0.8096347992967003], "b8": [0.874765551274817, 0.8387831827986042, 0.9007998132481191], "b9": [0.9897674220740106, 0.8914204051032145, 0.8035403408798577]}