{"b0": [0.7505369837708797, 0.9606741035448398, 0.8437614231260236], "b1": [0.7531562778663533, 0.99895742761188, 0.9199877840434085], "b2": [0.07618680451896864, 0.9981168922558306, 0.9968070696856569], "b3": [0.7413534897467801, 0.8161791105913668, 0.9372003858679484], "b4": [0.0047353583720756535, 0.9046787242262644, 0.8179092240002028], "b5": [0.07638562800380423, 0.975349654675627, 0.8765494690718113], "b6": [0.16607443307288824, 0.9387720629943395, 0.9803516352837847], "b7": [0.005540223932376081, 0.8470281449047214, 0.8224285661071655], "b8": [0.15946911847938008, 0.9753386115940951, 0.943864704909221], "b9": [0.7597391902860785, 0.9414375387900074, 0.915336710465883]}