{"b0": [0.7541866041827813, 0.9074803672039596, 0.9665927259587663], "b1": [0.9163809699022437, 0.8268486113625805, 0.8712192748963764], "b2": [0.7776218005129627, 0.91246310267096, 0.8693592204850275], "b3": [0.07125608007546975, 0.90394163104701, 0.9212923999515903], "b4": [0.7810922747557875, 0.770416336907846, 0.9360232620241012], "b5": [0.08520892569369286, 0.8382729607438398, 0.896855715271558], "b6": [0.7196396439367055, 0.8501161159195161, 0.9496367053283862], "b7": [0.16257488907376982, 0.8929465707164195, 0.9745877281029148], "b8": [0.07487900365205087, 0.8838069856764394, 0.9641757086424343], "b9": [0.3690689830631025, 0.936126227698785, 0.8618709735833593]}