{"b0": [0.735470175335921, 0.9714177522672763, 0.8740812454217425], "b1": [0.8182055324174828, 0.899793481471794, 0.8742019829894586], "b2": [0.7255682118218978, 0.9773232548102528, 0.9856303065901616], "b3": [0.3237665090212189, 0.8809217839322533, 0.9860860885000534], "b4": [0.07458315069927213, 0.9556485958626625, 0.9887372404511179], "b5": [0.7171097224665324, 0.9748427992733995, 0.9983607633112618], "b6": [0.0879814715488701, 0.9981777788054506, 0.9791331517851617], "b7": [0.7272734244750839, 0.9724152907586654, 0.8378695568374355], "b8": [0.15809678157102686, 0.9391533719825524, 0.8246285040552331], "b9": [0.14985774492315002, 0.9355114438301639, 0.8135970033333529]}