{"b0": [0.16298528992237876, 0.997839732624759, 0.8648793354030847], "b1": [0.7253022579395767, 0.9943242670032002, 0.8157490018364519], "b2": [0.0698919899294427, 0.9847898019037745, 0.8392186486581196], "b3": [0.7793634107276778, 0.9419772226422438, 0.9243324054243476], "b4": [0.742520066506751, 0.9699353817550712, 0.9044396053221937], "b5": [0.15439003973552232, 0.9535445106247817, 0.8992536463527088], "b6": [0.7229527541669755, 0.8684218518998863, 0.9219018052804209], "b7": [0.08164986994499289, 0.903000343542017, 0.8658460761206044], "b8": [0.7687187079495607, 0.9316812615606382, 0.8474194824124113], "b9": [0.7199739842337088, 0.8935040646289661, 0.9557053313049606]}