{"b0": [0.30570718724764034, 0.9358183925618961, 0.8270930056137337], "b1": [0.1697163631480632, 0.9331177854461146, 0.8028223002828645], "b2": [0.16212327067153012, 0.9589485962044415, 0.9808864962680114], "b3": [0.7837568450626351, 0.8758506267981327, 0.8424272066250321], "b4": [0.011668362219060553, 0.8866079084304735, 0.8296411831038577], "b5": [0.6533447420160886, 0.7393697368227657, 0.9102638859185213], "b6": [0.011197164745411532, 0.929327101186964, 0.819070172078606], "b7": [0.010087354203458692, 0.8665014342764839, 0.8295826805162821], "b8": [0.020061758408061518, 0.9744875317635341, 0.9498559714197407], "b9": [0.8501546228460316, 0.8228814433892789, 0.8894729950904996]}