{"b0": [0.7809605662690121, 0.9867826531989274, 0.9296834388868364], "b1": [0.8223796126640752, 0.856907025976194, 0.9012989923647442], "b2": [0.8438799196685259, 0.9764548277940697, 0.8664458885056852], "b3": [0.7971095710559244, 0.983571505832863, 0.8753731975143717], "b4": [0.8274866125867042, 0.9681760915724934, 0.8514990450202073], "b5": [0.14786707799265428, 0.9936318045275526, 0.9948604192250973], "b6": [0.5554539761865228, 0.9584625512619612, 0.9939332307756432], "b7": [0.16247458455511743, 0.9098513535297542, 0.8768357039616775], "b8": [0.17111895983740882, 0.9567455514078286, 0.9622775504554792], "b9": [0.9742731305392504, 0.8864984031895099, 0.8780769143916182]}