{"b0": [0.16633654889142527, 0.9494877702868333, 0.8518827889400139], "b1": [0.15544243703791763, 0.8274902675229601, 0.9418207877525604], "b2": [0.3230451880492103, 0.8919903496698709, 0.850653244023788], "b3": [0.16121966204540242, 0.9677534073209609, 0.8905379081895891], "b4": [0.3044777065842809, 0.9548215125662745, 0.9745376293898133], "b5": [0.6240663186002751, 0.9532262121893936, 0.8489591778801017], "b6": [0.7540815550544591, 0.9561135428517978, 0.8498011971726792], "b7": [0.01955717921456185, 0.7930925273580942, 0.8169083127039438], "b8": [0.5543326804050643, 0.9464679092462704, 0.9324608158090875], "b9": [0.9715203345414625, 0.797699286840483, 0.8297804541827611]}