{"b0": [0.1588071824986085, 0.9293975301594547, 0.9841983921179217], "b1": [0.0024620506997249953, 0.9577922106775635, 0.836452346212339], "b2": [0.16135330831048464, 0.9615145715265443, 0.9320325071412975], "b3": [0.9877738080744439, 0.7990040675467188, 0.9270445318763936], "b4": [0.16007493380764828, 0.978600409664802, 0.9236712256678885], "b5": [0.9900733983562553, 0.9293174034182446, 0.9586216435001114], "b6": [0.7615294291744372, 0.8581301112500664, 0.9089653950320357], "b7": [0.7683676844078632, 0.9368491894842513, 0.835372500818701], "b8": [0.9879249291713286, 0.8003247512504399, 0.8675988625647721], "b9": [0.6916506076335273, 0.9262875940811598, 0.8180230882380107]}