{"b0": [0.006076802211533594, 0.9841860007173515, 0.9501083894484091], "b1": [0.9842386447406755, 0.9448450090782599, 0.8689347149233926], "b2": [0.996021824120504, 0.8746554895361385, 0.9370400953274572], "b3": [0.1664270365678792, 0.9623046219591613, 0.852334462384451], "b4": [0.9912448726934308, 0.8745366304752281, 0.86430624985941], "b5": [0.9858940653140275, 0.9134456411243516, 0.9302930793125522], "b6": [0.16330513850233774, 0.8336298093739783, 0.8208540520440402], "b7": [0.012151292092498054, 0.92818961809212, 0.947791584471856], "b8": [0.005373946641793585, 0.9251696601705537, 0.844231750315675], "b9": [0.15875774272126933, 0.9376057986005821, 0.8466026519935383]}