{"b0": [0.17193425186430264, 0.9135945775441298, 0.8101846453360605], "b1": [0.007998855950251411, 0.9621326710948623, 0.9298959973172407], "b2": [0.8521201752327907, 0.8643087418304198, 0.9401240048382792], "b3": [0.07722574250389201, 0.979007328911456, 0.9547053715003386], "b4": [0.0012822834916444, 0.941299144529617, 0.9117084573662904], "b5": [0.8932574049286108, 0.8258777687146113, 0.9172490946102624], "b6": [0.83973825683032, 0.7689999654332087, 0.9422802247202549], "b7": [0.012956957458919935, 0.986398804429094, 0.8687490254947638], "b8": [0.011508010449745807, 0.8134084048828616, 0.9192018340397832], "b9": [0.9040427575258234, 0.9410117232393291, 0.8775170072359435]}