{"b0": [0.019409364769716848, 0.8782306698681309, 0.8988127245717012], "b1": [0.3583416916800082, 0.9775948256786821, 0.9584227474283247], "b2": [0.02017153182667708, 0.9179858714052466, 0.9151243276282134], "b3": [0.0002475932675308958, 0.9589259792907839, 0.9534060307073338], "b4": [0.34134858089197023, 0.9590576246111492, 0.8476324662496322], "b5": [0.32329901725510907, 0.9812677873374391, 0.94485260800428], "b6": [0.7679200499172074, 0.9286223721572803, 0.9109349614546849], "b7": [0.7313627281189683, 0.997852878421884, 0.9840355233645799], "b8": [0.3477085214215673, 0.7766808313597608, 0.8908817394491938], "b9": [0.989141276233243, 0.9565592166195763, 0.8019997092108736]}