{"b0": [0.020197948033859343, 0.8655466110120565, 0.8136522243442877], "b1": [0.3162889849688557, 0.9555540575453935, 0.8731015659810311], "b2": [0.6603882949130595, 0.769482083879933, 0.8005173644748862], "b3": [0.7892202626895848, 0.9205793129087435, 0.917653512430958], "b4": [0.9977692280886323, 0.8248744596777989, 0.9593218147929358], "b5": [0.2966522366111654, 0.906011109598869, 0.8312760682680812], "b6": [0.3205679621169615, 0.9705690746378864, 0.9690912676938368], "b7": [0.33580038623015207, 0.9993665643390222, 0.8050966784702541], "b8": [0.6219462928784693, 0.9116366690181557, 0.922977914895337], "b9": [0.8748102600905701, 0.9356175516264341, 0.9374246850942305]}