{"b0": [0.8644420691388791, 0.8715164336732922, 0.8781791322555601], "b1": [0.06203839768286699, 0.7852182598137571, 0.8565005385521371], "b2": [0.08501723992422043, 0.8975085074506087, 0.8941296335087068], "b3": [0.9987741478661073, 0.9113694912599312, 0.857579456760682], "b4": [0.9927743514029236, 0.9562899116326788, 0.9553656148094752], "b5": [0.9964082932502828, 0.934125870476215, 0.904255707632692], "b6": [0.7806281107577325, 0.9527273132765818, 0.8339574847736434], "b7": [0.07238583983821666, 0.9667705817510501, 0.949273623911671], "b8": [0.5903648138685863, 0.9211537240416348, 0.8618488653836844], "b9": [0.6064257212560189, 0.9457868338441762, 0.9412887843741751]}