{"b0": [0.6258056455803732, 0.9800153718628717, 0.9622026859372061], "b1": [0.08657217518136073, 0.9488536858732308, 0.8056546528132611], "b2": [0.9162034485239154, 0.8983472177051701, 0.8176390992574014], "b3": [0.002928332617128326, 0.8595403982382085, 0.8229040511901943], "b4": [0.2857192712606773, 0.9465097397060431, 0.8326056479547828], "b5": [0.019506789255529913, 0.9217473139066198, 0.8384714976797991], "b6": [0.6052563103893557, 0.9089302688496425, 0.8215763131844686], "b7": [0.16570843006216268, 0.894807348644681, 0.873704652892815], "b8": [0.8738009414170341, 0.8827903719587706, 0.8283926046407255], "b9": [0.34785630947254254, 0.9206021072999738, 0.8643423773837436]}