{"b0": [0.3231238486887441, 0.8932620904472595, 0.9927731657936354], "b1": [0.1643791694283331, 0.9858584454654085, 0.9596881437057757], "b2": [0.09679593949270851, 0.8371504346936203, 0.8836428848277466], "b3": [0.6566772707242137, 0.9553504878749292, 0.8704408450763224], "b4": [0.003631765447985395, 0.9270051701641226, 0.8120356204433264], "b5": [0.9887877382388642, 0.9422774478303453, 0.9711528509480425], "b6": [0.6063598282232359, 0.9057883895664163, 0.8716836545139892], "b7": [0.029067328070052238, 0.9807932626287537, 0.945862910431015], "b8": [0.028777870903610166, 0.9897888897966314, 0.994364935561314], "b9": [0.08155487203019501, 0.8799227911380965, 0.8321521413579834]}