{"b0": [0.15701299369102187, 0.9724687567126931, 0.9156002543103752], "b1": [0.9827399930614722, 0.9211639153845544, 0.8797931299138534], "b2": [0.8189628795180168, 0.9133723951212, 0.8030320412409659], "b3": [0.99728654652694, 0.9873273054696923, 0.8982492761920926], "b4": [0.31329373642701946, 0.985937885074948, 0.9821175436093277], "b5": [0.2945250162183027, 0.9070888624375968, 0.9128856157678638], "b6": [0.924429166103011, 0.9337611243468757, 0.8130196439419454], "b7": [0.5957286325027038, 0.9441930515244848, 0.8719449169816446], "b8": [0.15838937612275852, 0.9791555114598312, 0.9337414454425595], "b9": [0.6105158559533668, 0.9237716148465295, 0.9771265226040944]}