{"b0": [0.07921673811272865, 0.9815036112472524, 0.9137785662491212], "b1": [0.7163104943893812, 0.9900690966381712, 0.8755074524191008], "b2": [0.013763119879208195, 0.9501546193075237, 0.9290619050648636], "b3": [0.7275295674555013, 0.8913658894042418, 0.9544343849406549], "b4": [0.3446737053623226, 0.8793145623452508, 0.8179703428612166], "b5": [0.1626210722648579, 0.9103110894516989, 0.9178226294246145], "b6": [0.16772223606427297, 0.8929306433312876, 0.9236795200330513], "b7": [0.614250244441606, 0.9473750221991923, 0.9844025275123299], "b8": [0.9943860728643926, 0.9556441777421493, 0.9213368990354884], "b9": [0.8906455552395596, 0.8863291754341285, 0.8212388847808192]}