{"b0": [0.15829748384200534, 0.8817533096356889, 0.9764606234751807], "b1": [0.3022183446352231, 0.7241800519090059, 0.9140040335336014], "b2": [0.1669214009474285, 0.8954525540047142, 0.9592483183016975], "b3": [0.9839485531815491, 0.9709041854826022, 0.9302861278849412], "b4": [0.8303679210733566, 0.8956385159233886, 0.8546289821610563], "b5": [0.16606069870078927, 0.8824357424231666, 0.972028417908161], "b6": [0.1676583421226652, 0.9935239275241036, 0.8135161758042234], "b7": [0.7573289303031945, 0.9982207977931662, 0.8634137386243098], "b8": [0.06946277795551378, 0.8404068343723341, 0.8068971709970002], "b9": [0.1628647740139379, 0.8445165345352802, 0.8700201270166005]}