{"b0": [0.16593988698772802, 0.9484323843698896, 0.8915466369492546], "b1": [0.3485951114930993, 0.7685651835264942, 0.8363490289509059], "b2": [0.0020182055453608298, 0.9823983039767679, 0.9779953654321197], "b3": [0.29631639930812304, 0.9577127485337167, 0.871249954425197], "b4": [0.08849879784064182, 0.8789901971490198, 0.9806534713618197], "b5": [0.0005498166916299618, 0.9450762984663134, 0.8691690083348953], "b6": [0.1641990171895714, 0.9626161824535502, 0.9650677648686833], "b7": [0.15680212589381728, 0.8592801146739513, 0.9659350853341713], "b8": [0.9706206429348262, 0.973978197652298, 0.8792305102195747], "b9": [0.31623531470657684, 0.80221775012283, 0.9312913624860076]}