{"b0": [0.7358116587265314, 0.9624826885944447, 0.8602004160059464], "b1": [0.6553257672882637, 0.9272082014921722, 0.9155335180100826], "b2": [0.3242027401495605, 0.8534355673871538, 0.8809635025295259], "b3": [0.1538158596981403, 0.9531029506554554, 0.8193731517537927], "b4": [0.7449788429970766, 0.9817410487904696, 0.8394238092665026], "b5": [0.32128626837099, 0.998533320759324, 0.8657617363016024], "b6": [0.3353068455051737, 0.9988857325247357, 0.8307906506073682], "b7": [0.9951340640483014, 0.9928692805137804, 0.9212691260365203], "b8": [0.9727851749247739, 0.9653597340304225, 0.8660728727772021], "b9": [0.0013537870971778413, 0.9842854298076454, 0.9048617282674352]}