{"b0": [0.17135877331384994, 0.9132794937622514, 0.8666048950526757], "b1": [0.32321432602158084, 0.9623888724498323, 0.9923501244125599], "b2": [0.008314137971935549, 0.9017308235008309, 0.933445845030345], "b3": [0.3388683234166658, 0.8475203352302243, 0.9565718848276306], "b4": [0.010470130500557517, 0.951239062208369, 0.9797310024554511], "b5": [0.9942847775566027, 0.9202625147188799, 0.8555602598607566], "b6": [0.16151997202943985, 0.9818426569131062, 0.9101576510338285], "b7": [0.5497827432999756, 0.939316958538183, 0.8077837703457561], "b8": [0.3172643134039679, 0.9988796529186825, 0.8785112095370678], "b9": [0.8581364676985253, 0.7423283375450955, 0.8086029740344723]}