{"b0": [0.006294360521872044, 0.9823960263722151, 0.9385278021779874], "b1": [0.6163974186778642, 0.9920572316055165, 0.869894624663796], "b2": [0.8827390665003374, 0.9777119803672037, 0.8299344743662579], "b3": [0.6472077549690027, 0.9621114540750476, 0.8600092876770483], "b4": [0.07321491280510499, 0.9512339930984623, 0.8930216522905043], "b5": [0.16489378345760308, 0.9534347952274622, 0.8767595265800058], "b6": [0.3187078959964243, 0.9216952325754281, 0.8885604538594629], "b7": [0.5875227407594806, 0.9913165336282305, 0.9312404330468902], "b8": [0.9898811076984708, 0.7807716638636678, 0.8002538622813353], "b9": [0.8841363589478134, 0.855017324668422, 0.8288944735949832]}