{"b0": [0.34837727160130183, 0.8764394992812475, 0.9636029058334123], "b1": [0.3561108295968642, 0.9085189598878921, 0.8806450643945058], "b2": [0.866888823474058, 0.9718830531507703, 0.842054730358725], "b3": [0.16276340111504212, 0.9785329209172988, 0.9993986545950679], "b4": [0.16729690839375, 0.9411773286138372, 0.8723491568475447], "b5": [0.8755698613953241, 0.8416570092050635, 0.9285332986646074], "b6": [0.6123333389488248, 0.863215721471876, 0.9253854579615092], "b7": [0.2923263059268836, 0.9726353069190469, 0.9802095629028112], "b8": [0.16347220199875562, 0.7933474569935828, 0.9517615814762224], "b9": [0.5877613979641292, 0.9421607336271899, 0.8863162523343826]}