{"b0": [0.15866402511369157, 0.8317042634837273, 0.8138492397235576], "b1": [0.011346067314986507, 0.9442678770198774, 0.8214800678826836], "b2": [0.5499368651344391, 0.938952588977491, 0.9198466304399311], "b3": [0.09207736902605734, 0.9331136773588956, 0.913334063571082], "b4": [0.06174254882075639, 0.9523677465216999, 0.9446231885301816], "b5": [0.3242160462056352, 0.9766700369401957, 0.9283234147983347], "b6": [0.07435691957825583, 0.9418641456330445, 0.9905840937090988], "b7": [0.9941921369205984, 0.9295744354134347, 0.9708061165558175], "b8": [0.012541009209427953, 0.9203371173911973, 0.9278789643192007], "b9": [0.34207200668580534, 0.9586591836183505, 0.9360461940170606]}