{"b0": [0.1068353096188621, 0.9306417305390967, 0.9649138125502104], "b1": [0.8990395779607426, 0.9493229937707005, 0.8063681740294544], "b2": [0.06989071779246156, 0.9876633714332237, 0.9206849134680037], "b3": [0.7603322556283717, 0.8851623106903981, 0.9103188220707352], "b4": [0.7467411297999095, 0.9617026457727402, 0.8201565019963217], "b5": [0.5897159081440283, 0.7543069798339351, 0.9367893439224233], "b6": [0.1582556845182671, 0.9114311139166493, 0.9623701379681522], "b7": [0.0791496408485351, 0.857885320160316, 0.9027273216248894], "b8": [0.1658500005284166, 0.9793081274660704, 0.8309706041564776], "b9": [0.1658090751386327, 0.9030435518238045, 0.8857738233171151]}