{"b0": [0.15673504622679674, 0.8932028685016614, 0.8036378258467471], "b1": [0.7380244961498067, 0.9895320305142223, 0.8111963224877252], "b2": [0.7332043516328005, 0.9132454379538478, 0.9880750256051398], "b3": [0.710334363330773, 0.9094369207131696, 0.915393480126976], "b4": [0.7394541251132657, 0.8722841334518986, 0.8026842761801276], "b5": [0.10790812556621338, 0.9136383267496982, 0.8407810550978381], "b6": [0.006313853977748161, 0.9862667252105745, 0.8582019256639617], "b7": [0.8335541498440552, 0.9195661378771622, 0.9565732953800355], "b8": [0.6309831669598952, 0.9632236166566785, 0.8508500836549071], "b9": [0.0838651035098687, 0.9947399618688985, 0.8282899533162096]}