{"b0": [0.16700848959516737, 0.9814260946243215, 0.8100241466328724], "b1": [0.011713907650161398, 0.9983361386120051, 0.977499127326747], "b2": [0.16854046984453444, 0.8340067927909807, 0.9738941533518956], "b3": [0.7917347610113583, 0.9310709101669741, 0.9975782331771288], "b4": [0.0830834509820839, 0.9308046928883362, 0.954507738339381], "b5": [0.8791458763030374, 0.9685857977767731, 0.9252880163108397], "b6": [0.8046492748144918, 0.917011063573782, 0.8014038138854497], "b7": [0.349521067269212, 0.9588151775827849, 0.8883753678313682], "b8": [0.8544786522167084, 0.9974944833539364, 0.8017921561092186], "b9": [0.9952749009990964, 0.8536045160287067, 0.9010021053881115]}