{"b0": [0.8780225473006033, 0.9577073646959665, 0.8180680331790117], "b1": [0.588578381489164, 0.9259403317008946, 0.9437303953260969], "b2": [0.10823187940478682, 0.9135695589256505, 0.8128675488032374], "b3": [0.4027059205845043, 0.8174493524080247, 0.9173114621983877], "b4": [0.16356875178284408, 0.9065392626758464, 0.8387431899785847], "b5": [0.9936840003464867, 0.872173552431085, 0.9560512706622695], "b6": [0.6770765063894495, 0.9538119461559398, 0.9189881240241252], "b7": [0.9008029953607444, 0.9861028858792635, 0.9578114816670091], "b8": [0.15719435551661076, 0.8676908004929959, 0.9204119569749639], "b9": [0.07947740944453238, 0.871170004638324, 0.8027394275951244]}