{"b0": [0.3305071417330538, 0.9828046472268807, 0.8317093162001926], "b1": [0.07434042953179322, 0.8798673037927099, 0.9075816333206326], "b2": [0.8662554865691989, 0.9462570577032515, 0.923295362957635], "b3": [0.15813894580006826, 0.8370110724889597, 0.9965850426364398], "b4": [0.06345711167552844, 0.9483953263517665, 0.9943790692173153], "b5": [0.6297388369476545, 0.92563521268619, 0.803018568475774], "b6": [0.7334048170511238, 0.996568160646649, 0.8672197184529654], "b7": [0.002046286978997403, 0.9725391350943876, 0.8643672009340895], "b8": [0.10871537022231775, 0.9508739268349181, 0.8390449636785788], "b9": [0.640450317636967, 0.860865534120243, 0.9938442865279395]}