{"b0": [0.09139183934764997, 0.9738158902342643, 0.8553055768244604], "b1": [0.9189444130974626, 0.8047091682497383, 0.8188035177789866], "b2": [0.31750365791069085, 0.9541540073194905, 0.8914957519941747], "b3": [0.3749221920917495, 0.9653763530194875, 0.875631500321179], "b4": [0.35275231380432487, 0.9220391162791662, 0.9371652282146923], "b5": [0.8704379213493983, 0.9179648685639227, 0.9839706047123374], "b6": [0.34746339184697894, 0.885695676901844, 0.9893494987209323], "b7": [0.8549866821537299, 0.9947394596806218, 0.9472035203507648], "b8": [0.33461170286862396, 0.909389209630568, 0.8875313844346284], "b9": [0.8613692106879896, 0.9995446219113997, 0.8827189484198551]}