{"b0": [0.3406932088933409, 0.9370409805690402, 0.8502814604083754], "b1": [0.1510044727023944, 0.7996867929631887, 0.9061577592816916], "b2": [0.30955147405451133, 0.930055885261867, 0.8584230540802877], "b3": [0.35201158813734174, 0.9640993867946548, 0.9605165875269512], "b4": [0.8788762882582813, 0.9623046685198214, 0.9791477964470746], "b5": [0.16166379436225814, 0.854900805583813, 0.9384653282390819], "b6": [0.8585011174744812, 0.9686581027636986, 0.9403251749726471], "b7": [0.10287040317916972, 0.9198349803742195, 0.95934139054252], "b8": [0.6200850632611856, 0.8921485447969529, 0.9639117687530817], "b9": [0.15775060968717372, 0.9717872285307724, 0.886376514168436]}