{"b0": [0.348865094678114, 0.9636457535598892, 0.99555047420313], "b1": [0.29454161704203086, 0.8113299903633601, 0.8612944757117752], "b2": [0.8585227452624777, 0.9918425268008852, 0.8390203750500873], "b3": [0.569943560333132, 0.9229549113603405, 0.812949416029188], "b4": [0.31501154072181553, 0.9295820469999806, 0.9609337444494429], "b5": [0.8415220428321885, 0.9913938926211303, 0.9806708231595889], "b6": [0.313591071997908, 0.9903462441622034, 0.8204225986140226], "b7": [0.8533449205603024, 0.8362514069418715, 0.8883617464931436], "b8": [0.8824598818311996, 0.8816048463059409, 0.8860279972450779], "b9": [0.3465804056405441, 0.8661098937282184, 0.9327606849466425]}