{"b0": [0.16114547909816299, 0.9118739999247901, 0.9044138486746378], "b1": [0.7637994292370732, 0.8662914360682596, 0.8190680272900903], "b2": [0.35711209137691496, 0.9873247125010949, 0.9691389954346661], "b3": [0.8381490746786856, 0.9415784565483446, 0.9880940155724872], "b4": [0.562202232448847, 0.9731409792754074, 0.8920677995550274], "b5": [0.008209947805917866, 0.906689828812693, 0.9188397942726739], "b6": [0.16574443073459913, 0.9653997723274519, 0.8508628093111638], "b7": [0.17044009878657287, 0.8779771026506339, 0.9474552311293479], "b8": [0.15899714489835948, 0.9555775305992253, 0.8709489943499068], "b9": [0.1498082681785582, 0.9886721263639441, 0.9454150536839291]}