{"b0": [0.6096999230761003, 0.8807811836479574, 0.8798669857462328], "b1": [0.16491521480094698, 0.9618775074304752, 0.9004164739126813], "b2": [0.0003761056106072453, 0.9459602490406417, 0.9852721149855779], "b3": [0.9262414457669099, 0.9338895337646109, 0.9140250208993802], "b4": [0.754540836592292, 0.9048003782682846, 0.9442096781953165], "b5": [0.6081931362761908, 0.838800795504077, 0.8446734974548419], "b6": [0.009807498502921555, 0.8954580635549145, 0.8619271565299641], "b7": [0.1611920668053733, 0.890655919012708, 0.9288776086699567], "b8": [0.15741288527195219, 0.8824377258161533, 0.9675094014910396], "b9": [0.5788267735839255, 0.8193934582672898, 0.8544989312290139]}