{"b0": [0.6211915540082366, 0.942217890086923, 0.9609326044927652], "b1": [0.005134308632209015, 0.9235365972579875, 0.8819513395920053], "b2": [0.16373269751714026, 0.9506454444447415, 0.9984916060201386], "b3": [0.712774199680825, 0.8837152706674124, 0.9715011375936546], "b4": [0.16278823127845596, 0.8393443292388821, 0.8593743057386527], "b5": [0.15608007373069457, 0.9631888684590366, 0.9878262227726651], "b6": [0.7361084128785058, 0.9476090812688984, 0.8064292395242453], "b7": [0.16948878545921162, 0.8927729814448421, 0.9988706331428492], "b8": [0.1598923531476699, 0.9940340035915253, 0.9886915068578135], "b9": [0.009795930294398385, 0.7848493337150912, 0.9844573164658433]}