{"b0": [0.7340423961150846, 0.9727152305132953, 0.8019127494583255], "b1": [0.15437036664994616, 0.939519201709961, 0.8869177411949707], "b2": [0.16119725812087118, 0.8514177911270518, 0.8929477555999461], "b3": [0.15395342326840672, 0.9692234798538489, 0.9231688238995112], "b4": [0.1651331250148618, 0.9895801600082511, 0.8312996232290993], "b5": [0.14714279726750468, 0.7141882181685467, 0.868273764526474], "b6": [0.16001851426803196, 0.8096731047604311, 0.9698421869686027], "b7": [0.16645626858781074, 0.7881755817261918, 0.9247974752329731], "b8": [0.5922669322985982, 0.7734636754238169, 0.8520716227013362], "b9": [0.7306510238190156, 0.9372989063393519, 0.9382093423612985]}