{"b0": [0.1658154066139706, 0.9383151508354155, 0.9372054770122286], "b1": [0.861557494419878, 0.7971984780639181, 0.8258505782733008], "b2": [0.07763108223438966, 0.9727248438064199, 0.9339495719602834], "b3": [0.012539027326554852, 0.9111751092019411, 0.8463352749773005], "b4": [0.73163155293559, 0.9925614499268697, 0.8726728915549385], "b5": [0.16031581007089538, 0.9155511086426253, 0.8401168702858949], "b6": [0.16701486147192024, 0.8724664342372626, 0.8191926482361077], "b7": [0.16557804623075764, 0.8759848696451725, 0.9393965618745227], "b8": [0.7982248572403176, 0.9225860469144708, 0.8841640952607817], "b9": [0.7483847172198311, 0.9911317527289931, 0.8283180702645007]}