{"b0": [0.39114487954301924, 0.9083574179477697, 0.8397446986749592], "b1": [0.7965704422576745, 0.998387710119273, 0.984174666597889], "b2": [0.6102288372243467, 0.8645200548114991, 0.9034929274569805], "b3": [0.1589594593036468, 0.9753406000049586, 0.9850513526405055], "b4": [0.5940217001074053, 0.8654106648587357, 0.8718113741906527], "b5": [0.2931927113251377, 0.9895038574769606, 0.9815118092760002], "b6": [0.15542776514478635, 0.836865265551842, 0.9972454429538373], "b7": [0.5843618900875124, 0.8284094022279531, 0.855838350907087], "b8": [0.0013827574684731508, 0.9315055471270993, 0.9877188964819945], "b9": [0.1592414439495757, 0.9004615650568206, 0.9270602908589031]}