{"b0": [0.731074207651499, 0.9335716301887703, 0.8467636652758541], "b1": [0.7651551465628172, 0.9485796351728999, 0.931092801429713], "b2": [0.16571537633542693, 0.9042734370720301, 0.8834810480360828], "b3": [0.7956462896708733, 0.8440796520954857, 0.824564250970968], "b4": [0.7652145184801857, 0.9696917572844115, 0.9473360305695256], "b5": [0.3391251643025813, 0.8974858579879478, 0.9427763586903143], "b6": [0.9018605772721873, 0.7959429913223331, 0.9062520093391759], "b7": [0.8917982434331226, 0.9832737648657812, 0.9485821893975099], "b8": [0.30428737295743724, 0.9574564180862611, 0.9791347423921786], "b9": [0.7985807769547418, 0.8896233974913395, 0.8011137399207499]}