{"b0": [0.8892622363823296, 0.9569652037546322, 0.996639499865508], "b1": [0.5996720499041795, 0.8887197116828629, 0.822299545379972], "b2": [0.9289887665827722, 0.8434872175011594, 0.8435946709180461], "b3": [0.5962956910026805, 0.9713133548361438, 0.8268420839529521], "b4": [0.7303815147746399, 0.9612708242332136, 0.8516768623983668], "b5": [0.7826612835493806, 0.9144447206092934, 0.8303829888630031], "b6": [0.33446586743750273, 0.9693402057598063, 0.9975033538928961], "b7": [0.7430540035860045, 0.924568478919322, 0.9598260737662372], "b8": [0.6112447094969268, 0.8278916181968183, 0.9113276803597564], "b9": [0.8910501288390843, 0.8805797350958529, 0.8768755941717266]}