{"b0": [0.16184674752515738, 0.8962607562441576, 0.98825710288767], "b1": [0.7835000448061838, 0.9810316927049348, 0.8948183145981412], "b2": [0.0828655077488932, 0.9780915896510888, 0.8782257621401844], "b3": [0.7658513915081577, 0.8516560195075656, 0.9221949594182294], "b4": [0.2866185720475744, 0.8797541349039943, 0.9875902082454209], "b5": [0.9937937002157661, 0.9808132290848819, 0.9607695807810779], "b6": [0.05007170006981904, 0.8401490345237163, 0.9579618381449275], "b7": [0.08651296436865039, 0.8911553239332315, 0.9338192017678487], "b8": [0.34687071030466254, 0.9184858057778216, 0.8886729933161394], "b9": [0.34515147259839785, 0.7959992889697197, 0.8018268710059718]}