{"b0": [0.3577100137221344, 0.9857491703605104, 0.852287407742736], "b1": [0.8405722153093679, 0.8806040713956905, 0.8844097702105473], "b2": [0.07502038109393964, 0.9675467711769568, 0.8363924068613784], "b3": [0.2947624924215582, 0.9587228600747957, 0.8138767908043404], "b4": [0.8672457278808621, 0.8819735941210228, 0.9924939385297001], "b5": [0.9993983387501936, 0.9380803944315089, 0.9030980784980003], "b6": [0.09751480756760843, 0.6714364058403883, 0.941764898338943], "b7": [0.6161077787633615, 0.9761755420673416, 0.8832080269392287], "b8": [0.988002512734692, 0.8512194596545687, 0.9619631216617814], "b9": [0.08658023302544196, 0.9416018270908539, 0.8357753758130528]}