{"b0": [0.9986910479634876, 0.8709734973265213, 0.8563643756401419], "b1": [0.8472710100728277, 0.973890016824744, 0.9551711664374929], "b2": [0.607596342400241, 0.9871595740326901, 0.9547410697521734], "b3": [0.8433037956831595, 0.7337111893743511, 0.8598600930889685], "b4": [0.01402254800492399, 0.8869629863399685, 0.873946117008074], "b5": [0.9821718343949726, 0.9413968986935299, 0.8391538100034376], "b6": [0.5824783114976632, 0.9887434071702259, 0.9569149179422476], "b7": [0.6384200801537322, 0.9996851751428104, 0.9575479224832236], "b8": [0.2959664700612958, 0.9995039832138048, 0.9890119979011343], "b9": [0.7664920218614502, 0.8903322935140507, 0.9923700116414566]}