{"b0": [0.3406923238678551, 0.9482839203020252, 0.8985774293954826], "b1": [0.6187212469918608, 0.9320952408243193, 0.9588772773298477], "b2": [0.8827018854385408, 0.9762139086944417, 0.9379553743552945], "b3": [0.9953407928338706, 0.9304519900844359, 0.8308952736970855], "b4": [0.08074459307457929, 0.9862470607134955, 0.9684655337061193], "b5": [0.15658103819251293, 0.9672671010781285, 0.8780477227545832], "b6": [0.34644574447504417, 0.8952211536093628, 0.9300578086398313], "b7": [0.6284947601477344, 0.8291057452628169, 0.8155522772896056], "b8": [0.7018283453175129, 0.8063845481862907, 0.941882008878611], "b9": [0.6311201865848055, 0.966979011980684, 0.9877538661922735]}