{"b0": [0.7428135335138347, 0.9468789867450859, 0.8971860533947514], "b1": [0.7438909628935402, 0.9615860603096477, 0.9376740582161394], "b2": [0.15285422964119905, 0.9955881151700187, 0.9640207814574032], "b3": [0.5415564059945079, 0.9586181773691971, 0.8225610735234349], "b4": [0.5474570654914275, 0.6846734605483846, 0.9534540777992524], "b5": [0.5668659124926816, 0.8845308232927165, 0.8287457771741447], "b6": [0.9041198619793751, 0.9307230931405591, 0.8139430873072991], "b7": [0.16435799941843815, 0.9136689033501675, 0.9526237018053162], "b8": [0.009928742590133792, 0.9996283854980342, 0.9681081866130036], "b9": [0.1698561085965531, 0.886455814220509, 0.8021562649356687]}