{"b0": [0.054440533879565066, 0.8274499981589684, 0.9768392723698283], "b1": [0.1601793707764982, 0.8641219062992036, 0.9164986360335327], "b2": [0.15470747674852173, 0.8730436135145863, 0.9546320911830459], "b3": [0.8447592613132775, 0.9606775977188893, 0.8239067139396841], "b4": [0.8631274351756422, 0.8727146211325537, 0.8127754296548934], "b5": [0.16847438127459058, 0.9021047716793227, 0.8130122395052112], "b6": [0.7799034013295114, 0.9487109080534742, 0.8717210683797356], "b7": [0.8761458873924626, 0.8942845095510051, 0.8108904148660556], "b8": [0.7221329678348011, 0.9432315541752974, 0.8135481999374811], "b9": [0.08504462026077858, 0.9549803257469924, 0.8576494977106255]}