{"b0": [0.16738607258756194, 0.9598006672213928, 0.9085941425339485], "b1": [0.8728422233501625, 0.9970420672109525, 0.8905623338815306], "b2": [0.3221344618374207, 0.8119802054534321, 0.8637800386872917], "b3": [0.3753618768961505, 0.9936209944690766, 0.9381488051429377], "b4": [0.1583283495667121, 0.8854877500380902, 0.898230973373421], "b5": [0.8415928828754636, 0.951284963017409, 0.9724137819378265], "b6": [0.87383526310685, 0.9360062102572863, 0.9773811395959936], "b7": [0.16283405428692427, 0.8982252917829839, 0.9794299423772524], "b8": [0.8737664039977361, 0.8561901163870536, 0.8892214557494156], "b9": [0.16027733602726488, 0.8187170740538204, 0.9751328064850879]}