{"b0": [0.7669674990890967, 0.9999548713747078, 0.9216162895452922], "b1": [0.8879453238359309, 0.8496337422261198, 0.8839115076755819], "b2": [0.15396208047712526, 0.9751689713231056, 0.8756570261233858], "b3": [0.007053809177184458, 0.9938558607024649, 0.8930923556687909], "b4": [0.0025184331022305943, 0.9463419412804065, 0.9541375536326965], "b5": [0.1599991103153139, 0.9990237555849655, 0.9882065664776971], "b6": [0.7616023413284908, 0.9898914105666602, 0.9907625049277613], "b7": [0.5761011427594105, 0.9342932927340479, 0.8726395624229184], "b8": [0.31961222743809226, 0.8782260107335125, 0.8611117652180336], "b9": [0.29800663039583275, 0.8080550210071605, 0.866154132511584]}