{"b0": [0.7320401098276896, 0.8073920930933102, 0.89946036024306], "b1": [0.7860214049006505, 0.9694788905685254, 0.8176306615922538], "b2": [0.5962091231933981, 0.96484565947942, 0.8867623862127993], "b3": [0.7950639578476901, 0.9391023726985114, 0.9078086823899761], "b4": [0.74830466016248, 0.8322380051664223, 0.9937949862510618], "b5": [0.6277787712129894, 0.8202509313814795, 0.9715727515416903], "b6": [0.9836815456402154, 0.8644440442200205, 0.8519473538871847], "b7": [0.018090461819436413, 0.8720152202368772, 0.8523199737510702], "b8": [0.7382598647822063, 0.8485825104467335, 0.9257526855011499], "b9": [0.9970413225976887, 0.962181359368588, 0.8992791494458889]}