{"b0": [0.7359542559066325, 0.9944075617316614, 0.9789387394046543], "b1": [0.7311333015128433, 0.946024230250936, 0.9185647140640567], "b2": [0.0030651851087990446, 0.7781638135300011, 0.906895175364052], "b3": [0.6052654688847322, 0.9649586590967405, 0.8768362318757121], "b4": [0.08895029814533104, 0.961042184040781, 0.8665384101517514], "b5": [0.5955626969415002, 0.7142230113312977, 0.943859401825278], "b6": [0.2995678579565471, 0.7842035547306361, 0.9146690410231528], "b7": [0.004844136340876255, 0.8023045076233308, 0.8113701560635737], "b8": [0.7255533855974227, 0.9534719521204059, 0.8242216102033357], "b9": [0.6301074721965025, 0.9906682935733088, 0.8275391257120035]}