{"b0": [0.7861186542479092, 0.9223267152290378, 0.9318685510578415], "b1": [0.9917142660184328, 0.9731824861168381, 0.9418838174200026], "b2": [0.7071552320573903, 0.9765266987630996, 0.997500980168948], "b3": [0.0029163458620632284, 0.8647511191711683, 0.8902945626569708], "b4": [0.07639815394008596, 0.8731308233708256, 0.9252603180556879], "b5": [0.7380620079312314, 0.9875377300006246, 0.9785747416578325], "b6": [0.7211417979013757, 0.9522020850141125, 0.9343967214124036], "b7": [0.8938567223591865, 0.9779669403356281, 0.8890959155289789], "b8": [0.035984193818637024, 0.868454247339408, 0.9720363691861443], "b9": [0.010835788394881439, 0.9534828455369303, 0.9486846154058141]}