{"b0": [0.7435176734594822, 0.948162153364634, 0.8230524104315475], "b1": [0.8810687108191234, 0.8494706424344838, 0.8446758753856938], "b2": [0.7377428578668518, 0.9648116726262781, 0.8513037407371652], "b3": [0.6367063796046266, 0.9327774627792393, 0.8588532898342812], "b4": [0.00786705412593392, 0.9345974706773158, 0.8719541918670121], "b5": [0.7744814948046741, 0.932993310057758, 0.8108925371693099], "b6": [0.753802813364769, 0.9311761314938637, 0.9298912181474929], "b7": [0.010475177460537926, 0.8746579503678291, 0.8876052259094148], "b8": [0.07734526820820874, 0.9145892386877886, 0.9660064524510045], "b9": [0.9994656700264715, 0.9724336989299615, 0.9943534790940214]}