{"b0": [0.16054286167679901, 0.9263876217624079, 0.8855547037274508], "b1": [0.16738262297263215, 0.9605638838256918, 0.9771358335040726], "b2": [0.8788237855625296, 0.9571666395882567, 0.9473166910095272], "b3": [0.6432919883565965, 0.9933093045917846, 0.8778028772034356], "b4": [0.8797890120376084, 0.8828472465216102, 0.8128378102678804], "b5": [0.35132199745106113, 0.9848234188374171, 0.8078650806312774], "b6": [0.770502857645658, 0.8553955751496379, 0.9581980731767504], "b7": [0.3590140309703094, 0.8910122771514735, 0.80093945029275], "b8": [0.6477246627352773, 0.9264829538449384, 0.8700888779664975], "b9": [0.3241369805542193, 0.9727602663258902, 0.9827864613673547]}