{"b0": [0.17183748264095797, 0.967538378187658, 0.9557886703408824], "b1": [0.09148957863920232, 0.9136587265077774, 0.9874579228563414], "b2": [0.6782071591394455, 0.9979510801866047, 0.8235865902415651], "b3": [0.29731203579119114, 0.8879076885235427, 0.8501468847406679], "b4": [0.3547124890141086, 0.9751708480968782, 0.9049066266056738], "b5": [0.9718906930223612, 0.9611405385525896, 0.8425153983416733], "b6": [0.3505866249074554, 0.9668261472635469, 0.8193165795407643], "b7": [0.8436022089755296, 0.8973409963222039, 0.8048670984871086], "b8": [0.1570742841103057, 0.9681948974044314, 0.9004075234976889], "b9": [0.163295069884315, 0.8972655698009621, 0.9188961660208654]}