{"b0": [0.2989732667770828, 0.9995242044804946, 0.8525977891241712], "b1": [0.3317207726163181, 0.8995149734552702, 0.9787566045688034], "b2": [0.15944363954948254, 0.9160962814918118, 0.9799870318148122], "b3": [0.99236095908754, 0.937444680296362, 0.9746878340146168], "b4": [0.732214095223761, 0.8604809862884736, 0.889489034116613], "b5": [0.010485092357673906, 0.9521649459995224, 0.9202141555475241], "b6": [0.09073444941803036, 0.8783220754388301, 0.8533770864173293], "b7": [0.9905393448658997, 0.9337847490102275, 0.9210674223886268], "b8": [0.7141173770257879, 0.8036707925331678, 0.9485789946029854], "b9": [0.2845546050634109, 0.9014298683292543, 0.9928290366053741]}