{"b0": [0.8790930901270034, 0.9252025465642566, 0.9919362661599138], "b1": [0.7685209091244037, 0.9690944414319805, 0.8743707631791977], "b2": [0.74197171507579, 0.8377181445684581, 0.8853494926921232], "b3": [0.10102723784739215, 0.9941570970562161, 0.8039464551502868], "b4": [0.7909298291053675, 0.979798398087301, 0.8947173493098686], "b5": [0.3481104582165846, 0.9982855758559314, 0.8097853410794801], "b6": [0.5578571305688164, 0.9893575941533368, 0.989616330959435], "b7": [0.9902355364311872, 0.889772030299268, 0.8446779056265029], "b8": [0.989011307038462, 0.9624692702794029, 0.9679985922867788], "b9": [0.9135644966672164, 0.8993253579910473, 0.9520262376830684]}