{"b0": [0.560017820978737, 0.8910531653418198, 0.8080200556723298], "b1": [0.6290125882910416, 0.9065968429867577, 0.8430142984264709], "b2": [0.15563273049848006, 0.9858743708403448, 0.983493499136371], "b3": [0.38407229143840454, 0.8978027930535055, 0.9030399645314175], "b4": [0.11139764508105397, 0.9731184394984987, 0.9339143909225749], "b5": [0.006585802195941068, 0.7658111035145774, 0.933132458190243], "b6": [0.6578777886556985, 0.9158333837895171, 0.9751959660195046], "b7": [0.16643840855702, 0.8730435118564996, 0.8865682714127281], "b8": [0.7664243917107387, 0.9900276094497884, 0.9051831009517897], "b9": [0.15881682896732033, 0.9204790466236134, 0.948873812919524]}