{"b0": [0.06839958598698181, 0.8452734501139255, 0.8254215836595523], "b1": [0.6558914660373851, 0.9318899764890918, 0.9283473879100501], "b2": [0.09873475243445441, 0.9238982967675952, 0.8476390722655498], "b3": [0.64012722070348, 0.8835401433279008, 0.8178243460123404], "b4": [0.7504279696465018, 0.96817405603548, 0.939564571239439], "b5": [0.6403064650949475, 0.9503718135694199, 0.8131177387727775], "b6": [0.563937932500173, 0.8420069876523794, 0.8679485054227802], "b7": [0.7162627514747613, 0.9589190569270795, 0.8824126174449799], "b8": [0.5741956716062713, 0.9654245260127052, 0.8386652170934881], "b9": [0.8665438913062188, 0.925618480361581, 0.9080550557775575]}