{"b0": [0.16221924746092942, 0.9066859946085627, 0.8063068054997332], "b1": [0.5799465966569033, 0.9870786343658504, 0.8756784120501233], "b2": [0.6004906986003913, 0.9878889455312699, 0.960616865972116], "b3": [0.16377168284523763, 0.8535198888306097, 0.9165222207991897], "b4": [0.7571240641514875, 0.9216671178391702, 0.9517138779249237], "b5": [0.06055677768917356, 0.8441570638784285, 0.882586455657266], "b6": [0.759083395822495, 0.8781833138669569, 0.9768387034807615], "b7": [0.16191266404785443, 0.9654163408872091, 0.8538391962134467], "b8": [0.7398099613901646, 0.9162306529139108, 0.9719387715521939], "b9": [0.6199630778245296, 0.927129630853792, 0.8889432332612401]}