{"b0": [0.15342065774979197, 0.9590465137259643, 0.9071788854359333], "b1": [0.08891625127149715, 0.9298836523790722, 0.9026396695556662], "b2": [0.6213442049438674, 0.9108035789616031, 0.9069961702746199], "b3": [0.726213060747608, 0.9287908498781785, 0.9507817826603726], "b4": [0.7621316531155006, 0.7945444992247499, 0.8634521558402082], "b5": [0.1687151828054664, 0.9161754322745882, 0.9930511453904167], "b6": [0.16144324890626005, 0.9196150236136479, 0.9890767303999841], "b7": [0.14945010713213944, 0.8619546262796303, 0.9831094378720248], "b8": [0.9838817961967828, 0.9413516566674385, 0.8060879833704917], "b9": [0.6059855189021726, 0.9749624796086093, 0.8589376218343726]}