{"b0": [0.745452249305446, 0.9175051036183729, 0.9977606418559114], "b1": [0.005028153299186244, 0.9471519315960302, 0.9859752730654727], "b2": [0.6197222735548545, 0.7922116195059601, 0.8138290389788465], "b3": [0.1589753469363485, 0.8340213344803957, 0.8347346419366241], "b4": [0.16100566618523288, 0.7993481244910009, 0.9815683897242268], "b5": [0.16154457462805982, 0.9904078727749102, 0.8441974911970069], "b6": [0.15455795812423961, 0.8661111357006749, 0.8044680381205029], "b7": [0.1663324860970765, 0.8596560607631707, 0.8482549658254882], "b8": [0.6321235092022561, 0.966229348048318, 0.827302247938799], "b9": [0.1602800199578733, 0.952821513337571, 0.9384801940705688]}