{"b0": [0.7487368340507061, 0.978980927711864, 0.9721465875732161], "b1": [0.5972546986089605, 0.9833244069634258, 0.9746899732700253], "b2": [0.7494144889981641, 0.9619111823332237, 0.8865177683990311], "b3": [0.6284296670598757, 0.9093249873795618, 0.9480061161481746], "b4": [0.17021044501120092, 0.9966485230114557, 0.8515404716350551], "b5": [0.17165431255036215, 0.91754495419179, 0.9510455510452376], "b6": [0.3653033061895474, 0.8782355852115319, 0.9597315684584734], "b7": [0.15765110997776216, 0.928371583989099, 0.8014777490680959], "b8": [0.9859078494424836, 0.9643137216158819, 0.8203792999579901], "b9": [0.17199985003433316, 0.9405233390380328, 0.9044285198656112]}