{"b0": [0.7949731118943485, 0.9118936049703587, 0.8408465084344401], "b1": [0.6425000014786448, 0.9461468658822245, 0.8394635065922439], "b2": [0.9842958200286118, 0.9569100726223729, 0.9840856526325247], "b3": [0.9982810931102526, 0.8515450576725988, 0.9655083461274394], "b4": [0.16129799544886805, 0.9706850529462672, 0.8935241047962151], "b5": [0.1064474990721688, 0.8369305328482448, 0.8544225345871358], "b6": [0.6491967429401886, 0.6946743440582768, 0.9738470646061558], "b7": [0.1553013916495984, 0.9948886295922054, 0.9242200708242416], "b8": [0.15953063077805232, 0.8060776720078665, 0.8375715222866598], "b9": [0.1600027359685364, 0.9277516846377131, 0.8278554779304048]}