{"b0": [0.1589422628789747, 0.9271428547516558, 0.9642063034888594], "b1": [0.7734395506228026, 0.9395338635525211, 0.9653874328415138], "b2": [0.1671051780217911, 0.9457996159766792, 0.8362927705882605], "b3": [0.165614917446588, 0.9390239547496746, 0.9727543841981837], "b4": [0.1598297084799042, 0.8826662783826889, 0.810117440662342], "b5": [0.9048073324986907, 0.9355150563395449, 0.8590054650663304], "b6": [0.9987808572266659, 0.9222258577727864, 0.9633007059218487], "b7": [0.030968661002588528, 0.9719167994120184, 0.9339128196307227], "b8": [0.6233547936082625, 0.8422072614396172, 0.8050942477172005], "b9": [0.16018113617007781, 0.8890274420641708, 0.9821789210291223]}