{"b0": [0.7948153976149593, 0.8896606850859016, 0.9806179344028387], "b1": [0.9791640592606973, 0.7696088768790561, 0.8721279031245469], "b2": [0.1557589305218507, 0.871483050632525, 0.8039611896717653], "b3": [0.6083980201826512, 0.998854330604614, 0.8243205676673648], "b4": [0.6556104833150036, 0.9756666542600226, 0.9293780512165525], "b5": [0.004953992568216138, 0.8782469853360338, 0.9749525858959411], "b6": [0.1745901149560364, 0.9718481499710205, 0.9707294016651731], "b7": [0.15769909943572263, 0.9059072790989268, 0.8339610605817266], "b8": [0.16696493114542302, 0.9647696080694762, 0.9179054507540575], "b9": [0.15757178417889178, 0.7883455231209401, 0.8894840016865855]}