{"b0": [0.04064709314755159, 0.8607698674682616, 0.9044755131948], "b1": [0.15934617967572995, 0.8928559041355095, 0.9218448934721738], "b2": [0.17682062709799556, 0.9836419217542679, 0.9827264698418525], "b3": [0.8540334801539047, 0.9530915319714682, 0.9579538505479719], "b4": [0.6801292614901581, 0.9915485472112021, 0.8961533530086556], "b5": [0.7373264433370589, 0.9205100650200351, 0.8324338070613605], "b6": [0.1511985868308195, 0.8710224393419667, 0.8251234325255743], "b7": [0.7304706035040114, 0.9589343199552531, 0.8329722688932613], "b8": [0.16774247420351318, 0.9665169974220962, 0.8258027853645495], "b9": [0.1654608336421476, 0.7905135037913422, 0.9253526633685383]}