{"b0": [0.7497701175991409, 0.9456944604316186, 0.9296368910903007], "b1": [0.155236169243603, 0.9009261228605692, 0.9161579996865344], "b2": [0.16254343675684893, 0.8900342399760831, 0.8202210731785959], "b3": [0.16460151335369502, 0.9187041726196142, 0.8062435276298033], "b4": [0.9925934420523432, 0.9838392363701876, 0.98114044868538], "b5": [0.16347305904425877, 0.8554495251406244, 0.9729890822606957], "b6": [0.15634881925768357, 0.9811876332726492, 0.8246795926172682], "b7": [0.3061587824227708, 0.911067647843606, 0.895774676797164], "b8": [0.3683309366130114, 0.9757213215677897, 0.8876451069170929], "b9": [0.6445937796975113, 0.9444634409999378, 0.9956445787332197]}