{"b0": [0.7495758074548575, 0.8800755556487997, 0.8280776537223948], "b1": [0.6009179699871731, 0.8426718966396949, 0.979109461763928], "b2": [0.9672891147090218, 0.9656104381237642, 0.9700821518139269], "b3": [0.15705080898472848, 0.9081869386275632, 0.9982411450086505], "b4": [0.15939781132149677, 0.8887295783378789, 0.8182165892784219], "b5": [0.16429003938493125, 0.9985612519052333, 0.823549665141138], "b6": [0.1585268644891673, 0.9743248741227539, 0.9858577383984272], "b7": [0.1582223887814098, 0.9919472833110887, 0.9864740598570836], "b8": [0.9900651628256314, 0.9963807273787694, 0.8977586542607421], "b9": [0.32861546462622704, 0.9928562557539056, 0.8101789536553856]}