{"b0": [0.6473917697813113, 0.9286503809562104, 0.9579133856433867], "b1": [0.16334002863216457, 0.886872423898888, 0.9527663936574868], "b2": [0.6282428673657209, 0.764200192547245, 0.8010798807969859], "b3": [0.37162513451878243, 0.9522852951646396, 0.9148863220410126], "b4": [0.9953717054344464, 0.8950937480542288, 0.8665517905305786], "b5": [0.15934818754226834, 0.9632064569487939, 0.9292058106117029], "b6": [0.54788919323269, 0.9867944471051904, 0.9122606342704684], "b7": [0.17096408043676078, 0.9671659404853712, 0.8953101906467648], "b8": [0.7449608582706224, 0.9229438948232945, 0.9930520341752137], "b9": [0.10271758556615743, 0.9170668527011901, 0.8801449899072609]}