{"b0": [0.17272114244254955, 0.908946205172326, 0.9704659481121612], "b1": [0.01705025841578464, 0.8097630215738669, 0.8354384712787521], "b2": [0.1642702717225419, 0.9800754393384805, 0.9948126800751956], "b3": [0.9941701249544086, 0.936060957587665, 0.9563854281787505], "b4": [0.9543370366152568, 0.9701468993540534, 0.9111329089340809], "b5": [0.07520872475358754, 0.8966573882585029, 0.8980142468744167], "b6": [0.8902795188006977, 0.9114972850555012, 0.9248039215312669], "b7": [0.15707214326785043, 0.8807328519470561, 0.8320508886154323], "b8": [0.34441652583278165, 0.9977488722337587, 0.8769135919211513], "b9": [0.888581642296532, 0.9656906856106567, 0.8399220149672818]}