{"b0": [0.02179377183138179, 0.9522763210657139, 0.8818622623266311], "b1": [0.5800140375430751, 0.9888835720352911, 0.9844156206352714], "b2": [0.9923173054604745, 0.9082990702404586, 0.9236411885804833], "b3": [0.7676387960932662, 0.9545212848652266, 0.8699334462325885], "b4": [0.16204241320742052, 0.7074163925273572, 0.8009494540263827], "b5": [0.6706484042028797, 0.9492410119039598, 0.9761079612686007], "b6": [0.16767528103028884, 0.962674715107721, 0.9262479891784227], "b7": [0.8435451354004967, 0.8924707192110859, 0.8943953101720603], "b8": [0.5571440426622745, 0.9559153694204499, 0.9355886891922163], "b9": [0.16927118161876498, 0.7924642078974009, 0.8447884080853751]}