{"b0": [0.5911300810194632, 0.9750806552407983, 0.9459119582539968], "b1": [0.16620954758479395, 0.9775555869077334, 0.8876757771944054], "b2": [0.1476943342413996, 0.9365335243401605, 0.8108576868406644], "b3": [0.7051972945666991, 0.9944952955873082, 0.990273173064536], "b4": [0.6550044077600579, 0.8932275204867302, 0.8155431884031396], "b5": [0.8561830293420387, 0.9444228474979112, 0.964731573598514], "b6": [0.8190413175880192, 0.9687032680241267, 0.8780248347893665], "b7": [0.9920917574105158, 0.9360104700589505, 0.8322301766438138], "b8": [0.006407949142551303, 0.9532258307186809, 0.9686336063864861], "b9": [0.16147955210878945, 0.9210241031731009, 0.8894409829085412]}