{"b0": [0.7461976071114731, 0.9998703168545482, 0.9883944335373119], "b1": [0.1649884564757527, 0.8850427565433746, 0.9167173682954722], "b2": [0.7591939017806624, 0.9596844196793732, 0.8486677728621538], "b3": [0.7572757066983112, 0.9274709793356841, 0.9829103229496736], "b4": [0.6665310285238907, 0.994967992296965, 0.958848296420299], "b5": [0.16145124897654003, 0.9866836864819599, 0.9849222499876318], "b6": [0.8482029896592708, 0.9264499787858584, 0.9251796151591586], "b7": [0.16102691191487153, 0.9135463821327328, 0.8197753719051226], "b8": [0.8880100636273373, 0.8210655741122013, 0.8214997392773088], "b9": [0.17332398109053204, 0.9963205323726966, 0.9966594873121295]}