{"b0": [0.9780751220979613, 0.9454315508853023, 0.8988571252968951], "b1": [0.7621373225322589, 0.9405789472200325, 0.8043010010604793], "b2": [0.16954522991516024, 0.9509555769564585, 0.8408787499420649], "b3": [0.06126710405127642, 0.9408972419267889, 0.8393914484762999], "b4": [0.9848663360316715, 0.9650987816122965, 0.801534086143807], "b5": [0.35807224571699364, 0.9627473321779195, 0.8161563475851412], "b6": [0.08265434732105768, 0.9470863658396138, 0.8943212040368403], "b7": [0.1580587948230194, 0.9890541331462785, 0.814179855795298], "b8": [0.16352815188831824, 0.9272114959886726, 0.8303218681300851], "b9": [0.7312090323354318, 0.9365203027732114, 0.8254086463102348]}