{"b0": [0.9964676592175, 0.9770703960963375, 0.9355361570805196], "b1": [0.7665062920283191, 0.9963958849009837, 0.9228875070246585], "b2": [0.07630596155693345, 0.8779217056083496, 0.9056158181764269], "b3": [0.09653739193547697, 0.9796919792656382, 0.9254333810886247], "b4": [0.6049629380013501, 0.8337513717730528, 0.964681429627907], "b5": [0.842291678593821, 0.8855923481979124, 0.9437028597375187], "b6": [0.7565347103087369, 0.9172767014083739, 0.8974088713563892], "b7": [0.01584444531967385, 0.959498875306362, 0.913143726649661], "b8": [0.8897677735191784, 0.9248225395120006, 0.9517571474094809], "b9": [0.3529710297132634, 0.9800782451490313, 0.8631782136812319]}