{"b0": [0.7352289499160534, 0.7570502179382622, 0.84485981224328], "b1": [0.07383949060205301, 0.9113386586133961, 0.9111875818256385], "b2": [0.16055420984180468, 0.9657318841635839, 0.9383316478752042], "b3": [0.007347711566053052, 0.9375819076307171, 0.914773814946095], "b4": [0.8404623836320622, 0.9328189693502468, 0.9873340965187775], "b5": [0.16043291135688795, 0.9511364203381482, 0.9775981558095357], "b6": [0.5048992301278552, 0.9883471634125783, 0.8391852921606948], "b7": [0.9901721806467182, 0.9980454149270959, 0.8871799571471487], "b8": [0.09589173286284564, 0.9924597361026706, 0.8263615867493858], "b9": [0.08539511069431573, 0.9636506652345777, 0.9539892903012981]}