{"b0": [0.8552171613038406, 0.9252941860838569, 0.9183300543992204], "b1": [0.15781759763143646, 0.7108843366537658, 0.8282142620251273], "b2": [0.0019385007184054741, 0.8756839933156119, 0.8935414719333045], "b3": [0.9059904275556825, 0.8696293711736098, 0.914335703085591], "b4": [0.735116850432158, 0.9711955409450357, 0.9081928101994146], "b5": [0.3627181353568388, 0.8598829417168982, 0.8269129595381856], "b6": [0.8820914638351754, 0.7462580514370266, 0.8000023265346501], "b7": [0.0738450439195742, 0.9150060687487876, 0.9339529690606884], "b8": [0.9801066621173047, 0.946024791428461, 0.8148894152598096], "b9": [0.15911089016766514, 0.965293802826664, 0.8753964889346879]}