{"b0": [0.010860292651986023, 0.9477076955208019, 0.9561774592846884], "b1": [0.16494308910034147, 0.9184739552589634, 0.8578441130199096], "b2": [0.07212381735852207, 0.8805764790712061, 0.9434916628325553], "b3": [0.16100219308461217, 0.8965219969949892, 0.872237435487954], "b4": [0.16066743288654536, 0.9249594657847601, 0.8345855014937755], "b5": [0.89579957296117, 0.9319304031448945, 0.8089226490411636], "b6": [0.8664504746935858, 0.9818458536335782, 0.9895842332114223], "b7": [0.8717070384033231, 0.907191010115842, 0.9361320071529721], "b8": [0.3352486622118848, 0.9260121939550013, 0.962422415713093], "b9": [0.3562729569243045, 0.9504554148179243, 0.9367322223553538]}