{"b0": [0.9289556310184541, 0.9092579388164066, 0.842593598657613], "b1": [0.3647855541760863, 0.9181419934537352, 0.8088345948372373], "b2": [0.8934363611511705, 0.9253038292952315, 0.8639484001131715], "b3": [0.003344244300894683, 0.9798040330306559, 0.9109562060162424], "b4": [0.33242646933131653, 0.9007003373865257, 0.9093983413019201], "b5": [0.879171556014235, 0.9533656496367573, 0.9784432995033133], "b6": [0.08532009121229772, 0.9915831102668313, 0.8488250832400945], "b7": [0.33197220484692486, 0.9592342997759008, 0.8360611617997665], "b8": [0.8600681534259418, 0.9646890902312353, 0.8356172405749489], "b9": [0.3892052404403282, 0.9293900472179566, 0.9255941293239723]}