{"b0": [0.8491377918347954, 0.9626269709985974, 0.9268636408484926], "b1": [0.8371980305070188, 0.8458476942947432, 0.9674660420572211], "b2": [0.1641930073553025, 0.9732701201150615, 0.8777629448858025], "b3": [0.5963968330723788, 0.814243986983437, 0.9691093469227087], "b4": [0.15771685694186444, 0.987153899663204, 0.9408457790573439], "b5": [0.8491135141026155, 0.855571357061858, 0.8898895571214359], "b6": [0.33398898692638035, 0.9836261087002254, 0.9577283609478279], "b7": [0.8357355215909708, 0.7981716987272442, 0.8792620545662244], "b8": [0.04778154492028709, 0.8261027452972375, 0.9925096283312164], "b9": [0.867047869421336, 0.9425982242150107, 0.8910145587955388]}