{"b0": [0.010337564603626264, 0.9884586049959015, 0.8440824250136734], "b1": [0.8804835819917344, 0.9889196549193301, 0.8145736444980167], "b2": [0.01851671247982734, 0.8549458571052029, 0.9965133345498771], "b3": [0.8687710895087725, 0.9230952948428147, 0.9850768084537923], "b4": [0.8484187666118721, 0.9284473291902694, 0.810172209955608], "b5": [0.7510763897330698, 0.802757319045609, 0.9027232624002126], "b6": [0.884456410530765, 0.9096872663128295, 0.9355664678190297], "b7": [0.8820708412362747, 0.9646690428566278, 0.9511375992887109], "b8": [0.7493011034114132, 0.9329214555429605, 0.9518061573012947], "b9": [0.799238267757154, 0.8330092263583624, 0.9123847560714137]}