{"b0": [0.15537304241174518, 0.9588437706424591, 0.9185985696489187], "b1": [0.6566595990301128, 0.8769817171278507, 0.8961704535318296], "b2": [0.17116126369147466, 0.8971829065099199, 0.8380621682219379], "b3": [0.16707409526447545, 0.9993487810613948, 0.9987222735880265], "b4": [0.02869211308517727, 0.9961687891876221, 0.8981219124150261], "b5": [0.9727456373985235, 0.8219725632818922, 0.8059134719648645], "b6": [0.1638720461507807, 0.9507200150965787, 0.9884741483570261], "b7": [0.7284770194876099, 0.87146279702547, 0.8152194827579146], "b8": [0.06840757908110967, 0.9729411740635093, 0.8141786300203502], "b9": [0.9812026356046389, 0.9381194348813677, 0.879830002682486]}