{"b0": [0.16364580090925493, 0.8450354095997522, 0.8490730680366559], "b1": [0.0030177861940354415, 0.7902203972396781, 0.8154461596639776], "b2": [0.08800055421994502, 0.9883218040574652, 0.8667437120025503], "b3": [0.16188380219502643, 0.9803063593694179, 0.9929681505246115], "b4": [0.33364411986314046, 0.9488787207527126, 0.9140578558117751], "b5": [0.8895470827662411, 0.8690176925494485, 0.9943541762516825], "b6": [0.998067215302635, 0.8586329162509828, 0.9081761518523337], "b7": [0.6396054799006811, 0.9367433544723298, 0.8871491083117252], "b8": [0.5717649828448276, 0.8517918095155566, 0.81787011783465], "b9": [0.3109936897977565, 0.901334217115199, 0.901299144089653]}