{"b0": [0.15917182804069344, 0.9344545244585961, 0.9260957620500285], "b1": [0.09232377377829332, 0.9640517681195471, 0.9084714023723265], "b2": [0.33379595328517303, 0.9500878869045032, 0.96525555883622], "b3": [0.15176195169841253, 0.9568328191906312, 0.8247049473448794], "b4": [0.16591519165905966, 0.9930130492530584, 0.9229419888366576], "b5": [0.0014048929103718255, 0.9770565781267251, 0.9517201584118805], "b6": [0.09371181800744705, 0.9314259252625671, 0.9623544137000003], "b7": [0.16200489306694726, 0.8894176560188595, 0.8752434100241874], "b8": [0.38617914264093756, 0.8768036984253187, 0.8044951924766934], "b9": [0.020352612571005086, 0.983743661385577, 0.8124068977273734]}