{"b0": [0.3297977959630209, 0.9504224142398395, 0.8339377547271076], "b1": [0.1643210030676211, 0.8711188648203687, 0.947652371790446], "b2": [0.8703234901492364, 0.9452809635276399, 0.9607270665959257], "b3": [0.5162001626954157, 0.8827795705427457, 0.9188156462454752], "b4": [0.8639180949463681, 0.9212809046127465, 0.9935276075201439], "b5": [0.15584746543950764, 0.9539258616974583, 0.8989738267826509], "b6": [0.32320517838481905, 0.8357267742707677, 0.9324654291680707], "b7": [0.5882590139172553, 0.8808619068440752, 0.8358700317214427], "b8": [0.3437975856187049, 0.9917844297400571, 0.966306179663371], "b9": [0.1637112834623197, 0.8421790780374152, 0.8138300337677198]}