{"b0": [0.08261286057378138, 0.8721391241012152, 0.8444482430314815], "b1": [0.36138733103287785, 0.9980420322943544, 0.8845619359051521], "b2": [0.16529892677885322, 0.9981377340010887, 0.8934896414384004], "b3": [0.3606874044957318, 0.9517557131907043, 0.8634571307665391], "b4": [0.36143086982993033, 0.8199626245053764, 0.9575573114609992], "b5": [0.16465406896425452, 0.977570126932773, 0.8877324176652405], "b6": [0.3166592472750158, 0.9688166746269098, 0.9905447161325391], "b7": [0.09009067485597491, 0.9768543036772886, 0.8738153138432705], "b8": [0.16282135938903233, 0.9379304014366241, 0.9379975039277763], "b9": [0.5953971650142993, 0.9730683605527253, 0.9982020584144367]}