{"b0": [0.015060624462483872, 0.7709436884622355, 0.962126938040857], "b1": [0.7306024222453944, 0.9734739650272491, 0.8477941663160666], "b2": [0.3489361171504782, 0.8656060812270767, 0.8447661601617227], "b3": [0.1668926095997155, 0.9870221666987095, 0.8361339467789002], "b4": [0.1597300659169379, 0.9691857946911974, 0.9034943405212519], "b5": [0.3388930480754873, 0.7676520268205117, 0.8471179562645484], "b6": [0.5943774488333219, 0.909736977586249, 0.8785289090012385], "b7": [0.15540039617601983, 0.9690516139690654, 0.92468662593945], "b8": [0.16296056713443113, 0.8678166602491193, 0.919792152323045], "b9": [0.8678207750091984, 0.9522622790773628, 0.843644992878579]}