{"b0": [0.3078822105250628, 0.8777454584296653, 0.8984368618318704], "b1": [0.16358645361946578, 0.8927000681893853, 0.8045979179778885], "b2": [0.9927632335650938, 0.9956464477671222, 0.8201234857459713], "b3": [0.29805230003142286, 0.9445641713645913, 0.8620091715207221], "b4": [0.15815186263532108, 0.8196801467958352, 0.9094985270585602], "b5": [0.16497288328617268, 0.9726707724391115, 0.8910248904710726], "b6": [0.29279383974617745, 0.9556423261491682, 0.8329521374078871], "b7": [0.8782172903523618, 0.7649038929356823, 0.84037444930449], "b8": [0.1665770004471303, 0.9404315382587106, 0.9035064529023437], "b9": [0.36163487969031033, 0.9511176083416292, 0.8763991014363411]}