{"b0": [0.003962768533055039, 0.9678851078230586, 0.8404536025494216], "b1": [0.05574293105773559, 0.9880641362894588, 0.8507674577847673], "b2": [0.33407673970549573, 0.9573970228860054, 0.8636612890183794], "b3": [0.3101207480240053, 0.9888912765054982, 0.942941205654965], "b4": [0.8754509255567826, 0.9628640448624646, 0.8547784808320048], "b5": [0.33614791275683387, 0.919542997981594, 0.9658871633067949], "b6": [0.15795124507736444, 0.8527503963359102, 0.883147325070757], "b7": [0.17184532940303915, 0.9915500249269664, 0.8365986546881452], "b8": [0.15784489312908143, 0.9146683203776049, 0.9735084155869044], "b9": [0.3461086958411954, 0.8966029823771348, 0.852072575672249]}