{"b0": [0.6051450440462809, 0.9493871153874589, 0.8614213886652123], "b1": [0.5701682449182638, 0.89157804730393, 0.8109967140331491], "b2": [0.3312592752091861, 0.9694807016587326, 0.8750553999379833], "b3": [0.15807771299474527, 0.9952681759366558, 0.931648042629175], "b4": [0.6863903448901962, 0.9867892032109498, 0.8111762281117174], "b5": [0.7585208078414429, 0.8432062958288803, 0.8168067454363117], "b6": [0.6199160408654927, 0.9566251280677512, 0.9980700460122468], "b7": [0.9884588761685029, 0.9723586329016336, 0.8706414072705606], "b8": [0.9857305481277753, 0.9949460051782362, 0.8510129293397856], "b9": [0.32965845052235887, 0.86619101362461, 0.8587294717281292]}