{"b0": [0.3339764442102359, 0.8849489008389831, 0.843826011638847], "b1": [0.6598647922682219, 0.8820730699795163, 0.8440582869628172], "b2": [0.6317358365018262, 0.8775537584243409, 0.9747903469850531], "b3": [0.8437262642507944, 0.9525656147982693, 0.8441614847960273], "b4": [0.6023968247773864, 0.9499066900482822, 0.8625733134607545], "b5": [0.15381530399998236, 0.933603901507975, 0.9139733706859121], "b6": [0.3441325916345862, 0.9085760732618475, 0.8152857446369808], "b7": [0.16333107893802265, 0.8798554251536023, 0.8255447943803327], "b8": [0.09696603861438068, 0.8649713544449118, 0.9301175301710047], "b9": [0.3565421552589853, 0.991216334570028, 0.8923334159362397]}