{"b0": [0.3194483224031037, 0.788718486391411, 0.9731245746654413], "b1": [0.15841617245859235, 0.7787266232920662, 0.9683311075618035], "b2": [0.30187370602090174, 0.871550638659428, 0.8256606262458512], "b3": [0.3077203758968609, 0.9570174663419513, 0.9032490751330167], "b4": [0.787809043341516, 0.9279423445575071, 0.9457235224032682], "b5": [0.9006435776270735, 0.8658084470042944, 0.8838694598750263], "b6": [0.8497820677639867, 0.9929846679200547, 0.985531774558398], "b7": [0.6251362100933074, 0.8997229967229156, 0.9261593973355862], "b8": [0.1570459405919066, 0.947061299993406, 0.9712352158991946], "b9": [0.5942839304953622, 0.9172963357232797, 0.8173453578732354]}