{"b0": [0.32862139102931465, 0.9505820569472146, 0.9136223288926167], "b1": [0.5750056787142687, 0.9315554765046963, 0.858087523623525], "b2": [0.6604998319737042, 0.939931623528033, 0.9420514530510189], "b3": [0.5483896144898579, 0.931620995538172, 0.8713359047932735], "b4": [0.15957980791588675, 0.8232485373560087, 0.9124798111862799], "b5": [0.6056622063344834, 0.9076931397972079, 0.8767771041563697], "b6": [0.30668130200204896, 0.8179826212151385, 0.91875436788645], "b7": [0.8047358281310522, 0.8961307122564247, 0.8252154780662948], "b8": [0.3742316156170327, 0.8691342789561913, 0.9769592063046904], "b9": [0.009255916127598194, 0.9907594783938701, 0.8818233678745361]}