{"b0": [0.15631381755929952, 0.8995167284781131, 0.8556062479492945], "b1": [0.885232192358599, 0.8511935730632813, 0.8072399944131459], "b2": [0.14967963241469429, 0.9971398665707483, 0.897931517391999], "b3": [0.9965455350446909, 0.9372609410623332, 0.8776349755851364], "b4": [0.6752228409685124, 0.9310340202699423, 0.9783842491626724], "b5": [0.3273955962965717, 0.9406967112881374, 0.9960694855372202], "b6": [0.3470553063380645, 0.963659507985252, 0.9479688460173731], "b7": [0.16910174571239878, 0.9498896530429863, 0.999843916702733], "b8": [0.07618350158508723, 0.9659226182476732, 0.8069050286525872], "b9": [0.9940144765452082, 0.999668184041258, 0.999509402828673]}