{"b0": [0.7288851590568524, 0.972609458108318, 0.9893847151056243], "b1": [0.15490775554418856, 0.9068432465014341, 0.9175475817970247], "b2": [0.0008914508159043926, 0.915405922212469, 0.8309390015394853], "b3": [0.8615132993290416, 0.9371559958246831, 0.886656255716866], "b4": [0.767257082356335, 0.823792534995639, 0.8538366129857566], "b5": [0.3519235958317941, 0.8377300051394801, 0.8003680580353568], "b6": [0.624208582971941, 0.8529610096814113, 0.8399000536712723], "b7": [0.7447042834506645, 0.842155995430294, 0.8164641179997966], "b8": [0.32487682985435057, 0.9410457216994462, 0.9346862578310916], "b9": [0.3258661929338912, 0.9590990434320504, 0.9299083874581351]}