{"b0": [0.026533254394177103, 0.9038378037256146, 0.9585378196785043], "b1": [0.6791492374245678, 0.9279186772812322, 0.9627001216270774], "b2": [0.579444270052674, 0.7882367244204147, 0.9411603794635659], "b3": [0.6226520177514835, 0.8626546777433761, 0.8191372831452901], "b4": [0.5660631142824217, 0.8202885452854679, 0.9987414114498123], "b5": [0.3192280773348727, 0.9880059851607155, 0.9535912778427565], "b6": [0.1641779347785155, 0.9320767113428332, 0.9575429997619544], "b7": [0.5745801593177636, 0.9657398330844609, 0.8936252269061185], "b8": [0.9886360100152288, 0.8751886711860967, 0.8606395666286611], "b9": [0.6173636462096317, 0.9727774029834364, 0.9019481540146752]}