{"b0": [0.6463379698561854, 0.9037235565336613, 0.9431024444290472], "b1": [0.6334916315391164, 0.962436157579259, 0.8050896393278916], "b2": [0.5986182699453955, 0.8990989249226703, 0.9015784195309758], "b3": [0.1652913908066524, 0.9293503493017107, 0.9633124841528782], "b4": [0.07836912624246316, 0.9566529572712201, 0.8864949323725005], "b5": [0.3239363792190204, 0.9025084307730029, 0.8439603852052261], "b6": [0.30356134975316906, 0.8241396593366594, 0.8659730119063878], "b7": [0.09458018453054663, 0.9785467731686045, 0.8500244671333154], "b8": [0.6160294799106573, 0.9441852672100677, 0.9821526576220286], "b9": [0.5762044721194323, 0.9869761243109301, 0.8736047827353579]}