{"b0": [0.6224218688551413, 0.9908877538396035, 0.9078901943126886], "b1": [0.07379385031037806, 0.9491708799427816, 0.8481233535655979], "b2": [0.16697190373716095, 0.9682294619323335, 0.9709404074499989], "b3": [0.051542192828747425, 0.8885835764433088, 0.8031890204350697], "b4": [0.08826164847234853, 0.8800448691840812, 0.8058280097693193], "b5": [0.010934600260913252, 0.8459510730801112, 0.84539108781358], "b6": [0.3266585880983798, 0.8970102138957268, 0.9840191164709217], "b7": [0.9911324820834515, 0.9506368430626813, 0.8316480779226302], "b8": [0.013180003229643512, 0.9870261562465567, 0.8517410018999465], "b9": [0.0783384809594037, 0.9168575818502505, 0.8914886922921835]}