{"b0": [0.9651509130847197, 0.9613441714907313, 0.8638114407382431], "b1": [0.09578253964960727, 0.925521533601763, 0.992490818670025], "b2": [0.6097656832453596, 0.8771496980096473, 0.8559426870606498], "b3": [0.9837382910179855, 0.9488491528018278, 0.8174082348069877], "b4": [0.0025214406652818806, 0.8780467903907799, 0.8902199730675221], "b5": [0.07321468760796708, 0.9504892984946849, 0.8484093671238945], "b6": [0.9862714100698011, 0.9896859773928732, 0.9599248440588906], "b7": [0.35419198103025046, 0.8670171660091812, 0.9913555207300613], "b8": [0.5824620925057302, 0.9586096028265224, 0.9038233125700812], "b9": [0.322331987077064, 0.7926937025176747, 0.8579952956584319]}