{"b0": [0.39622031262597185, 0.8664493379062034, 0.8372885229977581], "b1": [0.09851771063747544, 0.9292383324340721, 0.9016333442198712], "b2": [0.30319676102110166, 0.9144570566376768, 0.9835008446321639], "b3": [0.10560508421596333, 0.9288105667690587, 0.9323782384971531], "b4": [0.3466304410153354, 0.9256263485065684, 0.9931114975980512], "b5": [0.07970414225315514, 0.9978179640302411, 0.8693319268561608], "b6": [0.33754473156909404, 0.89792542843553, 0.8870048559076286], "b7": [0.07864425322823865, 0.8617689306616465, 0.828864807456691], "b8": [0.08371229303421558, 0.7322188512571938, 0.9337118934104508], "b9": [0.0860452083361124, 0.998017583726915, 0.9661918535658406]}