{"b0": [0.33541687699781214, 0.9243009049792045, 0.8569562686943403], "b1": [0.07483640031296537, 0.9440697505200817, 0.8332691384714894], "b2": [0.05021582021355847, 0.9670465929040918, 0.9713307809947297], "b3": [0.6237394336379597, 0.9060273946095007, 0.9342692365288735], "b4": [0.004420428485337283, 0.8935694926062517, 0.9360668043188655], "b5": [0.30668521824246286, 0.9786066067377344, 0.8025384156827852], "b6": [0.5921506354154172, 0.9905825505315162, 0.8187216510916977], "b7": [0.06683876179100018, 0.9183874880379104, 0.923319804320859], "b8": [0.3345049416564159, 0.9564359214340753, 0.9570778978675678], "b9": [0.010825482573962306, 0.9718889094632789, 0.8662390027726227]}