{"b0": [0.09428299933091194, 0.8920317927040707, 0.9796354346593393], "b1": [0.3187639229890362, 0.9414028868727529, 0.911328761979126], "b2": [0.08236921849186174, 0.959419909683303, 0.9529972378140742], "b3": [0.02484880516506961, 0.8318197904083044, 0.9699269010180569], "b4": [0.5877599861326956, 0.9551108169573104, 0.9414314598481432], "b5": [0.09319547188261913, 0.98267003157978, 0.9125808915299689], "b6": [0.3588982981483376, 0.8269177085010919, 0.8735477294162299], "b7": [0.569401525834492, 0.9588010191838983, 0.9907386323376564], "b8": [0.9755859764338999, 0.8903457934393674, 0.8736050661694486], "b9": [0.3507223157358485, 0.9650772149770933, 0.8048016626851581]}