{"b0": [0.07669253769720093, 0.8832862606421565, 0.9882782457423873], "b1": [0.010233307821368751, 0.9277040328630144, 0.9431426177310723], "b2": [0.008305931066427345, 0.9025729334261482, 0.8066551124990247], "b3": [0.8982383425417537, 0.9571765147172961, 0.9332549154965529], "b4": [0.5401636256186335, 0.9492676625642845, 0.939092188597232], "b5": [0.9981454268117343, 0.8991310389119407, 0.9824017653784779], "b6": [0.010804962327298969, 0.8896901724431702, 0.8463537650791312], "b7": [0.09404302795348028, 0.989456091357328, 0.9150105799507099], "b8": [0.0986361369367299, 0.745879652475584, 0.9959397571869708], "b9": [0.6402442494380005, 0.9273677835238243, 0.8346675943644192]}