{"b0": [0.15552827556237114, 0.8751289484866789, 0.819947642513873], "b1": [0.8261781619697188, 0.9362983864851644, 0.8908025614433395], "b2": [0.7343412638497575, 0.9694502679902999, 0.8574617571868647], "b3": [0.7267503139260794, 0.9269546029772506, 0.8122987754733378], "b4": [0.15752272360487593, 0.906021562903732, 0.9071528730142552], "b5": [0.7177114947600959, 0.8007247506539423, 0.9472334014306056], "b6": [0.16403311897041042, 0.8855391838093332, 0.806490203154922], "b7": [0.7693157598973761, 0.7504422573348621, 0.8399341954495074], "b8": [0.1553464293990128, 0.9848113727270309, 0.8191409483100255], "b9": [0.9077752893273431, 0.9714199452200413, 0.8796398458393796]}