{"b0": [0.7516726665571802, 0.8554713490638572, 0.8918254021896845], "b1": [0.5876850271220063, 0.8522122725359599, 0.8314071946810625], "b2": [0.7270825442543014, 0.9318257594897094, 0.9597002381465817], "b3": [0.7203147859581958, 0.9743222331914931, 0.9655920048293909], "b4": [0.7378101274470076, 0.8624543322085326, 0.9091932656829651], "b5": [0.10195140179219596, 0.8641236828410628, 0.9275995914363274], "b6": [0.732679292249383, 0.9669104529653965, 0.8133356739715987], "b7": [0.1126519052411732, 0.9116156315468608, 0.814506536786175], "b8": [0.7641855015539446, 0.9830446634303336, 0.9807300670658735], "b9": [0.7261942118654722, 0.9287595121258642, 0.8845794255806508]}