{"b0": [0.7427668393252531, 0.9463241403647626, 0.9984877086927362], "b1": [0.7167431485357126, 0.9531089613407216, 0.8424355044061307], "b2": [0.16078846099056446, 0.9465775658503071, 0.9862885372277336], "b3": [0.7599979345921991, 0.962907893544591, 0.9750363416612537], "b4": [0.33460108694779483, 0.8993444790719984, 0.9514257215048785], "b5": [0.7614680622071333, 0.9668444024407631, 0.9618730291976064], "b6": [0.07200419808399552, 0.9355812268573908, 0.8993898434831348], "b7": [0.7578866640194001, 0.9758800092137718, 0.8948103568013324], "b8": [0.774465062168536, 0.8905368288845973, 0.8321628424893163], "b9": [0.7763623552763242, 0.9875668393811052, 0.8213775801609315]}