{"b0": [0.7334524671779176, 0.9534850071202905, 0.9840525977087619], "b1": [0.07676010235852289, 0.8260207233380072, 0.9466528856773678], "b2": [0.7517077484355261, 0.9436615318760709, 0.8821095927583247], "b3": [0.9964609763098258, 0.9563519357647475, 0.9337545784988773], "b4": [0.749921993676667, 0.8269933834009592, 0.8652012729856966], "b5": [0.7097748057323351, 0.8807374848845364, 0.8815790980950362], "b6": [0.08396333005543934, 0.8634127725490528, 0.9268743207270924], "b7": [0.7513452730654023, 0.9504135039464423, 0.9447882050397942], "b8": [0.7563969455237334, 0.9617755512452278, 0.8781501855292881], "b9": [0.08075384163791983, 0.8543108131568873, 0.8287472805420228]}