{"b0": [0.7321022855327055, 0.9923592729074696, 0.9607453592274314], "b1": [0.16838213896552628, 0.9535474606101327, 0.8284759407313119], "b2": [0.8628539495892923, 0.9217807397278306, 0.9972683278425251], "b3": [0.7729648010493448, 0.9552983738187774, 0.884187433186429], "b4": [0.7083993183528885, 0.8741142189099621, 0.9540028106817314], "b5": [0.15893744100610108, 0.9488249809929892, 0.9654514945125218], "b6": [0.1547953770322529, 0.978220051425648, 0.8006260627910834], "b7": [0.16903298236067285, 0.925115992740677, 0.9795539945967198], "b8": [0.7490666052662169, 0.967723738328402, 0.9940027336450155], "b9": [0.7709797439834264, 0.9426870653152939, 0.9882834327139638]}