{"b0": [0.16769140098818014, 0.8137387876809625, 0.9295418789156439], "b1": [0.7616805666924451, 0.9281166847449314, 0.9547943013593304], "b2": [0.7476699536237378, 0.961030957426554, 0.8986821525784623], "b3": [0.07782682959145655, 0.9635727488351244, 0.9672096599549432], "b4": [0.6914756527421062, 0.9576962522123017, 0.9187535644094587], "b5": [0.7499256915121849, 0.9235801809065559, 0.9948987420127001], "b6": [0.7832916583936685, 0.9839171548194227, 0.8569571255244345], "b7": [0.0732248245595016, 0.9982505818956604, 0.8580933743090432], "b8": [0.7771664003810814, 0.8766209486112889, 0.9060329037881858], "b9": [0.9829373351128302, 0.9126626577093617, 0.9494024183091472]}