{"b0": [0.3391792538206743, 0.8653135130479518, 0.8167457522685424], "b1": [0.569982851074614, 0.9960990133943884, 0.8120184491763881], "b2": [0.8196043724312827, 0.9703641211295053, 0.902758738797827], "b3": [0.568809511443272, 0.9532148789598416, 0.8316806942319788], "b4": [0.08348197976817406, 0.9108226829753141, 0.9641596263544963], "b5": [0.3428394053331539, 0.8367601660804174, 0.9125874827756807], "b6": [0.1554524649645557, 0.8726423631013038, 0.8206504718751119], "b7": [0.7767364915663656, 0.9825207203404485, 0.8936873045867867], "b8": [0.3389688000454052, 0.736649016077617, 0.8338737225348608], "b9": [0.09492505983215432, 0.8312757301811621, 0.8299719069522914]}