{"b0": [0.9985429345742816, 0.9508930535205087, 0.8521011539953486], "b1": [0.9920256447192705, 0.950969537123132, 0.8772976093814272], "b2": [0.30759372737962526, 0.9317339672317801, 0.9961647007775024], "b3": [0.6396458158944267, 0.9401479987958311, 0.8848002282637145], "b4": [0.6235157092088055, 0.9485568167271762, 0.9676279132242398], "b5": [0.655800812985628, 0.9880012019278026, 0.8428002225223749], "b6": [0.3007354011336639, 0.8991561915851551, 0.9151660147228502], "b7": [0.09580421015819157, 0.9809672267362255, 0.8679792869936833], "b8": [0.7201239016812532, 0.9476473985337018, 0.825061734391745], "b9": [0.6481605179720816, 0.890856847435789, 0.892799227076424]}