{"b0": [0.3390900148660695, 0.8870044932760031, 0.8647767117340124], "b1": [0.8373255075208461, 0.8542337225986987, 0.8068495091989601], "b2": [0.34875092911398203, 0.9482041868910482, 0.8327183967876799], "b3": [0.5820054143907502, 0.9870097466522135, 0.873854885197969], "b4": [0.8983247992396929, 0.7793999841531536, 0.9637990914278899], "b5": [0.5802131925942118, 0.9143547514405052, 0.8084651775372305], "b6": [0.8699842718045353, 0.9394636019893376, 0.9607010373556097], "b7": [0.9891695836480503, 0.8965472859917477, 0.8081067792493193], "b8": [0.8851786051240222, 0.9194706817529485, 0.9754591440488052], "b9": [0.7387251356582979, 0.8362874778137899, 0.8890458095617763]}