{"b0": [0.09194679508463556, 0.904246682273754, 0.9671874657405578], "b1": [0.1644506030375605, 0.9813392856138937, 0.8988125131875325], "b2": [0.9997279046441789, 0.9829954966302559, 0.9850162697866012], "b3": [0.5835916699500671, 0.9089042031676452, 0.9491671620346637], "b4": [0.9034459239028234, 0.9051884653667567, 0.9912274087020009], "b5": [0.664219979357204, 0.8563034962961718, 0.8470414891978555], "b6": [0.8975955136187953, 0.926636222926346, 0.8001540481561158], "b7": [0.5982554074617576, 0.9681456614262335, 0.9079560871640863], "b8": [0.14419324396843416, 0.9756374349638283, 0.8125476027879567], "b9": [0.16162803172001497, 0.844713140162213, 0.9206659567185755]}