{"b0": [0.3226202904491025, 0.9045970702215209, 0.9693651142418532], "b1": [0.8907678092095022, 0.8687547404864334, 0.9892645202245626], "b2": [0.9941247188006451, 0.9790285202702391, 0.8324450535700568], "b3": [0.596166935195158, 0.7875139017784157, 0.8403077882060852], "b4": [0.6670435406769757, 0.846202364597184, 0.819481802547715], "b5": [0.5974347409820713, 0.9381195526940048, 0.9093522355207924], "b6": [0.8066729962180215, 0.8648782874870181, 0.8792806510852091], "b7": [0.8675835241203756, 0.9549358340902089, 0.8188330205891171], "b8": [0.16849251503149087, 0.9437053834576807, 0.9454784444441084], "b9": [0.3305641413471965, 0.8516556907158292, 0.9745317656451732]}