{"b0": [0.8805934937809644, 0.8656270215228824, 0.9716480136730007], "b1": [0.49161798177110505, 0.8222997171751923, 0.8292311955488069], "b2": [0.6015248842631563, 0.8168065221356801, 0.8611390910227484], "b3": [0.6543372574417968, 0.8690338628617124, 0.8782433314548946], "b4": [0.9922979119934638, 0.8833468571211307, 0.9370077762004295], "b5": [0.6551368444606384, 0.8948481550443675, 0.89390611379843], "b6": [0.7429775440038381, 0.8992822992019994, 0.9687741732413518], "b7": [0.8938219797175977, 0.9318085274168194, 0.9129498527274257], "b8": [0.6554766145494976, 0.9024665323329654, 0.9932871795810772], "b9": [0.6070897778660975, 0.8626492681231076, 0.8293442310925531]}