{"b0": [0.752524043156123, 0.8640385921710362, 0.8610683528054546], "b1": [0.6402529521903226, 0.9607138500358058, 0.8502500929436211], "b2": [0.6215476285507869, 0.9473778371307846, 0.9310402714438653], "b3": [0.07400988282239036, 0.8999367418165756, 0.8606994193361476], "b4": [0.9811067984312163, 0.8402538865944752, 0.8239524157359815], "b5": [0.9996208825514543, 0.8706250665572725, 0.9738446349040341], "b6": [0.612304777690538, 0.8358592922767363, 0.8957560050873568], "b7": [0.5788500678710095, 0.9656723199028856, 0.9597994918448688], "b8": [0.9819152809885867, 0.9031737851113238, 0.9441083177548205], "b9": [0.711335551128886, 0.782806342879657, 0.8659066194290681]}