{"b0": [0.6717292182591709, 0.9864286208879298, 0.9916740201530237], "b1": [0.6545939945040754, 0.8744641143062478, 0.819215206143441], "b2": [0.7996547964630584, 0.8494560436663801, 0.9334306600968035], "b3": [0.5442175680254082, 0.9119645005354965, 0.9988274614409217], "b4": [0.0010548116803604838, 0.8361757065515826, 0.9497938961700934], "b5": [0.8760354800843229, 0.8710702207259662, 0.903054266873325], "b6": [0.6523728659814951, 0.9834746202374114, 0.853195796710911], "b7": [0.7315823502523578, 0.8370201676388954, 0.8647402484376147], "b8": [0.3477572807232132, 0.8290182707337896, 0.9861600150835724], "b9": [0.6476411697544555, 0.9820181556640637, 0.9380553627340958]}