{"b0": [0.07316375016628791, 0.9105149435574805, 0.9143659159028756], "b1": [0.32038997437256905, 0.8590369144689431, 0.8994140490272359], "b2": [0.09302581376191892, 0.9659832056252067, 0.8942023308359408], "b3": [0.8507885710897883, 0.9900925901670253, 0.9883228661718758], "b4": [0.7665663662943707, 0.9755837538848872, 0.9986747259090488], "b5": [0.10190050609720609, 0.9478206887730256, 0.9726085095183187], "b6": [0.006232686420895643, 0.7449696210937279, 0.8889193565196867], "b7": [0.15712835191877678, 0.9650561163893375, 0.8345375913625216], "b8": [0.09572744480113778, 0.9350392017115751, 0.8135425993396899], "b9": [0.8675994185983281, 0.9014960923243656, 0.9652699037355628]}