{"b0": [0.159907979581204, 0.9874927611360935, 0.9900037714558622], "b1": [0.09231521810508565, 0.9716608515352556, 0.9336328670138417], "b2": [0.08057464297304272, 0.9915517275701238, 0.9915754087558772], "b3": [0.15723166725233992, 0.9019940091891062, 0.920959411268208], "b4": [0.08659222539031526, 0.9178474749932058, 0.9894683582522529], "b5": [0.16305958563485556, 0.9545873518955506, 0.8574909915969642], "b6": [0.8791576314869289, 0.8546658432795059, 0.979834273980099], "b7": [0.6522999336621548, 0.9420651801609025, 0.9152703031415251], "b8": [0.5882402076045359, 0.9449571377474731, 0.9835571624931997], "b9": [0.8992691179518708, 0.9227052019996728, 0.9274833565782599]}