{"b0": [0.8640084527730505, 0.8566020069110029, 0.9994261640902729], "b1": [0.9819036808677568, 0.9532942070369476, 0.8035057179842872], "b2": [0.1638905679764772, 0.9006805879324061, 0.8087422837394846], "b3": [0.061441248046097074, 0.9472558388384812, 0.8129627629973062], "b4": [0.10585175225772109, 0.9336531015756586, 0.9028912824639498], "b5": [0.07517400888823575, 0.8878662504091644, 0.9165367703135593], "b6": [0.7607720589627792, 0.9677316711751136, 0.8335727779429729], "b7": [0.01444231152308216, 0.8466195750122287, 0.9971088506472059], "b8": [0.9073871890116425, 0.8842856724077933, 0.9745306312037588], "b9": [0.12909498385279367, 0.9546812910538491, 0.8851536656171602]}