{"b0": [0.09302248503799128, 0.937793761832569, 0.8601672888642125], "b1": [0.9712215263447653, 0.9824937975077962, 0.8558806749010079], "b2": [0.7578433923429189, 0.9235929782814442, 0.944746840129153], "b3": [0.15940277548688508, 0.9545640892909633, 0.9699747030107854], "b4": [0.8589468243305121, 0.9183627273937227, 0.8152918193855928], "b5": [0.8540461417898851, 0.990992080886372, 0.8075222608866871], "b6": [0.9352122777003585, 0.9025347992338643, 0.9215716773521367], "b7": [0.0009128769268550618, 0.9183430350243205, 0.8360544461036993], "b8": [0.9991066645137819, 0.9148768202545594, 0.8332511900073394], "b9": [0.800660333908175, 0.9942190276596692, 0.8947904907858537]}