{"b0": [0.013872390908218431, 0.9750899383363704, 0.8989838307123162], "b1": [0.07545889794509945, 0.9351231057526967, 0.8454289589531224], "b2": [0.7091014710665398, 0.8590571527187203, 0.9824926728093311], "b3": [0.32233073485286534, 0.9777737550854145, 0.8174130337475344], "b4": [0.7372503413038995, 0.9546296731758575, 0.9956730231100167], "b5": [0.8634907741060721, 0.9612019885296991, 0.8062698158838896], "b6": [0.8733521430925489, 0.9205402472602633, 0.8784625485667058], "b7": [0.15644685331506206, 0.9864391698589742, 0.8364030300060092], "b8": [0.01367959543536322, 0.9029668278016474, 0.9914501336559176], "b9": [0.050858491761180506, 0.8758839215275992, 0.9857066929453421]}