{"b0": [1.1091829013661602e-05, 0.9619931375585415, 0.8885642646089126], "b1": [0.05001635100895311, 0.9794309513614918, 0.9633383616683759], "b2": [0.8602537471708053, 0.8964628068432297, 0.9706724749101463], "b3": [0.8438672907703235, 0.8615743616838551, 0.9273899222416894], "b4": [0.7774561517195976, 0.9807427939976142, 0.8446257504982292], "b5": [0.010824232038340285, 0.8937787883279549, 0.9061946247757819], "b6": [0.7719649143533972, 0.8643755627223482, 0.9322595119556965], "b7": [0.7111660384092783, 0.9346710252499446, 0.8574859656035381], "b8": [0.7487338160565116, 0.8837282668294227, 0.9943003771252324], "b9": [0.5746325567533943, 0.9728476939563674, 0.9734085333422392]}