{"b0": [0.07751072492337854, 0.9253541157333877, 0.8937117656406629], "b1": [0.10298645876681833, 0.8420522527408555, 0.8286292645707343], "b2": [0.7886674013556234, 0.9353519337942651, 0.9797802668581636], "b3": [0.9912576063321077, 0.907271609657509, 0.8819315574193917], "b4": [0.08482296139972695, 0.9697631971150789, 0.8396852139283307], "b5": [0.9194363469928902, 0.987942424551077, 0.9791326960113161], "b6": [0.8552454307796725, 0.9527134506404151, 0.9709959799629108], "b7": [0.9012449291086547, 0.9275813447629591, 0.9676307934917454], "b8": [0.9801477400015568, 0.914003729222003, 0.966138945005337], "b9": [0.004571657148428249, 0.9935571225563757, 0.8308346809907651]}