{"b0": [0.07281111787971327, 0.9773414761828895, 0.9762647602194024], "b1": [0.6044256653332272, 0.9191080503697244, 0.9303378094696787], "b2": [0.7827805168641615, 0.9921510286629909, 0.9853528462499789], "b3": [0.6000832341421478, 0.9759248184455678, 0.9856107834717074], "b4": [0.5656922846981702, 0.8340707072283293, 0.8020024064467565], "b5": [0.9957250186317407, 0.9259984157051714, 0.8193951634105523], "b6": [0.6238823826692672, 0.9671059904232854, 0.9121073042397773], "b7": [0.5900859677152954, 0.9377669999410699, 0.811185738330517], "b8": [0.07983089407721734, 0.9713312867866647, 0.9790777248435316], "b9": [0.11955038879047192, 0.8803500260217472, 0.8490268153377173]}