{"b0": [0.7019835765015057, 0.9107626209691365, 0.9441492004198675], "b1": [0.6261921939623393, 0.9688377369180755, 0.9885700312507586], "b2": [0.6421957447301166, 0.937427685177593, 0.8418448042169356], "b3": [0.16316900720772495, 0.9595696017576145, 0.9763325215845868], "b4": [0.5461029890424709, 0.9566813770009378, 0.8356189207273949], "b5": [0.08779549411688996, 0.8725472072071316, 0.9506890132305372], "b6": [0.08996424300948544, 0.84860116506836, 0.9864548351355041], "b7": [0.09320554193137774, 0.9722515442959866, 0.8206428752615779], "b8": [0.0024289761293427576, 0.8220904501344769, 0.9205708707829692], "b9": [0.16635880432701408, 0.8570917152114375, 0.8081287818084146]}