{"b0": [0.06921095435933138, 0.8276088700853463, 0.9537426395999268], "b1": [0.6316979274388046, 0.8395843655249544, 0.9717410640143853], "b2": [0.06684127594543565, 0.991375561249729, 0.9939697096630817], "b3": [0.6476897268788864, 0.9857635881006646, 0.9873495058485545], "b4": [0.0657800722721971, 0.9006532398960804, 0.9786197765083451], "b5": [0.6702695474164956, 0.9687326223581763, 0.8778986440093788], "b6": [0.0901274679877289, 0.7989215075464715, 0.919418157421851], "b7": [0.5952900569236992, 0.9928335914913683, 0.9651007169333545], "b8": [0.09765110764367728, 0.6788718787104199, 0.9981661272339974], "b9": [0.09518174170786542, 0.9815929987109827, 0.853650624191102]}