{"b0": [0.6062533477986641, 0.930922176075275, 0.8265741636452595], "b1": [0.6691748523033813, 0.9647910672986962, 0.80334111726537], "b2": [0.12247834809325658, 0.9891290174523171, 0.8487943033947825], "b3": [0.596422046231785, 0.8916505051131262, 0.9188517184692173], "b4": [0.002375669013005386, 0.9114564212036459, 0.8006442028709576], "b5": [0.625902073468373, 0.8910457716640056, 0.9587437561567482], "b6": [0.664856221021143, 0.9158851423607471, 0.9030733891092931], "b7": [0.7219929483319809, 0.9368881368960993, 0.981105755405484], "b8": [0.34065547164382926, 0.8877601948158557, 0.8745188953097123], "b9": [0.1587474121537623, 0.911701774570313, 0.9618308037982026]}