{"b0": [0.0017063835091600396, 0.8791661483215489, 0.9341919352536682], "b1": [0.6175347083921732, 0.9764311588906953, 0.8445024620371383], "b2": [0.34042823884254825, 0.9646433647177338, 0.9315298438692966], "b3": [0.7156015682035378, 0.9382393368973596, 0.8185521389936014], "b4": [0.07983712568887116, 0.9958046736690374, 0.8346802605258532], "b5": [0.6459397569731479, 0.9621949589104999, 0.9641520719044057], "b6": [0.6672268205911525, 0.9274000547618403, 0.862399797162102], "b7": [0.7256654328988473, 0.9424616863376047, 0.9910974284834745], "b8": [0.354807069972823, 0.9509125474442968, 0.9473991138127189], "b9": [0.15978545291810267, 0.9845599487798242, 0.9726721653095932]}