{"b0": [0.06830755019033856, 0.9872423316752419, 0.9444844610320601], "b1": [0.6184680067995996, 0.9597821970428667, 0.9077521189328465], "b2": [0.5354563049507391, 0.9930241644763559, 0.8691964622077625], "b3": [0.7654986631966932, 0.935653545278889, 0.8731339801753926], "b4": [0.021313444700222218, 0.9009531467535601, 0.8516147165153021], "b5": [0.6364061187159085, 0.9133749306173563, 0.9751132001942563], "b6": [0.16611879439259325, 0.9723923037336436, 0.8186436542574501], "b7": [0.010860597115911436, 0.940063066883638, 0.9391655376550219], "b8": [0.9820618657662078, 0.7844446244606778, 0.9537800939170163], "b9": [0.17002011884113113, 0.9485515555389142, 0.9983297473718836]}