{"b0": [0.16823768132181752, 0.8847541659223791, 0.8035368100796321], "b1": [0.7914102362647245, 0.9998950981966623, 0.883210546919614], "b2": [0.8686704404455436, 0.9259056401046963, 0.9444642493598233], "b3": [0.6324783548004671, 0.9819304712062207, 0.8816818930497057], "b4": [0.378938950147767, 0.9865669487843419, 0.9821244791224889], "b5": [0.15444951050389194, 0.8912964137575942, 0.9294725129363209], "b6": [0.594381147358061, 0.9925882046136897, 0.8632688717906845], "b7": [0.6226192097386343, 0.9211627695427493, 0.9283307508968072], "b8": [0.8529031570394713, 0.9999334442784256, 0.9619644031349607], "b9": [0.8463200667584023, 0.9788639536535192, 0.8368523840193486]}