{"b0": [0.16328488204450486, 0.9503042871531133, 0.963342219604097], "b1": [0.08219031083004115, 0.9539458983243162, 0.89445065728217], "b2": [0.7378120608333092, 0.9817535820423811, 0.9427516384741814], "b3": [0.7365604773397918, 0.9508586949652805, 0.9012318056451288], "b4": [0.8965912173768786, 0.8587417297446097, 0.994838771804706], "b5": [0.8891198705298541, 0.8807334058006363, 0.9789033054570017], "b6": [0.6515652975683447, 0.9200779547682969, 0.8084537174694344], "b7": [0.8947728468138909, 0.951239449984345, 0.8960325638654774], "b8": [0.8703294438687054, 0.8253992347867416, 0.8643347047845157], "b9": [0.9962260161515752, 0.9779544262905085, 0.8777710599555388]}