{"b0": [0.06538900593285686, 0.8939477226252528, 0.8067223671619526], "b1": [0.8872462693023792, 0.9932406876612316, 0.8294801543343323], "b2": [0.7552439412349317, 0.9027805574144704, 0.8973166656846752], "b3": [0.88740246269067, 0.9916704705567692, 0.9120449294196888], "b4": [0.1649112933865716, 0.9480857727037463, 0.9141356722421466], "b5": [0.8501957566004993, 0.9777516162411881, 0.8965821381371656], "b6": [0.37362510832209295, 0.9922675893024375, 0.8637697108981753], "b7": [0.7571044778770444, 0.8146446740916465, 0.8771629830840006], "b8": [0.3557484876868161, 0.9105553815267389, 0.8576613270311378], "b9": [0.7647113393258202, 0.8210539709836685, 0.8102282272966659]}