{"b0": [0.1572744599482477, 0.8893231452663684, 0.8564763516770775], "b1": [0.7797183434938577, 0.877590068053388, 0.8924152690577937], "b2": [0.8780700013238542, 0.9024054314688351, 0.9544574112966637], "b3": [0.07669021830204568, 0.9485792196660845, 0.8969561941067967], "b4": [0.35280275752316564, 0.9483042819737935, 0.8490663262769919], "b5": [0.3554969083153777, 0.9363157093013146, 0.8288250594280713], "b6": [0.7783329366846004, 0.9294467658783674, 0.9774609624969822], "b7": [0.8358644340123647, 0.9301750394706487, 0.9870856240177328], "b8": [0.767538606540598, 0.9793080795233722, 0.9453537198467495], "b9": [0.6234786922542805, 0.9906465836623538, 0.860624411618668]}