{"b0": [0.7672223585472665, 0.8713617908595087, 0.8900305025222712], "b1": [0.8692333038357546, 0.9105661155303512, 0.8286048944157274], "b2": [0.16137879065688707, 0.9585088740420247, 0.9385188876443229], "b3": [0.1537140691513435, 0.8913387847795713, 0.996395782068252], "b4": [0.3196312476169844, 0.9301293826888568, 0.8577212333165427], "b5": [0.7392547791027119, 0.8761701798287562, 0.8264030070381736], "b6": [0.8868070780460978, 0.885388252154709, 0.9273032871138289], "b7": [0.9057685603946097, 0.9774448597584368, 0.9256765150833393], "b8": [0.36165639048781784, 0.8331234373814744, 0.9129217808828914], "b9": [0.08245222519174046, 0.8893851914699615, 0.8360643281512793]}