{"b0": [0.16652302839923397, 0.9565249349433728, 0.9655424822491879], "b1": [0.09863987967570485, 0.9575438068925161, 0.8806463770451036], "b2": [0.10416975102115841, 0.7878721426991038, 0.8694680052210169], "b3": [0.5864654767588594, 0.922257086202224, 0.8790668699223525], "b4": [0.31231786169985476, 0.9709156628233981, 0.9177669636016268], "b5": [0.5873807392776976, 0.8262231056552386, 0.8170765067814013], "b6": [0.09199709720168946, 0.9150072909319329, 0.8972256190345164], "b7": [0.02264379522149771, 0.9990178666432391, 0.8913798342806429], "b8": [0.07384979361788518, 0.9987618260335477, 0.9995081204392977], "b9": [0.15864906801700498, 0.932237545270346, 0.8283077815581243]}