{"b0": [0.3653625790667197, 0.8738767376607832, 0.960620730326288], "b1": [0.16531965234580062, 0.9391290905365728, 0.8666892485990239], "b2": [0.06651283713979944, 0.831435958475781, 0.9796433382802505], "b3": [0.1640988330143996, 0.9979034376069691, 0.9380258031717097], "b4": [0.9186487012931067, 0.7747479316968557, 0.8238516574012879], "b5": [0.990391259945409, 0.9748939995984891, 0.9857675829359341], "b6": [0.340688319334259, 0.7985983089402012, 0.9711955699436295], "b7": [0.34354213942824763, 0.9896699175804278, 0.994206691448011], "b8": [0.07052268473072426, 0.988169994780727, 0.9775905948696869], "b9": [0.16046743744431577, 0.8900911299574636, 0.9704162271622966]}