{"b0": [0.9186033854840636, 0.993062380817674, 0.8121407376195796], "b1": [0.15183246635386216, 0.924984686389761, 0.8471694593432469], "b2": [0.02092355969009602, 0.959242528202166, 0.8969044410677794], "b3": [0.15359463307376073, 0.7951340860758462, 0.892090633572646], "b4": [0.07976700790567279, 0.9234078436310951, 0.9506069699678089], "b5": [0.7376498208622084, 0.7982505528134566, 0.809004106751701], "b6": [0.6078017681356023, 0.9068283380556958, 0.9386379722182547], "b7": [0.16441734771290023, 0.8427594658485162, 0.8726063603032368], "b8": [0.16729740149309047, 0.9568285283936387, 0.9702146181635115], "b9": [0.3379649191025881, 0.93725360323147, 0.9387070312345049]}