{"b0": [0.3649152548972933, 0.869799743228328, 0.8344336349124045], "b1": [0.7841857703961083, 0.9765768171424953, 0.8042566056270174], "b2": [0.7707138058136895, 0.9518692568228976, 0.9540682010935995], "b3": [0.30695996508595946, 0.8903403329434972, 0.8235934965044625], "b4": [0.6396451492296379, 0.9445059501897393, 0.9683913952594989], "b5": [0.7333672556203834, 0.9272918485390084, 0.8291813276815315], "b6": [0.5985329067781138, 0.989596548006005, 0.9062652835388079], "b7": [0.87980557134635, 0.8377353178919384, 0.9503247475077694], "b8": [0.780361002684145, 0.9321275964234854, 0.9177056998029675], "b9": [0.15238187456317184, 0.9908408640481278, 0.893851527591708]}