{"b0": [0.3715335917038834, 0.9717640583080382, 0.8205741019004811], "b1": [0.35550114300193003, 0.8419011254978862, 0.9561073133828591], "b2": [0.836269154730353, 0.9812151524967012, 0.8057471820546175], "b3": [0.34307267867843194, 0.9683857553473729, 0.8048195968931897], "b4": [0.7218521893436274, 0.9850712111677469, 0.8937144867170577], "b5": [0.07941571617871084, 0.9388406391490757, 0.9597210299889052], "b6": [0.32777018670552843, 0.9219376622521027, 0.8149971931394987], "b7": [0.10993837155580048, 0.9756876124034151, 0.9233916034460664], "b8": [0.35513733008387277, 0.8192466609451672, 0.9462227733764541], "b9": [0.7788709033702927, 0.9400872884607856, 0.8776718777438199]}