{"b0": [0.3729690306423263, 0.9404392528478557, 0.9993125645272894], "b1": [0.8647985822923883, 0.9983228042769801, 0.9775891091231829], "b2": [0.3034124382929742, 0.8230929433723501, 0.872752891845012], "b3": [0.885574250039571, 0.8435077799771886, 0.941694069025205], "b4": [0.7939123497357825, 0.7787929070810753, 0.8905322188636419], "b5": [0.3448800111736544, 0.9230683295362008, 0.9015680646465934], "b6": [0.6539189346815172, 0.8875709927350455, 0.9818434686070223], "b7": [0.6110750765592465, 0.9392098120856122, 0.9637141207737205], "b8": [0.7349364320947209, 0.9423143606964665, 0.9918227753160935], "b9": [0.33134450274621924, 0.9964096082928292, 0.8199597508050865]}