{"b0": [0.342367522737324, 0.9093036087833081, 0.9132207821600897], "b1": [0.2923761964242435, 0.9510192943772031, 0.8006648747893356], "b2": [0.8847440364510564, 0.9960704990902882, 0.8110050890231432], "b3": [0.3356175483512873, 0.9180851475914935, 0.8599205364844126], "b4": [0.6080096448881449, 0.9983755127602966, 0.8819363680010167], "b5": [0.6220955137236011, 0.7668531943036667, 0.9630007400634368], "b6": [0.8686569154493737, 0.9805186304431356, 0.8428934682684742], "b7": [0.7217001383047991, 0.9226302244231536, 0.9636380929785789], "b8": [0.08710167935736342, 0.8862071977720483, 0.9257843977100779], "b9": [0.7644353083465479, 0.9286768326425302, 0.8634465190505953]}