{"b0": [0.8805227660114621, 0.9965484374869296, 0.8979158029450531], "b1": [0.8767726192598607, 0.9068217366032448, 0.8796487051042119], "b2": [0.5985259811304747, 0.9699693290716023, 0.9470794809632267], "b3": [0.7232336275593945, 0.9886280329412424, 0.9483678694384023], "b4": [0.8370977980558781, 0.8324207294713194, 0.8236469908302717], "b5": [0.7243694970000202, 0.9105941046684629, 0.9574378924378288], "b6": [0.7375893882017455, 0.8745951261471052, 0.9971540866180516], "b7": [0.35602525631196846, 0.9775767115217866, 0.9472626092863805], "b8": [0.8889688657572836, 0.956366489072745, 0.9189544620865387], "b9": [0.7434146910698144, 0.9175333639788422, 0.8320872783213317]}