{"b0": [0.07213314233386081, 0.810329218682679, 0.9572459755515937], "b1": [0.7343091627754609, 0.9860593079133235, 0.8275601148249936], "b2": [0.7496666094545985, 0.9354342211916884, 0.8282709506509814], "b3": [0.7445407762531374, 0.991993049049357, 0.9305229496633431], "b4": [0.74123968394228, 0.8765153478837778, 0.9901097246313023], "b5": [0.6055743058100215, 0.9621754886186369, 0.8333943930862893], "b6": [0.10122842571572103, 0.9915890238828615, 0.9080725576008314], "b7": [0.07694919586971491, 0.8508759720965591, 0.9511640084340501], "b8": [0.9194298446972848, 0.9851835210526498, 0.9027356309148833], "b9": [0.7491330073375145, 0.8953581507209798, 0.9864481903246431]}