{"b0": [0.5600062258893295, 0.9816624616748254, 0.9197819320993229], "b1": [0.0014997700132632558, 0.9938544929937599, 0.8619380325720555], "b2": [0.07995786912434695, 0.9623149400994581, 0.8106121249622555], "b3": [0.6243808883612639, 0.9468897631046355, 0.8083049721262268], "b4": [0.9927979515527121, 0.935969180841424, 0.8045268450851755], "b5": [0.9745424278443245, 0.917971221936583, 0.8613385180800699], "b6": [0.3060898608430458, 0.9420749453722653, 0.9747750802850149], "b7": [0.16502754720779575, 0.9645396974084411, 0.8220881305204784], "b8": [0.3433566579290377, 0.9995985984886402, 0.9597855890430423], "b9": [0.07161881582397585, 0.8398821423618886, 0.8558325069859992]}