{"b0": [0.6047809948623507, 0.8299596034376876, 0.8469671741881882], "b1": [0.08734313213942732, 0.9911258358789312, 0.9048831773834161], "b2": [0.8509417767279202, 0.9114252936256836, 0.8428008631319335], "b3": [0.31954535843406373, 0.9520769902619974, 0.8585759463225662], "b4": [0.6422490292731902, 0.9437855298269676, 0.8065455759464757], "b5": [0.16449486944032665, 0.936150479112233, 0.8281168017807679], "b6": [0.3450565402852004, 0.8952089219489204, 0.9839978776383929], "b7": [0.9710877398848125, 0.9374190779064352, 0.8249303475712386], "b8": [0.15486489991568914, 0.998781825541423, 0.8548393492777925], "b9": [0.666331691702255, 0.9382519263214268, 0.855712002776365]}