{"b0": [0.15664224884466876, 0.961457474421, 0.8981885030987443], "b1": [0.08585754667943574, 0.9688906775835858, 0.8585164433534486], "b2": [0.6423675354013958, 0.815032456396437, 0.8153748955534452], "b3": [0.00087223672381669, 0.966731322285523, 0.9635605892165173], "b4": [0.013275113502646955, 0.946294030715395, 0.8750120454466888], "b5": [0.6360115136839272, 0.8609656572545313, 0.9587909969520146], "b6": [0.001310384311049083, 0.9674155480485416, 0.9242752615995579], "b7": [0.0797405963629248, 0.9254092150442679, 0.9543443995196199], "b8": [0.33388679749643074, 0.7843093282378316, 0.9655027169658814], "b9": [0.3299071782451908, 0.9995517857648831, 0.8901410102042056]}