{"b0": [0.16082166453437477, 0.8954723075090769, 0.9973028608539124], "b1": [0.16952140414420425, 0.7709996147406956, 0.9138902444296838], "b2": [0.1663655693071165, 0.9835803547457158, 0.8327791606216381], "b3": [0.9887078666689143, 0.9540551579686923, 0.8082878376826542], "b4": [0.09556164355923755, 0.9195468003986771, 0.9939116124163607], "b5": [0.004735110743209579, 0.9564625617434774, 0.8531914923082919], "b6": [0.07816774195594232, 0.8567734794569284, 0.8010021847426129], "b7": [0.7407037827517239, 0.9831343792245048, 0.8716863653234594], "b8": [0.879006557885431, 0.8658507970593525, 0.846321259494264], "b9": [0.15548975137733076, 0.921201813153329, 0.8300077277558322]}