{"b0": [0.8500600267530932, 0.986389362934607, 0.8417020456942363], "b1": [0.38343316654545645, 0.9870349266136011, 0.884608330413787], "b2": [0.08863417994083951, 0.9910944950441373, 0.8414582218398199], "b3": [0.8725652401753891, 0.884163291885808, 0.9706651922726044], "b4": [0.7056132149956282, 0.9167952562102378, 0.9801321804419021], "b5": [0.7701151466109252, 0.9425230790743973, 0.8727752888203842], "b6": [0.657288110048251, 0.933048287887877, 0.9110841473928969], "b7": [0.32574615803359064, 0.9094142374928231, 0.8719294023240844], "b8": [0.8617782533718181, 0.9694323123937818, 0.9185822178264006], "b9": [0.6093214334717623, 0.8281934414251042, 0.8085712051891271]}