{"b0": [0.7569226840251093, 0.9713929678801374, 0.960587967922383], "b1": [0.6503169295271014, 0.9741350673086154, 0.8725912530368611], "b2": [0.743468676052926, 0.9516167923327203, 0.9122948635842052], "b3": [0.3793339200024265, 0.9676038488557659, 0.8539771986580333], "b4": [0.7037997001099753, 0.9639183208513015, 0.9093946527557475], "b5": [0.35130527017559265, 0.9834367522269314, 0.9834418786262213], "b6": [0.9122560757295481, 0.9774042171270199, 0.8440993210380793], "b7": [0.08550209930798734, 0.9384555375417736, 0.9120190942489868], "b8": [0.7321390108091503, 0.9751456310170861, 0.9664256788466332], "b9": [0.6350956869540089, 0.9363317084435319, 0.8025143776394327]}