{"b0": [0.016558665957667605, 0.9894066308165741, 0.9852451470293304], "b1": [0.34765722173358293, 0.9709743705555005, 0.921961789702965], "b2": [0.07134965464352368, 0.9923330098773546, 0.8808256272625374], "b3": [0.32283037664708625, 0.903201135210625, 0.8691969084951012], "b4": [0.06993378601660066, 0.9191429122289694, 0.8481146161344714], "b5": [0.3299836351193289, 0.9199226681076188, 0.9148636265451059], "b6": [0.9822947036250347, 0.9262182012508194, 0.9760802820244777], "b7": [0.32744446345577766, 0.9412527062297917, 0.9321363225831953], "b8": [0.35191986088271404, 0.9084201656215555, 0.9890714683603864], "b9": [0.35335342731703023, 0.9924378916918987, 0.8074663728661892]}