{"b0": [0.16592890868479984, 0.9539578842762886, 0.9963463162789598], "b1": [0.16479782482678534, 0.8424367374676883, 0.8462037912073845], "b2": [0.1646127099203768, 0.9216968454298788, 0.91777476697769], "b3": [0.01844183707650192, 0.9202655735409881, 0.990848954361155], "b4": [0.868942863623705, 0.887700291788429, 0.8595383616898609], "b5": [0.7359300474820243, 0.9191081214753702, 0.8779121926819644], "b6": [0.7342112031868876, 0.8515623607705752, 0.9461792734223752], "b7": [0.15755928170842373, 0.9069885915845002, 0.9896035739546452], "b8": [0.16047699223453735, 0.9115719384679578, 0.9712007199588778], "b9": [0.5789443490829494, 0.9586280179037729, 0.9167197230104713]}