{"b0": [0.16633043306844544, 0.9797432541486333, 0.9496331709476209], "b1": [0.752556900749033, 0.9779322633532277, 0.8812315154262904], "b2": [0.8633869793230664, 0.9888244350119801, 0.9760310382937256], "b3": [0.6571790856440007, 0.8792685967881897, 0.8055366391033466], "b4": [0.10239705919413718, 0.8140916841970695, 0.8756117300751701], "b5": [0.1651245086405213, 0.9331985198931106, 0.976386690714124], "b6": [0.16367323755945754, 0.8149495829989908, 0.9181498255776803], "b7": [0.7125062102208857, 0.8873533513648583, 0.862089108397157], "b8": [0.0650905711155213, 0.8957875808667063, 0.8644757944208716], "b9": [0.7272605651059294, 0.9975463005144953, 0.9586415583829105]}