{"b0": [0.8974290354861536, 0.8937309184001916, 0.9231099679341654], "b1": [0.34541337776220304, 0.7730460588794841, 0.9615308719375487], "b2": [0.16329975116450712, 0.7784871466817674, 0.8187280201760508], "b3": [0.7828492332853824, 0.9624485446362472, 0.8622966311707885], "b4": [0.1621704607781973, 0.8053479116135851, 0.8185719641875544], "b5": [0.5807838108909759, 0.9559471867627326, 0.9754668457463971], "b6": [0.9827608911676093, 0.9471675065176274, 0.9246098995738014], "b7": [0.14803952460297382, 0.9746344006496578, 0.8628426674838632], "b8": [0.8181161861960865, 0.9661935542383827, 0.9036113589760818], "b9": [0.16423236716570686, 0.8099967421514398, 0.8854575337946474]}