{"b0": [0.1682199567453443, 0.7511775336675697, 0.829968304823684], "b1": [0.013608392988622929, 0.888382383350814, 0.8742611797692159], "b2": [0.625228741419308, 0.9940996495767681, 0.8087268609180615], "b3": [0.3356733729448012, 0.9479270815513016, 0.8428894426981083], "b4": [0.15470512521299964, 0.8845010181880155, 0.8581136909341255], "b5": [0.16305120727255829, 0.8981907285055726, 0.8384139882802641], "b6": [0.15608476520472858, 0.830620709158288, 0.8684849690405868], "b7": [0.7769560534562278, 0.9903877187235406, 0.9102347676947855], "b8": [0.16291421429336975, 0.9282508145031773, 0.9113079359920383], "b9": [0.1633204757908147, 0.961793756074513, 0.9472567327170036]}