{"b0": [0.16319400547205254, 0.8278109426991027, 0.8517786189617169], "b1": [0.16004603363718195, 0.9418166809418916, 0.8688765514166447], "b2": [0.7285856255462488, 0.76175110386835, 0.9226437735362407], "b3": [0.793555355081228, 0.8897349570360791, 0.9651905444845359], "b4": [0.08211171773506715, 0.9854507919273862, 0.995903826619214], "b5": [0.6091658805478783, 0.7654569137135262, 0.9399586252837012], "b6": [0.1592351795615608, 0.968660150951965, 0.9603457327686233], "b7": [0.17273571238184682, 0.9326223886525152, 0.8012408580649215], "b8": [0.5967643806684777, 0.9091984590435314, 0.9788122097649327], "b9": [0.7665724530670351, 0.9278014106427708, 0.8007332113221969]}