{"b0": [0.1616410626810759, 0.9460467946428878, 0.8321024041725781], "b1": [0.6036007151582901, 0.943880922906859, 0.9997545002480939], "b2": [0.6091710199736498, 0.9705765350260762, 0.9683825162978014], "b3": [0.337753696127647, 0.9539741407495466, 0.8854430792429766], "b4": [0.16498073731102225, 0.9451373866226151, 0.8797226736402609], "b5": [0.08213045358004326, 0.8477890044630394, 0.8344745251145198], "b6": [0.08884414988711357, 0.892164220074639, 0.9792145681743453], "b7": [0.7520300051461847, 0.9218546551503222, 0.920587303401023], "b8": [0.7165301488772302, 0.9147168205356491, 0.9021590611265734], "b9": [0.8663413735320948, 0.9021917747660002, 0.9188073463432983]}