{"b0": [0.9893236981383479, 0.9139693269584703, 0.9749088446504196], "b1": [0.06983102514840026, 0.9613045359534792, 0.9669855100738505], "b2": [0.8485272516800576, 0.9513797506075218, 0.819473967573208], "b3": [0.1555489042078845, 0.9740007260018896, 0.9938863807139486], "b4": [0.16137316093996548, 0.9122110497544966, 0.886238764846975], "b5": [0.7546436869892915, 0.9210622179486074, 0.9666589381572831], "b6": [0.34238020531188307, 0.9808841356411395, 0.9957867639972103], "b7": [0.7333872573553264, 0.8295734850930494, 0.9336269622626036], "b8": [0.743576963352082, 0.8672868950523022, 0.9621887844159401], "b9": [0.09901893435422254, 0.8197464050607165, 0.9722556013423711]}