{"b0": [0.08312878894333503, 0.8894250452272772, 0.8463509883352097], "b1": [0.07368059272846861, 0.9095932402471272, 0.8343285917727602], "b2": [0.1542181285422922, 0.8955942702696071, 0.9663173459099076], "b3": [0.1615133273095612, 0.96386752310729, 0.8685425394968829], "b4": [0.15371879165049712, 0.785304526822257, 0.8960158982423568], "b5": [0.9139378497843176, 0.9933031681702391, 0.9331039726236717], "b6": [0.05401270376957454, 0.9084315696161005, 0.9356318413062499], "b7": [0.15213980932006418, 0.992485150631829, 0.8368612282783765], "b8": [0.9965534477094081, 0.9160090942598853, 0.999766947545696], "b9": [0.16599740740247573, 0.9962274589072522, 0.9849399123489319]}