{"b0": [0.2923868394307684, 0.6790935531681032, 0.995265808117031], "b1": [0.16470759917723224, 0.9928191423900856, 0.8331702711772218], "b2": [0.014333564188390808, 0.8051109909416551, 0.8200516347599682], "b3": [0.294163831515105, 0.9839114968256518, 0.8013786452393432], "b4": [0.08375932318156144, 0.9003227980606926, 0.9957466290413712], "b5": [0.7267121561450817, 0.982795706354261, 0.9123119854855325], "b6": [0.9894369808936949, 0.9393771642643977, 0.8736892474558993], "b7": [0.8387705854899528, 0.9939157945574492, 0.9863928749102726], "b8": [0.1635116898897249, 0.9946661077031723, 0.8705856100802061], "b9": [0.07786334840759791, 0.9600989164494093, 0.818386547867447]}