{"b0": [0.15821978218805557, 0.966865317642261, 0.9794302611866393], "b1": [0.05743419562319075, 0.955722128807259, 0.8210146849123282], "b2": [0.9102782057989944, 0.8525951012273966, 0.8296803314014706], "b3": [0.3205863805157778, 0.8633674432441911, 0.8374927844294934], "b4": [0.7747295155039695, 0.9772009785734269, 0.892395568589327], "b5": [0.8752473919620851, 0.9270043369699853, 0.8516483678996982], "b6": [0.7328467822999507, 0.9959020867979815, 0.9068554990561631], "b7": [0.08860708034243504, 0.9224635413628522, 0.931282871753014], "b8": [0.06793546407859048, 0.9756486249344658, 0.8482704008189436], "b9": [0.7395224706946806, 0.970027074942729, 0.9551643257972219]}