{"b0": [0.09563427454771306, 0.9566233640910403, 0.8504660074656853], "b1": [0.32122324048191175, 0.6744616784355612, 0.884123737118832], "b2": [0.6200685686243471, 0.8442691753019034, 0.9303262682520032], "b3": [0.15753943972984266, 0.9936616062314694, 0.8431824027102992], "b4": [0.3461171833486663, 0.9022769854859312, 0.8628368532950674], "b5": [0.9885294447625205, 0.7996345576061009, 0.8215922336085805], "b6": [0.08230836977368634, 0.9086262297751436, 0.8092157191903965], "b7": [0.8719453900853401, 0.9000186339809811, 0.8256990434628574], "b8": [0.09402562086579992, 0.9876550542597171, 0.9543090422593404], "b9": [0.10263312966368328, 0.8104328292678861, 0.9681148938327394]}