{"b0": [0.15978596944761114, 0.9998827228402495, 0.9343444767989793], "b1": [0.07540379019057153, 0.798750789438825, 0.9130087853341778], "b2": [0.37061432488313534, 0.9530278319642789, 0.9812725751769179], "b3": [0.0970162952765085, 0.9932248397966255, 0.9575872572285248], "b4": [0.5975559733827306, 0.9437813063924188, 0.8394900204222506], "b5": [0.5840732153568832, 0.7369873206711063, 0.9616775842851378], "b6": [0.8866687416581425, 0.9642794402365706, 0.891939557421558], "b7": [0.002231166248796859, 0.9495735620351339, 0.982688385067797], "b8": [0.7811568004953517, 0.9183330175109709, 0.945086159557169], "b9": [0.3171512221025797, 0.967329218034984, 0.8148615868317531]}