{"b0": [0.08090441783478475, 0.8042753439864012, 0.819392000695465], "b1": [0.8937653135422088, 0.860553508680402, 0.984742163926505], "b2": [0.34736224659386467, 0.9371363632025649, 0.8935445420862955], "b3": [0.08075769282394296, 0.9485796352078906, 0.9982792464257381], "b4": [0.8852373400458101, 0.8714921933223451, 0.9231749327377246], "b5": [0.6039794971248923, 0.8500736919896538, 0.8099381284257428], "b6": [0.15561544949083347, 0.8621276398265871, 0.9435985975463421], "b7": [0.7780595456174559, 0.9685939538794625, 0.9039775600808495], "b8": [0.06304534729423995, 0.9828888618932007, 0.8425565777064011], "b9": [0.6034998111744566, 0.926301908612685, 0.8820300126866824]}