{"b0": [0.6161909518565124, 0.9469226086047502, 0.8989200141797784], "b1": [0.8402057289680469, 0.9554721377682331, 0.972004699123345], "b2": [0.07440530259259308, 0.8752254197460024, 0.9087855478819543], "b3": [0.0537785858464402, 0.8685039523219444, 0.8195823098264262], "b4": [0.07771195116216613, 0.9994841219543334, 0.8326559363740119], "b5": [0.6874615818225007, 0.919487469623861, 0.9950833002441241], "b6": [0.11115496147894201, 0.8410797323971398, 0.934442523930766], "b7": [0.30937391187856433, 0.9281310043516232, 0.9105496261803743], "b8": [0.15054007832121258, 0.8157425133530328, 0.9238945153674747], "b9": [0.8525115244192554, 0.9441290681984625, 0.8660424684094046]}