{"b0": [0.1450653178780864, 0.9881495554057557, 0.8269092256034446], "b1": [0.5948693919710935, 0.8499456305461207, 0.9767501836818446], "b2": [0.7398275840025559, 0.8409549510595388, 0.8913509175306341], "b3": [0.11340461896954954, 0.9293000321741064, 0.9699117581216657], "b4": [0.3220394713028118, 0.8313353978914867, 0.8072905761484737], "b5": [0.06419712436576308, 0.7851774320362503, 0.92423177060743], "b6": [0.8965193991692512, 0.9653438510983271, 0.8909252221672933], "b7": [0.747858378790194, 0.8795472632075548, 0.8848839892351738], "b8": [0.8763640343354239, 0.9387669965874832, 0.8615981868918063], "b9": [0.16259661183203464, 0.8383226143369646, 0.848210980524577]}