{"b0": [0.0043745581841347055, 0.9402121743071195, 0.8538677107576527], "b1": [0.724402324805746, 0.9538280263690444, 0.9947192473419938], "b2": [0.005382549779833045, 0.7978161431056928, 0.9211847996528539], "b3": [0.30806450622960835, 0.9762791199204537, 0.8284608144019601], "b4": [0.7386235747066959, 0.9837893549435799, 0.8623800132017706], "b5": [0.15403690809495277, 0.8802471641407859, 0.9000788437837344], "b6": [0.5704478376568007, 0.9968574966497318, 0.8958816091278544], "b7": [0.7698951519768373, 0.9838391669638483, 0.8266469239674836], "b8": [0.9898423248854322, 0.8963641254155101, 0.8209949777112873], "b9": [0.5820713626243448, 0.9437880107459142, 0.8628004331986011]}