{"b0": [0.7380129836831328, 0.9349681563568903, 0.9180188295529034], "b1": [0.08727988560190936, 0.817913649470275, 0.9447198615754201], "b2": [0.16614621128532783, 0.9512227830512251, 0.8567470280455538], "b3": [0.16570088077056921, 0.9647076306603252, 0.8434222927873661], "b4": [0.3350168195048346, 0.9557487251289771, 0.8929869289844048], "b5": [0.5300059284301806, 0.8347373054112524, 0.9909869876098724], "b6": [0.6309098931915706, 0.8353972035283707, 0.8640973423734865], "b7": [0.07716965028062127, 0.8493856937015904, 0.8863703214459256], "b8": [0.9905379913843225, 0.9179713324538534, 0.9009008874597236], "b9": [0.16094565817038217, 0.9504858262442738, 0.9826032056849079]}