{"b0": [0.16077250517875072, 0.9420760007733516, 0.9951273516036651], "b1": [0.8758232767667211, 0.9648763547644655, 0.905274244266637], "b2": [0.15826801099050286, 0.9798429933827693, 0.9884438320988018], "b3": [0.6194959757677901, 0.8009081478046387, 0.9192277097737837], "b4": [0.7696750127672323, 0.9158704815957412, 0.9999477710025956], "b5": [0.07600437324370325, 0.8337733157288928, 0.8235218959940291], "b6": [0.7159355746106446, 0.8083157362358254, 0.8782789361155889], "b7": [0.7591094385420188, 0.8385668444629409, 0.8331941281043247], "b8": [0.06103273813718978, 0.9460271875558444, 0.8540669450866792], "b9": [0.09156943462084317, 0.8081151507241813, 0.9839874235148923]}