{"b0": [0.1546142492055834, 0.9022262341933197, 0.8086846847681134], "b1": [0.06998610730239804, 0.8581344658358554, 0.8205501462768551], "b2": [0.9934420958114836, 0.9138226713220132, 0.8105983063043589], "b3": [0.08388116571221359, 0.9640449937315272, 0.9672892579197797], "b4": [0.7593170337389065, 0.9499564507033051, 0.9692118807530199], "b5": [0.7804617556385108, 0.9931245739633419, 0.9812798798283937], "b6": [0.06777695309737714, 0.9094940759702861, 0.9769100402315937], "b7": [0.15787470202257248, 0.9592384548970608, 0.9181928088500618], "b8": [0.7457806142909638, 0.8355981749027366, 0.9503336716383498], "b9": [0.3077231152206612, 0.8262444704491985, 0.8483197525861954]}