{"b0": [0.10173300463159504, 0.9560119754130205, 0.9510146571111427], "b1": [0.6860847792956615, 0.9405181388602551, 0.898222289116491], "b2": [0.6155011768632065, 0.9821019883276736, 0.8417363606364988], "b3": [0.7376503905989383, 0.991487672414993, 0.8034710394749903], "b4": [0.34157529677925247, 0.9451700627629641, 0.8355559846844339], "b5": [0.11249764340671393, 0.7609870723268863, 0.9831947209877723], "b6": [0.9387101732182569, 0.9586979794210754, 0.9349293445673681], "b7": [0.10457578823307732, 0.9321446418986244, 0.9805476309584705], "b8": [0.658947743383434, 0.9389399428253975, 0.9177109880369173], "b9": [0.7506941996530301, 0.9399595732315585, 0.8680631637773621]}