{"b0": [0.10955165583596665, 0.9021224987314141, 0.8416293881066927], "b1": [0.07156054805956806, 0.9156917861164787, 0.885953256860618], "b2": [0.7616445858018288, 0.8640948241656381, 0.9317601956787914], "b3": [0.34260001527587086, 0.9345686878667336, 0.9002305033672628], "b4": [0.3399005925831527, 0.9427559338159891, 0.8441467000347336], "b5": [0.3164610434482083, 0.9851371852230154, 0.9196156245607503], "b6": [0.3385900024804571, 0.9748414506764551, 0.9299266810669731], "b7": [0.3149237599669308, 0.9390558491526123, 0.8578783535215772], "b8": [0.3419241420446367, 0.8912517057335998, 0.9607907820260492], "b9": [0.8732087879779116, 0.9886460739601819, 0.9227996711284508]}