{"b0": [0.3461550589416971, 0.9600124103758302, 0.963624319422445], "b1": [0.3435163236519726, 0.8946793149173154, 0.8434922963338775], "b2": [0.36060835367761607, 0.89374939806225, 0.8138194103741955], "b3": [0.08103672858224491, 0.9926874535340475, 0.9783889643130891], "b4": [0.004497217773248795, 0.8504377900424948, 0.8351207542985069], "b5": [0.3437446428761499, 0.9898195781748719, 0.8074285906303307], "b6": [0.07515207321710317, 0.7377632709144065, 0.9500155723422198], "b7": [0.3384364668481616, 0.8718765440857393, 0.8839103925613014], "b8": [0.35128518810094567, 0.9384097318771656, 0.8464819153280417], "b9": [0.16661972161659155, 0.8720661070841341, 0.8993286912353707]}