{"b0": [0.3097243882137784, 0.9809729447583595, 0.8608341414110892], "b1": [0.7600549200881365, 0.9926384532051986, 0.8064837918646468], "b2": [0.36104681058752086, 0.9882036545997066, 0.8520834221610716], "b3": [0.8639933979707151, 0.9202924157521197, 0.8286441843528002], "b4": [0.33199517790890776, 0.9063920798429096, 0.8318643683062461], "b5": [0.33661129935505, 0.9606373901903399, 0.9313490706362881], "b6": [0.6114938893814379, 0.8986303929613042, 0.9060336949778731], "b7": [0.727099261583025, 0.8297256980566923, 0.8514274926427113], "b8": [0.34892972244713394, 0.8098277776121546, 0.8544431475770221], "b9": [0.32505229162145693, 0.9581218558987259, 0.8461561535317726]}