{"b0": [0.3516053737775869, 0.9549282708191512, 0.8367377683121181], "b1": [0.3487592581447696, 0.9412438242523973, 0.9242053385103297], "b2": [0.36947568387482, 0.9435202725973367, 0.9708408458892382], "b3": [0.0903967936853912, 0.9632503687263291, 0.8637141594840615], "b4": [0.7461758705564613, 0.6366719571418996, 0.8230172484027714], "b5": [0.8616196301440372, 0.850813432745513, 0.8468155686310865], "b6": [0.7606509582165373, 0.8241231184654383, 0.8360876387394964], "b7": [0.1582394013191426, 0.9974657449045694, 0.8738352771061041], "b8": [0.36557633037006804, 0.9953385634162492, 0.900469312294559], "b9": [0.3342011769542806, 0.8699409618375813, 0.8628046768010743]}