{"b0": [0.31506386362949423, 0.8488160486432832, 0.8026755767316311], "b1": [0.32461378684611575, 0.9470834895413569, 0.9134632605439758], "b2": [0.3326195680919411, 0.9834262135016246, 0.8902323108998074], "b3": [0.16800509744701478, 0.8368845296867379, 0.8247615741712877], "b4": [0.28629607230017373, 0.9527587651054493, 0.9827326897164177], "b5": [0.8484942117005382, 0.8958666002323434, 0.8227140722650051], "b6": [0.8975325598008534, 0.9387454436006988, 0.9059864896845184], "b7": [0.29311417647356564, 0.7637674372125528, 0.8132895335542915], "b8": [0.09365881267786752, 0.9088753017887689, 0.9256998669567893], "b9": [0.3128836737978884, 0.7881443774941502, 0.8983973661140177]}