{"b0": [0.6065859702133602, 0.9555609028471669, 0.8641192864471618], "b1": [0.15943635616508176, 0.9544651828085233, 0.9945333115366707], "b2": [0.322351223053242, 0.9909037523537524, 0.8310078028563305], "b3": [0.3322161673639323, 0.8809778854053527, 0.9244900425376344], "b4": [0.994102581454414, 0.9996862486982415, 0.9365419068193972], "b5": [0.3030297181792103, 0.9886991430580093, 0.9905138730747087], "b6": [0.11776061678829447, 0.9410938960244702, 0.9475869229863748], "b7": [0.5909900991028063, 0.9592152123642375, 0.9542173567031914], "b8": [0.35055757748627697, 0.9956703901316795, 0.836200339738885], "b9": [0.8527653869861003, 0.9910471187967311, 0.8258309208182947]}