{"b0": [0.16491861145682768, 0.9551108962195393, 0.8007558068264481], "b1": [0.294960340395909, 0.9222398117676712, 0.9250785932005451], "b2": [0.5903034522647819, 0.9793835415288389, 0.9436360077700802], "b3": [0.33329857239732824, 0.9469556835731469, 0.984003886018171], "b4": [0.34736016475102227, 0.9488115954647267, 0.8809587180177509], "b5": [0.33741604469083575, 0.9998169718438713, 0.9748135019595935], "b6": [0.7159459216201048, 0.9701339049353542, 0.9812324535770028], "b7": [0.8006977315922239, 0.9536332408055407, 0.8564775531812248], "b8": [0.32630238387740995, 0.9578685996461525, 0.8546121183947935], "b9": [0.16504460315867714, 0.7392806909700961, 0.9802986437791371]}