{"b0": [0.14921531852981032, 0.8399545788193242, 0.889975191303967], "b1": [0.9018901091433266, 0.9488335596270727, 0.9020302584864842], "b2": [0.9776775902968571, 0.9763020801356699, 0.8154506028671282], "b3": [0.16432498699498782, 0.9867878719624322, 0.9062693483222887], "b4": [0.6386200285347563, 0.9763123394883175, 0.9907563854421554], "b5": [0.6080751847005369, 0.9782891239232165, 0.9902800717021435], "b6": [0.07881305150083553, 0.9798734766355862, 0.8380395769747844], "b7": [0.8938592929931565, 0.9328642314452638, 0.8597632063030721], "b8": [0.7658464272183686, 0.991679976360533, 0.821247974540216], "b9": [0.7795830982592982, 0.890532078287913, 0.8958967786613826]}