{"b0": [0.9119298819115781, 0.9446288403976246, 0.8922505359389635], "b1": [0.1081509139968235, 0.9475911566791201, 0.8345811721424928], "b2": [0.0036089770968375915, 0.9418081049975646, 0.9585913479393173], "b3": [0.7535351405179714, 0.9536715403027621, 0.879542237467933], "b4": [0.16514900108251662, 0.7438426397278473, 0.920270499234852], "b5": [0.600063502871754, 0.9924431707915405, 0.9986363612817507], "b6": [0.3243108963997207, 0.8520933567131499, 0.8350705925197616], "b7": [0.0012923006342654684, 0.9888378568962354, 0.8210886652295528], "b8": [0.0930476215501664, 0.9951797878243025, 0.9112781176914104], "b9": [0.7214503425338171, 0.8939195941735462, 0.9329247094917159]}