{"b0": [0.9931202770070717, 0.9957029720738686, 0.8446852463077067], "b1": [0.16689254131860867, 0.8898690296236732, 0.93475979643821], "b2": [0.6251710138107811, 0.9790594445390306, 0.8499628453035316], "b3": [0.7230094928780245, 0.8801216114298438, 0.9533236034467578], "b4": [0.6487859887164524, 0.9467408568524215, 0.9449120414204956], "b5": [0.07482450669537646, 0.8764613851467365, 0.8328510767117927], "b6": [0.6359266438892454, 0.9614181116986983, 0.9377198250060981], "b7": [0.33118636255762807, 0.8532791374542077, 0.9974485038283006], "b8": [0.892854312176023, 0.9590556693779321, 0.869412381851119], "b9": [0.32242330559541593, 0.8470764264875471, 0.9087317856090713]}