{"b0": [0.17306027075534255, 0.9378733719039036, 0.8318704860862011], "b1": [0.8820624387981582, 0.9315983425533951, 0.8062566866108998], "b2": [0.15478845162178123, 0.9150154920119803, 0.8533740480505426], "b3": [0.9954119053628884, 0.9197698698932377, 0.8695009949650554], "b4": [0.6011591989190838, 0.8729527170316439, 0.9496531545757949], "b5": [0.7597786006712614, 0.9201567466980762, 0.9880771983174361], "b6": [0.7932687639878309, 0.9539663047066496, 0.9675258664353152], "b7": [0.6201443020074496, 0.9043291099810705, 0.9996997448334674], "b8": [0.8840043711554191, 0.8854360016195862, 0.9344503343485856], "b9": [0.902103872614707, 0.9756276774542524, 0.8601847918741666]}