{"b0": [0.857488643953028, 0.7991578636040866, 0.9625765323680718], "b1": [0.7475046682519967, 0.9553153118473149, 0.8255803101660422], "b2": [0.579053297679893, 0.7967028854742892, 0.8486978874225072], "b3": [0.8483776949683617, 0.8877318420468561, 0.9346172406219722], "b4": [0.9978250696999972, 0.8856455225089869, 0.9001174272693373], "b5": [0.16318750744509727, 0.9379829457933784, 0.8004845419807985], "b6": [0.7550043226094755, 0.9026218411453448, 0.9431404110040501], "b7": [0.7780088138216382, 0.9486533465954679, 0.8559365917018218], "b8": [0.753415888565172, 0.9341597270186658, 0.8336573923867024], "b9": [0.6297648099279115, 0.9110322037361867, 0.9999374101303318]}