{"b0": [0.319170511983851, 0.9056204460015858, 0.9161669759627868], "b1": [0.6201780998863218, 0.995350569649211, 0.8016397624780456], "b2": [0.02041737627288728, 0.9620668271215045, 0.894258260903668], "b3": [0.6346512073932203, 0.9274840989339188, 0.8164548320846627], "b4": [0.8758061562476998, 0.8715186249824493, 0.8800791123647683], "b5": [0.07582956964636584, 0.9362761149703741, 0.8901022497952832], "b6": [0.3209772466603033, 0.9290646704053545, 0.9583038167867514], "b7": [0.5922477697965627, 0.9127807163632415, 0.9046413314437401], "b8": [0.004397978470821473, 0.9841021308689445, 0.9874710783833452], "b9": [0.03375267918917221, 0.9400646538880721, 0.8119857418867404]}