{"b0": [0.014082805368220333, 0.9197513236793455, 0.9537936281195766], "b1": [0.6007573351907282, 0.9469232950651655, 0.9645144539876463], "b2": [0.0850450055339187, 0.8991928291926138, 0.9865582475552014], "b3": [0.3068864103793941, 0.9935405947452733, 0.8333147913112271], "b4": [0.7488780356705195, 0.9588246677073039, 0.9938098232634215], "b5": [0.019337668805189154, 0.9487528056500103, 0.9504982305571568], "b6": [0.6742896086127748, 0.9582781476097699, 0.9955219975708829], "b7": [0.984432778544814, 0.9862240286969662, 0.9802072625359667], "b8": [0.89205636839548, 0.7976028786435531, 0.9176432993104225], "b9": [0.6649339360284414, 0.87368265972745, 0.922945486151026]}