{"b0": [0.9904245389261231, 0.9509900996629455, 0.9659634169191752], "b1": [0.866675516325883, 0.8735976423169433, 0.8247564133371487], "b2": [0.8685434165625071, 0.8782540391571662, 0.9621225158970391], "b3": [0.7906069753775217, 0.9874934459036651, 0.941053632653152], "b4": [0.06149783135977897, 0.9971979463305055, 0.80924700592937], "b5": [0.6170104689523997, 0.9268928166354463, 0.9626189025299692], "b6": [0.0032659703774769694, 0.9553252032593196, 0.9462612108499343], "b7": [0.6085229532047669, 0.9664331512733009, 0.9281518341013492], "b8": [0.836532364398856, 0.9245735748137937, 0.965855652531592], "b9": [0.9262232370103587, 0.9952734486428113, 0.8412205442079044]}