{"b0": [0.023809681121560174, 0.9295432377044485, 0.9071137902099735], "b1": [0.9745892677610377, 0.8885784193085494, 0.8605603158938682], "b2": [0.8597239834513306, 0.7526749631591155, 0.9752304388078123], "b3": [0.7558511877822552, 0.9293643002421769, 0.9775302756232263], "b4": [0.8677003188856562, 0.8953907974871123, 0.9681538437510337], "b5": [0.9787388991025995, 0.9511080048984749, 0.9165137020660689], "b6": [0.8753081656467306, 0.9976416793564027, 0.8938439626348518], "b7": [0.9856291605312931, 0.9696267410859474, 0.8172240188620727], "b8": [0.020902983882085998, 0.9677784006091176, 0.8076993874198827], "b9": [0.016177261995612775, 0.9644068630689803, 0.9973986281456042]}