{"b0": [0.0047253790739587844, 0.9364712171033855, 0.9098685337027115], "b1": [0.1594248871150645, 0.9075271650035265, 0.9353859866497829], "b2": [0.0949516218233388, 0.8527250642393669, 0.8169235000195111], "b3": [0.1731451745285502, 0.9506032886750433, 0.930096341090839], "b4": [0.7446390562789229, 0.887107420330806, 0.9461808431725298], "b5": [0.7405519763614228, 0.9545940419009181, 0.8797635356554491], "b6": [0.7697877838473819, 0.998395188087157, 0.9840971584916827], "b7": [0.692578079738805, 0.7691731604347269, 0.9423034938863695], "b8": [0.7404251390930305, 0.990909395228317, 0.8725620638547872], "b9": [0.7603477576634095, 0.9239246858584881, 0.8169162265695653]}