{"b0": [0.638207948215295, 0.9544377130326377, 0.8512549717629525], "b1": [0.7424733324285807, 0.9559228982169864, 0.916252841834829], "b2": [0.09385781174579756, 0.9821851843764782, 0.8533904704560207], "b3": [0.8183451269292185, 0.8832253193936103, 0.8619296826735203], "b4": [0.6308172105496674, 0.9935578235244216, 0.8446872798579981], "b5": [0.08266730789714312, 0.8986886825065799, 0.8456075791485453], "b6": [0.08183964685592622, 0.8152611103227314, 0.970130800760784], "b7": [0.0850869122258758, 0.8853042369502717, 0.914620294272697], "b8": [0.7578230915110271, 0.9130486336914188, 0.9237298592330153], "b9": [0.7134009767594465, 0.8905678544962389, 0.9953517118044093]}