{"b0": [0.0017796135912188983, 0.9527129676301159, 0.9397517124415811], "b1": [0.01145337383347798, 0.8675177255998618, 0.8560768807259008], "b2": [0.7627087831499918, 0.7798120496195942, 0.8069054114199884], "b3": [0.14980718838862278, 0.9923665397958048, 0.9346918873232832], "b4": [0.7310442146986712, 0.9882080904676036, 0.8698764002496006], "b5": [0.07039220326019553, 0.9695915017935965, 0.8574023819415167], "b6": [0.07155248821856702, 0.9885345434462639, 0.9935501006383946], "b7": [0.7361266171505231, 0.9586268580452575, 0.8163739707126436], "b8": [0.8922615103028795, 0.9449893639836751, 0.9238943301938438], "b9": [0.7099469549648688, 0.9145045533589423, 0.8517606189048382]}