{"b0": [0.7651410844541477, 0.930506023069418, 0.952175810288056], "b1": [0.7605497797952115, 0.9505561052181417, 0.819434651577803], "b2": [0.15010017728238823, 0.9499272657344676, 0.9448167012525776], "b3": [0.7041263725783157, 0.8893484298700048, 0.8848073240590789], "b4": [0.16352683064858767, 0.9284965300172202, 0.8319088559477187], "b5": [0.7463728973845295, 0.9377699656724897, 0.8855633997494199], "b6": [0.7448331356867831, 0.8462172864438672, 0.985216808223812], "b7": [0.7597325284667504, 0.9899733663741511, 0.8450472549927491], "b8": [0.07329768134538654, 0.9986669679583089, 0.8843674515447346], "b9": [0.708245971447599, 0.952467776113224, 0.9035375842484767]}