{"b0": [0.02272354776508591, 0.9846763178111232, 0.9602100868743157], "b1": [0.16007642432365077, 0.9751671174868841, 0.9400079296915806], "b2": [0.3373223830609559, 0.9489586208232196, 0.8884443858790451], "b3": [0.6323296551685956, 0.7678178110432995, 0.8005362894971165], "b4": [0.765982034865506, 0.9697252568077913, 0.8225071257488336], "b5": [0.5963087135974016, 0.8844105185207536, 0.9790094122472294], "b6": [0.34530126738558053, 0.9351644820825318, 0.8400092060788217], "b7": [0.7741296065632762, 0.8706759440551095, 0.8372396267909817], "b8": [0.16569641257568113, 0.8677654981503119, 0.8067356882646322], "b9": [0.5794477038768656, 0.911000681242509, 0.8485067463405366]}