{"b0": [0.1547205458231012, 0.8347289979723785, 0.9600846149515985], "b1": [0.6722361247648199, 0.8535611998523404, 0.8486621893481086], "b2": [0.16709194670811503, 0.9581593500810098, 0.9229437618748695], "b3": [0.3179059621050182, 0.8449724513612661, 0.8943464258187147], "b4": [0.7774798079101559, 0.9342391737278319, 0.8523903719068118], "b5": [0.597772002692108, 0.9828925247759213, 0.8976802161813976], "b6": [0.16045903519357485, 0.9934151111035118, 0.8494001483245196], "b7": [0.7234875607961193, 0.9489675641979674, 0.8793730262229604], "b8": [0.7713841328707106, 0.972874294298434, 0.9486090621364951], "b9": [0.7749157922842995, 0.8221758003527575, 0.8243045164977321]}