{"b0": [0.1634896646097322, 0.9250281704010971, 0.9254413632664188], "b1": [0.11136933850040016, 0.931275064629205, 0.8111175039349269], "b2": [0.14794177633892258, 0.9756973586730162, 0.8582691109068442], "b3": [0.5701490238966419, 0.9794253051253848, 0.8142726298188685], "b4": [0.3238819527564338, 0.99085439274466, 0.9166765803294976], "b5": [0.714097147269565, 0.9653329746266724, 0.9530179670989247], "b6": [0.1586653221439157, 0.9399528688885778, 0.8618082196446345], "b7": [0.5730616318094331, 0.9689813376483771, 0.8129568698393966], "b8": [0.15711634049235954, 0.9455879208122822, 0.9338816820830553], "b9": [0.31219787198162846, 0.9456299592552898, 0.9363472107763067]}