{"b0": [0.3195581808790882, 0.9605110075249825, 0.9411975385624242], "b1": [0.9970821433509702, 0.95874941044742, 0.9945587342596884], "b2": [0.16131912059126396, 0.9810301075986865, 0.8038199371278435], "b3": [0.7367294956288528, 0.9395233353397375, 0.8921408566344471], "b4": [0.7512967104543854, 0.9732256186348353, 0.948595166158879], "b5": [0.5543712096230751, 0.9101196882035871, 0.9999722111326973], "b6": [0.6227120766570521, 0.8907213522226735, 0.9091117752390374], "b7": [0.5862618655103876, 0.9697964524994633, 0.9477264023287827], "b8": [0.3346697223581222, 0.9600182006736441, 0.9132508474907646], "b9": [0.16377921950415758, 0.881683505077442, 0.9050735384274654]}