{"b0": [0.7532759031871967, 0.9951056948245457, 0.8019839485296667], "b1": [0.6401866086235226, 0.8816432033070316, 0.9495851099672826], "b2": [0.34265481416815874, 0.9235779895083545, 0.9084470708096641], "b3": [0.6130616124466958, 0.894033138656916, 0.8932843489057616], "b4": [0.3103148138313971, 0.984785753342071, 0.9772603007081269], "b5": [0.7656011326884223, 0.8982571938344946, 0.9072525763107124], "b6": [0.15841113702720186, 0.96671789387406, 0.8928220651769148], "b7": [0.1547962481177142, 0.9879102054206333, 0.9260483252272743], "b8": [0.5919107697263832, 0.8991435990982153, 0.9050143740056705], "b9": [0.5977344833498752, 0.9715746274485394, 0.859843084585642]}