{"b0": [0.6058158513369218, 0.8753354941029678, 0.8668690369219493], "b1": [0.9975217336363498, 0.9334887491596203, 0.8476526389378111], "b2": [0.6652136147139711, 0.8120190477577444, 0.8227578748379963], "b3": [0.607964784573035, 0.8949224027944702, 0.9060154461857046], "b4": [0.9985859920326893, 0.9497947522224114, 0.8356976684071893], "b5": [0.9856863786773173, 0.9527638517501389, 0.953423151605135], "b6": [0.9695681676652335, 0.8851466626888663, 0.939829285928402], "b7": [0.6475187634737852, 0.96941209265718, 0.850847913793853], "b8": [0.9875708006410719, 0.8115757897075321, 0.8560298530434558], "b9": [0.006411144792344447, 0.911225955730645, 0.810863666463512]}