{"b0": [0.5820356118562752, 0.8953823618115954, 0.8673313592325437], "b1": [0.9830621373689756, 0.9428007016827229, 0.9067786340560686], "b2": [0.7641717406757011, 0.7905310900167726, 0.9806026072466045], "b3": [0.006475580984557124, 0.9536878285663178, 0.81723901263625], "b4": [0.01987453970051499, 0.9572996908541755, 0.843363040609604], "b5": [0.6470217646654329, 0.9880106706107301, 0.8607576532360384], "b6": [0.7575088820900794, 0.979537346480128, 0.9070726646962541], "b7": [0.6295147542044421, 0.903460103717146, 0.9184394848803287], "b8": [0.012600013998887575, 0.9797189015063968, 0.9772571403037523], "b9": [0.6202702386392643, 0.9430689019257622, 0.9388079571325523]}