{"b0": [0.3167276618701921, 0.9846561998431214, 0.842155220960985], "b1": [0.8737464877514821, 0.8442368099323584, 0.9889740727017512], "b2": [0.9677459023594237, 0.9447286163856883, 0.8792431522991413], "b3": [0.8011775947872534, 0.9619380943443819, 0.8063136795547886], "b4": [0.989389978737991, 0.9741444961048542, 0.8662819458764662], "b5": [0.7446773790433189, 0.9556174497228963, 0.8275951091426742], "b6": [0.6311811822394389, 0.8856463757295684, 0.9758605019746315], "b7": [0.6212242756890306, 0.8651230754678788, 0.9640766619037673], "b8": [0.06103296990097894, 0.9948024889982918, 0.8557439238880988], "b9": [0.726551392924049, 0.8772057469470863, 0.8692920385651257]}