{"b0": [0.0021614613722022416, 0.9911480598860823, 0.9143139858991511], "b1": [0.5643445120048841, 0.8209259063314088, 0.865841492424222], "b2": [0.8866843742435456, 0.890958796937814, 0.9615645958293442], "b3": [0.7291647704688096, 0.8931734086182368, 0.9773110201038004], "b4": [0.16088587192404966, 0.984861171282741, 0.9327998991771189], "b5": [0.8629211408072902, 0.9291762722472998, 0.927651952181073], "b6": [0.3554183767921817, 0.9037871145141284, 0.9625264756160835], "b7": [0.9904317454659107, 0.886058201593783, 0.8809678808785872], "b8": [0.6285807728228568, 0.9705357586565236, 0.8360251777814605], "b9": [0.0639928303056095, 0.7784095503128532, 0.8549054634861264]}