{"b0": [0.1691608528727232, 0.9416544105737907, 0.8264047855482474], "b1": [0.8745324489735095, 0.8979007898181054, 0.8144547504798705], "b2": [0.8670373363143039, 0.8893595869462986, 0.9834949677077799], "b3": [0.30418620617076647, 0.9000786250204581, 0.8137970610517671], "b4": [0.16294089391363267, 0.9709350682013899, 0.8013993806408475], "b5": [0.9961940515332064, 0.9714755529850294, 0.8845552135997375], "b6": [0.6133478070930639, 0.9453001893242446, 0.9706128923273372], "b7": [0.0852917509573146, 0.9376854427614834, 0.9057487697143745], "b8": [0.16500722074228746, 0.9244875180712906, 0.8694562628848171], "b9": [0.9974513289594689, 0.9660771273085976, 0.8141800071172287]}