{"b0": [0.1580282295791829, 0.9597082059579901, 0.9863536601265898], "b1": [0.8845654939046768, 0.8227322458806272, 0.8457426573728539], "b2": [0.30819154339454047, 0.8448386045675135, 0.8645857649407005], "b3": [0.029989825617114087, 0.8901691530248863, 0.8946930527136461], "b4": [0.07506348221327397, 0.9878890383436394, 0.9643435559539815], "b5": [0.5799960008163875, 0.8875899349202477, 0.9038022893426902], "b6": [0.16275203940891075, 0.9072841291837063, 0.8454583752804319], "b7": [0.07537669939295667, 0.8329554817301619, 0.956169736679042], "b8": [0.576381024287985, 0.8972714548951758, 0.8064334086409766], "b9": [0.8774707055029914, 0.9338529880542987, 0.8868773745723004]}