{"b0": [0.1565376383411596, 0.9254304817859733, 0.9650391684588716], "b1": [0.0005708196706483188, 0.8557793766147381, 0.9707801369034652], "b2": [0.31663681795112125, 0.8665170712027925, 0.8013094542170465], "b3": [0.15956549639979387, 0.9436152558260669, 0.9130374288354052], "b4": [0.3415089829127352, 0.9008704701206516, 0.8569589400352803], "b5": [0.5878874513754595, 0.9108346905836807, 0.8920670103629569], "b6": [0.022019110172829363, 0.8903598162591109, 0.9140136821807484], "b7": [0.7479151459574325, 0.9481788509414808, 0.8814250474714262], "b8": [0.016014943364712216, 0.8778495279085317, 0.960258683215653], "b9": [0.9878828014104484, 0.9564332831089232, 0.9638086616648717]}