{"b0": [0.08788980907936933, 0.8195837352972617, 0.9757032016802843], "b1": [0.0023159914562249024, 0.8861744370219382, 0.9901782089375866], "b2": [0.15643417965170536, 0.7928482295267247, 0.9816675739521067], "b3": [0.080017389156524, 0.8427532259914288, 0.8210320660347421], "b4": [0.9803635626658785, 0.9649252771167349, 0.8455911635101923], "b5": [0.02040602725093911, 0.918784035566009, 0.8963890886180937], "b6": [0.08959771126650054, 0.9931606813321436, 0.9682032801678218], "b7": [0.0038850778654717887, 0.7721219020430161, 0.8828778653595585], "b8": [0.06031833841554867, 0.9740529315968484, 0.9886230735562898], "b9": [0.07578474331502488, 0.9335914522292112, 0.8425305023380855]}