{"b0": [0.07239017271709246, 0.9262481352186136, 0.9081377288643432], "b1": [0.37881666545413567, 0.9021119125837457, 0.892902412952636], "b2": [0.986140273379321, 0.9487368853635745, 0.9319820360793659], "b3": [0.06971965951134522, 0.9163948289210175, 0.8733505634489755], "b4": [0.08019376731486223, 0.9057244257829509, 0.8322973225714887], "b5": [0.3501888257955164, 0.9596463688506431, 0.9996552382473696], "b6": [0.32281054531027986, 0.9022495066802177, 0.8782257491436413], "b7": [0.09543061504438516, 0.9356238050152477, 0.966960272952054], "b8": [0.9730473643632349, 0.8726188613569673, 0.8410443771357419], "b9": [0.9855480946301474, 0.9548468320750488, 0.9118566412542539]}