{"b0": [0.08231184775054028, 0.9006613862627537, 0.9844122275728948], "b1": [0.08230573436296539, 0.950745708667471, 0.9312017595289253], "b2": [0.8827582204958432, 0.9909639198510237, 0.8549362413988821], "b3": [0.9862622894692865, 0.9494244323909378, 0.9983838915501367], "b4": [0.06137226366125945, 0.9815186626923466, 0.838522853840502], "b5": [0.9859311469740278, 0.8379032680353697, 0.8949865078398932], "b6": [0.9993683609133227, 0.9544246042221128, 0.826308668804995], "b7": [0.7109500426851849, 0.9984786748005411, 0.843424779817359], "b8": [0.07351249079901657, 0.8659530613404399, 0.8723251365856224], "b9": [0.007231708582202725, 0.9628110909866142, 0.8044807354275728]}