{"b0": [0.6363644280507366, 0.8098852138577024, 0.9772717950159714], "b1": [0.9830514369881536, 0.9804411431013722, 0.8122646638504982], "b2": [0.07925725313693167, 0.9431393674256279, 0.8959648178453063], "b3": [0.05275310451324179, 0.931272763936848, 0.861294544283827], "b4": [0.09111200530449698, 0.8222587967993177, 0.8446303477975243], "b5": [0.12933154027857535, 0.8175860452621255, 0.9690970449409554], "b6": [0.9981054044554725, 0.9297399004537238, 0.96920258248969], "b7": [0.005977059964715616, 0.9697296009970787, 0.9524735381720597], "b8": [0.0014761897211064494, 0.9642008368277807, 0.8372891191218461], "b9": [0.08799166376940658, 0.9231249294069777, 0.9574898050870937]}