{"b0": [0.08668058083712651, 0.9198044617100094, 0.9129152380851007], "b1": [0.01842915991316678, 0.8254924080710271, 0.8011716762835175], "b2": [0.08871739015585633, 0.8961513853110946, 0.956842062986237], "b3": [0.10131057925446979, 0.9462213362127799, 0.8467019311177915], "b4": [0.9915469779846419, 0.8443418085524894, 0.9932556338477092], "b5": [0.05668626785037052, 0.9358291012233393, 0.9580950231673395], "b6": [0.9964907137292465, 0.9525973510058168, 0.8314400446976413], "b7": [0.08386142444989537, 0.9375276584135059, 0.8377670464046932], "b8": [0.002780171094656886, 0.7920658281399412, 0.8184776448233528], "b9": [0.08251251692878082, 0.7929638932991804, 0.8214639477634836]}