{"b0": [0.35902533092834105, 0.9719314267208051, 0.8464512774208925], "b1": [0.07816093423257743, 0.9640355506908694, 0.9929034447097698], "b2": [0.05081040920723395, 0.9343685089446209, 0.9656977884641611], "b3": [0.005985926629967347, 0.9428207905673083, 0.8715289688763316], "b4": [0.16217982149520785, 0.9460482316527394, 0.975797559211797], "b5": [0.09412684827826973, 0.9715998960532595, 0.8367071438362982], "b6": [0.993355087426145, 0.96744853700774, 0.999686510751909], "b7": [0.07643387773045449, 0.889968393574435, 0.8299534174957723], "b8": [0.07152431706607659, 0.8931107224763464, 0.9282269200326357], "b9": [0.002094050815469953, 0.9735737071063718, 0.9283737924220319]}