{"b0": [0.003980984174047699, 0.8753472177493503, 0.9497895775731334], "b1": [0.16536761490663476, 0.7903783997981959, 0.9431213340453833], "b2": [0.9737742497916974, 0.9268230932690767, 0.9600663083580291], "b3": [0.16448780776601304, 0.9090529046523426, 0.9050294455321503], "b4": [0.9965373052442618, 0.9408273034480108, 0.9391262293412548], "b5": [0.9864920990162205, 0.9305437611008154, 0.806713239696143], "b6": [0.03350887690170765, 0.9980024157599214, 0.8333094467476393], "b7": [0.8959581999849725, 0.9259638939628095, 0.9873556381472445], "b8": [0.1671931758407797, 0.80945897042902, 0.9613977630619007], "b9": [0.158336526242671, 0.8953674312750907, 0.9746325715770568]}