{"b0": [0.05341714979986647, 0.9631106082118026, 0.815668130764957], "b1": [0.16246599840213186, 0.8429099905960962, 0.8242265557621092], "b2": [0.9888724465625025, 0.9733024616264346, 0.9686043166112662], "b3": [0.34198015617481015, 0.9811025659054405, 0.9393932490381955], "b4": [0.9965809895663118, 0.9940356721626229, 0.8968385921679604], "b5": [0.28556060066158334, 0.9878521512657954, 0.8467252317216577], "b6": [0.004168536000468745, 0.9823318357852603, 0.8962966174009754], "b7": [0.15202910549132895, 0.7784198680717475, 0.9532879633056315], "b8": [0.9073527241962931, 0.9510019986856422, 0.8644819974034792], "b9": [0.05984710058624078, 0.913130187741845, 0.885703349429694]}