{"b0": [0.7929301914138533, 0.8004315621558571, 0.995055289133576], "b1": [0.8241383767085994, 0.959255334629748, 0.9549039296671107], "b2": [0.9863970176782801, 0.9503581964234096, 0.8078596778182525], "b3": [0.15864382816256067, 0.9745775214960978, 0.808164034593146], "b4": [0.9814584731331116, 0.9881163867314406, 0.8984934362840618], "b5": [0.16025095993257765, 0.8860564128658348, 0.991739549938385], "b6": [0.8435989589836413, 0.9960056491854071, 0.8133651152966401], "b7": [0.9107255164516519, 0.8301356132474182, 0.8155551791779229], "b8": [0.003586491265298081, 0.884373555471457, 0.8117897469979485], "b9": [0.9993621807101448, 0.822188077616408, 0.8069020346331572]}