{"b0": [0.3903241731153832, 0.9763499418205366, 0.9525825251914891], "b1": [0.6127941935627031, 0.9934233963311457, 0.8312802700162308], "b2": [0.10167445716959463, 0.8986094268639948, 0.9022393874691587], "b3": [0.31952149246928857, 0.9734380576574483, 0.942737785616248], "b4": [0.9040210051380533, 0.9231491789734791, 0.8448811245385621], "b5": [0.07719113508104941, 0.9978467410244535, 0.9305198447188482], "b6": [0.06878426270547458, 0.9932148580337185, 0.8878360803631778], "b7": [0.927048684608455, 0.9219397543431023, 0.9491961125635586], "b8": [0.5604564760541517, 0.8166269331104526, 0.9524365408033165], "b9": [0.9173886245303186, 0.9420038167505987, 0.9223326225636909]}