{"b0": [0.6253318765178547, 0.9357488145089373, 0.8496335593689003], "b1": [0.011907577497664417, 0.7807698345467855, 0.8679705477138215], "b2": [0.9031068190365436, 0.9898668856168171, 0.8636579422418381], "b3": [0.7730656785915939, 0.925305718239488, 0.8869813414528042], "b4": [0.3311158555280086, 0.9301737905563088, 0.8624336505466821], "b5": [0.16094234407062355, 0.994934230677645, 0.9357407267426864], "b6": [0.16496778545389681, 0.8434036848219247, 0.8132878933027109], "b7": [0.15820171872351732, 0.9219390800711191, 0.890688985559955], "b8": [0.8342262837130405, 0.9081873665819218, 0.9507581465158867], "b9": [0.3237856093783118, 0.9229616463258479, 0.9624912850762342]}