{"b0": [0.8831788741724392, 0.9976300281859332, 0.8863205100306619], "b1": [0.07175863639664887, 0.9946512446120157, 0.9507650124122593], "b2": [0.38203880867353507, 0.9819531449756376, 0.9996749210878062], "b3": [0.09070979701132365, 0.9504962524614012, 0.9766291068435149], "b4": [0.30798156733746335, 0.9894330687261664, 0.9677729226588929], "b5": [0.858882945706527, 0.9554221881596466, 0.8764920238286377], "b6": [0.10680071221252754, 0.950898462586664, 0.8133956370263129], "b7": [0.985851891777094, 0.9979535141878073, 0.8704689493902251], "b8": [0.6303075255831068, 0.9085627248979982, 0.8267071578321648], "b9": [0.08512250461009002, 0.8900990820573846, 0.8557175607427577]}