{"b0": [0.15787906059288426, 0.8647013435548706, 0.970014254109696], "b1": [0.7444964628849259, 0.8920878692340252, 0.842227103482101], "b2": [0.16001514696161453, 0.9407868500524329, 0.9036161218827181], "b3": [0.16034732440591234, 0.8835441730042498, 0.8546632833200153], "b4": [0.10292870893197423, 0.9219041105453643, 0.8706411988374958], "b5": [0.5944086549373063, 0.8357468068486186, 0.872237179046674], "b6": [0.9969804500461676, 0.9918496906500586, 0.9736640149678901], "b7": [0.0886385784224778, 0.8883376709372377, 0.9792603665976563], "b8": [0.020219595529574357, 0.9636653974099151, 0.8023287524904953], "b9": [0.7241830444808415, 0.9423258918249231, 0.8221795630706801]}