{"b0": [0.6260721500675583, 0.8715700798144137, 0.9728249756321767], "b1": [0.15328399653241329, 0.8608821547535892, 0.9138923090636026], "b2": [0.725059536327184, 0.9422627432326769, 0.9358995407352784], "b3": [0.8722999104816003, 0.9718372436923748, 0.9836187810068516], "b4": [0.6282139017291015, 0.9287649676076254, 0.8819477501802586], "b5": [0.15443437871480958, 0.8654998167285819, 0.8059114511199448], "b6": [0.3240921754644884, 0.9314984594526046, 0.8600301718059826], "b7": [0.15967193946782163, 0.8229176691329759, 0.8613384135019951], "b8": [0.1561796304316319, 0.9163237943627861, 0.8365180157732093], "b9": [0.8427683352142838, 0.9028147592833378, 0.9621700099943188]}