{"b0": [0.8760028455401581, 0.7796077727631036, 0.9787740606032976], "b1": [0.6316487319125609, 0.9742792146105501, 0.8789903935041292], "b2": [0.3522266677605527, 0.8780411134854842, 0.9046022445009635], "b3": [0.8453438755906866, 0.852832556245477, 0.8492052571625192], "b4": [0.8701656958522185, 0.9219519611773288, 0.8393924661223469], "b5": [0.648211893354699, 0.9111926660361246, 0.9502053244752426], "b6": [0.9263067461092876, 0.9641755228716193, 0.8908048262627958], "b7": [0.00310634209045665, 0.901323921030084, 0.9325783897431823], "b8": [0.9883866832537481, 0.9319189435373175, 0.934751700959505], "b9": [0.9966324573752735, 0.9476355528483098, 0.9803554399967446]}