{"b0": [0.7657358127495832, 0.9541395675942818, 0.8277402304650932], "b1": [0.1067197988310758, 0.8379375526167868, 0.9846520431534096], "b2": [0.8721524366853619, 0.9767662158096297, 0.8974736911993326], "b3": [0.8287032396217938, 0.8950524263390115, 0.8959513689069566], "b4": [0.8866111344394133, 0.9148993740425334, 0.8900079679193419], "b5": [0.1666357554248397, 0.877480380511701, 0.8968417464749584], "b6": [0.06039690548716052, 0.9730603494534111, 0.8379860579442038], "b7": [0.9078175910333496, 0.8701631173489617, 0.926490012241977], "b8": [0.3419280811508923, 0.9724648251068133, 0.8773526009101466], "b9": [0.7638380718560284, 0.8298522600920885, 0.8964796692675653]}