{"b0": [0.05115184572778813, 0.9474460006245978, 0.9018259546501506], "b1": [0.16351483034673586, 0.9346961083895406, 0.8244345438762899], "b2": [0.718243057011454, 0.8815230297160859, 0.9763140177892875], "b3": [0.16199056816112134, 0.9055134164273635, 0.8371249229402384], "b4": [0.7716341373214248, 0.9753337094031872, 0.9466867634801106], "b5": [0.8546949302310075, 0.9616867326858011, 0.8361333518506302], "b6": [0.8847476799405645, 0.9257397693880232, 0.9382782626669632], "b7": [0.3260970207208762, 0.9762973155938878, 0.9249589398223083], "b8": [0.6119696287690181, 0.9876198245334744, 0.8330191620094499], "b9": [0.32407388301261064, 0.8760363568145011, 0.927859469598802]}