{"b0": [0.6364445658930858, 0.9706799471301585, 0.9515540103987189], "b1": [0.9048277347481782, 0.8526186969759706, 0.8544893724059374], "b2": [0.2585393524583289, 0.8635015567819813, 0.949313621467727], "b3": [0.07232470663567934, 0.7943424183736206, 0.93973227072705], "b4": [0.995831057388516, 0.9275332278736604, 0.8535894437067851], "b5": [0.5549835693798726, 0.9896334703349459, 0.9518209559957572], "b6": [0.35075036199490056, 0.8885126017194126, 0.827574125118177], "b7": [0.004335519539461623, 0.947073094842018, 0.8345289531665349], "b8": [0.9029078653374156, 0.9030647453635089, 0.8036076424691384], "b9": [0.005540546905381702, 0.9255798631652387, 0.8365642975770587]}