{"b0": [0.9087130119520179, 0.9210008281609687, 0.9513493132467455], "b1": [0.7671162738517541, 0.902213083129571, 0.9978532706342363], "b2": [0.33216009523548734, 0.9452860027939242, 0.9915185142015074], "b3": [0.3685313841201587, 0.9251132781265834, 0.8554185680289588], "b4": [0.1695427032240221, 0.9643695570315617, 0.9200499191600159], "b5": [0.8985954938064922, 0.990418852076542, 0.8450013781963804], "b6": [0.36123684244239007, 0.9976090659504109, 0.8534823929964866], "b7": [0.10663010275016375, 0.9382286586932972, 0.9602884964197197], "b8": [0.6937150002730812, 0.905119234984593, 0.9391294767739419], "b9": [0.5271634937553844, 0.9781655848347249, 0.8287651177686803]}