{"b0": [0.89349767535269, 0.8517531587769936, 0.886846680439535], "b1": [0.166433001451033, 0.9815650354739462, 0.9497426867505899], "b2": [0.30675329116200145, 0.8832913588227977, 0.8931713301324359], "b3": [0.31619335164807344, 0.9797360325459943, 0.8393116737631382], "b4": [0.8573750738682833, 0.8752448396072026, 0.9920547091217202], "b5": [0.321218142338426, 0.9119373933196075, 0.9467608114753893], "b6": [0.8562076506771621, 0.8704557252480906, 0.9528471994073923], "b7": [0.1610274398518688, 0.9294296027650328, 0.857176485516913], "b8": [0.06429578876332002, 0.9092852554372263, 0.9673605492224094], "b9": [0.7738200598615761, 0.9663929128003764, 0.9996878358367064]}