{"b0": [0.8968939589855368, 0.8736842067389408, 0.879886114165833], "b1": [0.5773282388625676, 0.8757135488388768, 0.8914130561020334], "b2": [0.15614718070606573, 0.9665126607181702, 0.9894075090046767], "b3": [0.7609488870638486, 0.9691419226652046, 0.9793461349619159], "b4": [0.7146090018358722, 0.9308117726307772, 0.8192223702430868], "b5": [0.3678471988647406, 0.9790912273844015, 0.8061546393935294], "b6": [0.06438175894508892, 0.9831016145318111, 0.8747904765881523], "b7": [0.8669931462563618, 0.8746006438787497, 0.9112415997899429], "b8": [0.85306889410876, 0.909910572253297, 0.809155676156206], "b9": [0.07961811156701963, 0.7443535227479039, 0.8452665903070499]}