{"b0": [0.34675413182758646, 0.9009022623682199, 0.812606950206606], "b1": [0.15446464223644976, 0.9437832804933913, 0.9027387164204249], "b2": [0.9849192380690992, 0.8611649689416164, 0.8789489209048073], "b3": [0.7335303079616337, 0.9018407789345707, 0.8633779772177276], "b4": [0.7754818685232554, 0.891870736339051, 0.9412514835390501], "b5": [0.7334891800818901, 0.9097588597047825, 0.93428731895204], "b6": [0.3690889769779343, 0.9593954470946859, 0.9523156771503716], "b7": [0.17118724308762703, 0.780422430576072, 0.8385013244060201], "b8": [0.1638910623123338, 0.9672228114008129, 0.9026968336212107], "b9": [0.623178719874413, 0.9686414046394607, 0.9879977749797147]}