{"b0": [0.06517329612190745, 0.8898437454965719, 0.960194365438347], "b1": [0.09368967535903336, 0.9536127276849306, 0.8919510923995554], "b2": [0.3437032355733991, 0.8204407616642102, 0.8036815380280876], "b3": [0.09211450913213991, 0.9539780840807469, 0.8321055461005729], "b4": [0.8887736618729055, 0.944158581918186, 0.9342830727172685], "b5": [0.3247830114201418, 0.7937937841161024, 0.9512964962439662], "b6": [0.15106893320444115, 0.8586810010411194, 0.9968813497520902], "b7": [0.8569946717959229, 0.994385000051681, 0.8003163325000568], "b8": [0.5664495346674424, 0.9808470016935742, 0.8191616232520988], "b9": [0.07800420790333631, 0.9994615932057803, 0.8263068965092059]}