{"b0": [0.08685650803829544, 0.9232679408850215, 0.9856344812850243], "b1": [0.33983646749805496, 0.9299229778360472, 0.8829352837584439], "b2": [0.8778208022005003, 0.9192823056990913, 0.9468675034784738], "b3": [0.07715288219578388, 0.9978816115581882, 0.8376892784345977], "b4": [0.16250500623876157, 0.9340116540780394, 0.9279133593700893], "b5": [0.2884990040367729, 0.7911993653288569, 0.8266131210679508], "b6": [0.15855110637611688, 0.7965432023754693, 0.9035806284945684], "b7": [0.08534413479446108, 0.936814422213997, 0.9252350774977756], "b8": [0.08481925747301275, 0.9726930020649287, 0.8704957756615268], "b9": [0.5929706570770688, 0.8688890389239218, 0.8698404378673079]}