{"b0": [0.1547560821798541, 0.9469122710541085, 0.9398089565488551], "b1": [0.5655621918621998, 0.9171807199496564, 0.8519201053515153], "b2": [0.7692820211617574, 0.9153624010468008, 0.8106766489099434], "b3": [0.3319762712966387, 0.9522246523139589, 0.8424417247515598], "b4": [0.16326185264272022, 0.9408552831985907, 0.9768819421039185], "b5": [0.8956981175610541, 0.8739072941935313, 0.9509151639442441], "b6": [0.6204042669481065, 0.9837374400676185, 0.9682494876417381], "b7": [0.7474906043667506, 0.957459448497785, 0.8996274373259936], "b8": [0.7314333191549626, 0.9088566753344431, 0.9242064313060568], "b9": [0.011374686678098146, 0.9123144353627493, 0.8351507039989963]}