{"b0": [0.3151829986257121, 0.9388900640206689, 0.8489086405978732], "b1": [0.31298143898170877, 0.8609880931133523, 0.8920682554972642], "b2": [0.7083973554787556, 0.9962969894644741, 0.9314999682083943], "b3": [0.5491651269273556, 0.9303921076691702, 0.8129929115809574], "b4": [0.34707647828841365, 0.7976644163725365, 0.8649580690773044], "b5": [0.0031963050428498647, 0.9675986933553201, 0.8157061865892677], "b6": [0.08150828610728278, 0.8999592251262899, 0.9860365285082612], "b7": [0.7403194777667244, 0.8500215699226505, 0.9570880179151138], "b8": [0.8987961405978908, 0.9322804608859042, 0.8425230200310498], "b9": [0.6147720461009031, 0.8632870577463724, 0.9764080413049601]}