{"b0": [0.3022014772674564, 0.8987882068471132, 0.9832084419982039], "b1": [0.7860560012184733, 0.9612500578590908, 0.8437387427417857], "b2": [0.09175956244421961, 0.9286798407557577, 0.9183572930936428], "b3": [0.33384809836036555, 0.9405476208981228, 0.8251597940025752], "b4": [0.7176572665957752, 0.902661403934531, 0.8919627869632564], "b5": [0.7788752051974993, 0.9169418925879657, 0.8547355523381499], "b6": [0.7365836508559148, 0.9775435960528575, 0.8815666720275073], "b7": [0.33459431501675285, 0.9889922325246572, 0.9390526848792947], "b8": [0.7608732542391641, 0.9355123653054302, 0.8855491093570977], "b9": [0.7687292551682315, 0.9326292224353453, 0.9046249243169189]}