{"b0": [0.3174127698887594, 0.9595104540967188, 0.8114227573251641], "b1": [0.7775442475756509, 0.93957059311693, 0.9244995951073335], "b2": [0.3301810276291958, 0.9408557999467707, 0.8845298383216595], "b3": [0.7712496505295321, 0.9378113419247773, 0.8318328682866695], "b4": [0.35795801161223545, 0.9430321435757796, 0.9837478297206453], "b5": [0.3547224393402944, 0.9983062639785243, 0.8660681229165875], "b6": [0.7574024475862465, 0.9323302470647232, 0.8947786774993298], "b7": [0.29699473770296103, 0.8702159207512105, 0.821368143482886], "b8": [0.34761432634667544, 0.9130672274147861, 0.9340126635871787], "b9": [0.7105905851548884, 0.8111286289145538, 0.953875721765763]}