{"b0": [0.6632370803784486, 0.9265573576109688, 0.9429555959469973], "b1": [0.3501746004730785, 0.9665411673910969, 0.9587441151621635], "b2": [0.5371376891882536, 0.9784523977958858, 0.956107481854712], "b3": [0.09112284453382849, 0.9328181362204242, 0.9463619025437832], "b4": [0.1754076596181422, 0.968016505784814, 0.8532380472428558], "b5": [0.016695521509128772, 0.9487453240674246, 0.945839876359848], "b6": [0.6015670644103056, 0.9875119703041202, 0.8725134990888632], "b7": [0.01148769823640593, 0.9100164220372581, 0.8624494936110325], "b8": [0.994880340905312, 0.8349012625924819, 0.9156691447697379], "b9": [0.35921570201464753, 0.9720997062195361, 0.9058550108216238]}