{"b0": [0.6380800051504518, 0.98263827118865, 0.91336294619592], "b1": [0.8868249126699594, 0.736905894737329, 0.8809362976062083], "b2": [0.3184941628043771, 0.9615911168576414, 0.8610029271990761], "b3": [0.661835372939757, 0.9151371650526845, 0.9940425769462153], "b4": [0.7864509869221482, 0.990548984292089, 0.8634543078389156], "b5": [0.1592366348126659, 0.8793886267671978, 0.8149668277867577], "b6": [0.7816967508378916, 0.8784673408205923, 0.994479608026689], "b7": [0.006575179165085829, 0.9360200952244588, 0.9556079501779022], "b8": [0.012769237795321466, 0.8815725956086049, 0.9987953687047251], "b9": [0.0039382994350820365, 0.9820227297347744, 0.9612402114245748]}