{"b0": [0.8483639084472455, 0.970634887407992, 0.8417526532390741], "b1": [0.5960109414985753, 0.9249147724896019, 0.949417272526367], "b2": [0.9943654984219665, 0.9020809032699079, 0.9267089056856531], "b3": [0.009208736357825176, 0.9116701872547293, 0.8923059593710592], "b4": [0.2949854912421664, 0.9728095389760356, 0.9100282755731479], "b5": [0.9861928212950637, 0.9418040022201088, 0.9044661464478603], "b6": [0.9964123628120758, 0.8670743987608774, 0.8365771623491104], "b7": [0.6360045031975531, 0.9364937504873967, 0.9480979770926327], "b8": [0.6350497938687181, 0.9825731134298771, 0.9171729153834165], "b9": [0.9854210915219803, 0.9366191863676633, 0.8187226718528465]}