{"b0": [0.9840769352720171, 0.9770742605600818, 0.8135402778812054], "b1": [0.6703245694198638, 0.9110485548876567, 0.9115044256813593], "b2": [0.6470141639669393, 0.904641139126411, 0.8002819635306069], "b3": [0.9741197190286094, 0.9797457298614912, 0.8661790451277169], "b4": [0.017769250160981274, 0.8950536087942119, 0.8031340018912888], "b5": [0.000390470900453673, 0.9874748454350418, 0.9544004755669497], "b6": [0.01531629670089284, 0.9369782484468416, 0.9031791907139659], "b7": [0.6506629268270969, 0.8564633834146204, 0.8634169987542322], "b8": [0.015316593860518913, 0.9102431961959847, 0.8905693357292512], "b9": [0.6123161121655055, 0.9808181250935736, 0.9717312102452392]}