{"b0": [0.09640286861813008, 0.9432842118122773, 0.8047971579989819], "b1": [0.9814919572343866, 0.9545472838595367, 0.9890118859394513], "b2": [0.33021932424301936, 0.9754478523028159, 0.8901380592420689], "b3": [0.15344829784114733, 0.9896769480912165, 0.8430540740294324], "b4": [0.006235214185824448, 0.9654837166296423, 0.9070410868904455], "b5": [0.015353062995160593, 0.9159755782257527, 0.9089076846060966], "b6": [0.6109445258288302, 0.9961827199934971, 0.8578952579369026], "b7": [0.3098645224640448, 0.9641593026693791, 0.9109467705521164], "b8": [0.9960795482470552, 0.9166741531067231, 0.9096972540345908], "b9": [0.1551214515997086, 0.9484046173142612, 0.869810174733134]}