{"b0": [0.9918517445320932, 0.9593167947731861, 0.9886819139818195], "b1": [0.32684226133968236, 0.9171335019970064, 0.9380795850321617], "b2": [0.6301163759569332, 0.891600951077921, 0.8565453889529365], "b3": [0.9986657187907553, 0.9736559607291126, 0.9457499123685714], "b4": [0.876599663324576, 0.9122960341779432, 0.8012783403413257], "b5": [0.009563220696068134, 0.7302510254712399, 0.9660301688336045], "b6": [0.3028679758634903, 0.9322178592291219, 0.8460093006128665], "b7": [0.16821726402688447, 0.9821156923283847, 0.9721231736301473], "b8": [0.6326439345607091, 0.9122220904869967, 0.9326735469162688], "b9": [0.8993159155102514, 0.9607203278961631, 0.9330147619543606]}