{"b0": [0.8623994790761144, 0.9564589337916096, 0.8900724414628485], "b1": [0.5848465585967668, 0.9964835158860873, 0.9316458400024455], "b2": [0.9274387527890032, 0.9798894981667214, 0.9719227846525093], "b3": [0.7694169430065159, 0.8882620339247191, 0.9599067287583983], "b4": [0.7490894096984378, 0.9074402605500898, 0.8007329709243325], "b5": [0.3132834413914532, 0.8944178786863715, 0.9168054643861372], "b6": [0.8570178901588945, 0.9851635654629137, 0.9976769565094553], "b7": [0.16396294765033903, 0.931885643592487, 0.9199325307003522], "b8": [0.16263639680562675, 0.9178634493688178, 0.8199067617981277], "b9": [0.634117591941211, 0.9722780022187877, 0.97442323635244]}