{"b0": [0.07079950443655333, 0.9288896051316293, 0.8306546012633025], "b1": [0.15715418811846993, 0.9798862904023049, 0.800586093282875], "b2": [0.6240812207613285, 0.9349249584219822, 0.9134865081063849], "b3": [0.1642338599251859, 0.932801094692784, 0.8118592739314707], "b4": [0.36009096732563073, 0.9016807642660907, 0.8019757877849583], "b5": [0.8109035875548242, 0.9015352200487073, 0.8467122289426718], "b6": [0.07192604733472723, 0.9593907506098805, 0.9439606410752588], "b7": [0.5922107971264, 0.9389867695174565, 0.9794382395533865], "b8": [0.021424397397493796, 0.966560973755144, 0.8137447488456645], "b9": [0.013097639870858602, 0.954105100494689, 0.8750537652662088]}