{"b0": [0.8559429095701258, 0.9898676655596317, 0.8109090163137997], "b1": [0.09991890313973638, 0.8488942556838671, 0.9990941545988661], "b2": [0.3364075761235871, 0.91529988174863, 0.8017830382767502], "b3": [0.5824524276126198, 0.7787074220552457, 0.9246465636469597], "b4": [0.009339261244893333, 0.890975604156223, 0.9692186350554269], "b5": [0.07563287392951612, 0.8099481537534668, 0.9631163431795633], "b6": [0.9055054740065998, 0.888636229965119, 0.9847151483087022], "b7": [0.7251018503058247, 0.9312450587815458, 0.8977865675159353], "b8": [0.9976092717264841, 0.7117393399345978, 0.820363818580851], "b9": [0.010240523883824152, 0.8936597410881462, 0.9919497414589012]}