{"b0": [0.6340451134618782, 0.998822391587251, 0.8873206340067894], "b1": [0.3319932224571594, 0.9173311518936742, 0.873271390963537], "b2": [0.17337598609321844, 0.7940412032182087, 0.9264135849132742], "b3": [0.8936447020156215, 0.957662237775186, 0.8840516410118932], "b4": [0.06875606824526803, 0.922100230890133, 0.9912590138554429], "b5": [0.9796307898302026, 0.9072721076273195, 0.8743329074360773], "b6": [0.008243679452784557, 0.981190252980281, 0.9033955121630902], "b7": [0.6068665470699758, 0.8388234360134511, 0.9884299566635981], "b8": [0.3535490287202453, 0.9491632801677412, 0.8933415975364086], "b9": [0.8566241724947329, 0.9105320060075986, 0.9401662554839124]}