{"b0": [0.16368529679796384, 0.8329365202162308, 0.8649294151708298], "b1": [0.09444102449846344, 0.8788970801843496, 0.8460146103060979], "b2": [0.3515715829616359, 0.9276416233647744, 0.8256553481381554], "b3": [0.15631344169096476, 0.90748314798685, 0.9176396306506447], "b4": [0.3464330694104689, 0.7866261095214244, 0.94215508110466], "b5": [0.6190639565264872, 0.9284380140214143, 0.993331117447887], "b6": [0.8323400786690318, 0.9983519171565305, 0.8486894867405588], "b7": [0.1656539825523724, 0.9367586528798669, 0.8611123943064237], "b8": [0.9851675611229816, 0.9569014390792934, 0.9605197998489758], "b9": [0.329989668917959, 0.918945814404458, 0.9127897300067306]}