{"b0": [0.3350675862843393, 0.8919987098418489, 0.9368642576687762], "b1": [0.9929240354749431, 0.8746020045701718, 0.9619459144993907], "b2": [0.08559544979538802, 0.8693159564108313, 0.8181875514698836], "b3": [0.5841890268119764, 0.9549258700540902, 0.8085544441106102], "b4": [0.7427130082412021, 0.9468558930364483, 0.9240075483685523], "b5": [0.6530928517537867, 0.756168938941702, 0.8575123949672014], "b6": [0.6424388704862632, 0.9102067228846922, 0.9077449251461833], "b7": [0.8549140189299503, 0.9535753619493349, 0.813977477841835], "b8": [0.7353697142708653, 0.800986679493141, 0.9460453972285123], "b9": [0.06237284376588528, 0.9470196427073972, 0.9121388497536239]}