{"b0": [0.08510848624627361, 0.9132795570185018, 0.8082431053923022], "b1": [0.8985178741058184, 0.9687987176912928, 0.9487213292965486], "b2": [0.07778046779776522, 0.9783272171389374, 0.8145077767742634], "b3": [0.9873770819543083, 0.9575636066596884, 0.8653035504031813], "b4": [0.08741414635446709, 0.9538917385736586, 0.9388338338071064], "b5": [0.07194198630402876, 0.8595257651851683, 0.8043535366060707], "b6": [0.5889381755748021, 0.9792116744637284, 0.9594625349928709], "b7": [0.35590671976711824, 0.9964297026498952, 0.8998424783538739], "b8": [0.5996633619304041, 0.9978712126427668, 0.8397456880260984], "b9": [0.7092291980711342, 0.8845536894704576, 0.9703004491514503]}