{"b0": [0.10397841852809933, 0.8902052831520089, 0.937577994585637], "b1": [0.9963828984351337, 0.9716368431641932, 0.9960802981244761], "b2": [0.6518749595433266, 0.90000748430523, 0.9932255405962667], "b3": [0.6251482432153493, 0.8518648484847894, 0.9401572117527198], "b4": [0.6375598148024976, 0.9481284926826399, 0.9990738006406292], "b5": [0.162507390789224, 0.8806218018647185, 0.9814528551404317], "b6": [0.3335089937351372, 0.9974868422515574, 0.9191514747976182], "b7": [0.10024931600413887, 0.9910054551324652, 0.8423044597336219], "b8": [0.6612643771813508, 0.8835358978651898, 0.8238895631448331], "b9": [0.8223277156721761, 0.9028786590898505, 0.9839410293131635]}