{"b0": [0.15731947556637813, 0.8815126221416156, 0.8267151002545429], "b1": [0.888661966301337, 0.973798660776523, 0.9089097367045585], "b2": [0.16423651076371645, 0.9839829712087672, 0.8587428858987703], "b3": [0.612137784739376, 0.9167398573873231, 0.8905641675144591], "b4": [0.28810796457536947, 0.9051434519786228, 0.8622633814698785], "b5": [0.32539483970578986, 0.8228380184699512, 0.9029233282400776], "b6": [0.8817933573137919, 0.8891773660134733, 0.98881298928685], "b7": [0.0735961585746539, 0.8890747212847802, 0.8354950632790485], "b8": [0.6471249191588838, 0.8471830068894904, 0.9653489495438403], "b9": [0.6473128305856914, 0.817535860123898, 0.9972983166096445]}