{"b0": [0.7513749371077917, 0.8874258996202131, 0.9056056729262165], "b1": [0.1690169573753696, 0.9403803303338037, 0.810133927826147], "b2": [0.993597853383739, 0.8938859647435451, 0.822195274660749], "b3": [0.8617571074039239, 0.8067733266976294, 0.9585931800653219], "b4": [0.8526624382641677, 0.9723530229759854, 0.9219155146800181], "b5": [0.9821135356887603, 0.6700349665395331, 0.9882709688995678], "b6": [0.9834317945212904, 0.8801384348877215, 0.9920448784670604], "b7": [0.005781917147326958, 0.9325664491357323, 0.8134714945928242], "b8": [0.9957441890952494, 0.9227360758782267, 0.9600469385053678], "b9": [0.9857577558121164, 0.9515496724820651, 0.978153444139974]}