{"b0": [0.8823476753816564, 0.9855040578096438, 0.9905157123474819], "b1": [0.12432006577329976, 0.9549536986076866, 0.9139743816773054], "b2": [0.9895887721062876, 0.948002944820916, 0.9567762539820406], "b3": [0.1702967078773605, 0.8194660447172001, 0.9890837698773549], "b4": [0.9854679145330896, 0.951285364729792, 0.9852325862563746], "b5": [0.837406645562416, 0.9441386986471615, 0.8081646019516049], "b6": [0.9943785465583084, 0.6446323432650581, 0.9286641102891874], "b7": [0.8735316303243498, 0.9417650472166074, 0.9997053848131656], "b8": [0.9829388380281336, 0.778909761287025, 0.8793566478975893], "b9": [0.16767923251730832, 0.9329380536188582, 0.9420841454338857]}