{"b0": [0.7670541074238034, 0.938134239168852, 0.9547224588661001], "b1": [0.8846113298489816, 0.8938076201757145, 0.8293000189426342], "b2": [0.16802209804947424, 0.9905242927210005, 0.9750986865896824], "b3": [0.09427939776612304, 0.8495029677013944, 0.9703994864380351], "b4": [0.6493838718091414, 0.9154973985481965, 0.8033125591718872], "b5": [0.1717158619224892, 0.9288245207776282, 0.9513471818551618], "b6": [0.7167390416291195, 0.9652241392964558, 0.9515585399540784], "b7": [0.8687401559229687, 0.9982386206515903, 0.9995444754110437], "b8": [0.8296486491946802, 0.8037529520755824, 0.8006192291658824], "b9": [0.07407024594038793, 0.9456357438459244, 0.855032614778255]}