{"b0": [0.10625035922972334, 0.9963921770530269, 0.9851113124099805], "b1": [0.15528476068606972, 0.9320888411774448, 0.8841296362944903], "b2": [0.8906452131691007, 0.9440394059372547, 0.9411985333270895], "b3": [0.1635381503996994, 0.9197756897984206, 0.9792731659803146], "b4": [0.06123283700428224, 0.7713893661657494, 0.9871418635297463], "b5": [0.8584461157104047, 0.8970623794651748, 0.9854673587445357], "b6": [0.3094493744523064, 0.9635581248329799, 0.963164308164112], "b7": [0.7368710060652187, 0.9499703950721025, 0.8559540262829867], "b8": [0.5961475054428774, 0.9390367103879191, 0.8738041733863418], "b9": [0.7170652600808209, 0.9948180736085526, 0.8374924562582204]}