{"b0": [0.7532920543522584, 0.7907172257203403, 0.822794598720848], "b1": [0.34278882929813465, 0.963555353889143, 0.8457760744451999], "b2": [0.7585925202740519, 0.929782384568325, 0.9905360176539858], "b3": [0.05979250440427904, 0.9071691395485543, 0.8873383506525566], "b4": [0.0936243859242925, 0.9796386759205731, 0.9935743699194446], "b5": [0.904607898526779, 0.9256612328569674, 0.8827343867374319], "b6": [0.1070853861697257, 0.9629858505376465, 0.9211421695370747], "b7": [0.854053046470071, 0.739252593983563, 0.9080855060145112], "b8": [0.007745562874130423, 0.8533052054080983, 0.9916200153900807], "b9": [0.7801268172432817, 0.8698810997459929, 0.9967486464373423]}