{"b0": [0.5694103499588018, 0.7524387718781651, 0.9521371709787563], "b1": [0.09005459370968666, 0.9754259579266303, 0.9315741480487432], "b2": [0.08364097342452843, 0.9568266943916415, 0.8328296191049308], "b3": [0.8786199700121913, 0.9662042105199528, 0.8134994008739693], "b4": [0.7537546662677928, 0.981805789030458, 0.8039968521147665], "b5": [0.7624762161221389, 0.8409900633443195, 0.9682521243194419], "b6": [0.16063762691191724, 0.7771572323878666, 0.8553840848141975], "b7": [0.09304621363794714, 0.99766637081752, 0.8329593740334684], "b8": [0.719499644533146, 0.9231740520586726, 0.905593721715541], "b9": [0.5744287940105937, 0.9855910285867228, 0.8094250603761799]}