{"b0": [0.9001695658437602, 0.85330453579279, 0.9862339675996283], "b1": [0.08511343506794251, 0.8100842125993687, 0.9014198945924499], "b2": [0.5639223142719707, 0.7543460027173325, 0.9581272612844478], "b3": [0.5991766782481264, 0.9310428046731429, 0.9668465258620229], "b4": [0.7666108458956004, 0.945489326715935, 0.969145148402207], "b5": [0.7434283731955182, 0.8259545193402519, 0.8978107408320306], "b6": [0.0844112216295408, 0.9627038325588282, 0.8424712510706505], "b7": [0.36661580314656633, 0.9739662445836872, 0.9397618679401019], "b8": [0.10187169178712577, 0.9149188757393901, 0.9960515034537127], "b9": [0.6924492621847581, 0.9881853863817872, 0.8680547615303311]}