{"b0": [0.7576639406367011, 0.8103817113370856, 0.96708188630285], "b1": [0.0792452472633811, 0.9466332866546885, 0.9638268047041262], "b2": [0.7886320873073664, 0.8746207810908285, 0.9774268957767311], "b3": [0.16634213761290387, 0.9844077686078958, 0.8870222352498455], "b4": [0.7823713787059109, 0.9232291093016073, 0.8093516292666759], "b5": [0.10561183166225847, 0.939807080664748, 0.999181135418163], "b6": [0.10134030736464243, 0.9684299016976756, 0.8370555595503908], "b7": [0.16268321766657365, 0.9173594893777358, 0.8600379329013169], "b8": [0.28345711485381925, 0.9852258245403287, 0.9462186955538653], "b9": [0.3288440497644246, 0.9018249044614153, 0.9858713463297033]}