{"b0": [0.06895069716879845, 0.8064419187849664, 0.9295545154875364], "b1": [0.073077789865774, 0.9846648833120493, 0.9290249554098189], "b2": [0.0007298139095280642, 0.986414635487759, 0.8088950956603601], "b3": [0.07253882104581807, 0.995886772018317, 0.9980932474045691], "b4": [0.758603915802611, 0.9300615499399203, 0.8854083332500615], "b5": [0.7804186921568284, 0.9682570648167115, 0.8531146633354756], "b6": [0.6846084751451421, 0.9207497537672041, 0.8178361346183288], "b7": [0.16843257450794957, 0.9924217908747547, 0.9367263438794837], "b8": [0.7408139601105184, 0.9538561412003118, 0.8097193518713517], "b9": [0.7392272803739707, 0.8752522424425183, 0.8674210450899875]}