{"b0": [0.8588935174348512, 0.8505282237687939, 0.8742630105011386], "b1": [0.16480403218205644, 0.8138443573146249, 0.9497061330361758], "b2": [0.8775902337071527, 0.9508976230321086, 0.9458061839305413], "b3": [0.15807709459180835, 0.8819071446697454, 0.9384319223543701], "b4": [0.891037580240356, 0.8835370220594637, 0.8305849251524023], "b5": [0.1647022331670406, 0.9311981880153871, 0.8422931931676085], "b6": [0.15847164786985726, 0.8970678314480098, 0.9348573783640625], "b7": [0.1614372289336686, 0.8396959083386435, 0.874012424955252], "b8": [0.01851862930261563, 0.9207189013841544, 0.9612621412182617], "b9": [0.15935097550017616, 0.7753109739998315, 0.9742942159793411]}