{"b0": [0.1510147970333126, 0.9016942801028185, 0.951425721603863], "b1": [0.15340176601650832, 0.9434986553725484, 0.8198864387582155], "b2": [0.560783038878534, 0.963153393632597, 0.9739706272507479], "b3": [0.09334728655987715, 0.9949095734841135, 0.857966692639986], "b4": [0.30100190558157247, 0.9861346720377058, 0.8988504088844713], "b5": [0.1602197581395683, 0.9496737181814637, 0.8723335695136121], "b6": [0.3385550515474478, 0.8985490450076378, 0.9707810082249059], "b7": [0.878856879040844, 0.8094907196626283, 0.8804036782142545], "b8": [0.9252238957693082, 0.8815186818862787, 0.8676260669902852], "b9": [0.7657924986402687, 0.920263403195213, 0.8381864136277315]}