{"b0": [0.07879121805472492, 0.9971481525457168, 0.9785509132030681], "b1": [0.9795778376916453, 0.863939594485555, 0.8522133076717983], "b2": [0.5816632142366521, 0.8812831221187476, 0.8506508330597629], "b3": [0.00971842494371416, 0.8650379402932361, 0.9442857561334093], "b4": [0.7360357593126313, 0.7587136129883254, 0.9724439479638343], "b5": [0.019495690918613848, 0.948437210111988, 0.8790343274193291], "b6": [0.8599391068093019, 0.8552064433108498, 0.8677439585114826], "b7": [0.07347741767283017, 0.9909886043519657, 0.9897610398735072], "b8": [0.07779308894229199, 0.8299392507611846, 0.8508636420270613], "b9": [0.9972092761921709, 0.9995196396633825, 0.9756583211218208]}