{"b0": [0.08829450891538444, 0.935840203411999, 0.8536213078051229], "b1": [0.085714584377668, 0.9799514259944953, 0.945324531231862], "b2": [0.8674626522632447, 0.9289417225538616, 0.9778754600341861], "b3": [0.09026014531877741, 0.7939953638633527, 0.896082606232204], "b4": [0.8865795813840834, 0.9631473272472373, 0.8513700215604543], "b5": [0.11698564399975345, 0.922591294668647, 0.9706394191093355], "b6": [0.014192647816351784, 0.9789671974055569, 0.9723152408670422], "b7": [0.32110384808197695, 0.9198513388409087, 0.9227933340765831], "b8": [0.7790945766301887, 0.7943884717136815, 0.8355073788243557], "b9": [0.007246661969743823, 0.8485984006640359, 0.890820863070454]}