{"b0": [0.02501134930193679, 0.9464154725304021, 0.8653999670704283], "b1": [0.8890697091380089, 0.9279290514550371, 0.9633078001076787], "b2": [0.6116573749013038, 0.9720687969429527, 0.8283740411559734], "b3": [0.07087713208666738, 0.9043719464812426, 0.9215103374955418], "b4": [0.8557648545509139, 0.9695227269513518, 0.975028011540426], "b5": [0.16450493639908065, 0.9854834109777185, 0.9259389508670979], "b6": [0.07347245123693799, 0.972956477224344, 0.8287027127461565], "b7": [0.8436177061320109, 0.8064164041474914, 0.8345874879497285], "b8": [0.17267005115436693, 0.9352703204320789, 0.9549541378488717], "b9": [0.06521336765857581, 0.9199740317514585, 0.8097421300773359]}