{"b0": [0.338913039273863, 0.9103166399582647, 0.8359034967618731], "b1": [0.5603089702737428, 0.9532793187421003, 0.8746287077380779], "b2": [0.15826311485935837, 0.989134358155805, 0.9243952054007991], "b3": [0.6334439615865031, 0.965316576102935, 0.9879546037152309], "b4": [0.16508572991909773, 0.9519769466985315, 0.9919368551927334], "b5": [0.09509756286503031, 0.9710607749043131, 0.9339470815314332], "b6": [0.10166577657158199, 0.9705271467949443, 0.9615965881686438], "b7": [0.3545953878928061, 0.9032600184394035, 0.8664840091767466], "b8": [0.31376417684815755, 0.9668912307402884, 0.8607960934620761], "b9": [0.6251713286518585, 0.9637698141542339, 0.9180723217888557]}