{"b0": [0.07506409833786493, 0.943485021481225, 0.8010234283710252], "b1": [0.9929878722099764, 0.955613232517913, 0.9951395530499204], "b2": [0.9918738073329362, 0.9488978773515552, 0.8942414859132494], "b3": [0.08069752738466106, 0.7987905964161208, 0.9360664465602386], "b4": [0.7574743851378652, 0.948667504018682, 0.9995390584690265], "b5": [0.10073399415591537, 0.9558710949107488, 0.8453650483213363], "b6": [0.6254125809020498, 0.820824911235908, 0.8212682593598593], "b7": [0.6921522578283604, 0.9912086185242838, 0.8414053124915688], "b8": [0.7029754335561299, 0.8665015492074072, 0.8044295505958639], "b9": [0.005564820831330773, 0.9737634450823849, 0.8704809252715858]}