{"b0": [0.08672792269890425, 0.8948095380444427, 0.9955407248156405], "b1": [0.0678048754354788, 0.9423850373204722, 0.8841432227124826], "b2": [0.34970745155968586, 0.9300766546578797, 0.8184496656837327], "b3": [0.322743119196678, 0.9916398043280833, 0.8803819513956287], "b4": [0.006620665932224955, 0.884731345411266, 0.8526070136014883], "b5": [0.10296828225219182, 0.970926241315926, 0.8432421996655638], "b6": [0.08315151197790688, 0.9388473540700969, 0.8778158200175679], "b7": [0.0027802358328445557, 0.9515933676493411, 0.8856072183668243], "b8": [0.6446686581438162, 0.8647666809739336, 0.8472646245928224], "b9": [0.5518497648289461, 0.9584199962498972, 0.8679984701160651]}