{"b0": [0.7600127533646918, 0.9972336012133269, 0.9026957459462054], "b1": [0.7537123025563567, 0.932762219335725, 0.9977298569651163], "b2": [0.0875852296574063, 0.9429664669455261, 0.9224277597040412], "b3": [0.0718339888870154, 0.8602494966408996, 0.8746599184229379], "b4": [0.7514344134937562, 0.9300091095480073, 0.8770982466255397], "b5": [0.0856143132596952, 0.9785473051338544, 0.839045307173235], "b6": [0.09131282702562006, 0.9304617421182408, 0.9367213729574162], "b7": [0.3180438425833655, 0.9494823186848035, 0.945455966622385], "b8": [0.7102977729547016, 0.8953932544460999, 0.8883480008908542], "b9": [0.152796662985371, 0.9962982919762439, 0.9970338544397861]}