{"b0": [0.08653616133529471, 0.9295464373273364, 0.9288904857619511], "b1": [0.08713817240453066, 0.8968164982716506, 0.8574472891493169], "b2": [0.09155549881109387, 0.9823310226072383, 0.9679944844163036], "b3": [0.7453600083653076, 0.9645597456055282, 0.9260325676627202], "b4": [0.766497289235716, 0.9614509850684558, 0.8612460128382159], "b5": [0.8734219412709214, 0.9671027756493126, 0.8837121751683686], "b6": [0.6763388790130779, 0.9786502100589014, 0.9275374531599708], "b7": [0.6588741455116969, 0.9879935726407361, 0.9380755503038144], "b8": [0.08099452517600986, 0.9797638764223149, 0.8125882902639232], "b9": [0.784568828198707, 0.8793055432239697, 0.9597105409835754]}