{"b0": [0.16600741040142508, 0.885871617577875, 0.8993068194440371], "b1": [0.5990058364040957, 0.9889356057977993, 0.9892336885754404], "b2": [0.8868898490735136, 0.8574517004782378, 0.9644637513751648], "b3": [0.8915341676396595, 0.9703972858430714, 0.9435243115318973], "b4": [0.3314494736971481, 0.8587670133256822, 0.9007025681818971], "b5": [0.15564151123612655, 0.9769979558799572, 0.8062442566826752], "b6": [0.9981117862233053, 0.8984643139812158, 0.8259531828398649], "b7": [0.7121646271511267, 0.8070617362402068, 0.8979132943759245], "b8": [0.16542459616001814, 0.9395774719889571, 0.803893918193831], "b9": [0.5912259223912693, 0.9707609686619055, 0.9855476250204315]}