{"b0": [0.15911083825495947, 0.8422226292886513, 0.9013924694718249], "b1": [0.6016686798348966, 0.8986868573541014, 0.8382325729175133], "b2": [0.6273040918542939, 0.8919474098236663, 0.8385781491121397], "b3": [0.731038803436688, 0.9535062095688418, 0.8569681513375664], "b4": [0.15432544272232834, 0.9565574328386834, 0.8211278298792102], "b5": [0.7546488578947558, 0.9709059791997219, 0.803389613464576], "b6": [0.15415803743630757, 0.9768394096761135, 0.9441586816259765], "b7": [0.15928566781590364, 0.9856050041360638, 0.9719504448280075], "b8": [0.013044513006319935, 0.7992664724143423, 0.8626562297727315], "b9": [0.1540194917054505, 0.9866730950418274, 0.9298608681295246]}