{"b0": [0.1483011643838685, 0.8729205949647398, 0.9033847162255801], "b1": [0.15693073676287134, 0.8449205707732906, 0.8446607158748918], "b2": [0.16212948004338956, 0.8404490583846647, 0.8569579489992205], "b3": [0.15868455153029098, 0.9857683622841826, 0.9124685998975182], "b4": [0.1680780088865937, 0.8781898678141399, 0.9611573210434314], "b5": [0.008069228502829968, 0.9418831071786207, 0.8664938037670237], "b6": [0.6000369866910993, 0.9564098711943916, 0.8018692352496442], "b7": [0.16478800327322304, 0.8220646060354132, 0.952760280703426], "b8": [0.16306555280499585, 0.9830630478845932, 0.8131165671148838], "b9": [0.15278432838100472, 0.8728602683188923, 0.8526219548461382]}