{"b0": [0.31417167915985167, 0.9124980865891733, 0.8381099383504584], "b1": [0.3368286269637219, 0.9060667960520925, 0.9954197697380397], "b2": [0.33982881643154905, 0.963008247958741, 0.9031637572271842], "b3": [0.33371763633857626, 0.9807168840754741, 0.9320134830050137], "b4": [0.6263693634652483, 0.7448754825459727, 0.9683560819883702], "b5": [0.6209679966419142, 0.9941593951259177, 0.8307739926777962], "b6": [0.30941128388016437, 0.94642088322647, 0.841150451009684], "b7": [0.06701077798742816, 0.9960508346240426, 0.9583827946096592], "b8": [0.09035879074080036, 0.9778353342588078, 0.8837582958629707], "b9": [0.32371158377070225, 0.9748700118317286, 0.8009616418571655]}