{"b0": [0.8586719896401742, 0.9924019893573783, 0.9351826311275859], "b1": [0.294114914790092, 0.8937679296345675, 0.8091469974729936], "b2": [0.346396451602196, 0.8786125463133821, 0.9226257109693415], "b3": [0.05950046551783005, 0.7775255209782085, 0.8451889897935598], "b4": [0.7802810492697826, 0.9652866424072105, 0.8185380801735781], "b5": [0.6236618171413244, 0.945060436233226, 0.8556296568000156], "b6": [0.3479207326038456, 0.9957788148581644, 0.831659014954727], "b7": [0.348773190966468, 0.9819104783896354, 0.844007149049824], "b8": [0.5573368209085346, 0.8883170938163732, 0.97369014885769], "b9": [0.6581544254962252, 0.9419764865152817, 0.9741027889243412]}