{"b0": [0.34921824658225936, 0.8991607402411158, 0.9025957381678609], "b1": [0.3191923396359957, 0.9006589577374763, 0.8292225298858783], "b2": [0.3494885353072846, 0.9088102403629976, 0.9472065756001817], "b3": [0.08750108045312782, 0.8071634005947047, 0.8211983951669152], "b4": [0.07269241583258164, 0.9321276063965914, 0.9862284069971515], "b5": [0.6652808575917696, 0.9973248199398348, 0.819940569099184], "b6": [0.34449657053524524, 0.9240589755589249, 0.9628413025798076], "b7": [0.9729115474224046, 0.9554402702279414, 0.989994741534667], "b8": [0.08456418222195908, 0.9229749469496512, 0.8229414710153152], "b9": [0.30808495005076936, 0.9669224847925938, 0.9335414478208456]}