{"b0": [0.6475573698894518, 0.9907525075629124, 0.9109519556433486], "b1": [0.3275623959128455, 0.9548741965849468, 0.9933409330989549], "b2": [0.6507885781284698, 0.9756076524534981, 0.9147769198120579], "b3": [0.75494611906157, 0.926540951140605, 0.9946829954906726], "b4": [0.35616536152709366, 0.9779102418780377, 0.9437815140677298], "b5": [0.09087384899223126, 0.9292118125299023, 0.8463274611026612], "b6": [0.3474233351970479, 0.96442149767292, 0.8746234254377065], "b7": [0.3364500605181325, 0.9704796068798506, 0.8979735628856693], "b8": [0.828998378283978, 0.9678713115028362, 0.8534972083060959], "b9": [0.3535405401140934, 0.9619456669983683, 0.9362549638097782]}