{"b0": [0.3482998024122918, 0.9635556167430656, 0.9544773963301548], "b1": [0.0018754562335361318, 0.9836297273178057, 0.8546201417382094], "b2": [0.5937828484257024, 0.919284230914345, 0.8822381921410016], "b3": [0.3723825692888685, 0.8376069746709031, 0.8278533995178232], "b4": [0.5936287363220561, 0.9818138367457546, 0.8958947248603782], "b5": [0.06222397967513439, 0.8808064446682208, 0.841013031405432], "b6": [0.7787966818886676, 0.9753719345201562, 0.9465532362272165], "b7": [0.06470623660859114, 0.9266633590572577, 0.9501360171752401], "b8": [0.9037101545224452, 0.9613389262528902, 0.9275520390675426], "b9": [0.9170336036758568, 0.9874704554022664, 0.811412693820202]}