{"b0": [0.7222297256022786, 0.8355983458514499, 0.9515900713259591], "b1": [0.9844708204777421, 0.9042242442028882, 0.8362534402288346], "b2": [0.09250121548470443, 0.9283240629274786, 0.9179455103077152], "b3": [0.27917411239272116, 0.9473221062622802, 0.8399941945877447], "b4": [0.7331165809261943, 0.9246280186635021, 0.8674929910848274], "b5": [0.8517397133296124, 0.9218936288476378, 0.9180357291062607], "b6": [0.605345359286921, 0.9957870758625298, 0.879222136773456], "b7": [0.8642711284240518, 0.8237143700635753, 0.9769858667483817], "b8": [0.7579841796459279, 0.9408972895948817, 0.9277818750194371], "b9": [0.16628709726050087, 0.9284013905497956, 0.8164148752689894]}