{"b0": [0.013082263455229302, 0.9695550351700871, 0.8005879982700007], "b1": [0.9829872794779482, 0.9529214746432606, 0.9936321737825123], "b2": [0.06664365101354654, 0.8563163366145082, 0.9160958814280307], "b3": [0.06749471063262352, 0.8185207417508598, 0.9395232515751153], "b4": [0.15656108967043847, 0.9347504796323691, 0.8699062089185507], "b5": [0.0899343180764628, 0.7953482193658711, 0.9247309712006161], "b6": [0.8871618218012638, 0.8759034273531447, 0.9254245643684013], "b7": [0.8914140561665139, 0.994016992967992, 0.8892162408422162], "b8": [0.7735402269144953, 0.9580992159273656, 0.8381060839434293], "b9": [0.0859977153012154, 0.9315298430090095, 0.9253346749837761]}