{"b0": [0.9984379255981595, 0.8843622831785464, 0.9059166844875111], "b1": [0.8410609251049819, 0.8373707350092041, 0.8996638751181752], "b2": [0.8486967312025405, 0.8888085882679876, 0.8401778103746409], "b3": [0.60580618173098, 0.9519967178843867, 0.9706969889180762], "b4": [0.10774682906405551, 0.9661292114702927, 0.84807323489952], "b5": [0.9118514261899279, 0.968265412535246, 0.8102655782857646], "b6": [0.6055177592505868, 0.9574833826918924, 0.9888966717478592], "b7": [0.6012591672492764, 0.9706919464408087, 0.835404114211093], "b8": [0.28083800705591383, 0.9015368929462474, 0.8768669684735019], "b9": [0.819539382154196, 0.9060335547724583, 0.9630095802513697]}