{"b0": [0.8376826826048217, 0.863276811423407, 0.8930759179207286], "b1": [0.00661939441633266, 0.9078094094942645, 0.951656122586123], "b2": [0.0769204236095541, 0.898991038353348, 0.8030836244200427], "b3": [0.7363494149745441, 0.9970349006723157, 0.8263700591355239], "b4": [0.6194705877499995, 0.9448315107931987, 0.8298950092321838], "b5": [0.8670621876276658, 0.9695106557361214, 0.8226296389975879], "b6": [0.5905209707256813, 0.9234793441698187, 0.9951031637211096], "b7": [0.5975646702707911, 0.9276421693013749, 0.8960414239063895], "b8": [0.8877428434038849, 0.8586648707499853, 0.8679048589555918], "b9": [0.006372127650809339, 0.8351587609989451, 0.9422997696150961]}