{"b0": [0.5629875865718735, 0.9525437083119254, 0.9824940890079472], "b1": [0.6293439329967441, 0.8719890069651767, 0.8901178853194459], "b2": [0.8616896916043735, 0.9020249396249777, 0.8064786453402829], "b3": [0.6034275763071093, 0.9164010995203625, 0.8520396344369946], "b4": [0.8926702340385105, 0.9142316268902115, 0.912397251576627], "b5": [0.8857432320960676, 0.8229833743796846, 0.8960521444661026], "b6": [0.6116424324276587, 0.9257613823402518, 0.8866276103497619], "b7": [0.9244263654957255, 0.9666481282474859, 0.8030953477394536], "b8": [0.6155552476363355, 0.9521849269857708, 0.8038642771435434], "b9": [0.6191722592151916, 0.9895771848848046, 0.9143974134830887]}