{"b0": [0.5851588326424045, 0.894603353354511, 0.9639954360590042], "b1": [0.6775719967975907, 0.842193151983455, 0.8638263621529327], "b2": [0.8369290055763292, 0.9530798244637424, 0.8481300913819229], "b3": [0.11241992029465794, 0.9175448058655608, 0.891519714157092], "b4": [0.615821007915357, 0.9984705280445678, 0.9555048294338745], "b5": [0.8537747917115801, 0.9173147767807758, 0.8608621718722322], "b6": [0.886098321096242, 0.9286808795454955, 0.8603033314119749], "b7": [0.6687475558932015, 0.9588303946876745, 0.8529102316254267], "b8": [0.5607371822815143, 0.9432745696071914, 0.8484209779246344], "b9": [0.8668926895087875, 0.8283235691630983, 0.9754152815607933]}