{"b0": [0.33123452839591977, 0.9863074533123033, 0.8686423949447688], "b1": [0.9957220191684638, 0.9552275760500063, 0.8837918089025938], "b2": [0.1593507292009129, 0.9401642158077758, 0.8870116979313852], "b3": [0.07190848691270565, 0.9958421731888493, 0.9228444903440766], "b4": [0.5875269728193223, 0.7668831112842895, 0.8388772207908055], "b5": [0.021172736092326738, 0.8706143773911822, 0.841838165541487], "b6": [0.38715414112989793, 0.9733588648553133, 0.8785210169683724], "b7": [0.013001587506495074, 0.9611410950488498, 0.8640297095654418], "b8": [0.3193823187865346, 0.9009235915175359, 0.9184462203226199], "b9": [0.6013755913196721, 0.9609264535064724, 0.8897880230592008]}