{"b0": [0.03342704378053492, 0.9427980391947482, 0.80428594169917], "b1": [0.8953232394060587, 0.8964292368180119, 0.8519448255141772], "b2": [0.36498519636169524, 0.92455307540413, 0.9788839209700577], "b3": [0.9941068104048213, 0.947638512056813, 0.8426205557803855], "b4": [0.16395545790819585, 0.9314849814712134, 0.8855686217524366], "b5": [0.01007201315559612, 0.9810907109907154, 0.9346710359598579], "b6": [0.8764759581052697, 0.8531368519459731, 0.9595378615126968], "b7": [0.7237320875649398, 0.9374704215603527, 0.8665817686663327], "b8": [0.8833223589067221, 0.869715703453704, 0.8745500384479667], "b9": [0.9989127241411788, 0.8641978484652202, 0.8410302476248903]}