{"b0": [0.017775238064046472, 0.9245978798030449, 0.8807147696487279], "b1": [0.6480436589196035, 0.8808380994028079, 0.8140773011997912], "b2": [0.7548043243619841, 0.9608523282719709, 0.9088198069025014], "b3": [0.895271400419982, 0.9980352115184378, 0.8706631148397308], "b4": [0.3174157247035424, 0.9448409719394533, 0.8225780756532316], "b5": [0.16641319095105353, 0.8881995097501606, 0.9845557572195597], "b6": [0.3462556995259968, 0.9591902503649834, 0.866591650227962], "b7": [0.009589040700275836, 0.917890048130834, 0.9323368930759733], "b8": [0.013660022957812757, 0.8941908458712444, 0.9035413442789172], "b9": [0.06814810541294067, 0.9048791640636372, 0.8348235867206278]}