{"b0": [0.9886401139668897, 0.8550561883775651, 0.9361988817921072], "b1": [0.00022518864202353194, 0.7016587039441242, 0.8688301962862375], "b2": [0.9781678867606888, 0.8742264666206636, 0.9930275677071505], "b3": [0.16109820707437186, 0.8904546830594202, 0.9452677013948023], "b4": [0.8473659043485892, 0.9835473766417259, 0.903568669569578], "b5": [0.6157660027699068, 0.989834479102003, 0.9909296018727116], "b6": [0.08118816815415944, 0.939121665350921, 0.8192789460787501], "b7": [0.31659203157993027, 0.9478125399605861, 0.9358408504082066], "b8": [0.772667599067211, 0.9477778659428843, 0.9767647654195093], "b9": [0.07266090024309958, 0.9253331109585582, 0.9351558527385128]}