{"b0": [0.08984449338447645, 0.9437711755237155, 0.9775750960296237], "b1": [0.9878534675060544, 0.9661298989454877, 0.830629950785264], "b2": [0.06694916716461069, 0.960584428526703, 0.9738929736217908], "b3": [0.9141591023009545, 0.9566610338421719, 0.9902209620472391], "b4": [0.9782205369662, 0.7672648926559816, 0.8624242706913375], "b5": [0.3145021082140302, 0.8450582537647183, 0.9125206360476955], "b6": [0.7492810682088021, 0.9544718748981746, 0.8781894622114966], "b7": [0.6585465791045182, 0.9850476084080978, 0.8294432944880812], "b8": [0.34214613452631587, 0.9270744714763451, 0.8696690035255652], "b9": [0.00926362215824363, 0.8449358828647168, 0.840779400451166]}