{"b0": [0.8682727358401775, 0.8506039863431567, 0.8792057780631255], "b1": [0.3223177732341981, 0.9103653339519104, 0.9978573881503614], "b2": [0.9100623742198802, 0.8840213780417301, 0.9711040837175985], "b3": [0.10682700529989492, 0.9309860630010952, 0.8993486043396427], "b4": [0.3562956342195641, 0.8458972482585846, 0.9766844338153742], "b5": [0.3381617454092563, 0.7304664444051919, 0.847197061422755], "b6": [0.9904306332611748, 0.8870645644236742, 0.8291824925253247], "b7": [0.3284786844360424, 0.9153001680225503, 0.8641413170943296], "b8": [0.7382555050296922, 0.9971134603055779, 0.8490027404849124], "b9": [0.9093899333120296, 0.8918281401594678, 0.8305893040442902]}