{"b0": [0.33204647101313733, 0.9960952146888651, 0.9304488553280909], "b1": [0.1663476322129344, 0.7596693838775214, 0.9917782385131955], "b2": [0.2987843020729987, 0.9293018852811423, 0.8403611691718208], "b3": [0.2863526721664578, 0.8435347034907343, 0.9012027319472732], "b4": [0.3314109327577585, 0.9054049445460893, 0.9563534751242102], "b5": [0.3200208745699925, 0.9690681168075731, 0.9072876719690675], "b6": [0.8457559434622611, 0.9813492230877243, 0.8389127892250733], "b7": [0.2952147094550648, 0.977643416649105, 0.8612578829526627], "b8": [0.8788684672411042, 0.9698169096564614, 0.8920174024491735], "b9": [0.8783351725997934, 0.8725645878662156, 0.8151513708055897]}