{"b0": [0.8772735117540762, 0.8955161023346508, 0.9854688962307143], "b1": [0.8669892173008948, 0.7543267178206756, 0.9115236182744476], "b2": [0.35799312573737757, 0.9900064994964918, 0.8403486424670236], "b3": [0.3390808904586886, 0.9976302996175306, 0.893687169842051], "b4": [0.8824910762838961, 0.9329581457950954, 0.9606589277554601], "b5": [0.33823745099238633, 0.9770790094002492, 0.9082603167808401], "b6": [0.8706553306720428, 0.7645374681050088, 0.8092115012026155], "b7": [0.9054953111738544, 0.9851858684571844, 0.9670542843646446], "b8": [0.3392243065266989, 0.8009480864112949, 0.8944766332143557], "b9": [0.3455047668340622, 0.9084347363645925, 0.9434673458625036]}