{"b0": [0.8636238784682496, 0.9454589448799705, 0.8166543097173345], "b1": [0.3189957117663835, 0.9455659194516319, 0.9314167049284052], "b2": [0.32723949971699773, 0.9864209175189684, 0.9812463067648798], "b3": [0.9617044227055822, 0.974359179213928, 0.8542762737787793], "b4": [0.31730807418198465, 0.9136848339637137, 0.8654270676691571], "b5": [0.28604708035944637, 0.8706710946663486, 0.8503417015060718], "b6": [0.8914115069621289, 0.9249726401897501, 0.8451779440832016], "b7": [0.8657385770026467, 0.9870781229421405, 0.8976778574005627], "b8": [0.3923792209758472, 0.8527458207431886, 0.9693275856587473], "b9": [0.3335824791961361, 0.8892144690684484, 0.9080372183247652]}