{"b0": [0.9839430777710695, 0.9930257464758, 0.8677584336479921], "b1": [0.0061464299839312205, 0.9465911967975197, 0.9415333424076701], "b2": [0.16066677344894956, 0.9106230011897344, 0.98246035884661], "b3": [0.9990114605313138, 0.9878818313532817, 0.8946548083156854], "b4": [0.825299609843437, 0.8943139916878673, 0.8282547415044054], "b5": [0.9969694774622353, 0.9208436244386303, 0.9155489686290709], "b6": [0.9765950063034395, 0.9185059556600556, 0.9642019855254088], "b7": [0.36665540502018223, 0.8971885957747573, 0.8846238940153177], "b8": [0.8466043842313394, 0.9233750346237035, 0.8156076954501564], "b9": [0.1513451295648809, 0.8817384911664652, 0.8935873534551183]}