{"b0": [0.7701434286739839, 0.9000754665696316, 0.8354106040077867], "b1": [0.9896070578683378, 0.8994209242769209, 0.9926659733789538], "b2": [0.15524509703737657, 0.990855911554492, 0.8021261544700699], "b3": [0.1636860146546054, 0.9601436392258199, 0.808898357251527], "b4": [0.001092743468243274, 0.7699087251363567, 0.926185239791446], "b5": [0.843751550460654, 0.7761458328641602, 0.890229236959346], "b6": [0.01725925626056675, 0.9310423896810469, 0.9809944500736866], "b7": [0.15404035174299943, 0.847218326064729, 0.9756552574551991], "b8": [0.34241811164538755, 0.8534401636008089, 0.9983974049373266], "b9": [0.0010511843513690007, 0.9481711608994611, 0.9629910412744042]}