{"b0": [0.8944381802637525, 0.8413126461957057, 0.9813231181606653], "b1": [0.1618499952410309, 0.9360919571993322, 0.9059214931476531], "b2": [0.1612931857615113, 0.883044365435407, 0.9975643455878698], "b3": [0.019703702724749507, 0.9190444169297765, 0.871843669829447], "b4": [0.9946260007503298, 0.9550608376277555, 0.9937686486090728], "b5": [0.9994607338723243, 0.951484343839708, 0.9172650977469294], "b6": [0.7616419842255517, 0.9880201057435474, 0.9189283415459477], "b7": [0.997254520713132, 0.9955687394087102, 0.8081081773074016], "b8": [0.8417651992957202, 0.8771487880511601, 0.8445063187251861], "b9": [0.349438915835487, 0.9548178626523982, 0.9668995994956954]}