{"b0": [0.10664413259829031, 0.9246015049290338, 0.8913542376121057], "b1": [0.001001978212630557, 0.9621041439997946, 0.9619395184656021], "b2": [0.33916407319734637, 0.9533544130992209, 0.9923414369359134], "b3": [0.7769082135937263, 0.9978550201561813, 0.9460912661805478], "b4": [0.8972315879244119, 0.9342360915912011, 0.8274646674125071], "b5": [0.15020552759139874, 0.9499537023622454, 0.9945203954461921], "b6": [0.006971089940998659, 0.9145635582317887, 0.9612353965792899], "b7": [0.3327238038346879, 0.9936288733827677, 0.9833343225049126], "b8": [0.9981119980425204, 0.8299810520973762, 0.8390425744388083], "b9": [0.16274577166752638, 0.9497003582178425, 0.8278267524654447]}