{"b0": [0.164021166387987, 0.985365594387887, 0.8971494620744472], "b1": [0.7352817069511661, 0.8691111287767548, 0.9493951989343086], "b2": [0.1645944006298185, 0.7907906116225114, 0.8611563129194593], "b3": [0.8205832226283363, 0.89176238639286, 0.9356704660613474], "b4": [0.9818433309113637, 0.9165189602496963, 0.9350181225552605], "b5": [0.9818026155501002, 0.9225542238535467, 0.9667552838395974], "b6": [0.16496720148254934, 0.8546346512565957, 0.9837170089644016], "b7": [0.018867564144425034, 0.8771546635744903, 0.8935074896693271], "b8": [0.9833004248798092, 0.8273896528135148, 0.9709896498682394], "b9": [0.16117192058129684, 0.9214067248470308, 0.9717440681259526]}