{"b0": [0.16585564739905206, 0.7979385834426143, 0.8091118554191117], "b1": [0.15448043139909065, 0.9356984129616805, 0.9931662372018754], "b2": [0.8589493225839184, 0.8245076610635153, 0.8928833080240185], "b3": [0.017693637478968526, 0.8658163653389813, 0.9337806010899444], "b4": [0.8816909162063274, 0.9630954882376993, 0.8113706854038498], "b5": [0.9833769787900671, 0.9940261648823282, 0.8333520376826167], "b6": [0.9979280994857106, 0.9547176747656949, 0.8756091590938695], "b7": [0.995333248759794, 0.8691082211951042, 0.8341275674981334], "b8": [0.9931946369806782, 0.9368553029408174, 0.8093306173694073], "b9": [0.1581744728517374, 0.8844878326560732, 0.8822611967121428]}