{"b0": [0.1693160915700217, 0.9549168892039848, 0.9124157688233465], "b1": [0.0035360261969135547, 0.8651218043727306, 0.9068281688153224], "b2": [0.815654530945213, 0.9904989790684907, 0.9032145163854238], "b3": [0.34263248116744977, 0.8051854965306743, 0.9050657800266647], "b4": [0.16402872003956662, 0.7864463301960525, 0.8673515053546548], "b5": [0.3228709154193156, 0.9344791144898055, 0.9917478013758978], "b6": [0.9951924088753246, 0.9602179725037125, 0.8605812331535633], "b7": [0.9867461182593361, 0.9066703143399363, 0.8379336371186303], "b8": [0.8763523690579207, 0.9872685842121713, 0.8513635888210827], "b9": [0.014889367507487481, 0.9914932088587046, 0.883632316982032]}