{"b0": [0.9903692472214728, 0.8961378902118957, 0.8889651998700472], "b1": [0.8729330196604634, 0.9489657601764666, 0.956651106442859], "b2": [0.9801019288478982, 0.8134561559454307, 0.8101960627067933], "b3": [0.07222656928904722, 0.9786775629227082, 0.8668567151026905], "b4": [0.15680813007635006, 0.9486168866366378, 0.8685365225621825], "b5": [0.00034703615331561634, 0.9719165826001169, 0.9354505621382685], "b6": [0.8450174253610356, 0.9420328215584377, 0.8740120357110415], "b7": [0.019355445603112496, 0.9657853702005608, 0.9918661825037225], "b8": [0.16490216186269996, 0.8943989755304831, 0.9932160288417745], "b9": [0.9898305373729606, 0.7848274799034545, 0.8998407008356799]}