{"b0": [0.8658162197035806, 0.9950454335706482, 0.9987079867810726], "b1": [0.156087050406166, 0.9410846474942706, 0.8707445937353097], "b2": [0.8715432749946604, 0.9425414666600278, 0.9322395172634704], "b3": [0.3443894706349854, 0.8954936992957591, 0.9970593134952361], "b4": [0.8861232030948023, 0.9125526629028596, 0.8193008075669909], "b5": [0.3721758283790437, 0.9070111188082265, 0.8608990258048109], "b6": [0.8737517039697906, 0.9865373388038101, 0.997811327562942], "b7": [0.07735105068537608, 0.9149894184340613, 0.8737058331165138], "b8": [0.3214232781337014, 0.8672771775754811, 0.8459900080176118], "b9": [0.16136482874276895, 0.9747361831861484, 0.8127676189430315]}