{"b0": [0.07556558911862216, 0.7498169166032911, 0.980125647225517], "b1": [0.14976896463343978, 0.9442681931130611, 0.9564478296197408], "b2": [0.15687897869443126, 0.968101920062634, 0.9201311434797128], "b3": [0.8755916015854798, 0.9221352201411706, 0.9043689961985129], "b4": [0.8606302908761079, 0.967727374174628, 0.8268455214836729], "b5": [0.2902885862857352, 0.8869332097874407, 0.8814404040545313], "b6": [0.1612818493474716, 0.9559344237819393, 0.9518591233468032], "b7": [0.06900497041611692, 0.9065713984272776, 0.9024970470800411], "b8": [0.30278145245690113, 0.9431297823499917, 0.8202920210498528], "b9": [0.8830577232009916, 0.8379765056452169, 0.9126890951209491]}