{"b0": [0.3553879764633595, 0.9371902896222225, 0.9781016108472039], "b1": [0.1597851892529266, 0.9063549872577015, 0.9863353631031356], "b2": [0.8515343895542143, 0.8983264924311857, 0.8674102995470179], "b3": [0.31174734245514485, 0.944729975514173, 0.8117674847073753], "b4": [0.08031927550517272, 0.9766891313583573, 0.8307590766163893], "b5": [0.9124290688678885, 0.9639590282164527, 0.8494182237563668], "b6": [0.16275602632375896, 0.8855547530833483, 0.8379552581279947], "b7": [0.8743630968525724, 0.9216752933491759, 0.9109947636031318], "b8": [0.37627777970093385, 0.978686449393667, 0.8879175107510521], "b9": [0.8503175639566284, 0.8922818532725109, 0.8802420908875483]}