{"b0": [0.17333357231269356, 0.9452459087984869, 0.9843246594362717], "b1": [0.8587752676995902, 0.8694483442537608, 0.9688069352574205], "b2": [0.35939702721265887, 0.8749643484542284, 0.8649208380388519], "b3": [0.9106064915839588, 0.9568209954607932, 0.9057269378029857], "b4": [0.32296278460852973, 0.9994751305564041, 0.8690960445973058], "b5": [0.886320718763436, 0.8609962536934306, 0.9814694059018565], "b6": [0.8832411423476743, 0.9269862515469063, 0.8045179592610785], "b7": [0.3036107646216544, 0.9709998485379103, 0.8273128469534963], "b8": [0.08754209088270537, 0.9326941298779016, 0.9314181246533554], "b9": [0.3642455782055498, 0.8223271104120022, 0.9107186749283378]}