{"b0": [0.856644706087552, 0.8351253700483392, 0.9809638690940102], "b1": [0.9930411841413226, 0.9094333190588041, 0.9810948707246474], "b2": [0.1661202456913562, 0.9995584758159957, 0.8189556777744003], "b3": [0.9253793491682051, 0.9880465693227599, 0.8090315327065227], "b4": [0.3614684904263503, 0.8594482417820286, 0.8980538538821377], "b5": [0.9778865873616901, 0.9020178992841408, 0.9777502029242224], "b6": [0.07459374174166479, 0.9758057349587709, 0.9960324215742618], "b7": [0.7450948445552757, 0.8583030646308148, 0.9489637774044732], "b8": [0.003362910987514561, 0.9087531900453206, 0.8732084214769736], "b9": [0.7665730776745182, 0.9860058756361445, 0.8913427322330382]}