{"b0": [0.1629127866290821, 0.9271652460214403, 0.9917949823366012], "b1": [0.9101455092883759, 0.9000870881774641, 0.9683810772966424], "b2": [0.6991382272899314, 0.769808858964877, 0.9430329175805059], "b3": [0.7545309523943855, 0.9012678860794844, 0.8939980557946495], "b4": [0.08385286956689945, 0.9388512293203529, 0.8184074271415831], "b5": [0.9829664400874324, 0.8789556059884991, 0.8658082727733779], "b6": [0.3602116938633123, 0.8161662970642648, 0.8848636384661234], "b7": [0.9925717820869636, 0.818711082344106, 0.8780897914401714], "b8": [0.07616111153612003, 0.9530761399753166, 0.8502082378359394], "b9": [0.9835916511017112, 0.8037866975267213, 0.8631932633983896]}