{"b0": [0.8508059633023184, 0.8598040461470907, 0.8944914225259754], "b1": [0.30299524019610496, 0.9726245708766875, 0.8379325794954284], "b2": [0.8635919093053727, 0.9734784825886975, 0.8244396342684536], "b3": [0.08822241405134684, 0.8608540163800026, 0.8161898310344715], "b4": [0.969253686758248, 0.9562875334495184, 0.814956699900902], "b5": [0.7773322551896799, 0.9251492770108648, 0.8084173668351601], "b6": [0.3182484076052791, 0.8954010453560705, 0.8628918014860537], "b7": [0.37563182137619916, 0.9905908677457057, 0.9677468060983468], "b8": [0.15098790793105618, 0.8964019016964937, 0.8886389316997655], "b9": [0.9819873785422737, 0.9720511918853907, 0.9150566638428991]}