{"b0": [0.3420484746276696, 0.9636557074411186, 0.9124764476201099], "b1": [0.012746984315692511, 0.893714480756602, 0.8808701115552536], "b2": [0.8779673981266614, 0.8440417491969757, 0.920661147742984], "b3": [0.15852242247814716, 0.9581197587067234, 0.8708433582718915], "b4": [0.16976521102592568, 0.9394450511998156, 0.9032839532847181], "b5": [0.9939271053506019, 0.9780315555490313, 0.8109950396734991], "b6": [0.9904105135737118, 0.9954331572505319, 0.8235593370058193], "b7": [0.1526849143408057, 0.9378900522616032, 0.9779092539769555], "b8": [0.5462614431798798, 0.9047373283224599, 0.9867394991622638], "b9": [0.9077645425237535, 0.9783856564065071, 0.8700620305389235]}