{"b0": [0.1614810680978821, 0.8320602214411394, 0.9288909096021686], "b1": [0.7213309135040447, 0.9718913111738025, 0.9076643424989068], "b2": [0.3210984088476075, 0.9672166605599198, 0.8289060192539995], "b3": [0.8555318866371515, 0.9338322546554935, 0.9242789736285747], "b4": [0.8702396118175492, 0.8600104560254649, 0.8628834622128204], "b5": [0.01415935851937258, 0.850519343393605, 0.9974515162180707], "b6": [0.005350159846300661, 0.9201874525707048, 0.9211437952253698], "b7": [0.15088837734696692, 0.9946345543085715, 0.9402144812351751], "b8": [0.15174631753630483, 0.9333367182244363, 0.8524396725810829], "b9": [0.6392064510934578, 0.9872393208333485, 0.8507450150642305]}