{"b0": [0.9879336248258908, 0.976017063900543, 0.9683405572295892], "b1": [0.15584110609399882, 0.9383835245977385, 0.9081337108661071], "b2": [0.16696124887728803, 0.9706156598599432, 0.948172507096328], "b3": [0.9080529820749131, 0.9401786011269259, 0.8747263115496325], "b4": [0.7261714958330359, 0.8776460995189254, 0.9588329692052447], "b5": [0.9223777918771289, 0.9847385915991282, 0.8488186158606598], "b6": [0.07025888974764087, 0.9227329002247434, 0.982919973976643], "b7": [0.6132102030991947, 0.8449788509307209, 0.9446067962630765], "b8": [0.9901649272538603, 0.9217734980097625, 0.982134434422114], "b9": [0.02559393511863748, 0.8720209829019697, 0.8127282383373793]}