{"b0": [0.7590215390455312, 0.8354702319213086, 0.9529194433706811], "b1": [0.021565118611149355, 0.8409413490732337, 0.834826078829042], "b2": [0.8523932384746732, 0.9666159823434936, 0.8584885470376961], "b3": [0.6521165871799279, 0.912711513724485, 0.8787177624945102], "b4": [0.15316930651625196, 0.994594269669745, 0.8663328110589029], "b5": [0.33556035857964406, 0.990395899772077, 0.9820692280311581], "b6": [0.5734848495149399, 0.9884455171318983, 0.847370691677403], "b7": [0.0039005668700671137, 0.927250427895803, 0.9217293250984515], "b8": [0.988830636739039, 0.8866948537971733, 0.8460431042951352], "b9": [0.002042319878645695, 0.9053109207567752, 0.9515526805431065]}