{"b0": [0.08218914656232913, 0.9472041425278624, 0.9086541522297223], "b1": [0.31532057757339116, 0.929813294724317, 0.8491436723099821], "b2": [0.5886397102515312, 0.9692582134996343, 0.8485274225670115], "b3": [0.012692236230779214, 0.9245602352619057, 0.8866954497458701], "b4": [0.9929635446698367, 0.965112680374306, 0.9203848645777706], "b5": [0.7275181654000461, 0.9146533936088315, 0.8824322092915557], "b6": [0.5904815141345455, 0.9496420592360819, 0.8594746002275392], "b7": [0.09280440172310808, 0.943984067904677, 0.8125162366760597], "b8": [0.798483032455903, 0.7002082804920982, 0.902648488651648], "b9": [0.3085567672499306, 0.9583207373885843, 0.9901511301024902]}