{"b0": [0.07128238203331452, 0.9018384976791778, 0.8511822107810034], "b1": [0.08191349963705168, 0.9867675701122741, 0.9074462233562595], "b2": [0.9845742500429313, 0.9383401184719289, 0.9707094291323972], "b3": [0.06453358927141206, 0.9285920879971762, 0.9007898539912279], "b4": [0.018692949745225246, 0.9050589053930805, 0.8294425567231906], "b5": [0.10845423137225457, 0.8911789539162787, 0.943577287213646], "b6": [0.9812210415549576, 0.9975475463055813, 0.9079442911983366], "b7": [0.060364631652885005, 0.9997541611525785, 0.8639997941625494], "b8": [0.9604506071125671, 0.9007304450133752, 0.8488284813588982], "b9": [0.09101683464322029, 0.9381237667417124, 0.9908618541835541]}