{"b0": [0.9043790832094836, 0.9426373998139104, 0.9176375551302078], "b1": [0.9848239982717338, 0.8774692153679423, 0.9468218171097882], "b2": [0.06460773100047758, 0.9855572223862218, 0.8766844750801758], "b3": [0.6176068187615623, 0.9919462963609402, 0.8100296772096671], "b4": [0.10823246357516361, 0.888560216382019, 0.9275493422915647], "b5": [0.8784824109081545, 0.9971140616220702, 0.8879012876348296], "b6": [0.7893837652663191, 0.9619957924534045, 0.9102388980454973], "b7": [0.8576205619131612, 0.978984631313131, 0.8158646845034038], "b8": [0.9652198086538859, 0.955808762276146, 0.8398947278610126], "b9": [0.6149549201386744, 0.9396076922933332, 0.8909223349455923]}