{"b0": [0.09087437227018513, 0.9135585639507943, 0.816629492098967], "b1": [0.7236939576061352, 0.9149652272104488, 0.9464738016806389], "b2": [0.864074849836224, 0.9825061350288792, 0.9753855759535953], "b3": [0.07003723785817602, 0.9541093975316352, 0.8288293847827045], "b4": [0.15280951545061433, 0.9846605374628156, 0.9543556460943904], "b5": [0.9897630960134953, 0.9312861248557053, 0.8953617790044962], "b6": [0.007468165644348071, 0.9663402926013275, 0.9996782703648381], "b7": [0.8690971469950679, 0.9349564009530988, 0.9201615709885373], "b8": [0.7345449288632538, 0.8361989426947719, 0.9972209425811162], "b9": [0.3193911867333719, 0.9100011857778774, 0.944568626574189]}