{"b0": [0.8603610957894439, 0.7895006361617063, 0.9531535493875839], "b1": [0.32135912005767236, 0.9190063182913484, 0.9405923249871823], "b2": [0.6488272222015445, 0.9978733254808924, 0.9999685364964749], "b3": [0.16872635773541717, 0.9013364584166283, 0.8494065998331862], "b4": [0.16716199892696865, 0.8760541679964803, 0.9041475264732344], "b5": [0.005950630734476964, 0.7656852811067952, 0.9232222698156582], "b6": [0.0789724742778783, 0.8746442443705876, 0.9920300355347282], "b7": [0.07187976312661463, 0.9889913020718896, 0.922631608387674], "b8": [0.3007783443666876, 0.9363435551196752, 0.8741621677859652], "b9": [0.07772345654692321, 0.9011329200743826, 0.8241943381027137]}