{"b0": [0.15841296982837588, 0.86137784350261, 0.8786773466724259], "b1": [0.8756938016860585, 0.8768810174055461, 0.9348168589988578], "b2": [0.32664085859612846, 0.857479070033685, 0.9545127370662037], "b3": [0.8705929441118632, 0.9621899212609495, 0.9124430165378347], "b4": [0.09299094618650072, 0.9143696288109942, 0.9887338419468589], "b5": [0.09527758770804393, 0.9611671090439785, 0.8919512278125598], "b6": [0.9944162359271657, 0.9196989361574001, 0.8979414113857226], "b7": [0.15839923313744006, 0.8826639777177406, 0.8223914829579297], "b8": [0.8892780646610069, 0.9605157414239887, 0.9336837673667178], "b9": [0.6431961476865139, 0.8595915140773716, 0.9215388920218182]}