{"b0": [0.7719098887151646, 0.9828829912858491, 0.934220102018893], "b1": [0.6047956407415941, 0.8988678525289859, 0.8341165777553615], "b2": [0.17155568522776257, 0.9043348372500332, 0.9920045956415359], "b3": [0.8767080799814222, 0.9120361599424992, 0.8466499469307815], "b4": [0.1559528876626305, 0.8098551416341349, 0.8168750053788982], "b5": [0.01012602698092111, 0.9747904948588758, 0.8093338221720758], "b6": [0.015136899704562744, 0.9382464239757549, 0.9660865781388616], "b7": [0.08935481425893746, 0.9527559983327539, 0.9654045775140564], "b8": [0.9960217546745165, 0.9760502843470484, 0.8468272336039954], "b9": [0.6507252956431513, 0.8974178078418666, 0.9589933151652988]}