{"b0": [0.004263379394878369, 0.9891193286887017, 0.861136620752645], "b1": [0.7629293778678807, 0.8734786552250756, 0.9293033496400944], "b2": [0.0006298431668652522, 0.9092863896103196, 0.8667221531601456], "b3": [0.370311616333626, 0.8383625427030686, 0.9094118081262218], "b4": [0.7701410646704019, 0.8612777058409619, 0.8199611120506765], "b5": [0.37585478492066926, 0.8064141260417166, 0.833099210043996], "b6": [0.09785872445699047, 0.9318968193279684, 0.8564164652126045], "b7": [0.9847649616673302, 0.9114500594227272, 0.9475452085566991], "b8": [0.5984719245560857, 0.9247670015346785, 0.9964038856623622], "b9": [0.0920419985773193, 0.9668959682660428, 0.8482855058125327]}