{"b0": [0.7009887741096018, 0.9331315843518679, 0.8385419538303427], "b1": [0.5991183046111996, 0.9330562614940118, 0.8282038824089102], "b2": [0.3169386091351041, 0.8713575047122473, 0.9846593729029632], "b3": [0.07910806519184528, 0.8938165057863833, 0.9277404608731391], "b4": [0.14819000604702223, 0.9072980741465858, 0.8086483458514021], "b5": [0.8327256943402104, 0.9955566927842701, 0.9436529130966119], "b6": [0.9937814313094109, 0.9991832308088634, 0.8994049372933586], "b7": [0.7572045480898082, 0.7559820733350162, 0.9327490452876026], "b8": [0.991665431662785, 0.987841248107186, 0.8070569364389791], "b9": [0.3234627966957573, 0.9316412726463564, 0.8252951738645965]}