{"b0": [0.008479077957803735, 0.9554372441339437, 0.8942201739135315], "b1": [0.08773758023744707, 0.9059354821914386, 0.9051756855964821], "b2": [0.3890675129100869, 0.9184217419339267, 0.8252911257627378], "b3": [0.6243190082785915, 0.9877683632725933, 0.8386793558728723], "b4": [0.09486418584129884, 0.9359088821396385, 0.8772378317202564], "b5": [0.72643920715327, 0.8552951747194193, 0.8435946508991035], "b6": [0.8855987696684839, 0.9431412468661046, 0.8528052806206028], "b7": [0.07056705074971897, 0.8744512758927534, 0.8469135792213177], "b8": [0.001884132455419173, 0.9740347965190413, 0.9649046442475208], "b9": [0.6250772043139211, 0.7991524419859414, 0.9248709478749815]}