{"b0": [0.016566179662765447, 0.7886179325682301, 0.941648248187462], "b1": [0.3293898233316005, 0.9738618806836434, 0.9267512635896737], "b2": [0.1568228563743619, 0.9912644360814485, 0.9569796130712056], "b3": [0.08064164012960091, 0.9209135771441826, 0.8375078525515751], "b4": [0.3434149923090317, 0.9507738449625152, 0.8340190893724966], "b5": [0.879058802714575, 0.9670190285918, 0.9668940372378014], "b6": [0.3459853487437824, 0.9470317732332394, 0.8975268605392703], "b7": [0.543320085343938, 0.8718546989679988, 0.8958899190834504], "b8": [0.16639170934132694, 0.8816808328834488, 0.9411634740449992], "b9": [0.32863382615405967, 0.9932630722846247, 0.9181871492870564]}