{"b0": [0.15204931067407235, 0.9922976262305212, 0.9113996637507268], "b1": [0.1570585424052555, 0.9895436498673142, 0.9177142515103156], "b2": [0.1773180386685807, 0.9315779131086012, 0.8638217555113797], "b3": [0.09492282819437678, 0.9360886867781592, 0.8507843019223642], "b4": [0.1682118178002826, 0.9684014764996668, 0.8401885664746136], "b5": [0.7230498053375328, 0.9482302764194616, 0.8603752979518692], "b6": [0.5863006302327942, 0.9144012997216052, 0.8341341082899086], "b7": [0.7072693635061711, 0.9975827337631362, 0.9548469028321976], "b8": [0.16288727115972187, 0.8845382956434481, 0.9384365310074257], "b9": [0.16766375999115646, 0.7707352885767006, 0.8832346942329857]}