{"b0": [0.588828257377938, 0.9567974960159549, 0.93795776071592], "b1": [0.15622892158878085, 0.9076064036730318, 0.9210650409683453], "b2": [0.15167730225867182, 0.8571976957865794, 0.9038651528267699], "b3": [0.1707494129458045, 0.9228106348381394, 0.9552504540470814], "b4": [0.15821306327628887, 0.9159865417948814, 0.9784201018691161], "b5": [0.15721364330460963, 0.985852841163255, 0.8319817783280051], "b6": [0.5767012884205016, 0.8454012354317524, 0.9099156674310106], "b7": [0.34130299536130354, 0.9545097338276364, 0.8355562036438673], "b8": [0.16533817939035408, 0.9144319810480279, 0.9362027572787761], "b9": [0.07440177074858041, 0.9847076752146364, 0.8921290110884809]}