{"b0": [0.7538906937026693, 0.9477890435872861, 0.8877291264865893], "b1": [0.16356057307738392, 0.9591246884943161, 0.962323970451359], "b2": [0.7856312251977142, 0.8959399297388473, 0.8578643540115339], "b3": [0.08888870652180668, 0.8180556243639131, 0.9149076573467602], "b4": [0.155149893272932, 0.7861858980179539, 0.8233269807765954], "b5": [0.16282671909464855, 0.9132437368302143, 0.8716929691447345], "b6": [0.9798616498586016, 0.970292695116234, 0.834634074417517], "b7": [0.7375358392000777, 0.9202567827189188, 0.9038038699809163], "b8": [0.16102732995151187, 0.9165916453004596, 0.9237796530953214], "b9": [0.8709651823418798, 0.8432346359729226, 0.8602339828865059]}