{"b0": [0.8757062567588519, 0.8874318034942417, 0.9244724762169294], "b1": [0.16811862586250867, 0.9579801557161555, 0.8397663106436416], "b2": [0.15462007497121494, 0.9503813674368192, 0.9086988639455059], "b3": [0.9913927789358888, 0.932205126866475, 0.9956250193514563], "b4": [0.09532748184663226, 0.9747275029618835, 0.8033472194594649], "b5": [0.6524852973334154, 0.940039627291525, 0.9670343778400481], "b6": [0.00429332540754006, 0.8481874241978649, 0.9508454470458346], "b7": [0.1733241457751111, 0.9095551031968163, 0.9947364543041232], "b8": [0.6502846269831762, 0.878996123707679, 0.9534758280953484], "b9": [0.9894180489644657, 0.9409460476264286, 0.9207577591048269]}