{"b0": [0.16058508814291386, 0.7901180689280858, 0.8304244394581065], "b1": [0.74212275180933, 0.8561797625978016, 0.8688955909134315], "b2": [0.16743269854919463, 0.9805516458935009, 0.8388381853664961], "b3": [0.1538208528765282, 0.9992353560347325, 0.9634480415753279], "b4": [0.17061694316832807, 0.8947381523602749, 0.9037545923598781], "b5": [0.6531128189111908, 0.8850338202911441, 0.8875665015038402], "b6": [0.15817422350906854, 0.9100854590249355, 0.8184543083050064], "b7": [0.5934721739109371, 0.9209364214019122, 0.9002618223922194], "b8": [0.6086550679551586, 0.9586387031471711, 0.8988683242646452], "b9": [0.1589500609140976, 0.9624761187385854, 0.8210839093207036]}