{"b0": [0.838202202162553, 0.8762609932222157, 0.8249142686321946], "b1": [0.15099743300285737, 0.8485797924903435, 0.8198929494211504], "b2": [0.16603494722801276, 0.8908511940566062, 0.8385603452288355], "b3": [0.7325533628495812, 0.859562152219465, 0.836828702443199], "b4": [0.5372831892167558, 0.9819135163415484, 0.9597065303049958], "b5": [0.0996840381228303, 0.9616740412144951, 0.9973405590061222], "b6": [0.9805872130637462, 0.9482565561735593, 0.8784951286519012], "b7": [0.5713638645429016, 0.9930156138127412, 0.8176969637409744], "b8": [0.16297476333996702, 0.998372065388161, 0.9335096712771984], "b9": [0.7900231898326274, 0.9998812118865041, 0.8740868816662357]}