{"b0": [0.2787057872633001, 0.9008972557173355, 0.8288206591821691], "b1": [0.15304096049789928, 0.9618126616005488, 0.8275302718510795], "b2": [0.16054225030458663, 0.9682927084566725, 0.9203062575693935], "b3": [0.5703540466520804, 0.7983041263464559, 0.8372614724109045], "b4": [0.15544130265012185, 0.9366944324514147, 0.8454573236976292], "b5": [0.026505577300498448, 0.9830339665020744, 0.9184404917489063], "b6": [0.9838195429368624, 0.9586799575876762, 0.9570180731222968], "b7": [0.5995100240570564, 0.942865193888665, 0.9361358448930818], "b8": [0.7418625176845329, 0.9676418860917693, 0.8626498962709196], "b9": [0.6247262537273762, 0.7375797801456575, 0.9381281912365749]}