{"b0": [0.896684050218057, 0.8474533709929708, 0.9208372724345649], "b1": [0.6170172548396695, 0.9273495696153088, 0.8990829582455944], "b2": [0.16083277188703132, 0.9908172428808983, 0.8467008088204877], "b3": [0.6044721214897111, 0.887108829739963, 0.8195818677923777], "b4": [0.3234512254147955, 0.9800872360503763, 0.8520198847373686], "b5": [0.8878562257733223, 0.9660787543111462, 0.9156899429067871], "b6": [0.15738496565356871, 0.926983288807104, 0.9359488335458661], "b7": [0.2927689713993885, 0.9069400588748754, 0.8755830261499878], "b8": [0.9016498683471813, 0.9383232940831028, 0.9999856515622831], "b9": [0.15326418595496963, 0.7324687838972747, 0.9737748308459626]}