{"b0": [0.1631301672496722, 0.9051527291432981, 0.9760346596758641], "b1": [0.8804172876853775, 0.9523176994152753, 0.9604515678588461], "b2": [0.8973666528321717, 0.8696676950362121, 0.9425289000043743], "b3": [0.1540086037253187, 0.9631341887887988, 0.9859199451235842], "b4": [0.8519866264343302, 0.9275423286445337, 0.8187206641951608], "b5": [0.341476899647265, 0.8408642969961907, 0.9941560748033192], "b6": [0.32635020648160823, 0.9897416358620436, 0.9005747042590957], "b7": [0.16326254747971436, 0.9687029899886248, 0.8442954942242262], "b8": [0.16009524425564475, 0.9101802607962176, 0.8307090421215589], "b9": [0.15740537004656346, 0.9467507168815349, 0.9894305683891189]}