{"b0": [0.7149548649992018, 0.8724626732582434, 0.8784659554901653], "b1": [0.7466248145180998, 0.8963481398887181, 0.9095786436998465], "b2": [0.748672733740651, 0.9777912641023093, 0.9293149503918593], "b3": [0.1563154975541162, 0.9811853841998694, 0.9236234418228093], "b4": [0.147424021630798, 0.8544579150820415, 0.979766573310529], "b5": [0.2964996053366507, 0.952806109208398, 0.8230539267904278], "b6": [0.7718159759451246, 0.9176850935337332, 0.9251421998656713], "b7": [0.7351511000698497, 0.9532389846228826, 0.868070583061749], "b8": [0.7510695741741031, 0.8830382479417672, 0.9738882415405231], "b9": [0.08540106296155647, 0.9533655523229411, 0.9210427323147365]}