{"b0": [0.1616776389890527, 0.9391603459684105, 0.9549606608626565], "b1": [0.7483788598871375, 0.778765574781017, 0.843414816013661], "b2": [0.06366679656001838, 0.9248729512365921, 0.9668119265809437], "b3": [0.7574566472509631, 0.9552170427562952, 0.8651811793696179], "b4": [0.1095173552034533, 0.9528397455953236, 0.8333321538606276], "b5": [0.8915319536354462, 0.9609742576630574, 0.8291216329854599], "b6": [0.7546247120809503, 0.9474418308764073, 0.8747372083276338], "b7": [0.06628349564850876, 0.844628078791405, 0.8093803102031006], "b8": [0.7213341230369601, 0.9433176229552356, 0.9723358083358398], "b9": [0.7633341434477714, 0.8928659672235422, 0.8149604282866199]}