{"b0": [0.09550361843469884, 0.9960097228777954, 0.827790957718809], "b1": [0.08528776700215956, 0.945595816147306, 0.8002202261275315], "b2": [0.7394135490648217, 0.7643910719366254, 0.8297403035935857], "b3": [0.7393187183541104, 0.9560501030719236, 0.872550129398657], "b4": [0.07833790804805957, 0.9716970677011005, 0.8082400033977735], "b5": [0.8955379138278015, 0.9409214126363981, 0.9520634536514214], "b6": [0.15418017824037555, 0.991790608760919, 0.9524979724917673], "b7": [0.7333313749371413, 0.8949874287105181, 0.8183125628365326], "b8": [0.3388019319079523, 0.9203204949823555, 0.8125050506462768], "b9": [0.7978243070691704, 0.9909902731643353, 0.9666807122069995]}