{"b0": [0.07295362098396944, 0.8182468544769504, 0.8026479906660733], "b1": [0.008950850562565966, 0.9917933068872441, 0.8223731376046106], "b2": [0.6272568162548257, 0.9705870170620061, 0.8156274819151892], "b3": [0.3727337418618562, 0.9268703618580139, 0.9745414208355786], "b4": [0.07132484239744395, 0.8465584107077675, 0.8325221397041987], "b5": [0.08760440984004335, 0.9611829054252972, 0.9883805517033681], "b6": [0.06464840409940606, 0.9690019058093462, 0.8791158393197762], "b7": [0.7490359231692719, 0.9119030582424286, 0.892215907770695], "b8": [0.312920517651139, 0.9609901974303567, 0.9923552562490207], "b9": [0.8872711420285475, 0.8241607920832726, 0.9073662130561598]}