{"b0": [0.06931335745582298, 0.926130073601343, 0.8915394764317155], "b1": [0.3222171703305229, 0.9442344828046871, 0.8529710535137017], "b2": [0.612618302416886, 0.9414797236227327, 0.929779388137889], "b3": [0.6456936848370809, 0.9892737445855009, 0.8620916111597599], "b4": [0.08885427055560839, 0.987604490664139, 0.8595694135911666], "b5": [0.7580225979072285, 0.9243219092879522, 0.8819016134789279], "b6": [0.16514488330216676, 0.8472800140836718, 0.9463204249106839], "b7": [0.851779732559493, 0.9597114507497655, 0.9257031244135909], "b8": [0.06975848006948603, 0.9749658596846829, 0.8733641763914742], "b9": [0.33385375813235035, 0.9668078163737573, 0.9667699610824979]}