{"b0": [0.06888566909368989, 0.9829785570064103, 0.9523403788399085], "b1": [0.3123888108216463, 0.9084697332277194, 0.8559787544212205], "b2": [0.3202147389606856, 0.9808891654985246, 0.9772250771845843], "b3": [0.6366168452744589, 0.9334182096658004, 0.8993154324049797], "b4": [0.3597908381437395, 0.9797466426609575, 0.8326861648185283], "b5": [0.9002987700477503, 0.9648590361758081, 0.8518814485945346], "b6": [0.054650883538284234, 0.9001664407155299, 0.8727960876502527], "b7": [0.04893925396521741, 0.7946858980219074, 0.963366814349517], "b8": [0.39271261534775465, 0.7800069376420481, 0.8649653368542849], "b9": [0.1575763370098543, 0.9449580099571936, 0.9260191235978067]}