{"b0": [0.8688042305541785, 0.9385438081136005, 0.9801229954192072], "b1": [0.3138602544582911, 0.6537467836204759, 0.887777687362832], "b2": [0.0793571338061092, 0.9392868550890409, 0.9404005815107584], "b3": [0.7482954401850154, 0.9462549679794487, 0.8116251453378572], "b4": [0.8952797128940009, 0.8400054887202922, 0.8385583979155643], "b5": [0.2886022137058375, 0.8938455491967546, 0.93649525975607], "b6": [0.059867967163491034, 0.9424576180174834, 0.8521045707457489], "b7": [0.07670344453298551, 0.9038329715808224, 0.8467466350311809], "b8": [0.10724845872923806, 0.8148630920791003, 0.8280213828102757], "b9": [0.3170800959030254, 0.9226226666341134, 0.8813093322205114]}