{"b0": [0.6065270228144971, 0.8248767746721932, 0.8283337035445701], "b1": [0.08782650587441747, 0.9503433641524413, 0.9508155132310608], "b2": [0.09577232877930539, 0.6985884773819226, 0.9006089291368444], "b3": [0.9065906140903475, 0.9623018311511896, 0.9105458735411303], "b4": [0.6292049775065087, 0.9953810131965747, 0.9358410761043675], "b5": [0.99355599765234, 0.8915744791088049, 0.8502336367430208], "b6": [0.985833599685595, 0.7752523214924446, 0.8404750854933628], "b7": [0.31448042791442016, 0.9444112028617028, 0.9633691540694638], "b8": [0.590649165390847, 0.8733370188998818, 0.9310636066297948], "b9": [0.16992125854055953, 0.9517047378943653, 0.9184791681234704]}