{"b0": [0.10987069873392041, 0.854841589192254, 0.94205554560295], "b1": [0.10465876049369412, 0.9373382966974714, 0.9488257925205207], "b2": [0.8757420700175054, 0.9635684155640216, 0.9436186365684608], "b3": [0.9195239055737293, 0.847808771872695, 0.8063630297389389], "b4": [0.07189437041473322, 0.8609319959907507, 0.8315044028375956], "b5": [0.16101488029489322, 0.8731817415161, 0.92474153349769], "b6": [0.1637144502538882, 0.9635880786044203, 0.8215247841158336], "b7": [0.0827256568832563, 0.9426459447917084, 0.9030055291232572], "b8": [0.9798970923651886, 0.9126160745255829, 0.8990429559055414], "b9": [0.6173864869498189, 0.8778664916218379, 0.9200319644130169]}