{"b0": [0.7564984783097137, 0.8612009599876032, 0.8445572015416241], "b1": [0.30196116853395977, 0.8781839821636932, 0.9008071707024282], "b2": [0.9783474570975789, 0.8173404086434866, 0.8075826251948756], "b3": [0.0913005125585674, 0.9857851723118561, 0.9586478942366254], "b4": [0.6445821460730866, 0.955092142292434, 0.8912641961110253], "b5": [0.0009776338031616248, 0.8228602067138108, 0.981366983146519], "b6": [0.367715985720871, 0.9395085216117596, 0.8142448786297325], "b7": [0.1599221689252629, 0.8367071744317036, 0.9821759643818919], "b8": [0.09449329949973498, 0.9554121729813861, 0.9955306286120934], "b9": [0.10413437876730652, 0.8931365401343367, 0.8690584059782097]}