{"b0": [0.3374862297460709, 0.9957863500742089, 0.8135055742765287], "b1": [0.32926801061642935, 0.981810304301796, 0.8404563213742046], "b2": [0.0139053376370128, 0.7626320243484579, 0.8747852068173217], "b3": [0.09382575235026822, 0.8916697097211557, 0.9906185474813077], "b4": [0.9912528363727892, 0.8534253262072964, 0.9474905577476566], "b5": [0.08589713225397137, 0.9761900751293356, 0.818355860389613], "b6": [0.5802975055415021, 0.9054661157712671, 0.9920138266108063], "b7": [0.8394898642011522, 0.9412264962262722, 0.8636946311692405], "b8": [0.8901298568919632, 0.9209840718583103, 0.9033842098852642], "b9": [0.15913680090216628, 0.97846377397672, 0.8339347432454975]}