{"b0": [0.3373036497849868, 0.9891232185913154, 0.9170400795199032], "b1": [0.887595774248934, 0.8812274842095449, 0.9273874360818404], "b2": [0.2925395299120405, 0.9160971502929453, 0.9457370293551459], "b3": [0.604126221254781, 0.9522123200559779, 0.8345763173183147], "b4": [0.327167292816645, 0.9266964719472303, 0.8135152389992172], "b5": [0.0785227006759365, 0.7911393670810017, 0.8871869378619863], "b6": [0.1677238162599412, 0.9517163297052121, 0.8136605505679819], "b7": [0.8531452860664234, 0.9358587308564927, 0.9372931710473859], "b8": [0.15865852062628613, 0.925581735018633, 0.9060048115747554], "b9": [0.17329552531980968, 0.9813369995565702, 0.9813826478447487]}