{"b0": [0.33251168422908073, 0.925174774521811, 0.9865651213613584], "b1": [0.7325988958286495, 0.7704407017549366, 0.8533758349926432], "b2": [0.32991143034261106, 0.8994223921749923, 0.8715687350573746], "b3": [0.10822591574240865, 0.9225608188892742, 0.8888153290713134], "b4": [0.311150840737922, 0.879143808729426, 0.8699045484727941], "b5": [0.15777664727805635, 0.9217589312689628, 0.9480056631225863], "b6": [0.7465914961145238, 0.7745127455227536, 0.8154951088723642], "b7": [0.16303029037095068, 0.9708465147019897, 0.9556071009435775], "b8": [0.1689958784362244, 0.8541926286866353, 0.9577910531043418], "b9": [0.15525897757016507, 0.9732346138920973, 0.9859739441285194]}