{"b0": [0.8965204312275543, 0.8389937083460431, 0.9690575976506731], "b1": [0.31193789903224073, 0.9744545483651676, 0.8991955657356698], "b2": [0.052633292789563794, 0.8501371329783944, 0.9273844628614776], "b3": [0.08670476177649533, 0.9494656418841609, 0.9264846727759429], "b4": [0.0804495551893066, 0.9652994344149184, 0.9662825632906075], "b5": [0.1596736992888267, 0.8653126096228483, 0.9218360418859265], "b6": [0.5840890065301827, 0.993702129864132, 0.8670647353064139], "b7": [0.17076661372435223, 0.9689691851671344, 0.9787077529707281], "b8": [0.986592061948102, 0.9321781876604271, 0.8333726569056591], "b9": [0.09297433995956585, 0.8368497609456628, 0.9455768409919334]}