{"b0": [0.34531503698192706, 0.9154890654543653, 0.8504136145104302], "b1": [0.5899776975512805, 0.9471645061917109, 0.9678685953039252], "b2": [0.9005184326288885, 0.8842958436545851, 0.9310937678666362], "b3": [0.7765675635625844, 0.9737763789176286, 0.9354833604883102], "b4": [0.161336789677434, 0.9430607815306071, 0.8612056574128811], "b5": [0.08297749529850021, 0.9073310759938278, 0.8532869003971651], "b6": [0.8359537201735536, 0.885590177281745, 0.9118010963292099], "b7": [0.8941098681644313, 0.965781504956323, 0.9566957798893783], "b8": [0.8407154101362007, 0.8966734973517839, 0.9959138599561412], "b9": [0.5888875298392905, 0.976464858167774, 0.9968274923260043]}