{"b0": [0.3731302465670836, 0.9396241360096167, 0.8061544201102886], "b1": [0.8442195690394487, 0.8951578073773655, 0.9846305572261872], "b2": [0.3288933530426663, 0.8421302520422875, 0.8292245283170271], "b3": [0.9177765787347909, 0.9841848604339163, 0.8002313035936949], "b4": [0.535127593177237, 0.8799738750674829, 0.8449205164184193], "b5": [0.3498265803146159, 0.9893367860741031, 0.897874798312948], "b6": [0.7842549400478502, 0.8977002945581829, 0.9038792625101518], "b7": [0.9196266879398172, 0.924602208791825, 0.931160804019481], "b8": [0.6369932249333141, 0.9169536438180158, 0.9151248855104916], "b9": [0.1295812579202355, 0.9305714476325645, 0.8536908929320219]}