{"b0": [0.03748107494430357, 0.9443474504742769, 0.9208420743297581], "b1": [0.08258225160363786, 0.900648986969659, 0.834195582181269], "b2": [0.16186742134167403, 0.8876277881277298, 0.9883479484534239], "b3": [0.07037991942178481, 0.9150945487628992, 0.9932741625369677], "b4": [0.9025623836578102, 0.9463181120242469, 0.9001585531654609], "b5": [0.09829135396054343, 0.9116400773779461, 0.8129886166539356], "b6": [0.8542707178513406, 0.925526008928744, 0.9225927046577367], "b7": [0.3522283741688536, 0.990637349375398, 0.919037571834198], "b8": [0.9167046706083195, 0.9896119030188767, 0.9507532438534847], "b9": [0.3720696475410156, 0.85159570708655, 0.8854391034935963]}