{"b0": [0.8987785598393195, 0.7987378157864257, 0.8214552964386667], "b1": [0.9090189861718737, 0.9377415405584698, 0.9624383332126578], "b2": [0.8779120730944012, 0.9964071967759215, 0.8602677680426284], "b3": [0.3236962842417339, 0.902404309975512, 0.8014750589940942], "b4": [0.34923259539683926, 0.9614702663752679, 0.84268531039833], "b5": [0.35994399402346133, 0.9019494181690108, 0.9597498588185127], "b6": [0.3526800288625288, 0.9440027525309805, 0.9685817581286297], "b7": [0.898767062167401, 0.8881642273053272, 0.8833657860092908], "b8": [0.8665954089766654, 0.8983933874530385, 0.8513935613285243], "b9": [0.822536229776397, 0.9888375500571397, 0.9440289629573142]}