{"b0": [0.835215369838254, 0.9745466756274106, 0.8999130847094822], "b1": [0.7191650166724731, 0.8058686189896663, 0.874117712737545], "b2": [0.16768557003562748, 0.7751691515247504, 0.9014964563825978], "b3": [0.6122045535293573, 0.977005079035018, 0.9704961974147619], "b4": [0.8700300670370182, 0.9075151158254839, 0.8358191493795987], "b5": [0.7500968834979953, 0.8028985217060949, 0.9510246556543338], "b6": [0.8868778976353017, 0.8814665607884669, 0.9142049930310421], "b7": [0.7033363971691209, 0.7191025122408559, 0.9619723061609418], "b8": [0.0013249216827104044, 0.9360320719072139, 0.9794064684716566], "b9": [0.35183147987251223, 0.9157856900717266, 0.978413610155918]}