{"b0": [0.8806156332147023, 0.8092332779700002, 0.9456041296122066], "b1": [0.7157777166651416, 0.9233628549454235, 0.9473473969279037], "b2": [0.014942767353420644, 0.8586455478875411, 0.98777668192048], "b3": [0.3344170294747852, 0.8578237940907593, 0.8268005976105184], "b4": [0.16927688990870432, 0.9251505885444317, 0.8999700952192583], "b5": [0.6278264813977149, 0.9522848997909269, 0.9396444766743224], "b6": [0.7407482225650683, 0.8800947326110028, 0.8420790140272498], "b7": [0.09465965098586362, 0.9636458159135892, 0.8467101350148927], "b8": [0.7801757748983945, 0.8877604169294664, 0.9477044276003674], "b9": [0.8907923821409588, 0.972477059619222, 0.9065817285918695]}