{"b0": [0.8998426226341697, 0.9858095488797926, 0.9414135634500578], "b1": [0.5843834463269695, 0.9123486998619518, 0.9438129786186589], "b2": [0.8505728424521943, 0.9666921929771536, 0.9709323598305601], "b3": [0.16301958356725332, 0.9659227200523742, 0.9541392846981015], "b4": [0.9154359454910818, 0.9654430471021358, 0.8382852237027119], "b5": [0.16465098622544258, 0.8040982651253202, 0.9339319758985567], "b6": [0.847797862487134, 0.9756097070155941, 0.8154370787398237], "b7": [0.3683164669690852, 0.99984306141708, 0.9725163540762851], "b8": [0.15805617289515714, 0.9709158986914563, 0.8386500554081426], "b9": [0.16196859306451336, 0.9695170588832132, 0.8085301071124552]}