{"b0": [0.8890638116822742, 0.9709166166238208, 0.8105239305872509], "b1": [0.16756419261862784, 0.9494386419101744, 0.9677583959579745], "b2": [0.8401411963909371, 0.8491468661732274, 0.816877967196711], "b3": [0.15904967594978855, 0.8060719909883812, 0.8435162430924887], "b4": [0.8423261291218843, 0.811775787678916, 0.8868101364936406], "b5": [0.17049725720708342, 0.9880885606278863, 0.925759905256117], "b6": [0.9071326551153027, 0.8998632608114434, 0.8752766238013018], "b7": [0.15667262955530817, 0.96347573802887, 0.902598178178109], "b8": [0.910427943582243, 0.8585661964268455, 0.9800686356242412], "b9": [0.8728209610528055, 0.9363111393342488, 0.8702672178619254]}