{"b0": [0.15356759301647446, 0.9714347270447391, 0.9002382362336868], "b1": [0.8624933911589518, 0.9909914725800958, 0.8450723054005834], "b2": [0.15674233269629703, 0.9554596292623065, 0.888539841302002], "b3": [0.8948664581398345, 0.993702816949757, 0.8573605222126608], "b4": [0.7704775044629476, 0.9805478690558309, 0.8903367988433893], "b5": [0.15395670476472795, 0.8989677387914179, 0.8587109672246797], "b6": [0.9004958689094994, 0.8813124740572902, 0.8068941058178093], "b7": [0.8650297304361549, 0.8782959025927067, 0.9772453985760446], "b8": [0.3205362854103268, 0.896125679969049, 0.9502474414502683], "b9": [0.8967258661006361, 0.9319992924196066, 0.9871588050799898]}