{"b0": [0.06570079863209358, 0.9388974767261243, 0.9526386263721628], "b1": [0.15664040031415616, 0.9956327696380872, 0.9520392507954061], "b2": [0.32708800445560454, 0.9016909492227393, 0.8486899915242774], "b3": [0.7550321312893787, 0.9829794325738629, 0.8437036846851745], "b4": [0.7915074475651878, 0.9536721715248772, 0.9657766738069951], "b5": [0.16826081318162547, 0.9098765287062414, 0.9722227844039469], "b6": [0.1602457324600058, 0.9627618726749604, 0.9323784947714857], "b7": [0.7284756842027669, 0.9207380687078158, 0.8740265745694851], "b8": [0.09303146520626852, 0.8763684020227029, 0.8764460596895098], "b9": [0.0040472963131245095, 0.9495710904278134, 0.8623648065160208]}