{"b0": [0.8793723800397677, 0.9875443616911109, 0.9663221930309913], "b1": [0.9434828384947227, 0.8662666166880166, 0.9625022432256024], "b2": [0.15371858911915987, 0.9668894273243527, 0.997877827595897], "b3": [0.14969025157466154, 0.9815752899240708, 0.8555122277555701], "b4": [0.7824474412673722, 0.9257830251601225, 0.8815087111495878], "b5": [0.3425914395751575, 0.9484847654527832, 0.8478365195556369], "b6": [0.7558049039148105, 0.9350717977029389, 0.8245518997028849], "b7": [0.7542485808138487, 0.8732951691352523, 0.9022763860127654], "b8": [0.1657535464207359, 0.9424491991310302, 0.8038962371353786], "b9": [0.056721629492944944, 0.8929597598778392, 0.823774864233591]}