{"b0": [0.08416235160259951, 0.8497368428531448, 0.8729511902819078], "b1": [0.9286032791697548, 0.8907632169680499, 0.8969052008296334], "b2": [0.8726684905139939, 0.8082421337392377, 0.9160975985246677], "b3": [0.7423718867513145, 0.8814361352000638, 0.8610391428366859], "b4": [0.31761012132760424, 0.9345098196829372, 0.9278339050771622], "b5": [0.08310218242640646, 0.9272837724264523, 0.8529794658811147], "b6": [0.9961144585072017, 0.9052004746216332, 0.8860664713260052], "b7": [0.9865263915114272, 0.8152114957037103, 0.8092907484419744], "b8": [0.1631590452159898, 0.9940928143625765, 0.9359360118694395], "b9": [0.9874291368632886, 0.9757351386468848, 0.9902645087231822]}