{"b0": [0.1022457037328273, 0.9010172881447391, 0.9582173251546009], "b1": [0.9901950913345136, 0.9221756864724727, 0.8389952148673206], "b2": [0.9821965348182637, 0.9028695519605026, 0.817053493169486], "b3": [0.1046583095873712, 0.8867437223167038, 0.9781531624935438], "b4": [0.9083418140313154, 0.8615402441793109, 0.8365099823343641], "b5": [0.7512073033831586, 0.8580785431124615, 0.8493239253369868], "b6": [0.9800834428625572, 0.8921073643320956, 0.9508262761422569], "b7": [0.16452901096720385, 0.9672341786958237, 0.9254827233973181], "b8": [0.838706351992872, 0.8660111487316936, 0.9521106923416638], "b9": [0.8468332521810451, 0.9807065269571444, 0.963822027584426]}