{"b0": [0.860903814696286, 0.7828477887119063, 0.9255186338481157], "b1": [0.012566654465464169, 0.8674085030349713, 0.8330118057930149], "b2": [0.16624122918224113, 0.7611053337027652, 0.9134055303824025], "b3": [0.04049879400751445, 0.8086590570155809, 0.8308767630554854], "b4": [0.8707730868323307, 0.8781483769690799, 0.917074946281327], "b5": [0.8575685135662057, 0.9647833750371568, 0.9153318003830064], "b6": [0.3424877242363488, 0.9870424335867024, 0.8912706430818187], "b7": [0.8877140679063465, 0.9143763446146964, 0.9334282481125498], "b8": [0.06055224701149501, 0.8858366674286766, 0.9211767552855195], "b9": [0.09634220848613817, 0.989659723170544, 0.9562565478955343]}