{"b0": [0.9017592204637046, 0.771266328011263, 0.9663089035910197], "b1": [0.0009413005739996539, 0.8583657475586003, 0.8086185352768465], "b2": [0.8711573371418713, 0.9601844561626962, 0.9881668725427954], "b3": [0.9970547835351362, 0.9666366299289413, 0.9835367472512409], "b4": [0.16023696104555213, 0.8641034525331631, 0.9720402521351512], "b5": [0.07636001887855311, 0.960288284252047, 0.9883771568850358], "b6": [0.8795623412249344, 0.9153351866494837, 0.8376796527964483], "b7": [0.9851163715580438, 0.9822625181291172, 0.9193812133911275], "b8": [0.0098342110639408, 0.8472981356560045, 0.8323453894480101], "b9": [0.8887144603853666, 0.8781154092772395, 0.8030565616873468]}