{"b0": [0.8864121247798263, 0.8930469588699497, 0.9491706422965778], "b1": [0.9928208606184463, 0.881951430396516, 0.9232380985947904], "b2": [0.8815256837140908, 0.9438492616339421, 0.8668956040623195], "b3": [0.6546201608036424, 0.9322330317035425, 0.9613606958041447], "b4": [0.02592892834609956, 0.9349244826967449, 0.8632341487440846], "b5": [0.06892455963636578, 0.9498842628147632, 0.9959400813991414], "b6": [0.008569397724113184, 0.8733569909735125, 0.9879739704668458], "b7": [0.01703137936585231, 0.7984249560382449, 0.9915417431088241], "b8": [0.8853528904125868, 0.9344685050752826, 0.9854556287138303], "b9": [0.3247523732925767, 0.9424108628030038, 0.9565882650027365]}