{"b0": [0.002174980210808473, 0.9332397531842238, 0.8686317679828042], "b1": [0.6402842609129564, 0.977098957204604, 0.9179862863731191], "b2": [0.010187997694827566, 0.857684553492468, 0.9066190161080813], "b3": [0.8787818357813877, 0.7203694001925018, 0.9909789867401577], "b4": [0.5731174135859123, 0.9304702602498951, 0.8114011966251954], "b5": [0.8924703249602598, 0.9513304057766214, 0.8173010277464013], "b6": [0.8566356570284327, 0.9717603503125997, 0.9056782033031142], "b7": [0.9941777967444537, 0.9138262825662073, 0.9195398552347684], "b8": [0.0036344084489776597, 0.9767685884082445, 0.8674839172947014], "b9": [0.9177979044127851, 0.8589417903930849, 0.8817789659033124]}