{"b0": [0.839144918812436, 0.8147545995783793, 0.9794737494343723], "b1": [0.014805871714883512, 0.9006536594427703, 0.942427756913853], "b2": [0.1564015984270349, 0.9212226220943271, 0.8350755025765082], "b3": [0.15531219679816122, 0.979660520129228, 0.9490550898371687], "b4": [0.009869045735782072, 0.8352635618895641, 0.8948921530815808], "b5": [0.841052780967526, 0.928013800890991, 0.9034481554481872], "b6": [0.8527896067743588, 0.9500393726164365, 0.8008594026706806], "b7": [0.5910377168787767, 0.9961341953415864, 0.9190374479777715], "b8": [0.7121187907169471, 0.9880388667828619, 0.8007616537207634], "b9": [0.1756418794334132, 0.9615153141995486, 0.876564614165769]}