{"b0": [0.9004418498600579, 0.8962055326481387, 0.8928626398037032], "b1": [0.15510453724860557, 0.8062957063157166, 0.8699568349930865], "b2": [0.15864770777169046, 0.8627754246014763, 0.9778287595830212], "b3": [0.3485187141818475, 0.9805344169179528, 0.9811214170517828], "b4": [0.07090614131200629, 0.7719453148755886, 0.9454509323057653], "b5": [0.8960306326646481, 0.8970007246973561, 0.9632069175270901], "b6": [0.8474191440796868, 0.9289273112290688, 0.8091566220935453], "b7": [0.7346287424014537, 0.8971745378387762, 0.8540175691332301], "b8": [0.08170845084259447, 0.8275503026579483, 0.9403312742376839], "b9": [0.97201016690621, 0.837714163203171, 0.8060119214647095]}