{"b0": [0.73552244184352, 0.9677987407449852, 0.8746597175138601], "b1": [0.07448651024321894, 0.9216146970986013, 0.8049666564868413], "b2": [0.8549094914956212, 0.9921999048564206, 0.9363369560421703], "b3": [0.15971147159634133, 0.892562497785176, 0.9118333256927449], "b4": [0.863174909084332, 0.9760450545183664, 0.9110553772264042], "b5": [0.15565008579885142, 0.9939476228076348, 0.916279043268082], "b6": [0.16567620229520957, 0.9662276109295873, 0.8895332268247538], "b7": [0.3321917540136291, 0.8711314072225989, 0.8982049634271363], "b8": [0.8821953255803769, 0.9675119115075046, 0.9273739976647835], "b9": [0.8729682078671724, 0.9957507278069042, 0.8230885673148517]}