{"b0": [0.0796311146837706, 0.9510248977041913, 0.8865165049841589], "b1": [0.1586040532722071, 0.9001075786892119, 0.9642169767115216], "b2": [0.9289340738776971, 0.8574019049816273, 0.8424950034141943], "b3": [0.10203281848901023, 0.9236165188499713, 0.8634206718912073], "b4": [0.8418117664445606, 0.878673455066066, 0.9745202876181989], "b5": [0.07759041766826176, 0.9084467261969031, 0.8476882245236815], "b6": [0.1549057828344223, 0.902840812747558, 0.8652815070591301], "b7": [0.09061062196915838, 0.9265038753400512, 0.8516942692423213], "b8": [0.882957719715177, 0.9742878852314668, 0.8327324659487735], "b9": [0.9810127670016412, 0.8084908387602221, 0.9795198906612996]}