{"b0": [0.07677644339106954, 0.8892214254655224, 0.8912821696897143], "b1": [0.15921021660096923, 0.9862011636983393, 0.8080898878373857], "b2": [0.8429377396569769, 0.908837534027452, 0.8068471966811859], "b3": [0.07643773217288513, 0.9030122697680075, 0.9262173874374244], "b4": [0.0013341451421026546, 0.8768263098850779, 0.9129983033955947], "b5": [0.7331866226420946, 0.9247047679555317, 0.9494129714334733], "b6": [0.1006229928884761, 0.9478910683185934, 0.8980828084480388], "b7": [0.0055545783173861375, 0.9340860405727607, 0.9695686080099492], "b8": [0.8706723350363287, 0.9336957567530325, 0.9400595263714773], "b9": [0.06707394717457746, 0.8660447546724004, 0.9701431115091307]}