{"b0": [0.331653040060189, 0.9465576701065963, 0.8981918953063419], "b1": [0.5619919977902569, 0.9416084337014167, 0.8465369695197825], "b2": [0.08055156362815843, 0.9678181394848933, 0.9358096365258419], "b3": [0.09769589552806612, 0.9153793670228118, 0.9009847029575013], "b4": [0.08713460429914704, 0.8863215071876701, 0.8305057783096921], "b5": [0.34633715720987596, 0.9278363300846904, 0.897109813399692], "b6": [0.7644807215422788, 0.9080923913001067, 0.8496678482428994], "b7": [0.9861022100443649, 0.9515686967221533, 0.8428429883633328], "b8": [0.0775691759796928, 0.9603928815814888, 0.9864190810158974], "b9": [0.12202689300965025, 0.8552700807212197, 0.9611228288693613]}