{"b0": [0.07563837528493489, 0.8871678466734945, 0.9382550032613461], "b1": [0.16280457063959472, 0.8701283891495514, 0.9703575522894862], "b2": [0.7554116884247857, 0.8787411882638679, 0.8298631456125432], "b3": [0.8715087087098878, 0.9346613029312456, 0.8911048964733608], "b4": [0.07111561297907776, 0.9240229111632856, 0.8186736529362248], "b5": [0.9954678098303014, 0.9335058589257581, 0.9519456411007131], "b6": [0.9993683179489085, 0.8679152910891327, 0.9522764559020674], "b7": [0.11162263082921794, 0.9159464205129767, 0.886088121244498], "b8": [0.0017981915241546901, 0.9243801834633419, 0.804992263138105], "b9": [0.1598872940496397, 0.8516149732165899, 0.8972025431826451]}