{"b0": [0.6343171122196769, 0.8736715338181985, 0.9867501885504665], "b1": [0.9680937510357431, 0.9972667889719529, 0.9990176514903603], "b2": [0.2580591432502025, 0.9668989261318072, 0.8032493352738169], "b3": [0.0969525056786859, 0.9972612914574904, 0.8001126107842249], "b4": [0.07787783268954007, 0.9593445152874663, 0.9222302663848625], "b5": [0.7219709786732313, 0.8889800229642291, 0.9399528338507733], "b6": [0.08127661089210607, 0.9132283053711429, 0.8058573853945927], "b7": [0.1030669964188663, 0.888675243520235, 0.9388908958739534], "b8": [0.3349313495496791, 0.8945982052991962, 0.9941534817018572], "b9": [0.6013180443716902, 0.9106399800892078, 0.8515798103464935]}