{"b0": [0.15865849296336532, 0.9663967814338059, 0.9935164523902158], "b1": [0.16420284868697316, 0.8622979470507613, 0.8726529355871131], "b2": [0.3171515175861475, 0.9294330982756784, 0.8248085588032498], "b3": [0.16355468745022642, 0.9197683410793286, 0.844239425696789], "b4": [0.9012538094297952, 0.975565156308827, 0.9997526874848277], "b5": [0.17287593217622113, 0.9945751304773442, 0.9226400933026748], "b6": [0.8405921590020597, 0.9683779892143543, 0.8459798367692218], "b7": [0.868354300196897, 0.8898319489978591, 0.9147283565597306], "b8": [0.35480291096357275, 0.8205168792266426, 0.8730184250895856], "b9": [0.1637837801663429, 0.9520040778275032, 0.9698367491526128]}