{"b0": [0.14476822484595991, 0.9602814407262674, 0.967255523136666], "b1": [0.8634170863295505, 0.9821454431906989, 0.8635805877384235], "b2": [0.32923479710975173, 0.8443208321550069, 0.9679067398250247], "b3": [0.7393372588277142, 0.8637322881295489, 0.9300220266815535], "b4": [0.9848311401439631, 0.9501815086135217, 0.8042308638258393], "b5": [0.6597758919395948, 0.9215796863039334, 0.8289114687822671], "b6": [0.16557447677371426, 0.878330211727734, 0.9162031816531558], "b7": [0.8975225832513953, 0.912628028026603, 0.8431031903598941], "b8": [0.8453786038671027, 0.943251868324526, 0.8420298045841997], "b9": [0.1701305216002067, 0.9645521852472012, 0.8946912367112634]}