{"b0": [0.09142903014429296, 0.847716505436836, 0.9511492247387296], "b1": [0.9145072732489112, 0.834694769543348, 0.8880506417077173], "b2": [0.15561472983387825, 0.9596413302251209, 0.9032577843923084], "b3": [0.3148846602905918, 0.91520054014067, 0.8359481491624559], "b4": [0.16513972936698984, 0.9401086253944796, 0.9520088811610159], "b5": [0.8553633002274761, 0.935894774661794, 0.9605257582278561], "b6": [0.8546281922575956, 0.9921281559717198, 0.8485262873485945], "b7": [0.1567168221183647, 0.9586484086770113, 0.9369096782178568], "b8": [0.7102630478045668, 0.9845832357037214, 0.8998171966666996], "b9": [0.3227114768216113, 0.8503504718722865, 0.9803203415356535]}