{"b0": [0.006970776927058787, 0.7300918156705477, 0.8800101865961213], "b1": [0.8893135363764961, 0.902241766785474, 0.9457434866364985], "b2": [0.8524812301497557, 0.8745902385871175, 0.8835302003819602], "b3": [0.36071489392807776, 0.9100393823766294, 0.919665581601929], "b4": [0.3188465171909433, 0.8864707643841235, 0.9340168050201632], "b5": [0.9027708389552498, 0.964203234760139, 0.9806838917871613], "b6": [0.1632361064797264, 0.9024217476365415, 0.9492177277184566], "b7": [0.1588520762523305, 0.9155665056259165, 0.9866991920579824], "b8": [0.6716107343994898, 0.9759267499515403, 0.8293375016728561], "b9": [0.1576946132505534, 0.8565978653121171, 0.8688382707238098]}