{"b0": [0.9994594709493917, 0.9842431620120774, 0.8657879588631198], "b1": [0.27662365358387986, 0.8955403664375584, 0.9847253049789921], "b2": [0.16197609670901084, 0.7999816736187901, 0.98628073467743], "b3": [0.169998663056929, 0.9933018494013863, 0.8713071989956505], "b4": [0.32058340522613726, 0.9384848043822841, 0.9747461154204413], "b5": [0.89206330525936, 0.9802469467988253, 0.8434326376170124], "b6": [0.9044212233515441, 0.7955600266003117, 0.9840072675969723], "b7": [0.1577034768848855, 0.9935179145197762, 0.9354452380051603], "b8": [0.31990999200438813, 0.9084985005812826, 0.975033373775183], "b9": [0.9184969064386995, 0.9743105001330715, 0.9051043366654103]}