{"b0": [0.6266219829916908, 0.9674992902780284, 0.9879148216216345], "b1": [0.07959701796000325, 0.9685650857852806, 0.90496650686964], "b2": [0.7520783896338266, 0.9165271035527763, 0.875240527482732], "b3": [0.84257369821797, 0.9324975586975947, 0.8302059510971881], "b4": [0.08952672919618357, 0.8657966299056801, 0.8049778513142265], "b5": [0.08431879276302955, 0.9921723420735067, 0.8062681863472292], "b6": [0.865679171291649, 0.9982769152703697, 0.8557104695987268], "b7": [0.3149081992173358, 0.8974753243601831, 0.8597875821062781], "b8": [0.5692871737880156, 0.9880058929913783, 0.9852607363017526], "b9": [0.5469760995427889, 0.9278102180558315, 0.8058389598560732]}