{"b0": [0.34434566183848253, 0.9092889212845044, 0.9643872493937379], "b1": [0.9304044075449808, 0.9132019984720554, 0.9546930237536205], "b2": [0.105207852278275, 0.9718504579356417, 0.8624038634229378], "b3": [0.014914913211703695, 0.9041425518510064, 0.8394576520874607], "b4": [0.8628190581875753, 0.8893959830377665, 0.9712895576496181], "b5": [0.09996274041744906, 0.9607682767020469, 0.8436033477486579], "b6": [0.2847644979362507, 0.8701036013055695, 0.9940692055934193], "b7": [0.8259652082193853, 0.7120139719828752, 0.9566809388255904], "b8": [0.6135493806512072, 0.9178794113226086, 0.815639385493653], "b9": [0.07952666940083536, 0.9914790561994319, 0.9440452730695292]}