{"b0": [0.6973447878105883, 0.9023330632883461, 0.9906169464887401], "b1": [0.9861265795976584, 0.8874645584791129, 0.8249716940721065], "b2": [0.3380067564539275, 0.9591731272822673, 0.9110959259422721], "b3": [0.8610019349088163, 0.9913355154501494, 0.9687071396102686], "b4": [0.09318738058985225, 0.8985214570631089, 0.9413790894790783], "b5": [0.59442060130568, 0.7328182428029102, 0.9419635672546509], "b6": [0.9994830013352706, 0.9864845002888397, 0.8136420481730166], "b7": [0.7528820432916532, 0.8855028129359802, 0.8780886956145902], "b8": [0.015188955539063607, 0.7880943726971634, 0.9472085787390361], "b9": [0.0741448229424214, 0.8555085937720471, 0.9567389772400797]}