{"b0": [0.6406374190263229, 0.9464574038899909, 0.837826216190499], "b1": [0.9161777621355996, 0.8994330147622684, 0.8500548733618623], "b2": [0.08257477451772631, 0.9374485241980559, 0.9301192264239551], "b3": [0.16169097619540884, 0.9983892478384562, 0.9572360237826106], "b4": [0.074106065588326, 0.8518932602893006, 0.989487231436551], "b5": [0.3684591991012783, 0.961434600871301, 0.9373872800680334], "b6": [0.5967636609430845, 0.8499498117339894, 0.9706069378173368], "b7": [0.02592997638204367, 0.9419227705822557, 0.9776973981607624], "b8": [0.1340155103598858, 0.9683958498607464, 0.9466347376520144], "b9": [0.10693905258894419, 0.907818438572394, 0.8192198714446716]}