{"b0": [0.569963407427639, 0.9747964338529783, 0.9177964697365735], "b1": [0.6628132615287019, 0.974700036284951, 0.9834876303360044], "b2": [0.8639303667416458, 0.9736553712032616, 0.9782518437536786], "b3": [0.7472818601260118, 0.8994953766095426, 0.8455005408287652], "b4": [0.8716694330069973, 0.8747196602206201, 0.8839545124593922], "b5": [0.16157684476901554, 0.9876254611336115, 0.8048451406512324], "b6": [0.6603925063331146, 0.8265887449847696, 0.9574249761773107], "b7": [0.7228214487592202, 0.8694326436062485, 0.8623302541760668], "b8": [0.14982775767922887, 0.95198147530179, 0.97357831351737], "b9": [0.8695397138731316, 0.956811548478234, 0.8357495717176987]}