{"b0": [0.6499821796310888, 0.9143546724990153, 0.9389296270190401], "b1": [0.6297347002495924, 0.8078560635416048, 0.9783398334827232], "b2": [0.8562978632993622, 0.9840076482383233, 0.8138029630222516], "b3": [0.8861399707855822, 0.9876702739999266, 0.9476240130010618], "b4": [0.36618824054185256, 0.9104875225615175, 0.8361813259612424], "b5": [0.879524784123045, 0.9586679759855251, 0.869381416765026], "b6": [0.8571777279237215, 0.9670721384821335, 0.9742402686046898], "b7": [0.8542984057335025, 0.9762641592500817, 0.8361031373603862], "b8": [0.012941373818083518, 0.9615762536530219, 0.8227435196936619], "b9": [0.8194064435788988, 0.8566382556676748, 0.9736285067254131]}