{"b0": [0.8694118502612558, 0.9237183606952545, 0.9599412540083354], "b1": [0.06911138191912453, 0.9746267382842962, 0.967868048770119], "b2": [0.15150949491822138, 0.7969324063208651, 0.8079152928437157], "b3": [0.8968949542384926, 0.9597601375036526, 0.8131912318509243], "b4": [0.07495315368343779, 0.8604717896122489, 0.9344217323804055], "b5": [0.8889368495432548, 0.8823234215581489, 0.9254877509692386], "b6": [0.8656708578361685, 0.9881282221055251, 0.9337657964651654], "b7": [0.3288897386719494, 0.9439407606919292, 0.9242587149324109], "b8": [0.12274341139680985, 0.893477370710019, 0.9936037590864669], "b9": [0.8355622544277594, 0.8023982227805007, 0.9052792974782549]}