{"b0": [0.16094446202790183, 0.9812106315803177, 0.9804060472800668], "b1": [0.6210335161634901, 0.938802976927335, 0.9947657005830516], "b2": [0.09051422264400222, 0.9046564050438721, 0.8982249405224256], "b3": [0.30073962890509603, 0.9898121226063101, 0.8688266797635523], "b4": [0.8577472845586185, 0.951225586911482, 0.8263300317227285], "b5": [0.8634711231060196, 0.9060345892772103, 0.9668358447928029], "b6": [0.8387455366885629, 0.7519455736946413, 0.9731304897583606], "b7": [0.8499071894027216, 0.976281178384525, 0.8638436946512442], "b8": [0.8900990943219395, 0.9629251108038811, 0.8520677645597161], "b9": [0.8414648681811687, 0.9748757191682723, 0.8698649220858263]}