{"b0": [0.5746037330427115, 0.9213656418609635, 0.9857878287753347], "b1": [0.9060373135444526, 0.9451237638121115, 0.858854217143088], "b2": [0.8775170462725735, 0.819954975474655, 0.8647150704431946], "b3": [0.606784957822926, 0.9635958517353331, 0.9282306518097013], "b4": [0.30458393612087276, 0.9979693192963234, 0.9362354664381697], "b5": [0.9112384500187387, 0.9518843154672816, 0.8857505478660775], "b6": [0.8381689945601812, 0.9484102742096638, 0.899267775027898], "b7": [0.10244799839870726, 0.885200338972418, 0.9599783059297454], "b8": [0.853943669021708, 0.890966460491441, 0.990390605423617], "b9": [0.870727007911482, 0.9772159405616079, 0.9565905419324986]}