{"b0": [0.9967229049276802, 0.971744085218132, 0.8019616933290066], "b1": [0.653299262914571, 0.983874228977462, 0.9157909018097236], "b2": [0.8502249888089248, 0.870859308665047, 0.9545667204643437], "b3": [0.890837501924469, 0.8771060045453162, 0.8625464813188993], "b4": [0.6315609732145887, 0.8567843805303329, 0.9123020179895152], "b5": [0.8837690663529387, 0.9942286012506439, 0.9260808255074786], "b6": [0.01622037421773665, 0.9735545127192993, 0.8532446602579666], "b7": [0.8316032040976691, 0.8871947259712823, 0.9447962266886925], "b8": [0.0901431033411695, 0.9678826081990372, 0.8963234942345302], "b9": [0.01711652325487664, 0.9799630509875964, 0.9969679534378152]}