{"b0": [0.8462865325992986, 0.9083796049929957, 0.9784850265854931], "b1": [0.7912008427730671, 0.9602352043809623, 0.861562330241577], "b2": [0.15788751061662915, 0.9977226827082264, 0.8890765435376476], "b3": [0.014523526974632916, 0.8125833977009528, 0.8323054528066042], "b4": [0.05351908627646306, 0.9609323774909387, 0.8974093546450912], "b5": [0.8444163680821244, 0.9238312881659532, 0.9417371633757132], "b6": [0.9938765443218673, 0.9414340449458081, 0.8239654469085764], "b7": [0.011491401242670469, 0.7924815263509202, 0.8940105488717613], "b8": [0.16069645010100192, 0.9829372856922863, 0.897841501200409], "b9": [0.005029866106754685, 0.9306871339576236, 0.8074231999063552]}