{"b0": [0.08116087028529424, 0.9985092027054546, 0.8213578994209239], "b1": [0.9892733298107146, 0.9220624695825974, 0.8750888230791775], "b2": [0.1631294864181929, 0.7061937195581319, 0.946245172201915], "b3": [0.9220824337348336, 0.9324913384805904, 0.8386867696068845], "b4": [0.1541136066767268, 0.9386970067357521, 0.9746309017147098], "b5": [0.1597141587081598, 0.9283887293324519, 0.8052896924992397], "b6": [0.016581052529074852, 0.9425914069294932, 0.9088751696751756], "b7": [0.646142781642674, 0.890971916253099, 0.845959327426297], "b8": [0.6644717704500497, 0.8970224774781527, 0.9542322345116212], "b9": [0.7432018549722614, 0.9541712420898807, 0.902619288283204]}