{"b0": [0.06699994159775545, 0.9402410633035406, 0.9110607258734785], "b1": [0.09320728270989098, 0.9421763888252072, 0.9093442124237922], "b2": [0.08363444339238062, 0.9959631101530184, 0.8464716498544875], "b3": [0.06125395608574733, 0.8601566475170088, 0.8216614856772041], "b4": [0.013790037695036748, 0.8311735564882121, 0.992348595919522], "b5": [0.3499706031541718, 0.9785233088930636, 0.9915632102747024], "b6": [0.8813721532040648, 0.9435583201693747, 0.9736773543280174], "b7": [0.3649192503604272, 0.8932641987303823, 0.8732639419516615], "b8": [0.26569882117424876, 0.9593507618338198, 0.8108686849758496], "b9": [0.9961752125487662, 0.8367156711606728, 0.9764031982960429]}