{"b0": [0.09886789219569572, 0.9515986209830019, 0.878517942351855], "b1": [0.06803992680469445, 0.9752327248057274, 0.9496440999635041], "b2": [0.7386526876048994, 0.9729798284992042, 0.8779935045739232], "b3": [0.7384720061968606, 0.9382336697926733, 0.8947746787328267], "b4": [0.0010165836208148632, 0.8980842410646939, 0.8556429583220022], "b5": [0.16309177964773722, 0.963061307317834, 0.820232286899938], "b6": [0.7808179643900162, 0.9921662643618593, 0.9592686472058611], "b7": [0.7356471067388781, 0.9880052161573178, 0.9595827832190738], "b8": [0.9855876863878075, 0.9665686976434132, 0.8857507219169155], "b9": [0.6086879794214485, 0.9219227843868747, 0.8061986629843098]}