{"b0": [0.08113022165177952, 0.9658022938708669, 0.8075238065758638], "b1": [0.3423321408908063, 0.7656504741892727, 0.9892740383498293], "b2": [0.14764641173694015, 0.9844911222863503, 0.8976136959391648], "b3": [0.08730279870137822, 0.9025473904024338, 0.8358877377321757], "b4": [0.0809459060141267, 0.892586275575097, 0.805283559735904], "b5": [0.35719206128527375, 0.9819861051242971, 0.8383274126539646], "b6": [0.7682702975601506, 0.9717693455555854, 0.9494771912733804], "b7": [0.8660120141369236, 0.9072489490465148, 0.8099215417991613], "b8": [0.9929951665518693, 0.9650499427159562, 0.9474578850076069], "b9": [0.9914054184439606, 0.9125506971552764, 0.8659614043683465]}