{"b0": [0.15851955371505738, 0.9307206615024011, 0.9926199587835802], "b1": [0.5908109832232108, 0.9413785452687161, 0.9394259172935311], "b2": [0.15316534779839075, 0.9272909513451972, 0.8566620434032595], "b3": [0.30207671171533457, 0.9806845756105365, 0.9544032694691115], "b4": [0.9862881317927432, 0.9564778267942659, 0.8937921078460654], "b5": [0.6567612646654061, 0.8646281699069873, 0.953406720819089], "b6": [0.09316398097034517, 0.9903439695418714, 0.8721359067033138], "b7": [0.890454827730437, 0.9996248484156868, 0.8607274985916508], "b8": [0.09977721699962559, 0.943847034875923, 0.8566740640602845], "b9": [0.9782795512756677, 0.9689256051653037, 0.9980338220870211]}