{"b0": [0.030049263429066463, 0.9731128625253266, 0.8821585350654705], "b1": [0.37579640080044663, 0.9776794999255783, 0.9095485374622987], "b2": [0.3304663538707276, 0.959077246846264, 0.9669312461956749], "b3": [0.0791959828234494, 0.9007514391800145, 0.9859326709066609], "b4": [0.16454222812249253, 0.915244420914677, 0.8330156224397065], "b5": [0.7865499237112413, 0.9561081274186098, 0.9945418839910186], "b6": [0.8840339707762559, 0.9643763049069437, 0.8675542417884201], "b7": [0.0846015211489154, 0.996737511917591, 0.877404677170637], "b8": [0.10916206762395458, 0.9415225444069883, 0.9637967426708387], "b9": [0.739375266935589, 0.8806654640065713, 0.9076072116746644]}