{"b0": [0.15493190745886878, 0.993733787709515, 0.8278681648343222], "b1": [0.9104771570887324, 0.9407053232999252, 0.9418639463453325], "b2": [0.16400986700103334, 0.9519857499247759, 0.9605691557039302], "b3": [0.3509021107248395, 0.9996157890530145, 0.9627650786373271], "b4": [0.9852968757920728, 0.817538441080214, 0.9302925925713476], "b5": [0.08221244632168524, 0.9443598056718375, 0.9460028714297003], "b6": [0.31085516560917936, 0.8869306924295693, 0.9960059624280803], "b7": [0.5727268473106515, 0.9329454656271037, 0.8812204763984225], "b8": [0.0573659102990145, 0.9290095406571452, 0.940530502730053], "b9": [0.09716646260375655, 0.821875619865163, 0.8846531683734393]}