{"b0": [0.7414318027705289, 0.8934501680160364, 0.8241282917249484], "b1": [0.764744700740215, 0.9580027595576651, 0.9867443796655708], "b2": [0.5924891529781288, 0.9402696457506903, 0.9279723126786871], "b3": [0.09226643583237168, 0.9469738802866895, 0.964622730980678], "b4": [0.8532377295109087, 0.955532401613464, 0.834391289821117], "b5": [0.16661700092845877, 0.8978067975043023, 0.8643030557435284], "b6": [0.081531662016088, 0.9648410010793966, 0.858261043815856], "b7": [0.17044333456991204, 0.8386175006813623, 0.8029365583160893], "b8": [0.7899819879701632, 0.9158009471186419, 0.8411334192618315], "b9": [0.0030463647754233997, 0.9775380919824771, 0.8922394890886184]}