{"b0": [0.7394461658025261, 0.9269799490749817, 0.8229677425006854], "b1": [0.9135434890515696, 0.8937049233977206, 0.8383076015016954], "b2": [0.892142846326726, 0.8440363460931272, 0.8950347088609237], "b3": [0.7212505089252461, 0.9997173070313774, 0.9110257754406692], "b4": [0.30784657005801586, 0.8140509918983964, 0.9569298982048928], "b5": [0.30123384451166313, 0.9816059432792147, 0.9797830986063342], "b6": [0.78172789223022, 0.9061482048164292, 0.9918956302798715], "b7": [0.722785094561754, 0.943552334884714, 0.8131841206679501], "b8": [0.9649966573091482, 0.989636007201766, 0.8856231531603785], "b9": [0.6552557704782028, 0.7943930748410256, 0.8904172099379433]}