{"b0": [0.02079522922314515, 0.7362882443040071, 0.9136513308783596], "b1": [0.5981351395915915, 0.8264684379741419, 0.8039616464110716], "b2": [0.9929061780663113, 0.9592378173909779, 0.9882461069205262], "b3": [0.7507126332702795, 0.9614895637193716, 0.8485750323209972], "b4": [0.9759122064644109, 0.9707710387304779, 0.8526012434967919], "b5": [0.07977404629375527, 0.9155178792514461, 0.8134781116205151], "b6": [0.9407015614138067, 0.9282523094936319, 0.8282898828231466], "b7": [0.09603547627940688, 0.8766961333009001, 0.8969041147755378], "b8": [0.07899445715980798, 0.8323482189614501, 0.9062738209934108], "b9": [0.022359680507300174, 0.9660297634301294, 0.8189389753991505]}