{"b0": [0.59283995852605, 0.9823210570975531, 0.8821758286875522], "b1": [0.08527587882100583, 0.9610042673177799, 0.9691558613131431], "b2": [0.3266514794783322, 0.9801222107498355, 0.8428206676960446], "b3": [0.022617294879440166, 0.8469063545497544, 0.9086666723587544], "b4": [0.3243293797217045, 0.9267031474749402, 0.8343826713555653], "b5": [0.9928407361425884, 0.9869068528042466, 0.8685126669177109], "b6": [0.15837723684831567, 0.8847497724274569, 0.8861883932382187], "b7": [0.02113708675315675, 0.784239294930488, 0.8582700945410171], "b8": [0.7433219817434051, 0.8823413784316753, 0.8328824769165617], "b9": [0.8850679421100678, 0.9883021672716902, 0.9259740634136083]}