{"b0": [0.15027541921100593, 0.9367772957733501, 0.8727963279850561], "b1": [0.32807457207018154, 0.9620142471207295, 0.8332541816302854], "b2": [0.829530911169216, 0.96408335273849, 0.8743547631177342], "b3": [0.6401800527627892, 0.9740004560321824, 0.9442737955838045], "b4": [0.009577655533950992, 0.9332767415594156, 0.9597179438475526], "b5": [0.05103615615907686, 0.9021257905753951, 0.8196260720891844], "b6": [0.07055458945047655, 0.8173298405459538, 0.914831170113205], "b7": [0.008412789140549463, 0.9850031260689558, 0.9731363758471656], "b8": [0.9159292975959916, 0.8396747671023153, 0.8016582446045319], "b9": [0.5244773679652206, 0.8170693838382319, 0.8415142990459786]}