{"b0": [0.02226443519499008, 0.8914973411092135, 0.9644786000709817], "b1": [0.7771560579826478, 0.8400749005141327, 0.911859593936508], "b2": [0.16442304185825093, 0.9276448180590979, 0.807366583277152], "b3": [0.3191832954805172, 0.9174210443555214, 0.8197088998758411], "b4": [0.8806034109311252, 0.9371490278448127, 0.8682326480731472], "b5": [0.07173705440520074, 0.98263273248046, 0.9259965581300571], "b6": [0.108605577366809, 0.862072903934119, 0.9548034016791188], "b7": [0.6484362304291216, 0.9762379610244524, 0.926007864213608], "b8": [0.08757453530369036, 0.8177491000564704, 0.992284317954303], "b9": [0.5332692316628459, 0.9837302985745636, 0.9985574040505435]}