{"b0": [0.01918156958997679, 0.9934293186956693, 0.8138113203503121], "b1": [0.9908426721495893, 0.8748224587902438, 0.9210940520641924], "b2": [0.8646854951261649, 0.9220117103914187, 0.9067131745151389], "b3": [0.7486599730367353, 0.962162507600079, 0.8702652055132936], "b4": [0.32218586163032925, 0.9605519952133702, 0.9029737174351203], "b5": [0.16156134619880164, 0.8771339023202798, 0.854682478877647], "b6": [0.6251926874854447, 0.9956631218160568, 0.9283742436297993], "b7": [0.0002858799782018372, 0.9992513600856698, 0.8665189321228032], "b8": [0.3686341243826991, 0.9723994266536592, 0.8395803045717959], "b9": [0.7845444929662606, 0.9270378019323343, 0.8047128316727473]}