{"b0": [0.33543674353364333, 0.9531833548198527, 0.8310124814137747], "b1": [0.3372009893813743, 0.7934241447620994, 0.8892908578200486], "b2": [0.09423111268896124, 0.9851336031924812, 0.9158558291044434], "b3": [0.685689565934745, 0.9862731527795368, 0.8124863941239453], "b4": [0.8746125064486324, 0.9923744776227946, 0.9056471882847732], "b5": [0.8636270041166552, 0.8060153098043272, 0.9186987613555664], "b6": [0.8730458371492179, 0.8764436756178563, 0.9855771880454465], "b7": [0.9888242457586296, 0.9345216295247627, 0.8317879064956525], "b8": [0.7579523377404942, 0.8040002830512083, 0.9553669383765723], "b9": [0.9970150936913214, 0.9392748476158475, 0.9142835793531627]}