{"b0": [0.5983730952484748, 0.9935057047220817, 0.8583846929273778], "b1": [0.9956968319219897, 0.8497124616016015, 0.8310486783136319], "b2": [0.15972799191050352, 0.9789321833823686, 0.8527622625153073], "b3": [0.578642562050107, 0.9143929862926383, 0.8163096253231895], "b4": [0.149624043217169, 0.85461383609225, 0.8562881063170363], "b5": [0.6345651403874583, 0.8811556246158381, 0.841928529336505], "b6": [0.983996041149037, 0.9500717707306812, 0.9704942035084866], "b7": [0.34765089519309555, 0.9063562981052746, 0.9127060536620217], "b8": [0.3131770375636269, 0.8191145515341992, 0.945284620569122], "b9": [0.09741448121112908, 0.921300854227518, 0.838659563852557]}