{"b0": [0.005315011640352687, 0.911666679685605, 0.9347274308403649], "b1": [0.013981524966866752, 0.9193491761340072, 0.8738967692357902], "b2": [0.5787044311217148, 0.9107106106048001, 0.9723243208618136], "b3": [0.39464028560347786, 0.8404748515390859, 0.8693935443053656], "b4": [0.6356693474055265, 0.8770823474366345, 0.8603045977221572], "b5": [0.08472907024850451, 0.9071923424762778, 0.8766169353443152], "b6": [0.3222237701559327, 0.9142653319137211, 0.8856672952048974], "b7": [0.014551848103334025, 0.9171234972068494, 0.8231266905277834], "b8": [0.8493000684068888, 0.9438127040190675, 0.9060197908129248], "b9": [0.15941874293135752, 0.9979784593583371, 0.9150303295683699]}