{"b0": [0.9913631905126538, 0.8961366558948453, 0.9585029885038082], "b1": [0.6164007411549322, 0.9868712439071436, 0.8742734639268712], "b2": [0.16562195372403918, 0.831969036914288, 0.9437109351090821], "b3": [0.16199295071097905, 0.891243149648613, 0.9403556223571359], "b4": [0.9965570765509227, 0.8660667010042346, 0.8237214157135672], "b5": [0.14920905697294773, 0.8645831977282457, 0.8509292674794671], "b6": [0.09341835806150234, 0.8879663759805477, 0.8607650477826445], "b7": [0.67386934907374, 0.7192461416915208, 0.8013684774280001], "b8": [0.15819919796803852, 0.9870644939602063, 0.8994641869163752], "b9": [0.15975344779114753, 0.9368319382156938, 0.8650950862166299]}