{"b0": [0.15563123305749435, 0.9305509125741522, 0.8967819430292238], "b1": [0.7848795963515119, 0.9496234491182735, 0.8515679369807501], "b2": [0.3289685805161506, 0.9577946985997475, 0.8021036704055003], "b3": [0.6444172689263885, 0.9964519070279982, 0.9497702619645432], "b4": [0.15622180648013856, 0.9240703704472729, 0.8085045287234054], "b5": [0.8413399659797908, 0.9549184287702076, 0.906787940675573], "b6": [0.14984194964773664, 0.991649852886193, 0.8055738724458256], "b7": [0.16100911135191429, 0.9814054504672484, 0.8958393351273731], "b8": [0.7287235062050595, 0.9722704465971639, 0.8023614497184436], "b9": [0.16149442182653798, 0.894890503266234, 0.923841060627563]}