{"b0": [0.882139415430489, 0.8899270943213361, 0.9803601435287149], "b1": [0.161420182036167, 0.8935010898196774, 0.8885692146640798], "b2": [0.06893501349891226, 0.9984141563866096, 0.9123633428735516], "b3": [0.16398513052099975, 0.8993004643626591, 0.8508414957754232], "b4": [0.1567749975222452, 0.8919746545520106, 0.9488798091861436], "b5": [0.9907829759604092, 0.899524707157292, 0.8091827926542505], "b6": [0.1676682166183547, 0.8743944624762686, 0.867474181197675], "b7": [0.7523232778566485, 0.9004506052780111, 0.8163596253887626], "b8": [0.1660639439005352, 0.8838537435597206, 0.8564052770856285], "b9": [0.15139350094324236, 0.8448355280169088, 0.953134260335945]}