{"b0": [0.85514913396951, 0.8845837357449641, 0.9159302117265227], "b1": [0.6066550434993803, 0.9396368037042455, 0.9339790290708967], "b2": [0.31280580737445624, 0.9917844755931309, 0.8125285527291446], "b3": [0.16366430087085948, 0.9332085064252107, 0.8401690552227089], "b4": [0.30756344143588504, 0.9414407796869125, 0.8495822390494048], "b5": [0.5927443906773951, 0.9881164482255036, 0.8818219577374634], "b6": [0.8820345013911042, 0.8684404046972196, 0.8173473869200066], "b7": [0.8595867541407918, 0.9810556643776894, 0.8621680152321423], "b8": [0.5852252689893566, 0.9339676462918233, 0.8365384841280364], "b9": [0.8772072869310624, 0.8839880728320795, 0.8957522408312653]}