{"b0": [0.8447837605226303, 0.9902226432388258, 0.9276395110975667], "b1": [0.3325016003916767, 0.9281179164776934, 0.8976696548585593], "b2": [0.8792449721962808, 0.897591424926461, 0.8057025526560477], "b3": [0.15840982409889556, 0.9804538459026988, 0.9113984069605725], "b4": [0.9940421501949293, 0.873768930843255, 0.916383474812101], "b5": [0.9998245897742585, 0.7290331108855952, 0.8398362663209388], "b6": [0.08942666243066019, 0.9109373145449945, 0.9288941663746005], "b7": [0.5849629173958596, 0.9746151033616752, 0.8866393998633519], "b8": [0.9974215917202949, 0.9711437276254387, 0.8962785294738955], "b9": [0.07607232515109097, 0.809571660747196, 0.9129699141994653]}