{"b0": [0.1640095830172611, 0.8613170368051499, 0.9085662594575113], "b1": [0.16746135025104222, 0.9396423663869661, 0.9730942006128867], "b2": [0.6030198109860105, 0.9580289991730279, 0.9126322341117232], "b3": [0.16026771640479973, 0.9425786720958635, 0.8597700706774298], "b4": [0.6132268525042643, 0.9408145653033921, 0.8387311460529844], "b5": [0.6086317437628346, 0.8637944098911079, 0.951643242569224], "b6": [0.6343345409952514, 0.9989566208544762, 0.9463394634808363], "b7": [0.17075272876852743, 0.9073296705518155, 0.8747021893791319], "b8": [0.6342845598817699, 0.9608608327454193, 0.9525376216942818], "b9": [0.16383464731657388, 0.8539562416403927, 0.9501248930952814]}