{"b0": [0.1683912607360083, 0.948038779847968, 0.9654309201340036], "b1": [0.6138972416063495, 0.9523989375922061, 0.8750859006021316], "b2": [0.604562501785601, 0.9590820233184466, 0.8368144698919509], "b3": [0.5942957585099454, 0.9117463826970337, 0.9534189271440299], "b4": [0.15864728417518784, 0.8132610346021601, 0.9269624284574928], "b5": [0.16088022680195985, 0.9763462670028201, 0.8977274128886437], "b6": [0.5899782577539578, 0.9960827144790045, 0.8637026608546798], "b7": [0.17012683716917265, 0.9696919963864252, 0.9465741502969232], "b8": [0.6037774982163042, 0.8284406927262197, 0.9602939210806405], "b9": [0.16645531040889186, 0.9876195243434469, 0.8052093455057823]}