{"b0": [0.1571251054186427, 0.9755702143677234, 0.8064922924162913], "b1": [0.3587710060569432, 0.871200643681695, 0.9046188446512496], "b2": [0.3955599981825524, 0.9772708100248121, 0.8155967738197838], "b3": [0.16237487729565273, 0.8602950909665549, 0.8199917257912145], "b4": [0.762633508307102, 0.9638632060190981, 0.9002351325032919], "b5": [0.7210427653599264, 0.9196784460373706, 0.8812124647747788], "b6": [0.8580646414460094, 0.9524461409287018, 0.9045425319863812], "b7": [0.7789535596194029, 0.9122797646963029, 0.9393159411483549], "b8": [0.16623380237387805, 0.9552399434381887, 0.9785390276663528], "b9": [0.15633774456434263, 0.960529240292824, 0.99533719708561]}