{"b0": [0.6097290462492299, 0.967512076006304, 0.818026084911144], "b1": [0.15218482586819995, 0.9679023854890616, 0.8260388738973667], "b2": [0.15854325474280065, 0.9096727880775335, 0.898949932496663], "b3": [0.16389403646225303, 0.8821543600029471, 0.9588899859926571], "b4": [0.9906682411106302, 0.8174809813507473, 0.8951043816570129], "b5": [0.6335536937264385, 0.7139306896483896, 0.8461429547848147], "b6": [0.32323442832353577, 0.8669686267096324, 0.9984957460405975], "b7": [0.7467289171740771, 0.9597174610784381, 0.9768417201981301], "b8": [0.1597759405290741, 0.9796858259692334, 0.8475845464066609], "b9": [0.16164352469618445, 0.915124277757179, 0.9862707078305684]}