{"b0": [0.16137895105548622, 0.9368004222885362, 0.9590599726447099], "b1": [0.16806826827938004, 0.9594953486413192, 0.8481965084172465], "b2": [0.8076905809868816, 0.9624730367658142, 0.971769903315114], "b3": [0.6057375328596216, 0.9410083422915649, 0.9516453936457573], "b4": [0.626546309329941, 0.853263444078302, 0.9960111423252228], "b5": [0.994434839674516, 0.9835195472810392, 0.8590893585016178], "b6": [0.7769794137164528, 0.9744227417417128, 0.8172498066347111], "b7": [0.16170242850957528, 0.8197719207998275, 0.9655776778015424], "b8": [0.16900166078149664, 0.9575143840719212, 0.8437562162426674], "b9": [0.3550110381818683, 0.8816628224064167, 0.9624272537916739]}