{"b0": [0.7062117743757821, 0.9982383962352581, 0.9941962632965493], "b1": [0.15756685584230812, 0.8810845832643567, 0.8448686725762694], "b2": [0.7335136920537955, 0.9951710264494207, 0.8343569322771097], "b3": [0.16745118060392516, 0.9676665307903108, 0.9300520543088601], "b4": [0.6744231493484623, 0.9436738492725381, 0.8179548763362825], "b5": [0.1645945983584311, 0.8770278896627505, 0.9857975239320222], "b6": [0.7189163316852575, 0.989036959000166, 0.8099854954242213], "b7": [0.15880547516313492, 0.8891018001604388, 0.8858293432393383], "b8": [0.1625687730149092, 0.9358891513709279, 0.8177660502940262], "b9": [0.09797582673516246, 0.951676218058345, 0.8728992310500077]}