{"b0": [0.1621102395107099, 0.9625793240181544, 0.8857827591909263], "b1": [0.17073837026308378, 0.9745355128092962, 0.856118162888942], "b2": [0.6098573325218127, 0.9816008746194975, 0.9725770728010283], "b3": [0.777770408420963, 0.9207770171754726, 0.8641791551163006], "b4": [0.08353975375343053, 0.9593763615074661, 0.9761923622455975], "b5": [0.7710054621570124, 0.8921765860679919, 0.8945181846546545], "b6": [0.33563423739315107, 0.9367757323343213, 0.9597226850548819], "b7": [0.08500605135761326, 0.9535310456482606, 0.8668352309503595], "b8": [0.17146771810519695, 0.9916341209464707, 0.8876116797531148], "b9": [0.00810322840692516, 0.8516708406203789, 0.9052699204073373]}