{"b0": [0.015121542430219959, 0.9491539680391675, 0.8256999510692924], "b1": [0.32582440480390273, 0.8436527090126736, 0.863676773947251], "b2": [0.04757154657052105, 0.9619160187465293, 0.811887708756065], "b3": [0.9829068415285184, 0.9567705185968265, 0.8655822961006282], "b4": [0.8899109355759258, 0.8217685396740597, 0.9028413928932392], "b5": [0.33007692697016944, 0.9751636704110015, 0.826343471164118], "b6": [0.3509463339919378, 0.9214796750390617, 0.8534718196112082], "b7": [0.9857380338543201, 0.9260431446281261, 0.9446482055364979], "b8": [0.5471877613850116, 0.8713519603165085, 0.9625101781571636], "b9": [0.4014423760585199, 0.9245151392249656, 0.8377028747878272]}