{"b0": [0.7432966469792308, 0.7877062223904809, 0.8112867226734253], "b1": [0.3361126340573754, 0.8160930584175715, 0.9836223388081059], "b2": [0.3568234861382721, 0.8351127237017596, 0.8039717815497999], "b3": [0.028007395402496246, 0.9605515165730781, 0.8961915327978198], "b4": [0.3133387091928476, 0.9634984433090628, 0.926579605520031], "b5": [0.6563887977800055, 0.8330310987271062, 0.9415280444505023], "b6": [0.08701322238620048, 0.9388319236685179, 0.9587817691503858], "b7": [0.16502384997412556, 0.8608664902494993, 0.8278470137723807], "b8": [0.008996064640070528, 0.9951157575605609, 0.9117525778440819], "b9": [0.09242130020829156, 0.8651624532890593, 0.9574743014702876]}