{"b0": [0.5893067382838356, 0.9990217430602684, 0.9647358303012739], "b1": [0.9928812954868568, 0.9907242180937444, 0.8489306997859282], "b2": [0.6263322462319119, 0.972027685362136, 0.8488850937860414], "b3": [0.98792832702913, 0.9891719539927518, 0.946591505709319], "b4": [0.15927264889275106, 0.8804182197038088, 0.8385258082037922], "b5": [0.97721311577405, 0.9311383835933388, 0.964766457258897], "b6": [0.9912198749234546, 0.8799792102723012, 0.9412449031599388], "b7": [0.3502830678368641, 0.9860041892371046, 0.9018419144491254], "b8": [0.9932348426191899, 0.8777398928054115, 0.9228651371616455], "b9": [0.35166803638737426, 0.97293199959842, 0.8180832923868815]}