{"b0": [0.7378029670976745, 0.9951422461062627, 0.954179115491693], "b1": [0.00249643940023381, 0.9212015035307438, 0.8874708889631708], "b2": [0.28711250741411276, 0.8413851884843951, 0.8829779067946952], "b3": [0.1597278410029496, 0.9743318229682891, 0.9418934983411092], "b4": [0.8678804913006962, 0.9492831956154493, 0.917413018059236], "b5": [0.1535266101788766, 0.9466512546901261, 0.9437146024167394], "b6": [0.8807567508668783, 0.9181716278461587, 0.8701973110656364], "b7": [0.17164244138549323, 0.9385566735533147, 0.8821108914215037], "b8": [0.9231232521105646, 0.938063989857996, 0.8300280078334807], "b9": [0.3761049583083272, 0.8954976316861447, 0.9710391029924934]}