{"b0": [0.7664307317057237, 0.9795434862936648, 0.8732618882049954], "b1": [0.7764021712399085, 0.8181806848332955, 0.8114296059444578], "b2": [0.06212923599683658, 0.9784105625946077, 0.8186377777722348], "b3": [0.07854458945280798, 0.9953221758246623, 0.8421635192057056], "b4": [0.762433321580204, 0.7965557260133473, 0.9645312318319401], "b5": [0.0858507909995223, 0.9445024941038674, 0.9160443258838166], "b6": [0.31787585359291876, 0.894288984042131, 0.8981993739629387], "b7": [0.7824990402994801, 0.9160921673687779, 0.926481909350549], "b8": [0.0601820346965948, 0.7364180432855796, 0.9126758619537607], "b9": [0.32557910842816556, 0.8353707252938566, 0.953504890559535]}