{"b0": [0.08754470613553725, 0.8808383045916941, 0.8590449389009177], "b1": [0.7637924341728065, 0.93957002636917, 0.9704492594374726], "b2": [0.7608075768108603, 0.9987944113821108, 0.8243571189159752], "b3": [0.7275631787730289, 0.8632382665521225, 0.8401609242472651], "b4": [0.7452847880088861, 0.9175406507667951, 0.8620853530014287], "b5": [0.7379332477740661, 0.998057278632695, 0.9424685725478273], "b6": [0.31677412890080786, 0.9937803943648729, 0.8135435746143146], "b7": [0.10273661658071491, 0.9415234086182386, 0.9137423066562735], "b8": [0.7704992685926758, 0.910801565440142, 0.8756896484456361], "b9": [0.16008674197667172, 0.9152061207302526, 0.8818511505967321]}