{"b0": [0.10008135885397484, 0.6862816568878429, 0.9742263654919745], "b1": [0.15894188267471443, 0.8347867135172864, 0.9776495426091841], "b2": [0.7473066290512166, 0.993879715293987, 0.8517363238615516], "b3": [0.7673151064925178, 0.9744282663888828, 0.8163491091602839], "b4": [0.7458521309520212, 0.8461239996310654, 0.908583933141179], "b5": [0.7701577553350163, 0.9654989980950249, 0.8516238821818658], "b6": [0.86832978707701, 0.8299616054450385, 0.8768217403603686], "b7": [0.7239783554586627, 0.9835176500083241, 0.8314328770182473], "b8": [0.8059641267511055, 0.9608448831268417, 0.9510138930372904], "b9": [0.7884235223914877, 0.9678445336258739, 0.8974672568494634]}