{"b0": [0.6243116824359496, 0.9087136655270999, 0.8171870025032577], "b1": [0.6541219748627833, 0.9741114099080308, 0.8741076809617643], "b2": [0.29152700802112624, 0.9962350403900383, 0.8507545387151247], "b3": [0.7430979146517402, 0.8996535259035204, 0.923532069504811], "b4": [0.09235889740581651, 0.7759854973795632, 0.8385586233127245], "b5": [0.1631685240241216, 0.9738418376816476, 0.9795871976697925], "b6": [0.014718353743714123, 0.9499609017860438, 0.9573187019938828], "b7": [0.6235832124904037, 0.9660369278564778, 0.9026812286196944], "b8": [0.6143593933150197, 0.9979609544502468, 0.8069568472849753], "b9": [0.16151930507710766, 0.9689709047691202, 0.879922968632411]}