{"b0": [0.020031021439391825, 0.8595811402499927, 0.9855105240717238], "b1": [0.15783221795023844, 0.8074736794579297, 0.9339062195448136], "b2": [0.15953363393526032, 0.8422882823716914, 0.9534636082839565], "b3": [0.891468205347348, 0.9278359332217789, 0.9477454417530484], "b4": [0.07028322431710185, 0.9494856294713707, 0.8026187969119065], "b5": [0.15504734842668372, 0.9593995923275358, 0.8009261213471901], "b6": [0.7677645357913981, 0.9990283989529032, 0.8544063375056714], "b7": [0.15937952346803883, 0.8860837567229015, 0.8485849892415517], "b8": [0.16801083552988494, 0.8280456084945009, 0.8143642494319547], "b9": [0.16173691205888907, 0.9356177239962906, 0.9469823612674182]}