{"b0": [0.7546398752830005, 0.9910790580002875, 0.9499546461827488], "b1": [0.6261033454381658, 0.9530163377951201, 0.8008586531275137], "b2": [0.5215083432172736, 0.9758796007950028, 0.833467360063583], "b3": [0.16044744503085182, 0.9529621456195041, 0.8240040693272721], "b4": [0.6076877837953646, 0.9457102768643705, 0.8270333522724528], "b5": [0.8778438213426584, 0.9312745300691451, 0.8753818850680731], "b6": [0.5885593146416553, 0.9098997086050918, 0.9637635012784921], "b7": [0.15507840725074018, 0.835538272445844, 0.8200738862077409], "b8": [0.16407585980990771, 0.9720279179518478, 0.9059967775996671], "b9": [0.17301642323655003, 0.9433508908163519, 0.8998610020245164]}