{"b0": [0.07204253372331387, 0.9963120041635323, 0.9488609713176284], "b1": [0.35458430563146587, 0.9514012851758662, 0.9207969668700069], "b2": [0.9049518599317345, 0.9345358441800361, 0.9475608970779831], "b3": [0.8182781979341464, 0.9371375164937206, 0.8592930988599606], "b4": [0.07456430323988272, 0.999913654035234, 0.9093530094827434], "b5": [0.9931940302756685, 0.9604243828814815, 0.86687802360046], "b6": [0.15309867624658435, 0.8425143244219306, 0.9301948923663435], "b7": [0.15510881751211614, 0.7571638331823776, 0.9399730498854082], "b8": [0.3200499228493917, 0.942957292944377, 0.8805766256725969], "b9": [0.7594952727425555, 0.9903349239246033, 0.9752976370898093]}