{"b0": [0.15703491127148106, 0.8099999750127601, 0.9884881186387685], "b1": [0.8459396426586311, 0.8427326880244809, 0.98300877940507], "b2": [0.1711844513343949, 0.8589825184715041, 0.9148608205544582], "b3": [0.2973497125242412, 0.9014205770004032, 0.9863967635675513], "b4": [0.88377437728085, 0.9822755784609235, 0.8758263009668397], "b5": [0.3437636570340273, 0.9723893846198983, 0.8415553433681651], "b6": [0.34221050761443694, 0.9797463189755865, 0.863743360510477], "b7": [0.174435986578392, 0.9062506947442509, 0.9305257102702423], "b8": [0.6487426889244063, 0.9150587408764472, 0.9054220665149205], "b9": [0.8785212319037055, 0.9858787441229216, 0.8533364158154916]}