{"b0": [0.7812870515338841, 0.9780718344542323, 0.9206843405099725], "b1": [0.0694301552599596, 0.9972456818577193, 0.9916316310752592], "b2": [0.9996011317635276, 0.9760550866557243, 0.8065813901377155], "b3": [0.0020903285554045954, 0.9260234477951944, 0.8553639049052134], "b4": [0.7093430580628083, 0.9078145420132219, 0.8748990770638204], "b5": [0.7375563824245307, 0.9191399166493521, 0.9448210992153437], "b6": [0.16590233163898638, 0.9378897146217675, 0.9609672925052481], "b7": [0.15610245740441175, 0.9942003634848687, 0.8506351523074939], "b8": [0.7501540696167188, 0.9740411749563554, 0.8974958395723611], "b9": [0.07543719246616586, 0.9402561491568125, 0.8950231452981227]}