{"b0": [0.17067393583018187, 0.773062723695534, 0.8045163732892547], "b1": [0.16306937652931258, 0.9450560950006996, 0.9929914343379572], "b2": [0.7789600587189992, 0.9125945144452426, 0.8611551028362634], "b3": [0.8705069781106389, 0.8969404972118715, 0.8510300769711594], "b4": [0.7058846568043374, 0.9649793395324967, 0.8047608171018288], "b5": [0.17301571802243873, 0.8973608230478953, 0.9017854047775703], "b6": [0.33085495983167873, 0.9901747651489217, 0.9203761238638889], "b7": [0.7513317075232631, 0.9982870371444197, 0.888679845691274], "b8": [0.35224241523557964, 0.8947842877197852, 0.804157185961703], "b9": [0.7761461330936423, 0.7850367278016261, 0.8077373247044455]}