{"b0": [0.7495425952738011, 0.9875137306472901, 0.9505127579442622], "b1": [0.7516058752412355, 0.9862664185439332, 0.9206315882169213], "b2": [0.7380947398374319, 0.9988694675911693, 0.8121241458540572], "b3": [0.7192066569300674, 0.8861577772219809, 0.9356544171234937], "b4": [0.7320410109711233, 0.9818587517345265, 0.9660988041662619], "b5": [0.08622942938343117, 0.8079974771899431, 0.9693416253196723], "b6": [0.7553319541598874, 0.9541059576211682, 0.8164582249708846], "b7": [0.6970454967640315, 0.9513153479731884, 0.8518076239607592], "b8": [0.7184458269726117, 0.8368054884359981, 0.8524489123681854], "b9": [0.10203239648955066, 0.9345937366980206, 0.9849487825221768]}