{"b0": [0.7681016726223073, 0.9541787168443229, 0.8210892158942059], "b1": [0.7427168695788872, 0.9978525295315803, 0.9492355989315031], "b2": [0.15173628629219815, 0.9881909760282174, 0.8792033396741088], "b3": [0.15614920386483594, 0.9574272788100037, 0.9171501853289155], "b4": [0.8760046510029774, 0.8046295282899529, 0.9008582852876761], "b5": [0.7788279711329311, 0.9081023957569947, 0.8004394355573293], "b6": [0.687864630336326, 0.9252292529782009, 0.9066763477262666], "b7": [0.08169089864931475, 0.8575474452969714, 0.97603446584263], "b8": [0.7416037948181854, 0.8273529997434206, 0.8600157137879194], "b9": [0.11971237551956657, 0.9291379541096083, 0.8791572447240344]}