{"b0": [0.706118212646952, 0.968928524451058, 0.9983337503821038], "b1": [0.35926937791991015, 0.8306204862998063, 0.8928124984246802], "b2": [0.3487402280769919, 0.8581786269056566, 0.8409995629864919], "b3": [0.34941302184488643, 0.8583249355001201, 0.9333089712204713], "b4": [0.8109478561804686, 0.7552506309024118, 0.9408426078523148], "b5": [0.011343005603428267, 0.9863964958695131, 0.9697028483338638], "b6": [0.6537052901696702, 0.964687385230265, 0.8523433056282985], "b7": [0.9832477329320466, 0.8772277208839705, 0.81759392646212], "b8": [0.0060004966398686955, 0.907495988604112, 0.9682129179876509], "b9": [0.09183118927235219, 0.8382579026237081, 0.9995246949608979]}