{"b0": [0.32948417400263225, 0.9891923795398175, 0.9108736937107851], "b1": [0.012124557114500596, 0.9936992156885133, 0.8668662025271359], "b2": [0.5931502447704926, 0.866888970106759, 0.8410143401261668], "b3": [0.9950183498484051, 0.9252619197544298, 0.9544126110849322], "b4": [0.33417765904233876, 0.9335425236902906, 0.8197346231412971], "b5": [0.8881305915433032, 0.8565043722639895, 0.8881409660845354], "b6": [0.300030501051388, 0.7739701297380591, 0.8504618292181721], "b7": [0.9967967949815935, 0.9436203837024766, 0.8666758978284668], "b8": [0.5643551444853696, 0.8414270453953568, 0.8289446088356022], "b9": [0.1569780205395193, 0.9417082768061025, 0.8531533179108324]}