{"b0": [0.7395694739822245, 0.8555734588727795, 0.8246131764271416], "b1": [0.3533813897643284, 0.9081294393433268, 0.9640808247517408], "b2": [0.3393188927577813, 0.9480696346685227, 0.8731405399353624], "b3": [0.0006098698204512914, 0.9674685996200313, 0.9412795891981053], "b4": [0.9744670921809494, 0.9102880491736254, 0.9284320454907373], "b5": [0.7705475353199273, 0.7753347644366272, 0.818812533528681], "b6": [0.3365800004239881, 0.9078804576635366, 0.9485716146164804], "b7": [0.9964486550965316, 0.9121534705685747, 0.988834678376614], "b8": [0.05526130095708756, 0.9095681941041809, 0.9115566921528115], "b9": [0.06219419348526132, 0.7848369284189701, 0.823733926796674]}