{"b0": [0.9952120668726044, 0.8870750935615743, 0.9625587627552243], "b1": [0.7917666547370515, 0.8742515443657846, 0.9508915667462727], "b2": [0.7583450065333932, 0.988601564915764, 0.9479236855377063], "b3": [0.8810070123103799, 0.9904706231506597, 0.8587142498838805], "b4": [0.3330555278417476, 0.8753950486152342, 0.8588813478401921], "b5": [0.012530658380248074, 0.8907399071349572, 0.8160195521097566], "b6": [0.3636787997843711, 0.9127040733251222, 0.8853405542960994], "b7": [0.9985295312501595, 0.8500094733806953, 0.966459771372111], "b8": [0.3484258148994181, 0.9070702698062544, 0.990586376308102], "b9": [0.5795138029908816, 0.9103494274554965, 0.8092392492462096]}