{"b0": [0.8173916665758102, 0.9388006814848464, 0.810296825083582], "b1": [0.8947729509813922, 0.9245521828621108, 0.8596438074058953], "b2": [0.09177131332747701, 0.8923896756172855, 0.9209350283462113], "b3": [0.06981542894505816, 0.9737423053069838, 0.8388076501684462], "b4": [0.6074134144473876, 0.9425256526519913, 0.857310456510406], "b5": [0.06593701104666877, 0.841465395441799, 0.8177489093252671], "b6": [0.11300730764804927, 0.8492793044493326, 0.875028275617135], "b7": [0.7591771088895972, 0.924267318279846, 0.9164380870628763], "b8": [0.8824744942378989, 0.9746177191009037, 0.834111495080035], "b9": [0.8838886785368782, 0.9166081199044928, 0.9047993279757854]}