{"b0": [0.7371268047422643, 0.9892543707932536, 0.80958235025384], "b1": [0.8838998156573326, 0.9369466066967589, 0.8051779827293271], "b2": [0.07877489464912994, 0.9079815654609701, 0.969213624733527], "b3": [0.8684391543442497, 0.8628430101133767, 0.8733526588851345], "b4": [0.08897188302093326, 0.9370624444700184, 0.8842979863006951], "b5": [0.8381725729871845, 0.9745490790219864, 0.8613688803989444], "b6": [0.7370814923554366, 0.8876097420069685, 0.9845524231492334], "b7": [0.09701111910953175, 0.950817554905541, 0.8085675502932177], "b8": [0.07266606460180207, 0.9077657995059131, 0.8833862262330844], "b9": [0.630749568748098, 0.9625308632465661, 0.9760892309673861]}