{"b0": [0.35240125070828027, 0.8421932215521334, 0.9780736869040471], "b1": [0.5975364614107805, 0.9575776278375012, 0.8033458345909704], "b2": [0.08066636243150041, 0.8842692698754507, 0.9822582303044709], "b3": [0.863965890043711, 0.8575491366022858, 0.8038097782832206], "b4": [0.0868519395318501, 0.8830563625587969, 0.8837843175625896], "b5": [0.1009480291002775, 0.8462865195132132, 0.9449650990918177], "b6": [0.8638930646826474, 0.9703581896664758, 0.9530366814487674], "b7": [0.7493913092261454, 0.9816641123443872, 0.8420446807374656], "b8": [0.8357859919808636, 0.9062910608255017, 0.8169100613409787], "b9": [0.7729247447414991, 0.9212290596774434, 0.9536369015930244]}