{"b0": [0.8793342700373965, 0.9598276571300786, 0.828623705411597], "b1": [0.3437187850641499, 0.9928523153174548, 0.924233359125647], "b2": [0.15878540295751006, 0.9321054389334718, 0.8308657634972697], "b3": [0.8430700082540773, 0.8876391830359673, 0.8614687307958688], "b4": [0.08731530068657394, 0.9098030368327982, 0.9839550514562566], "b5": [0.09759692154180127, 0.8500134396592286, 0.8189660409472103], "b6": [0.06892484408964901, 0.9537221001470562, 0.9956077542204465], "b7": [0.880230123133778, 0.9775103775930467, 0.9607255839469167], "b8": [0.8482102693403561, 0.9778205106520079, 0.9859048422786034], "b9": [0.08443529454359763, 0.9468723296056843, 0.9004152717141684]}