{"b0": [0.06289902633071617, 0.9744510906085466, 0.8871640815123618], "b1": [0.8748625971624704, 0.811762151392789, 0.9768681979875649], "b2": [0.8776403019771918, 0.902695705524647, 0.9238461602866418], "b3": [0.7544003498645345, 0.8953708887931026, 0.9651628582034284], "b4": [0.7379042854986121, 0.9458846076587677, 0.8223904705681746], "b5": [0.8577311734096774, 0.8493634152176154, 0.9815430688439751], "b6": [0.16166504725928277, 0.9668686006102323, 0.9408007720414571], "b7": [0.07110003835485104, 0.9110494291168546, 0.9311285405370134], "b8": [0.07666617987721656, 0.8743979268943164, 0.9376727051395685], "b9": [0.7556024235362245, 0.9384337925840363, 0.8663196823499795]}