{"b0": [0.9867381841927412, 0.9632107084135785, 0.9128574067835236], "b1": [0.9955701054412148, 0.9454970832415601, 0.8168551212671514], "b2": [0.2795867649895887, 0.9966246058450616, 0.8779882270038852], "b3": [0.635434654043555, 0.9082271030264348, 0.9836016545933436], "b4": [0.6126561756978185, 0.7785505222833361, 0.9018290935962051], "b5": [0.09791981521841008, 0.9743517639491301, 0.8343044713126428], "b6": [0.09568252953419623, 0.8797267405079137, 0.8439845356774498], "b7": [0.07543005990116403, 0.8774015858249838, 0.9485299961311583], "b8": [0.6168136436787033, 0.7463548233132421, 0.8899477240009814], "b9": [0.9941807976425587, 0.937674260831606, 0.956130617957063]}