{"b0": [0.6381785177267111, 0.9405845851382405, 0.8880786274565008], "b1": [0.029377925754113323, 0.9106073016361387, 0.8193617716649695], "b2": [0.9882451647991252, 0.9575028124246843, 0.8624446843262027], "b3": [0.16219025850895297, 0.9176251874252739, 0.8350573263726184], "b4": [0.00454089546674895, 0.982520643862658, 0.9112604525008922], "b5": [0.1644150149094278, 0.9620396647640483, 0.8334679762030816], "b6": [0.6141206561226562, 0.8903190338977247, 0.8098245289172532], "b7": [0.6260423301005722, 0.8157471685091644, 0.9824393442216514], "b8": [0.0708700643493832, 0.964841579245185, 0.8442972996066174], "b9": [0.16086848837511777, 0.9636199793092617, 0.9651751638861434]}