{"b0": [0.010146937208843874, 0.8763086002409709, 0.9414459133610794], "b1": [0.15136171632967177, 0.9459068827898355, 0.9972498106314077], "b2": [0.16034395097258056, 0.818520016161153, 0.8136333827277924], "b3": [0.6351638809251275, 0.7799292066201303, 0.8741977525580045], "b4": [0.9905868912261693, 0.8775796105915957, 0.8870476043145475], "b5": [0.6334968797662838, 0.8812845776980675, 0.883657362221978], "b6": [0.9849145594044332, 0.8997045452985317, 0.8812585006293887], "b7": [0.3247580080957515, 0.9324901383890317, 0.9493025040186681], "b8": [0.6522460996414741, 0.9506081418527935, 0.828763979494969], "b9": [0.3107292202601429, 0.8601812078062296, 0.9953045956887274]}