{"b0": [0.8837213712830924, 0.9194908484051635, 0.963054014500967], "b1": [0.5663139963315225, 0.9001742186406763, 0.8177200175707899], "b2": [0.7304363622079925, 0.8576604132696493, 0.9218919604842424], "b3": [0.002838631610693076, 0.8467788476529359, 0.8312824316004346], "b4": [0.29941969099748655, 0.8935543827618592, 0.9272998898434182], "b5": [0.09567735286254303, 0.9724968237304936, 0.963509979737037], "b6": [0.7656760626343257, 0.9619981876002923, 0.8133784452688775], "b7": [0.7038071504169514, 0.9854154934642437, 0.9969619131000917], "b8": [0.7566424421826085, 0.9974050855709669, 0.9945561606359731], "b9": [0.007398509036521147, 0.9977833191205526, 0.8391776398465552]}