{"b0": [0.08396445225149719, 0.9632894032634944, 0.9731872643034258], "b1": [0.5683048051719551, 0.9657305292689542, 0.8480180985948923], "b2": [0.0019085212920389894, 0.982406311148494, 0.9282107219031991], "b3": [0.8648115961976433, 0.9646586449024646, 0.9203243368233562], "b4": [0.8634306854171431, 0.925128999678102, 0.8740352837558605], "b5": [0.3366919984079928, 0.9919651773994018, 0.8762195519557843], "b6": [0.33893070951090026, 0.7997052915165207, 0.959861604643304], "b7": [0.5942712665074866, 0.9338390670750384, 0.874770874077675], "b8": [0.36173628735481905, 0.8843160471653182, 0.8237863762462557], "b9": [0.9965923110434559, 0.945186276348587, 0.9243817209302186]}