{"b0": [0.3147044979137055, 0.9524281817082257, 0.8119777665162766], "b1": [0.09226440327848028, 0.9250280340967989, 0.8980188747672254], "b2": [0.32717180525581513, 0.9321102499925387, 0.922186474189447], "b3": [0.6644797163596873, 0.9738190334586316, 0.8323069613445518], "b4": [0.6143563376991389, 0.9605348176332227, 0.8717097576029283], "b5": [0.8432683457786955, 0.9657929860962655, 0.8581656373522848], "b6": [0.1564643793199026, 0.8902279878089765, 0.9349897519469991], "b7": [0.6404249270593438, 0.9765081652989971, 0.8224037023432619], "b8": [0.985654835547404, 0.945372214860478, 0.8939599630455546], "b9": [0.9063175425004263, 0.9881664635775871, 0.8058525955162533]}