{"b0": [0.642387064402122, 0.8314980964176177, 0.9463552614829576], "b1": [0.9913372943875064, 0.9721774923903764, 0.8228325262129448], "b2": [0.9914845368320317, 0.9124165544494732, 0.8766487040407125], "b3": [0.27543790285983993, 0.9331612603197145, 0.9289857552269577], "b4": [0.06071200297479109, 0.9555242349219177, 0.8027598030344416], "b5": [0.29880910340099837, 0.9975461617810055, 0.9249561362472692], "b6": [0.3183787740580977, 0.9758724667045539, 0.9856575829729199], "b7": [0.6337102241271794, 0.97583037533077, 0.937220483835331], "b8": [0.33539678393419353, 0.877197525200317, 0.88455001849222], "b9": [0.7970489766040442, 0.9289981413401324, 0.982181040878206]}