{"b0": [0.35394236900878345, 0.9711666222197118, 0.8278599846301091], "b1": [0.6365377374073306, 0.9486038989506806, 0.8283488264370888], "b2": [0.5854996435789283, 0.870236542624759, 0.8636043307587137], "b3": [0.16206238923540478, 0.9192471043297445, 0.8923030834553053], "b4": [0.10162241106619822, 0.9804367442888112, 0.9991031507873706], "b5": [0.35435599408247903, 0.9041025702912832, 0.8186967304471381], "b6": [0.01742320991606232, 0.9578876906633909, 0.9365695550330354], "b7": [0.10609658737794515, 0.8833586990504492, 0.9247567081860443], "b8": [0.9824177880541547, 0.9596652140360162, 0.9999714040843677], "b9": [0.2978884886043502, 0.9611913269029909, 0.8227935859525425]}