{"b0": [0.5954338220172946, 0.974823267113726, 0.82970384707666], "b1": [0.37820671771885356, 0.942184843308231, 0.9293550110484295], "b2": [0.02231148068421369, 0.852723306875791, 0.9772693310722579], "b3": [0.29407566028355797, 0.7396446862411754, 0.9729230231086625], "b4": [0.6449847692295718, 0.9538565510516386, 0.9424196588794297], "b5": [0.3240069075161658, 0.9988541849970803, 0.9694954748890562], "b6": [0.8848465833826399, 0.9269656568494746, 0.98728786283397], "b7": [0.37244838462154894, 0.9243982358216151, 0.9883026884678785], "b8": [0.07039885444002932, 0.9194818034374902, 0.9933697823823506], "b9": [0.1514463389759442, 0.9669538687261783, 0.8989568820711598]}