{"b0": [0.8918980775636627, 0.996089861088479, 0.8123364762355462], "b1": [0.29873492482039093, 0.8747475061504432, 0.8422040417740527], "b2": [0.16204972917904573, 0.9853255900813774, 0.9461963682042067], "b3": [0.31890498459757305, 0.8721367584466777, 0.8592160921419663], "b4": [0.5613511407047198, 0.8713411116926403, 0.8116527920382451], "b5": [0.33773128561626, 0.8341952922736701, 0.8886013496655104], "b6": [0.6317770349260258, 0.9810585008430975, 0.8120706201451519], "b7": [0.5855401172499285, 0.8164438192519831, 0.8715733742064791], "b8": [0.16372377101989954, 0.820097743736977, 0.8466712688031266], "b9": [0.5515904082667098, 0.9971809344117382, 0.8505161448269556]}