{"b0": [0.9048954754653212, 0.8110737921780385, 0.9773970899105485], "b1": [0.8871788355350135, 0.8585450374100944, 0.9254548131119736], "b2": [0.1701083438260129, 0.8754178852685075, 0.9464156923874586], "b3": [0.15093549889073438, 0.8402274441726908, 0.8942017112770685], "b4": [0.16377592981677813, 0.9938177407791595, 0.9839686563864344], "b5": [0.3528651199952719, 0.9252105270372654, 0.8202329244808744], "b6": [0.14565776801647706, 0.9148162048804225, 0.8606765807116019], "b7": [0.8681315050709812, 0.9792838418901134, 0.8016729994874652], "b8": [0.07921086371235403, 0.8669357570588186, 0.9237953362744651], "b9": [0.9218292389296582, 0.8549561181686438, 0.8828086565196316]}