{"b0": [0.16829802565729438, 0.9884077197994218, 0.8922395222077616], "b1": [0.16623662404407302, 0.7948569636439419, 0.8280689588610634], "b2": [0.16167128656845953, 0.9100200601672646, 0.8738271819145357], "b3": [0.8868396022277868, 0.9829252028708972, 0.8095096265610386], "b4": [0.32974389422552525, 0.9581163418435843, 0.8402340720975314], "b5": [0.3300177401003995, 0.8863464963963389, 0.8197566941858194], "b6": [0.17125753428296153, 0.9263213579109008, 0.8805993493423182], "b7": [0.15786768813241478, 0.9234356332472556, 0.9754819109304116], "b8": [0.7473548193106982, 0.8582168044917527, 0.8729061009143381], "b9": [0.9450523912310179, 0.9678705397865965, 0.9292352404976117]}