{"b0": [0.1591413689212613, 0.8735819565252305, 0.9051194330798467], "b1": [0.8761618189928053, 0.9545535098196588, 0.9291862576203543], "b2": [0.1638399370665024, 0.8695648650940702, 0.9204806787484519], "b3": [0.8371776889759421, 0.9937030443128808, 0.8975352895034857], "b4": [0.1654106409315567, 0.9220962290031511, 0.9092306503372743], "b5": [0.3287744724323754, 0.9952761030095764, 0.8341609330272648], "b6": [0.8251947847284857, 0.9366936113836524, 0.9725541810665003], "b7": [0.15988607026693147, 0.8808110830430849, 0.8506377443467017], "b8": [0.36995527194801175, 0.8864823638100013, 0.8943292783775982], "b9": [0.8610624643889341, 0.9904622524410174, 0.932443950893754]}