{"b0": [0.8673235329209826, 0.8548533084562777, 0.8857002829582257], "b1": [0.8658465003477204, 0.9101938840311263, 0.9829033938163451], "b2": [0.16380731396786224, 0.9699891903858163, 0.9287818389656733], "b3": [0.15313455604036239, 0.7543678447187371, 0.8589371406677807], "b4": [0.9135280889687085, 0.8751432473114015, 0.9807344734346689], "b5": [0.9032410764442449, 0.9095602406520206, 0.8968807829268235], "b6": [0.6138260475170038, 0.9541955615665723, 0.8353606436984451], "b7": [0.16235210863067084, 0.8645482561400502, 0.92793014247369], "b8": [0.15852888626092146, 0.877523823921643, 0.900316083211612], "b9": [0.16579664273896624, 0.9766868714147351, 0.8854667647595087]}