{"b0": [0.9932356307091217, 0.9792318218699176, 0.9131417305483478], "b1": [0.8354684982335817, 0.920739895807941, 0.928889107393533], "b2": [0.9912423761162547, 0.9092693409987851, 0.8806621578010523], "b3": [0.9829503444909307, 0.8983581838796872, 0.8676082088745067], "b4": [0.10263501660264293, 0.9085486502429696, 0.9888444334450375], "b5": [0.06231154385987505, 0.9470386692916992, 0.8822032780873803], "b6": [0.175465690076066, 0.9303514918448292, 0.9039084202029167], "b7": [0.6244424223414604, 0.9997230008955016, 0.9615373026453259], "b8": [0.7073332449106452, 0.7746891938113306, 0.9959338486036525], "b9": [0.1592156381732965, 0.9224001999413004, 0.8116241142640157]}