{"b0": [0.15954013366484615, 0.8714153494172581, 0.923393259605571], "b1": [0.7690023568673909, 0.9958172519371312, 0.8534881827310143], "b2": [0.0834713267243332, 0.9051361760283004, 0.8869513363253138], "b3": [0.027553679973756528, 0.9191683418706643, 0.9751898630316477], "b4": [0.17266108768086247, 0.9409434581359999, 0.9714388776826608], "b5": [0.1677681585364196, 0.8145450666645087, 0.8250249949490103], "b6": [0.8666191773838622, 0.9559325774155188, 0.9493102385571397], "b7": [0.16819338986026658, 0.9033783600143528, 0.8737299890821919], "b8": [0.6090603487793282, 0.8102766915592958, 0.933871334674972], "b9": [0.16255121308483772, 0.927273628662292, 0.8107473573458236]}