{"b0": [0.1625090146770782, 0.8942272833902338, 0.9650868523158144], "b1": [0.07974495495602865, 0.9502312311544536, 0.990088647911141], "b2": [0.5879673497495698, 0.9119107112645096, 0.9862383647756188], "b3": [0.9800671600198756, 0.9671933027687537, 0.9503400114278002], "b4": [0.15963933485646764, 0.9241079233737323, 0.8133852028378302], "b5": [0.16710943122667593, 0.8910938259963836, 0.8267352589502488], "b6": [0.9996069860969533, 0.9122783666266653, 0.845631283727505], "b7": [0.7584525017596865, 0.9628767431987368, 0.8416211311954447], "b8": [0.1554317502038761, 0.9051638035082756, 0.9671295497983537], "b9": [0.27972286872376195, 0.9630793977525154, 0.8044748672168893]}