{"b0": [0.9886214873739237, 0.9218859965778442, 0.9403751803541467], "b1": [0.9902047583052003, 0.9797397760530402, 0.9448125485976392], "b2": [0.9944750384102883, 0.785668168400113, 0.9400740805851737], "b3": [0.16116404436250611, 0.939014129063632, 0.8044590383681174], "b4": [0.011631139315524248, 0.9984521340056509, 0.8684903213098559], "b5": [0.1671483414867043, 0.9057800988356911, 0.9491898817139327], "b6": [0.7427626641660738, 0.9587861853897043, 0.824757290650455], "b7": [0.761779760711623, 0.9163461251687653, 0.8730524388304878], "b8": [0.08062967250920373, 0.8636648363277517, 0.8405522420701357], "b9": [0.1667145789691518, 0.9656130149394976, 0.8090791734756719]}