{"b0": [0.9109917400521853, 0.9752706179972046, 0.9703396793426335], "b1": [0.8602664459909986, 0.9532026419171761, 0.9507496659833048], "b2": [0.9854514982721768, 0.8846771960611002, 0.9193108558239068], "b3": [0.7754906144289697, 0.9287898240237457, 0.9513921425567582], "b4": [0.7194599027881969, 0.9046081338194965, 0.9443042037402136], "b5": [0.34363530269215253, 0.9639984724150981, 0.8954843417375505], "b6": [0.859366240017281, 0.9898967463419857, 0.8412215455309752], "b7": [0.8688390573520386, 0.9927018193032702, 0.8603726931085447], "b8": [0.7369520615068501, 0.9530448506154783, 0.9470996492323613], "b9": [0.8494995526387874, 0.9318281299986931, 0.9621670711720139]}