{"b0": [0.9313984699636658, 0.99695503306704, 0.9628914334862094], "b1": [0.8806910028397502, 0.9629997590347954, 0.9253651155243381], "b2": [0.15952409273823545, 0.9324637735593678, 0.8296583921622562], "b3": [0.1582553217966675, 0.9490504962488059, 0.9863603739781247], "b4": [0.16442032539489418, 0.9996903115614927, 0.9399854886839235], "b5": [0.8528537055572117, 0.9511253275982833, 0.8143673213702205], "b6": [0.8929089062578897, 0.9714487477100829, 0.9571132090973253], "b7": [0.16249253220298235, 0.9712350501214598, 0.9013405987361378], "b8": [0.8639220863841597, 0.8833660989575804, 0.869098738717496], "b9": [0.8492783856608567, 0.7826405144276098, 0.8428684067822695]}