{"b0": [0.6645960870194711, 0.9670049321916372, 0.8660460299059486], "b1": [0.8696253278854467, 0.7644552531313029, 0.9647769043603673], "b2": [0.9972674784362385, 0.9643474529274795, 0.9800576036948508], "b3": [0.0099234048308498, 0.9104781548833134, 0.9262890494451824], "b4": [0.27987633435365666, 0.927271683398155, 0.8386594156696665], "b5": [0.3135942860202935, 0.9481086242360024, 0.8740577680077221], "b6": [0.08410547543482291, 0.9248710827086694, 0.8881423034204858], "b7": [0.006826319717059823, 0.9724147548498983, 0.9109619793962433], "b8": [0.7672974944126839, 0.9679612783917887, 0.9243027094985793], "b9": [0.08675816839900227, 0.965638486563193, 0.9548432499329436]}