{"b0": [0.1666313180465999, 0.9837968674697167, 0.8756386983461121], "b1": [0.06501108424836957, 0.9877405806634857, 0.9648797457883562], "b2": [0.9948529698096255, 0.9215771128322924, 0.920872459567768], "b3": [0.7333202034821182, 0.9944291022666562, 0.9918696148940495], "b4": [0.8908299752675474, 0.9159003624599612, 0.8937393570121954], "b5": [0.00333735760850534, 0.9500557570647988, 0.8433171011971584], "b6": [0.08313624705519918, 0.8833173585256602, 0.8672316686953391], "b7": [0.2956886337642068, 0.9898100654174278, 0.8092170922375989], "b8": [0.005091381340649936, 0.9458829979217444, 0.9256288258484092], "b9": [0.8795076722515891, 0.8811354108533959, 0.8435860025083893]}