{"b0": [0.8553186727183159, 0.9925483634601265, 0.8087284695487367], "b1": [0.8643761796742829, 0.9821603869691257, 0.866100045287358], "b2": [0.7685392331206166, 0.8154666191957941, 0.9980464807281288], "b3": [0.3209569035311496, 0.9520668909770642, 0.9805998232904105], "b4": [0.9958607784559744, 0.8924185772518237, 0.9191543210491541], "b5": [0.07616655210969392, 0.9855124160701155, 0.8723632978624102], "b6": [0.8844640750057989, 0.9077614482329934, 0.9929035663302501], "b7": [0.9964106969734884, 0.9529827242931672, 0.8288288860355899], "b8": [0.9890163794456187, 0.8153564859950124, 0.9874235237928078], "b9": [0.04980316781141065, 0.8773247099647166, 0.8314968341299884]}