{"b0": [0.07783822124947636, 0.9822407634654763, 0.9452781858529561], "b1": [0.0041923048691792815, 0.9805591243282094, 0.8857961248963026], "b2": [0.10686208300746072, 0.8457724437443832, 0.958565702696084], "b3": [0.16163430321249916, 0.946240952734509, 0.9455775387141461], "b4": [0.3756587204100201, 0.9993695206702811, 0.8685462229016352], "b5": [0.9842553316629554, 0.9133542625813127, 0.8383515085450459], "b6": [0.9805569662607616, 0.93496701782414, 0.8805998756324908], "b7": [0.9967346007208937, 0.8175357270400921, 0.9444425111660034], "b8": [0.0052285225911986475, 0.9299519128534268, 0.9248919072656383], "b9": [0.7745480711631607, 0.9338453730999585, 0.9707666254456869]}