{"b0": [0.8747890824335133, 0.9905154949831934, 0.9277577433016604], "b1": [0.7755281650488027, 0.9956786626891453, 0.9031318480656675], "b2": [0.15924780029644497, 0.9953806725794293, 0.8513977031174262], "b3": [0.08567928778899604, 0.9710019658315971, 0.9429983894330831], "b4": [0.15077917675350863, 0.9652940712014683, 0.811937688006511], "b5": [0.6211499987657624, 0.8172135569019656, 0.9858105499836997], "b6": [0.07407430829777054, 0.9216288681640558, 0.9612621804380188], "b7": [0.7521340070919811, 0.9831284025644526, 0.9509581492070764], "b8": [0.6300540055733252, 0.9653443719019932, 0.943611853130432], "b9": [0.8882221108647301, 0.9879191164666606, 0.9748690781319411]}