{"b0": [0.7892861595322223, 0.8203062143108698, 0.9300982349273464], "b1": [0.07273465930542572, 0.9833173807741531, 0.8274413253329266], "b2": [0.9133676457798756, 0.9104392118182346, 0.8911819278506091], "b3": [0.0808857926800123, 0.8816269418587268, 0.9875678116202782], "b4": [0.15921455955705388, 0.9523586391679147, 0.9026197515679893], "b5": [0.7435580038397482, 0.73406529829316, 0.8110713987054382], "b6": [0.16136629637045982, 0.9738428642530066, 0.9080055425364048], "b7": [0.16344267225089454, 0.8871997953854102, 0.9583510193771839], "b8": [0.7408144285871617, 0.9580560202410825, 0.9800654676261692], "b9": [0.8700051621053965, 0.8690753861273732, 0.8280731669164765]}