{"b0": [0.1647717330871019, 0.9723088530033712, 0.9390190723585532], "b1": [0.8595059346255844, 0.9273138487642427, 0.8689673247050089], "b2": [0.33447006797500234, 0.8388035369517669, 0.8312468208641846], "b3": [0.08410823707980196, 0.9911679982965335, 0.9160727980696346], "b4": [0.6019608681853754, 0.9444725017292032, 0.8398684508644072], "b5": [0.7806847536009743, 0.9846386198744358, 0.8501270452828684], "b6": [0.7537453884074862, 0.9967340234565627, 0.810828610550588], "b7": [0.7262707703102707, 0.8635911363344206, 0.9711452585429329], "b8": [0.6174445453152227, 0.9241681077089396, 0.8266447176811988], "b9": [0.8792946338611575, 0.9837778223604768, 0.8978951338960951]}