{"b0": [0.7276025484230583, 0.9602418944700502, 0.9508450097345491], "b1": [0.7192004221022408, 0.9030108544777937, 0.9489471730482295], "b2": [0.6159814517077163, 0.9478407410034626, 0.86972625756348], "b3": [0.8254160393625376, 0.9937302633864286, 0.8545415548413758], "b4": [0.880157261704992, 0.8364008740183487, 0.8788424843728129], "b5": [0.08189396828930268, 0.7596188239338707, 0.9830464190471493], "b6": [0.8626986151029596, 0.8560714417874741, 0.9626851534274209], "b7": [0.3706183913682002, 0.9803549454777967, 0.9193541070759089], "b8": [0.16442596951382743, 0.9422614385635206, 0.9321172966149175], "b9": [0.07020937176341752, 0.9179998808783941, 0.934044268736536]}