{"b0": [0.07764297146110331, 0.9670602202431478, 0.939151755576332], "b1": [0.858973111520868, 0.8538105514900048, 0.8691696580326541], "b2": [0.16008189399606668, 0.919188362237848, 0.807961539581111], "b3": [0.1519760615289913, 0.9945891149697087, 0.9375685463335476], "b4": [0.9132351791522556, 0.913776884930359, 0.9955142104292863], "b5": [0.31363600570516836, 0.9421431224677825, 0.9031473698806171], "b6": [0.38463923512804377, 0.9649085365282772, 0.9850600497286172], "b7": [0.15871937814817144, 0.8381938387542488, 0.9085555209183623], "b8": [0.15395273449065067, 0.9230523176565814, 0.9289350291534748], "b9": [0.8675790759445821, 0.8047349084125345, 0.9690054687474344]}