{"b0": [0.16486478560642898, 0.9734896766409549, 0.8741899043593554], "b1": [0.27654111329147496, 0.9515428977493431, 0.9088111924946903], "b2": [0.3440432665113615, 0.9585991748943522, 0.9394174035112242], "b3": [0.16602382919616251, 0.9449636305613867, 0.8838235357624319], "b4": [0.15834321518789007, 0.9801562640479701, 0.9110815790642499], "b5": [0.157296301831047, 0.9850318430959929, 0.9341474169178852], "b6": [0.8491938589197475, 0.9606019103223038, 0.9581518221898342], "b7": [0.839892329524305, 0.9919805280348349, 0.9530992015477586], "b8": [0.15406439955701776, 0.9296080538689333, 0.9956102193325939], "b9": [0.9017291187076043, 0.9994663254295593, 0.9870044451058909]}