{"b0": [0.8848860944625236, 0.9243508140232051, 0.8977129043941323], "b1": [0.16241723631256944, 0.8690055573648479, 0.9951150751617155], "b2": [0.35072953811405605, 0.9649693105726681, 0.9743686214932272], "b3": [0.1600854701406175, 0.9707341216730444, 0.8022837229891134], "b4": [0.6198060363980901, 0.9797769755044429, 0.9140411080018147], "b5": [0.15576408104966577, 0.8119218082637255, 0.8560193467296109], "b6": [0.8557295862918542, 0.9294160567233872, 0.8307391285404669], "b7": [0.15816192480667246, 0.9489947355099002, 0.9655047550554614], "b8": [0.9114597931303675, 0.929907811597163, 0.8302884569836801], "b9": [0.02670739192108502, 0.7930983985252056, 0.8370147382415379]}