{"b0": [0.1627898884793918, 0.9913459244290947, 0.9802703328905062], "b1": [0.1550993868451533, 0.8780214381257748, 0.9006280945147733], "b2": [0.845762746623897, 0.9547442004466447, 0.8438782542292254], "b3": [0.16555961328613444, 0.9974388314547538, 0.8974151403226702], "b4": [0.15022016634203564, 0.8815333241322094, 0.8592736262135773], "b5": [0.15595472485507214, 0.9523059711061146, 0.8696279101933996], "b6": [0.1579443724281332, 0.9974419515849869, 0.8297463367778554], "b7": [0.8622929959448072, 0.8268430908645678, 0.82966652792377], "b8": [0.1527291639070735, 0.9952551126252223, 0.9785963691526491], "b9": [0.3428917452082322, 0.961722064959137, 0.8468174070552074]}