{"b0": [0.3381342189403202, 0.9613702360997393, 0.8709511323820742], "b1": [0.16017092773138272, 0.9144688620836727, 0.9489787225739916], "b2": [0.9708553704931064, 0.9022722707243038, 0.9114624837739084], "b3": [0.3217984622588101, 0.9593656140248105, 0.9816465737509713], "b4": [0.08594373720848245, 0.9491260278473093, 0.8300173483025908], "b5": [0.8192197588965009, 0.958846995099051, 0.8715489238634784], "b6": [0.018294509556003515, 0.9599989332011473, 0.9267444813867987], "b7": [0.02622441352723101, 0.9487242668221115, 0.9508704171333839], "b8": [0.09414933058705864, 0.9247320143024558, 0.9838662781337372], "b9": [0.3263540792248113, 0.9415360961812071, 0.8854756732983244]}