{"b0": [0.31370138453926144, 0.8994505065564549, 0.978313238089103], "b1": [0.06803630426746021, 0.9992779452666851, 0.8191398410531608], "b2": [0.0013232406369143195, 0.9995546172402093, 0.9225239659384695], "b3": [0.16337422602756976, 0.9787664385594367, 0.8515437526381809], "b4": [0.9931850573321048, 0.9664110970266209, 0.9920660685797766], "b5": [0.9867445582801843, 0.7701879135567884, 0.8331656928223232], "b6": [0.08227414867013592, 0.8068537472143197, 0.9286844709919174], "b7": [0.3037923488096776, 0.9340964571917401, 0.8970848028655699], "b8": [0.35262714578292814, 0.859890112442046, 0.8427206067051735], "b9": [0.1479878856531803, 0.9464513139036034, 0.8589270074570555]}