{"b0": [0.7587145064962278, 0.9607368805612225, 0.9945165092482516], "b1": [0.7939917204648466, 0.8608367596641515, 0.9968703139517372], "b2": [0.8758444167890315, 0.7834421231876421, 0.8830913613218427], "b3": [0.78400401536447, 0.9293294674691631, 0.8823589145642698], "b4": [0.7588114502653157, 0.9932749441610936, 0.9878968998474906], "b5": [0.3128377181497093, 0.8235685880333473, 0.9777963012725647], "b6": [0.1601840003411544, 0.8604227371156966, 0.9566953538968355], "b7": [0.7461314425876533, 0.9513413044591664, 0.9128909354626912], "b8": [0.07646174143886858, 0.8517669591077699, 0.8027387481891453], "b9": [0.005247980234201441, 0.8609584733733462, 0.9487551298392749]}