{"b0": [0.9939829531360941, 0.9344498253824156, 0.9340900749704772], "b1": [0.9902445327217875, 0.9181069232142072, 0.9900423095207183], "b2": [0.004074512541153264, 0.9827271351420304, 0.8780575529890322], "b3": [0.9173440028809523, 0.8711645276510351, 0.9127162304401135], "b4": [0.8509877004256959, 0.8875911385699797, 0.8419011973641801], "b5": [0.008760086887848975, 0.9286556541140619, 0.8807940268402477], "b6": [0.7750029562947452, 0.913295543320189, 0.9639606380774299], "b7": [0.8573559343039239, 0.927454459345778, 0.878887967889851], "b8": [0.97278153432164, 0.8888371569382046, 0.9096861979785882], "b9": [0.021597416980888524, 0.9559264756897814, 0.992999716364748]}