{"b0": [0.9824699107161269, 0.8883718710302024, 0.9091987699812707], "b1": [0.9598635787164095, 0.8959637616082337, 0.868872580360134], "b2": [0.3558350382886713, 0.9593816584613541, 0.8544198007948834], "b3": [0.8533808523157361, 0.8068364885739618, 0.8068388198650632], "b4": [0.8638309790740125, 0.9576642998652463, 0.8874454853411659], "b5": [0.6290082998853074, 0.9247835028518614, 0.9076262763611257], "b6": [0.7497396404761676, 0.9701429949425193, 0.9704577065734656], "b7": [0.09402179619598211, 0.9529530186625175, 0.8698204557446352], "b8": [0.9864895322524923, 0.948890093177276, 0.9695545177187097], "b9": [0.9013742117916236, 0.9533292146091695, 0.8082236688412557]}