{"b0": [0.849034649267861, 0.9970107352990081, 0.9028823342379079], "b1": [0.8889761396028605, 0.9122416239539417, 0.9558396811805501], "b2": [0.8888222132170621, 0.9743459483334165, 0.9837665751493715], "b3": [0.85702231281185, 0.9531631704572494, 0.9092607598822054], "b4": [0.0009779115725924881, 0.8927258010050992, 0.9578909031086235], "b5": [0.9885787809984685, 0.9887173536678736, 0.9139420381774795], "b6": [0.08877415812711767, 0.9106052644340352, 0.8838905958201236], "b7": [0.9908294833542375, 0.7531275816882994, 0.8903430181654193], "b8": [0.842611070540333, 0.9488819948984448, 0.9578168032210037], "b9": [0.7564336338225343, 0.7573948699781837, 0.9121179362036689]}