{"b0": [0.1598658386930114, 0.9761432061125452, 0.8231401757388369], "b1": [0.6586178925556285, 0.9187986062655917, 0.9515062024981795], "b2": [0.9722589458734459, 0.9308391951644868, 0.8349093291527799], "b3": [0.0746570654824959, 0.8269117685387567, 0.9524234998446446], "b4": [0.08095114264661028, 0.8640085295809385, 0.8253642526775211], "b5": [0.07262801515898168, 0.8865726437937944, 0.8287346950543344], "b6": [0.756475864350946, 0.9450724305097055, 0.8926666328983844], "b7": [0.3414991861192805, 0.9654285000232657, 0.8298477565281419], "b8": [0.15713139766343776, 0.9558776000151303, 0.9231010132297925], "b9": [0.09349532206407712, 0.7944476009341492, 0.9101739078257849]}