{"b0": [0.8468723324316453, 0.9014831618840207, 0.9116447761072997], "b1": [0.6343883485208718, 0.9601509977312018, 0.849033902817875], "b2": [0.9913325941070659, 0.9773747255672964, 0.9076948739978407], "b3": [0.9891081360732278, 0.9295716686780158, 0.9002635580953922], "b4": [0.08311978618776125, 0.9589696657683559, 0.9106917898812752], "b5": [0.3009569465556221, 0.8049735658698651, 0.8217765066079957], "b6": [0.3469872741075413, 0.8180014098566469, 0.8380916008256779], "b7": [0.5367453030310676, 0.7870872141640994, 0.896027375075271], "b8": [0.8520971899250306, 0.9847183077003746, 0.887416499225084], "b9": [0.7630873406180991, 0.9220960827052209, 0.8093144679607945]}