{"b0": [0.06977808885425721, 0.8709789858231551, 0.9230954606704962], "b1": [0.7502054910887486, 0.888210851280546, 0.903789532056259], "b2": [0.31025004340287793, 0.8172780789919009, 0.9344483322710536], "b3": [0.08708250207008067, 0.79189713250821, 0.8285642725944724], "b4": [0.003770565400706696, 0.9542732264180499, 0.8089255753503305], "b5": [0.5825545517211491, 0.9855743851335257, 0.8295880816983515], "b6": [0.08484372014160382, 0.9983109508033795, 0.9042287479269979], "b7": [0.9851675967395679, 0.7696645351548619, 0.8049742082761245], "b8": [0.7574859673246798, 0.9887709162827463, 0.9283518812439042], "b9": [0.2924961961047079, 0.9449165854807423, 0.8924615676594675]}