{"b0": [0.9970570994815412, 0.8202043651669083, 0.8059491931486467], "b1": [0.08286584578651926, 0.9659370161211913, 0.8396095305093045], "b2": [0.015247466780102139, 0.9207241754580662, 0.8486379222348763], "b3": [0.07491876472875773, 0.8620643122221295, 0.9822384816035513], "b4": [0.5810840008647667, 0.9777725627104785, 0.9780834381527035], "b5": [0.6990918852942702, 0.9691464907322356, 0.9100006235814508], "b6": [0.07376919030991182, 0.9126776727332993, 0.954709795062731], "b7": [0.8717995551952589, 0.9102848798397263, 0.8840639753989723], "b8": [0.3487305327009007, 0.9519252496777547, 0.8681945308108976], "b9": [0.0658550140527112, 0.9724500711361853, 0.9956043290339984]}