{"b0": [0.16353328302926987, 0.9948306565930448, 0.945018825810391], "b1": [0.06107335899333667, 0.8210856555113353, 0.9223415750499245], "b2": [0.1537431019785057, 0.9417048799960702, 0.8121302221429926], "b3": [0.007515723118428265, 0.8758538842538013, 0.9593223567432426], "b4": [0.9988234060278234, 0.9638168949417001, 0.8223530826326926], "b5": [0.16700394639045676, 0.9563699134138522, 0.8475145768464253], "b6": [0.012878223251488368, 0.9718431549519053, 0.8034210176782173], "b7": [0.08471539283542585, 0.9078613974393981, 0.8486109874216504], "b8": [0.10548908521812511, 0.8589968653671987, 0.8703993663885741], "b9": [0.32872050678164366, 0.9906692555337052, 0.9193262927315092]}