{"b0": [0.14961939113914696, 0.9962982766940853, 0.914770615209378], "b1": [0.1621072328220151, 0.9521720078323688, 0.8995977297591244], "b2": [0.019220544993474226, 0.9286758586318605, 0.850849723212381], "b3": [0.15804221251493986, 0.8924305218209767, 0.811320673701269], "b4": [0.9829233580301201, 0.9859732122423509, 0.9931143429436113], "b5": [0.8855859751038215, 0.9832758954181863, 0.8970674875443047], "b6": [0.9056837655541748, 0.8218973588031169, 0.8830446803279056], "b7": [0.017673878307134946, 0.9246124557244755, 0.8209469663685302], "b8": [0.7385105340495492, 0.9832485211983939, 0.8778102159020443], "b9": [0.8711691287632832, 0.9947031998277547, 0.8408233962292136]}