{"b0": [0.9275067056500653, 0.8536115133818788, 0.915692581164176], "b1": [0.08112994584981008, 0.7948958653460962, 0.9527613377751116], "b2": [0.9913920595600234, 0.806649981391374, 0.9606247870746476], "b3": [0.9916488908030111, 0.9921056652495956, 0.917071874213265], "b4": [0.7430979754077073, 0.8863957024864962, 0.805540569117266], "b5": [0.001490950657029474, 0.9851374383350118, 0.9475395903398229], "b6": [0.8502990511401228, 0.88882428434872, 0.9751379410420271], "b7": [0.8716397464308511, 0.8283143275994762, 0.9271815167716653], "b8": [0.16117101983229293, 0.9235993651074582, 0.9451122532470561], "b9": [0.17246409859354347, 0.9524387330882772, 0.8346435588975933]}