{"b0": [0.318676618062444, 0.9375684594245048, 0.9127155093581331], "b1": [0.6811534976767024, 0.8668345225269184, 0.8391260958385032], "b2": [0.8831359127786204, 0.9624181381546477, 0.9416968622041266], "b3": [0.7098216711791402, 0.9678422836639841, 0.8530003451594306], "b4": [0.015058194811675281, 0.8666333987914837, 0.8619370521717535], "b5": [0.9072813702930133, 0.9322950635625884, 0.8967419615528989], "b6": [0.16784896134598326, 0.9862467916529658, 0.9068648239959939], "b7": [0.5831978315977647, 0.9447834587589696, 0.8559493178573361], "b8": [0.7585508664559311, 0.9357869717982862, 0.8921047693409827], "b9": [0.030272609015006554, 0.7991725224716493, 0.850744831117672]}