{"b0": [0.008130482883808784, 0.9505494025721795, 0.990796513434876], "b1": [0.7374590172230494, 0.9671783718004404, 0.9351409167114624], "b2": [0.15581810646258185, 0.9111078658965936, 0.8265288964761848], "b3": [0.36512979709212323, 0.9882072207745796, 0.8687831862281702], "b4": [0.38618986151516765, 0.9532555033732527, 0.8198396512977183], "b5": [0.06966253295764534, 0.9661383802572103, 0.8001610176392872], "b6": [0.8983224612933745, 0.9926479441473098, 0.8593473416154852], "b7": [0.9022160030814116, 0.9473543360856703, 0.9859218776488493], "b8": [0.9086200344709948, 0.9760174015343972, 0.8636275727751304], "b9": [0.9954955567185537, 0.967826227575911, 0.86164406792574]}