{"b0": [0.165109425009911, 0.9187181634667515, 0.9821142768737157], "b1": [0.7530615315228982, 0.953132801033813, 0.8407329752331029], "b2": [0.11136422867374454, 0.9418029457079856, 0.9028281282216], "b3": [0.08510470797228438, 0.980644958965777, 0.940727810422146], "b4": [0.09077600702006557, 0.8795770135134515, 0.9829770035317121], "b5": [0.352940377154234, 0.9517738325720346, 0.9986237448478363], "b6": [0.33697612645190583, 0.9579593535665345, 0.9898841662675689], "b7": [0.8514394023360101, 0.991332083826189, 0.934107671632371], "b8": [0.34049038696933226, 0.992853985120934, 0.8985294632904884], "b9": [0.733184875715407, 0.9327843382113392, 0.8577968741014713]}