{"b0": [0.3364282445729725, 0.9538628077869598, 0.811942018623973], "b1": [0.767720133169712, 0.9542234749816827, 0.9534179507594571], "b2": [0.7182627204175307, 0.9301164525203047, 0.8778832739037901], "b3": [0.8226429895833891, 0.8645121150328228, 0.8733602615707323], "b4": [0.7275489661324255, 0.9595412757000235, 0.8547409853135648], "b5": [0.8080365335072034, 0.955751856810027, 0.8167897917021639], "b6": [0.7457076996181509, 0.9941981277137826, 0.8870471394109053], "b7": [0.7003132530933341, 0.9438577759912898, 0.8466702303437121], "b8": [0.15898929268831666, 0.9755145945468, 0.9876771682646734], "b9": [0.7605470108754757, 0.9273349521027489, 0.8250821673818176]}