{"b0": [0.3386510769818398, 0.9776846264786684, 0.9941602974776604], "b1": [0.3633456836341526, 0.9139807331417741, 0.9370735693249066], "b2": [0.7644624998517632, 0.9850844523321872, 0.9648243784271758], "b3": [0.1586981380655411, 0.9770431869874492, 0.8027706686156683], "b4": [0.30265938999336844, 0.8796600075373839, 0.8713706503078695], "b5": [0.9060011339424537, 0.8715057832001564, 0.8085414729516084], "b6": [0.6258993873764208, 0.9068230993058414, 0.8925065682718215], "b7": [0.3690532602686709, 0.9067411321551456, 0.8037079759587544], "b8": [0.15447043452429163, 0.9179144269707264, 0.8741383882175587], "b9": [0.1603666464418086, 0.8762318517187998, 0.9902502669815472]}