{"b0": [0.3341416252823924, 0.9855444297923583, 0.892693223292836], "b1": [0.6238149383032465, 0.9400371261745505, 0.8071577525300089], "b2": [0.3333268348946515, 0.9692599075801316, 0.8722528746140553], "b3": [0.33002061687852463, 0.9002681685947768, 0.878746441756226], "b4": [0.7360525508663163, 0.8496159727783343, 0.9496657274377358], "b5": [0.9853573336038669, 0.9705967132493153, 0.936246697897293], "b6": [0.10897015123496961, 0.9644985708446903, 0.9088111776545584], "b7": [0.09391107122446879, 0.8544814367295985, 0.8483894201590119], "b8": [0.7741682719569967, 0.9092195169799543, 0.9657572730727394], "b9": [0.5901216440441021, 0.8957106638211988, 0.9643951088767544]}