{"b0": [0.5781357538782127, 0.9261959671669614, 0.9162886401163268], "b1": [0.9028245168363813, 0.9049130970028909, 0.842312856374661], "b2": [0.36319032539613844, 0.883024197260609, 0.8372819072219875], "b3": [0.08826943448341985, 0.981746288505903, 0.9378497149743928], "b4": [0.09764022572127934, 0.9993633858151176, 0.9874913896398223], "b5": [0.16038015023445984, 0.8610893303127729, 0.8643587158421167], "b6": [0.08794102783781808, 0.9881189323142546, 0.9975106965051478], "b7": [0.16290800848755616, 0.88890474050453, 0.9011123062312614], "b8": [0.5774382597085902, 0.8232923191336365, 0.9678398053542969], "b9": [0.0810016332079845, 0.8993090601154379, 0.8302082000365831]}