{"b0": [0.29081721082930584, 0.8813831662858376, 0.8246807590173141], "b1": [0.0975506583618861, 0.7678837510470963, 0.992289709605695], "b2": [0.8959038535666742, 0.8950456049888433, 0.8272196766213148], "b3": [0.5785285278074361, 0.9735342523157398, 0.8348617371531663], "b4": [0.9881022161469716, 0.925377448475818, 0.8029831470192929], "b5": [0.6318873175892159, 0.7995134101953348, 0.9208616281157004], "b6": [0.158211716528934, 0.8805253680035738, 0.8258402800711204], "b7": [0.007563538001922375, 0.9841713322778359, 0.98508576835608], "b8": [0.89812121362226, 0.9914138527149278, 0.9017063654955164], "b9": [0.1577439328178683, 0.9658960764518217, 0.8588783905573149]}