{"b0": [0.347616714162066, 0.9556098605787501, 0.8665845898369678], "b1": [0.32967979418694093, 0.9978052528642039, 0.8815019033113708], "b2": [0.993863441417866, 0.9911554830522222, 0.9231276714055374], "b3": [0.08227613877026002, 0.9985106077574624, 0.9902030268565576], "b4": [0.8957660821462048, 0.8848035326111142, 0.8575529503203971], "b5": [0.16551250155790892, 0.8772353127771279, 0.8292270557303592], "b6": [0.32826387033329885, 0.7467494873151427, 0.8378073117332903], "b7": [0.8970881310202213, 0.9318402118171853, 0.8585065278620669], "b8": [0.6317141545542977, 0.9519491432559581, 0.8549104869442112], "b9": [0.8867357106679736, 0.9764228411637181, 0.9725021297882726]}