{"b0": [0.16658744037596673, 0.9417952579535099, 0.9637878510974679], "b1": [0.08389123810368959, 0.9256550029128157, 0.811607951246242], "b2": [0.0831787395282273, 0.9946400265797652, 0.9820290541991568], "b3": [0.15954036302863808, 0.9124375205756858, 0.8302531981990141], "b4": [0.7623259258291433, 0.8474360245560193, 0.8515678021770289], "b5": [0.09963051395404872, 0.9832752814599175, 0.8717574232529667], "b6": [0.6559226310751515, 0.7953604357838715, 0.8879115449180506], "b7": [0.3474982474608895, 0.9630376434759733, 0.8330636548732224], "b8": [0.6096704415843454, 0.9669841958455649, 0.9289198781897992], "b9": [0.028673172958859676, 0.972970277335417, 0.9477692085169016]}