{"b0": [0.01592537474938714, 0.9368557299423123, 0.9941166650527364], "b1": [0.6651956869895007, 0.9647550620711768, 0.9742904725742549], "b2": [0.5161591501988098, 0.8873579260076889, 0.8327694444773325], "b3": [0.16414261379338513, 0.9572290469615333, 0.9736615429275366], "b4": [0.8322363017834572, 0.9137982624792034, 0.9424531879925957], "b5": [0.9896221303580713, 0.9207716607984199, 0.8826080145532751], "b6": [0.3698418072110721, 0.9310702954745296, 0.9635322872449664], "b7": [0.005830874160163643, 0.9506932785504932, 0.9543509938779309], "b8": [0.002671819836194294, 0.9989307105938223, 0.8833645549644648], "b9": [0.6527685503692099, 0.9593872445952987, 0.9377345419196095]}