{"b0": [0.5461915143455319, 0.8623989267247432, 0.9489944048444395], "b1": [0.613246366903883, 0.8259602973483517, 0.909424713961678], "b2": [0.5622899998004882, 0.9806017712881016, 0.8401807385914107], "b3": [0.6265204112549726, 0.9910516406402511, 0.8532244396078681], "b4": [0.09887369274952276, 0.9990743153766947, 0.9897865667749722], "b5": [0.10539018203949346, 0.9642610220708012, 0.8866277244849846], "b6": [0.9910855868100396, 0.8774609338905092, 0.8639293312596317], "b7": [0.0014410055332699213, 0.9716881535825266, 0.9598971248925823], "b8": [0.8845592596380046, 0.8652565744922615, 0.9701920119939674], "b9": [0.8330913567335879, 0.9147237693676941, 0.9154372359440675]}