{"b0": [0.9950935115541505, 0.85288345513364, 0.9388178254671454], "b1": [0.6321568615233966, 0.9181835645976004, 0.8804214794025481], "b2": [0.8636886499136396, 0.9726650785300002, 0.8430225408386269], "b3": [0.6285130581584127, 0.8352952137173846, 0.9393352103329679], "b4": [0.8598328223696832, 0.9065628685693325, 0.9055391633915886], "b5": [0.5510532710782314, 0.9070957638827356, 0.8379348237111135], "b6": [0.5967520836383527, 0.9768216887961059, 0.8191839556601442], "b7": [0.5662485949262095, 0.8861982137189779, 0.8099319470044726], "b8": [0.00047221529151868317, 0.9456377445922145, 0.853879412283622], "b9": [0.5855479724011858, 0.9627609223682977, 0.9721262118871349]}