{"b0": [0.8815099256719866, 0.8929268885039794, 0.8523950697296495], "b1": [0.6350447022029246, 0.9666287898143806, 0.8002966364716522], "b2": [0.9799712272081267, 0.8097423761790208, 0.873217017405671], "b3": [0.6592723050403354, 0.8833315786809499, 0.980801175170279], "b4": [0.01044672539764504, 0.8782110918578359, 0.8733372626395303], "b5": [0.5920948410492645, 0.8386750148523626, 0.8028675029884619], "b6": [0.06866874930611279, 0.9503791468525226, 0.9286839624267532], "b7": [0.8611703694646264, 0.8752576551494857, 0.9105696864788553], "b8": [0.11533231219531821, 0.9486303020095401, 0.8293858759214779], "b9": [0.08362166932817437, 0.9172195203383983, 0.9529596356073903]}