{"b0": [0.16448556969991174, 0.9208309538916473, 0.8912068106542563], "b1": [0.731195430960452, 0.907607522861115, 0.9732721735704882], "b2": [0.6220510757755516, 0.9467542881098161, 0.9837069435317624], "b3": [0.9885620028076373, 0.9909906319719127, 0.9927782662539242], "b4": [0.011219620154592208, 0.9216171209385629, 0.9759787604501668], "b5": [0.7355122455661943, 0.935878569039948, 0.8653825976640303], "b6": [0.8667214234913504, 0.9521361273577983, 0.8881266497282317], "b7": [0.9000719693279308, 0.9792304050317103, 0.9201043296201198], "b8": [0.8582491670086994, 0.8494549811452441, 0.9860844763996206], "b9": [0.9959801399448948, 0.9620727732943753, 0.8949260933510734]}