{"b0": [0.8686890535190958, 0.9748861046173422, 0.8479245322298172], "b1": [0.8734087136982231, 0.8874179831711088, 0.8794263766695732], "b2": [0.61273564368266, 0.8062492927769286, 0.9218735972812391], "b3": [0.3078298130521099, 0.9057663710662246, 0.8001504263617326], "b4": [0.008642093326426618, 0.9762789571179331, 0.9453364687885382], "b5": [0.01343252698846262, 0.8722341010599612, 0.9483785651094504], "b6": [0.8612192994783462, 0.782063699315867, 0.821026788640799], "b7": [0.018702621062042905, 0.9001540971387992, 0.8205625212795984], "b8": [0.72541238389924, 0.9438555555854387, 0.8291076920679721], "b9": [0.34774451616272567, 0.9545267891256646, 0.8682515968891795]}