{"b0": [0.7905052932022245, 0.946451960285819, 0.886873532528546], "b1": [0.15290334879929174, 0.8892360936304088, 0.9635709682181316], "b2": [0.9628579154384349, 0.9150301792628736, 0.9944260573318305], "b3": [0.8995787093636356, 0.9822865129820393, 0.9356182747207236], "b4": [0.8827088021695646, 0.8705900260072617, 0.8013996349947692], "b5": [0.35155668501420734, 0.7796845199020404, 0.8706307662192843], "b6": [0.883733245665105, 0.9889350791993798, 0.9100968266196046], "b7": [0.009117711386431825, 0.990550493161789, 0.8857366486155935], "b8": [0.15399212656974196, 0.9670800439229461, 0.8090118910995129], "b9": [0.008789969060929825, 0.9291845048536215, 0.8276139815089639]}