{"b0": [0.003096270745153065, 0.9846212024271987, 0.9455334725902099], "b1": [0.08166035876074568, 0.8914697265980067, 0.8079503221291339], "b2": [0.8677542937005326, 0.9671126651616241, 0.8646919428296854], "b3": [0.34307411220326345, 0.9951244782158054, 0.8819926054098898], "b4": [0.15430120401100605, 0.8687277464738739, 0.9150499250686628], "b5": [0.9947180053388953, 0.9417256018646857, 0.8413704973682834], "b6": [0.1539994138635375, 0.9045082407215966, 0.8047038304565735], "b7": [0.8564131987453796, 0.9168515727821749, 0.9784903150412886], "b8": [0.006012124916977655, 0.9346325673667522, 0.9697746666394116], "b9": [0.9060945604096368, 0.9966880766331303, 0.9782857339089708]}