{"b0": [0.872848209240026, 0.886388076259479, 0.9811469884405096], "b1": [0.005686123549373515, 0.971633615903406, 0.886682646341702], "b2": [0.8918199143997049, 0.9458952541130644, 0.8512333746502299], "b3": [0.06897410660882082, 0.9680503140238961, 0.9173496566905871], "b4": [0.7204416348321361, 0.9953554340045264, 0.8548027709001874], "b5": [0.880033271156774, 0.959217141652543, 0.9112926258930031], "b6": [0.6113335843668316, 0.9206854055352295, 0.9638337789296698], "b7": [0.9989712054572122, 0.9495423355307337, 0.8810220597401351], "b8": [0.164306857647967, 0.9610125691542056, 0.8015585358344174], "b9": [0.004371472751806093, 0.9260182668140188, 0.8121452312386651]}