{"b0": [0.7272875738605481, 0.8847397496485182, 0.8961390384372894], "b1": [0.7113214161157089, 0.9670092362821734, 0.984834004829111], "b2": [0.015939766430963013, 0.9100926889804057, 0.8250452034696769], "b3": [0.1618981939942362, 0.9621042700238501, 0.8069730762384651], "b4": [0.06368385733955713, 0.939246365551237, 0.9268024406097282], "b5": [0.9926236558376477, 0.9184569130125637, 0.8435872979978517], "b6": [5.2103417240657266e-05, 0.9063953654023647, 0.951798505240982], "b7": [0.07473529473788237, 0.9164816298707286, 0.9842618878912284], "b8": [0.38329525763326805, 0.9027420847838876, 0.8920658135729188], "b9": [0.3485632942505424, 0.9977646400523484, 0.8114622491412773]}