{"b0": [0.989373757109687, 0.9894843651720503, 0.8754777686706712], "b1": [0.06304872502141698, 0.8935927594135512, 0.8142450514568883], "b2": [0.8972478820997227, 0.8158050898343987, 0.9845482481303712], "b3": [0.8824565338926146, 0.9280435039760545, 0.877972245427115], "b4": [0.5719362834291837, 0.9681862841079746, 0.9042175077614496], "b5": [0.06230635099133152, 0.8657099566500822, 0.9613879424464694], "b6": [0.7413990286457005, 0.9950029015794716, 0.8049893376042248], "b7": [0.7515638288064396, 0.8625669607765571, 0.9527841301378542], "b8": [0.3663856966698043, 0.9626002057922908, 0.8111476890778277], "b9": [0.9949500580422719, 0.8982150602353325, 0.9097342330180047]}