{"b0": [0.6957768273069537, 0.9750330282580775, 0.9571921504723911], "b1": [0.7600011373132467, 0.8995937707621513, 0.9385127177010858], "b2": [0.2690297883933386, 0.948957399881273, 0.8654933715491917], "b3": [0.16181443391117128, 0.9877125716309715, 0.9882677539722076], "b4": [0.7320795043033972, 0.8498664880479758, 0.8626701767849956], "b5": [0.33748730547552036, 0.9215982966398769, 0.976592957166615], "b6": [0.733185357741795, 0.9787129261422963, 0.8578920855405145], "b7": [0.6515864724634878, 0.8876866800776706, 0.9951669698600081], "b8": [0.6305894942537029, 0.9211082176324985, 0.9192449513812097], "b9": [0.17040994266061454, 0.987198702992179, 0.9233497325365733]}