{"b0": [0.16485318238970806, 0.9572579115494843, 0.8670825697336499], "b1": [0.09444471728155675, 0.8202713801148248, 0.8609730761145536], "b2": [0.8504170600883718, 0.9340284131522933, 0.8725121641874852], "b3": [0.8199367616249778, 0.8982126196689464, 0.9979234118022472], "b4": [0.3247919995765755, 0.9843876915603492, 0.8321755770037856], "b5": [0.8867473941941343, 0.9897992664719658, 0.8019669986509264], "b6": [0.8658870961841647, 0.9689408963313006, 0.8962652980595703], "b7": [0.9171813348359105, 0.9579113608996315, 0.8843656858183006], "b8": [0.9695391723723036, 0.981926137021962, 0.9706860845773868], "b9": [0.7805027654586826, 0.9045473211149279, 0.9639331260147347]}