{"b0": [0.606762592102674, 0.8073960715135917, 0.8626959823077262], "b1": [0.07819494241984638, 0.994199049166841, 0.8631927500470734], "b2": [0.9912566149917071, 0.8191732392137864, 0.8097733168318374], "b3": [0.8790527896905879, 0.9769354856469441, 0.9695128396727667], "b4": [0.15849894238386214, 0.8784673246103248, 0.8235946743591143], "b5": [0.5994557677564272, 0.9796205865711499, 0.9275640936503987], "b6": [0.3781559288353788, 0.9830404270977046, 0.8553524103640062], "b7": [0.7072706372769995, 0.9529622375802179, 0.9157841613580069], "b8": [0.6380980152168371, 0.8187743057778397, 0.8063192617293901], "b9": [0.33850901991292726, 0.9743154662713959, 0.8485233147596357]}