{"b0": [0.012823725867434506, 0.8825327192416438, 0.8865304605897854], "b1": [0.3330602047953687, 0.9772617670043755, 0.8611440367877818], "b2": [0.08072666582120318, 0.8701800678833895, 0.9451776604292123], "b3": [0.35755684008357114, 0.881016718871508, 0.9252941780465679], "b4": [0.3514381173851778, 0.9756777955727207, 0.885705705963641], "b5": [0.8558181881961948, 0.9766790707648412, 0.9351927620872721], "b6": [0.07842918914619185, 0.9110859354782486, 0.8766940385746191], "b7": [0.009659946003604807, 0.9095235212259386, 0.8136469612282778], "b8": [0.298846771541886, 0.9745681692997441, 0.9343759119728621], "b9": [0.9122282653439596, 0.9954586470107237, 0.9936845082950333]}