{"b0": [0.3752724161751653, 0.9492802294096481, 0.9142305102137921], "b1": [0.8621746775893189, 0.9286096590022238, 0.9510109524255159], "b2": [0.8819102832080056, 0.9116195053584271, 0.9276635700306758], "b3": [0.34440576579849647, 0.9869939278032409, 0.9906331932695306], "b4": [0.09901492377052387, 0.9568025217060385, 0.9646433862650696], "b5": [0.6177196997353716, 0.8977769914099909, 0.9827002845650956], "b6": [0.6155676936797221, 0.8653860831707425, 0.8085059997364675], "b7": [0.15806844845429527, 0.7412375858035909, 0.85046457273072], "b8": [0.008677606934006077, 0.9681977368651492, 0.8714973710926127], "b9": [0.578322135393111, 0.8132720062093971, 0.9677939076787443]}