{"b0": [0.8636521129304545, 0.9605630642023776, 0.9440205497170122], "b1": [0.6002886586379954, 0.949709122863123, 0.8265515844618865], "b2": [0.7466485916544756, 0.9752587714963574, 0.8488468655615341], "b3": [0.553823098091462, 0.8949254009600364, 0.9551486416656348], "b4": [0.15727546622290714, 0.9248234682856946, 0.9119550664249253], "b5": [0.30940022583209703, 0.9368320787270993, 0.8463231032071861], "b6": [0.320020047509386, 0.9883144306349548, 0.8451446852219345], "b7": [0.07368875692847389, 0.9346147457392721, 0.8785403304846711], "b8": [0.3791237509429922, 0.9958935177817181, 0.8173279865396549], "b9": [0.9970204876988791, 0.9007053952698485, 0.9905270401444072]}