{"b0": [0.2906943246097323, 0.8818347813489305, 0.8537255528086328], "b1": [0.0023968793287981235, 0.963447888271198, 0.9098304703271267], "b2": [0.8170613470925477, 0.863394552688069, 0.8182186115568763], "b3": [0.9061932930191634, 0.9631316319228611, 0.8323281195185896], "b4": [0.8007925289002418, 0.9544057232014699, 0.9204903706759947], "b5": [0.9045482865113722, 0.9073429090046014, 0.9887572579056381], "b6": [0.33182107556147583, 0.8828027635830615, 0.8243485685787733], "b7": [0.32814421992124565, 0.8593403571623003, 0.9883656597600279], "b8": [0.59106004033401, 0.9965951206391073, 0.9658047547454224], "b9": [0.35296198062852957, 0.8589642712549135, 0.9726889401275781]}