{"b0": [0.9938658521493369, 0.8320222137523675, 0.814855724844417], "b1": [0.7668656119597276, 0.8420464953412492, 0.8870085048672223], "b2": [0.718790773454381, 0.9005814988278737, 0.8432213215484751], "b3": [0.324189186209999, 0.9668429472597108, 0.9093275219211177], "b4": [0.29380399463556534, 0.947141711119501, 0.8144943113497755], "b5": [0.0829526026817243, 0.9004733229514456, 0.8914484469989569], "b6": [0.31212939232162024, 0.9459540596599441, 0.8459656325016636], "b7": [0.7526501315639008, 0.9912553502756125, 0.9138954846241725], "b8": [0.31423745735784964, 0.9219408431045483, 0.9688028246807449], "b9": [0.165117340875538, 0.9988608296528264, 0.9960636342715447]}