{"b0": [0.0695429351031524, 0.935566873235839, 0.9384032285687198], "b1": [0.32686165939429473, 0.8379740508408475, 0.8717474280574335], "b2": [0.5879800279407938, 0.9718095371270656, 0.8840233577587796], "b3": [0.852187937359783, 0.9670858333255937, 0.8274846565725091], "b4": [0.7441132803923942, 0.8725015316637825, 0.9421927458355539], "b5": [0.3229230211557791, 0.8196918452421944, 0.9505661104973762], "b6": [0.30655831263087097, 0.98245167137363, 0.9361182602628625], "b7": [0.9891882977419492, 0.9394647847249468, 0.9819708089726705], "b8": [0.5603080260215723, 0.9454791110747278, 0.9095020568710979], "b9": [0.16025793264049248, 0.901192373620771, 0.9110999334187069]}