{"b0": [0.0819582524213323, 0.8670873542455547, 0.8209348499001828], "b1": [0.8646352658139882, 0.9654511715512324, 0.8519694257917751], "b2": [0.3536997555548269, 0.9634629943736939, 0.8508335018144535], "b3": [0.007019962307462447, 0.9550052614575698, 0.9746973610164446], "b4": [0.2810183037096828, 0.9116075244799401, 0.922875493592091], "b5": [0.608744858254175, 0.8795238681329697, 0.9164499114816109], "b6": [0.7067245341863881, 0.9035490243869664, 0.875214898045737], "b7": [0.11259107115244289, 0.962975062836374, 0.8444432185759125], "b8": [0.6544790596515433, 0.9093596328754822, 0.8109478689291457], "b9": [0.7765369114128718, 0.7606690525435846, 0.8004865113878704]}