{"b0": [0.8819114025601487, 0.9016399386525847, 0.8452092940061883], "b1": [0.003155578673343656, 0.7685307389877869, 0.9521638155075349], "b2": [0.1643893141456048, 0.9537301498346948, 0.8548083460312509], "b3": [0.15568227274120983, 0.9914351992305837, 0.8513027213264559], "b4": [0.9993074875167552, 0.9397751680723887, 0.9344865153273719], "b5": [0.15938122681842215, 0.8708483941051987, 0.9008016815333694], "b6": [0.8796452211396759, 0.955532501026382, 0.9102274705850277], "b7": [0.9872741174459351, 0.8820275765028677, 0.8227987471146849], "b8": [0.0641704034028231, 0.8745918290893122, 0.9473283315796757], "b9": [0.8892084634824435, 0.8694948688997721, 0.8378739624771502]}