{"b0": [0.16538489288953598, 0.9180268196325401, 0.8578142229200969], "b1": [0.986721765418148, 0.9507150743720841, 0.8828359701487442], "b2": [0.9977368410429522, 0.9385399131154303, 0.8835295876911204], "b3": [0.8892347016573922, 0.9673903680087516, 0.9898439157167787], "b4": [0.8534546980340698, 0.8217350114296703, 0.9455077819227126], "b5": [0.08063681736364703, 0.9516185754128622, 0.8069937666636418], "b6": [0.14873008470159382, 0.9182505136782463, 0.9448931709692993], "b7": [0.02781830320642747, 0.9020373363882233, 0.9597620667012106], "b8": [0.8782612033764541, 0.9045830943328808, 0.9887434439846128], "b9": [0.16228792848454612, 0.9892727523251843, 0.9338546140967758]}