{"b0": [0.15886093314606234, 0.9098798902429269, 0.9154763889033584], "b1": [0.1688631553496234, 0.9820787103002614, 0.9946749973147847], "b2": [0.871890832837181, 0.9403010476065218, 0.822871246550808], "b3": [0.9050257502818495, 0.9936691666223115, 0.8579698527947519], "b4": [0.9020573138890683, 0.8857266753581757, 0.8770933297049038], "b5": [0.9805044438543591, 0.9878521307708094, 0.9238073851896198], "b6": [0.02056624109596951, 0.9880073591093711, 0.9438640392763937], "b7": [0.7734094370157172, 0.9680365990517562, 0.8821247958430817], "b8": [0.9993858927500016, 0.9475371769826308, 0.9340177570757398], "b9": [0.1582191237457705, 0.758883188945299, 0.8541619920844405]}