{"b0": [0.9992755621548575, 0.9536977423561359, 0.9507549068342351], "b1": [0.3179534702311053, 0.9327396917581626, 0.9281922332841092], "b2": [0.060575682276652144, 0.955577730565184, 0.9399535039624283], "b3": [0.16307689909185097, 0.7319550958016321, 0.9176088598415562], "b4": [0.0005181111799715077, 0.8218821496381394, 0.8572185389021478], "b5": [0.16367631964416407, 0.8394756426105472, 0.9438806366268157], "b6": [0.15681431411150581, 0.9329316290572202, 0.8957201074003197], "b7": [0.32571527149847573, 0.9907562695209416, 0.9209484570131834], "b8": [0.9100501220418313, 0.9741593274268979, 0.9533038537537126], "b9": [0.9932874985579209, 0.9541330746424533, 0.9461978993633606]}