{"b0": [0.8429721575757056, 0.8978601032380267, 0.9148819096749123], "b1": [0.7229721084690207, 0.8983255058803166, 0.9435051512079479], "b2": [0.9986321828985735, 0.8691447766343245, 0.9315434955788922], "b3": [0.9954318152497172, 0.9523507454997955, 0.9698042920145679], "b4": [0.9981389476464869, 0.9557297324623428, 0.9517404172551632], "b5": [0.1656850396162519, 0.9095846510357067, 0.9361893382122156], "b6": [0.15323256268767016, 0.8919241161143391, 0.8954656641843758], "b7": [0.7258018608718056, 0.9608392137423972, 0.9328463221142027], "b8": [0.1627780716689706, 0.8672612663876614, 0.8335915179291381], "b9": [0.8830058809769583, 0.9849047824017321, 0.9335113643716145]}