{"b0": [0.09322261073519299, 0.9662666299389584, 0.8486739778680332], "b1": [0.9260661815445941, 0.9388835800518543, 0.8272770960140404], "b2": [0.3388401312033109, 0.8871273009472721, 0.9614551793378466], "b3": [0.3362592021421, 0.9679052359346284, 0.8275749001895132], "b4": [0.013668266847525585, 0.8972148295924827, 0.9185605584360365], "b5": [0.7483231106980182, 0.8583602028589723, 0.9120819768687347], "b6": [0.9873947632544201, 0.9552543813619664, 0.8060692160642853], "b7": [0.07790732175923872, 0.7972670529071447, 0.9525729942606361], "b8": [0.5540328697119122, 0.9110081321743325, 0.8432268280336593], "b9": [0.9955582124113712, 0.8000218989067703, 0.8309805138204136]}