{"b0": [0.7545053801417775, 0.9353317800630708, 0.8589818147119519], "b1": [0.3509145486196143, 0.9948548322030881, 0.8400025672164791], "b2": [0.7776386380261237, 0.7545764550514559, 0.8343749030965429], "b3": [0.6262366976945031, 0.9637180101260978, 0.8110974213136314], "b4": [0.8673895406260946, 0.9557709083025135, 0.9467930129225932], "b5": [0.8678540844932627, 0.9679526065704505, 0.9113082389651685], "b6": [0.7666151125424596, 0.9580844364858314, 0.8813547162520057], "b7": [0.07557525002170026, 0.9987323963013024, 0.9718774693867271], "b8": [0.8812401227852772, 0.9943223307428406, 0.9445850810328054], "b9": [0.06838301230300746, 0.9444349604302519, 0.8683585402943905]}