{"b0": [0.9102133086434806, 0.9159477459048162, 0.9755777909371846], "b1": [0.5996481372567252, 0.9690605816860456, 0.8279613214594933], "b2": [0.5705642115278002, 0.8268470353590671, 0.8039481951346344], "b3": [0.10180248088573465, 0.8564878071624621, 0.8727953694403949], "b4": [0.897483851305008, 0.7801068313596818, 0.9964670024839115], "b5": [0.15594744027019752, 0.9756493215056717, 0.8451259511703191], "b6": [0.3186235261824356, 0.9832069971559875, 0.9682929206663661], "b7": [0.9792691002665316, 0.9448568229570765, 0.8675703839613521], "b8": [0.09071525722453234, 0.9786374353092127, 0.9483351149478481], "b9": [0.004028593260023843, 0.9855206342993332, 0.8519672672975335]}