{"b0": [0.8299345262743455, 0.9140954197274448, 0.8375589654728224], "b1": [0.8836118610860231, 0.920598450738115, 0.9950327660382841], "b2": [0.5838489939919986, 0.8764522075697747, 0.8152873092710439], "b3": [0.6188585690264001, 0.9816812377462323, 0.9724653832993277], "b4": [0.31975157313145064, 0.8319497670337733, 0.962323326351336], "b5": [0.36027250797634397, 0.9937169674448901, 0.8707516112060465], "b6": [0.07622033353084903, 0.8823571431605675, 0.9553195613963681], "b7": [0.0073321306320125405, 0.8248302914926464, 0.9747750679277816], "b8": [0.3037798400468392, 0.998306741365205, 0.9979684024768035], "b9": [0.9786305661938042, 0.9766845988188908, 0.8219819024747852]}