{"b0": [0.3176902229274271, 0.8870033697574009, 0.848636976355807], "b1": [0.000368666043530784, 0.9931555067841719, 0.8946849977158309], "b2": [0.9959322409278042, 0.9077560228457073, 0.8962373751515113], "b3": [0.8943005882851941, 0.861361397189514, 0.8047788465959986], "b4": [0.15546035625874036, 0.7821736593634813, 0.9640583372876327], "b5": [0.1575352087690383, 0.968392568596987, 0.835029731731341], "b6": [0.16473012813192026, 0.9505024605441836, 0.9219887252530435], "b7": [0.9907018820892969, 0.9988069171539776, 0.8575458451042102], "b8": [0.16015649097197962, 0.994967817732519, 0.9574212653639046], "b9": [0.029276133645111623, 0.9540826830283347, 0.9180063934673144]}