{"b0": [0.8763970213714342, 0.9621551953344856, 0.9835820412666669], "b1": [0.8176737518234678, 0.8478656405878433, 0.8189444451897709], "b2": [0.9936810466796159, 0.9672490585994947, 0.9708250233054398], "b3": [0.7570246729467539, 0.9203493166981768, 0.9965677416218915], "b4": [0.1636862126810582, 0.8917714492804153, 0.9983161983211037], "b5": [0.9921994484321464, 0.9171771073060577, 0.9217395673657655], "b6": [0.8750536080832861, 0.9547840302523185, 0.9621429407318627], "b7": [0.15105429640000076, 0.8571853851736825, 0.8312209919123638], "b8": [0.9928459412231971, 0.9838903738006407, 0.8838631123277496], "b9": [0.9938784682568795, 0.9651099407776212, 0.8405887779044534]}