{"b0": [0.9973702818041894, 0.9151040467293643, 0.8330572709863222], "b1": [0.9857821313192554, 0.8799181124177499, 0.8717673881545721], "b2": [0.09116042244275777, 0.88185967763668, 0.8748591848439838], "b3": [0.173385855399813, 0.949002492524744, 0.8885494357579496], "b4": [0.0763156451572886, 0.7274345205988331, 0.9132368414835276], "b5": [0.0038352048740931464, 0.9011039911750697, 0.9563088470140363], "b6": [0.17074527957289218, 0.9556204841439522, 0.9459665443115219], "b7": [0.9098808098859666, 0.9324293772437054, 0.8246992098733048], "b8": [0.9939430633924023, 0.841381445519223, 0.9437565868521332], "b9": [0.9041878782431154, 0.8884079343683243, 0.8270548060390362]}