{"b0": [0.09274941917242417, 0.8890268064014748, 0.8167151750347788], "b1": [0.644328959338296, 0.9981831090463659, 0.8774142477176201], "b2": [0.9914657863004079, 0.8403777742759955, 0.865410928734293], "b3": [0.15190853277682076, 0.9463310588055427, 0.8366330633418159], "b4": [0.6199251882924878, 0.9679918598444399, 0.8613930924845348], "b5": [0.07506537520166522, 0.9732288303581536, 0.9575103263164665], "b6": [0.3597688287048306, 0.9738001369177947, 0.801040529057093], "b7": [0.5684875569287572, 0.8807891307797313, 0.8834811310756088], "b8": [0.0015935006423048708, 0.9161855917067259, 0.8810717007948787], "b9": [0.6197623974897121, 0.8992580282368156, 0.9152735603030534]}