{"b0": [0.9899068711528066, 0.9160717110537252, 0.9354177589842644], "b1": [0.015741056056015227, 0.9067737004724762, 0.8748450951299706], "b2": [0.013505187715937084, 0.7867558028220568, 0.912019730963893], "b3": [0.054947665829024765, 0.9302932988048189, 0.9490271540732903], "b4": [0.07023463621403846, 0.9962847161426532, 0.927235816655892], "b5": [0.09330986412696371, 0.8935529292389197, 0.80285381242118], "b6": [0.9773288187614798, 0.9740441796883684, 0.9620550006957238], "b7": [0.8843162522220017, 0.8185082900029768, 0.8223883441685906], "b8": [0.9759846866261959, 0.8159046152738888, 0.9752995944128677], "b9": [0.08381258791193753, 0.9499715765373208, 0.8289342399417149]}