{"b0": [0.16010018054598313, 0.9362992284069493, 0.9333991930961241], "b1": [0.0798596177331004, 0.9827657628011552, 0.8556173792525683], "b2": [0.6014691591545508, 0.9749344653723849, 0.8393523930836474], "b3": [0.6978358412639374, 0.9854696741793388, 0.9538866589207948], "b4": [0.9931968777783952, 0.9448305560063676, 0.9553446046094578], "b5": [0.01033068795563123, 0.9677309279452353, 0.8820065233336498], "b6": [0.5940241564374528, 0.7875874919460979, 0.9834534643872405], "b7": [0.06994155880529869, 0.8494365959435328, 0.9470937492082211], "b8": [0.7470040566760856, 0.8029399705492405, 0.9906204224967852], "b9": [0.9990395201775852, 0.9525085332227704, 0.9002891550289119]}