{"b0": [0.007497170571127632, 0.8801743297490746, 0.9569681574967888], "b1": [0.007386731707095295, 0.9696374518688724, 0.9413654574005763], "b2": [0.003987216168295935, 0.9898783377431388, 0.92671728318503], "b3": [0.09664828210289703, 0.9210818812680428, 0.9957538553690735], "b4": [0.003128804330652787, 0.9393420155127401, 0.9647133573342707], "b5": [0.1063053320832133, 0.9156657313595459, 0.9171033095244272], "b6": [0.009072480806034887, 0.9833621484080465, 0.8645769278710354], "b7": [0.08119632156540219, 0.8176548617473333, 0.8472227153733576], "b8": [0.07780698191974822, 0.9485526373468133, 0.8703675080588996], "b9": [0.0025958143630334897, 0.9782660639902399, 0.9079055856924105]}