{"b0": [0.6243562412681335, 0.8723383667397934, 0.924745173537407], "b1": [0.34552830404626916, 0.9212678570378868, 0.8156906781556073], "b2": [0.15346057001028693, 0.9445621108481578, 0.8646345055399888], "b3": [0.8972930827139415, 0.9225747950367778, 0.9761013816648257], "b4": [0.34829114866599853, 0.9947226498279131, 0.8789039325594892], "b5": [0.15896251775583678, 0.8192371658571779, 0.8709820693889015], "b6": [0.3130142710361678, 0.8195848060529312, 0.8797762493672765], "b7": [0.3238026445430711, 0.930152206334029, 0.9763675462715952], "b8": [0.8816112220612841, 0.9956827766936128, 0.9479912748339676], "b9": [0.1573545039930881, 0.8547682872756052, 0.9120102854587223]}