{"b0": [0.7654284071532196, 0.8977114111587181, 0.913294621501936], "b1": [0.15814706905601475, 0.8984560428611045, 0.9562603945052908], "b2": [0.01595877865759132, 0.9937741140700633, 0.9001564207256442], "b3": [0.6051240217594173, 0.8728746110849164, 0.9087485582201082], "b4": [0.04553957510746019, 0.9820012458096771, 0.8590813005625774], "b5": [0.07248960313031602, 0.8306256455121871, 0.9598576125219449], "b6": [0.0951176904230471, 0.9815121056882308, 0.9362683136663635], "b7": [0.33109226247750384, 0.9394602816608058, 0.8106848066360098], "b8": [0.30200847281107024, 0.858543853362979, 0.8749846204077811], "b9": [0.1649954161783768, 0.8925916733452197, 0.8797193912949246]}