{"b0": [0.9930770361810695, 0.968772203229464, 0.8889621956217048], "b1": [0.6430027033743206, 0.9321709269614709, 0.8300942942393793], "b2": [0.8987317948040825, 0.8532993383096752, 0.981805340812284], "b3": [0.15894655482641673, 0.8958449531554032, 0.9367932644773306], "b4": [0.08969153485320147, 0.8620081597623277, 0.963892448744566], "b5": [0.6519037892023384, 0.9247655265755759, 0.90087390072204], "b6": [0.0833204509020171, 0.8138823798134127, 0.8384711156141766], "b7": [0.16531856562905906, 0.9541014482666121, 0.8629062115759463], "b8": [0.7620031002773938, 0.8975622964843722, 0.8899942898802512], "b9": [0.33764398344575597, 0.9999661871507777, 0.8790831068565949]}