{"b0": [0.1592899388284426, 0.7398709933888046, 0.9478986563722773], "b1": [0.8182220297003053, 0.9695971407104075, 0.9450892358955266], "b2": [0.16225545767423116, 0.9202660269507897, 0.89172796641465], "b3": [0.8781502579567859, 0.9252567283847551, 0.8747011259301487], "b4": [0.061225630779800574, 0.9383511537078786, 0.8683809160166832], "b5": [0.7407899206782729, 0.9681629905542511, 0.8383197565872069], "b6": [0.015194758616720585, 0.9911640851730419, 0.9836447459945232], "b7": [0.6276992017306985, 0.9695195371853295, 0.9954194085240695], "b8": [0.8626533325307166, 0.8612116958128945, 0.9801645668593959], "b9": [0.3046301466415029, 0.7824646353650941, 0.8167702028296135]}