{"b0": [0.29702355647503875, 0.9987119192891636, 0.945837395700906], "b1": [0.7901489607251654, 0.8910632994428986, 0.9940502716874745], "b2": [0.6101354350608063, 0.8695920333307998, 0.958227719522592], "b3": [0.07492996318039338, 0.9691141620433998, 0.9621753868568834], "b4": [0.8791452848787185, 0.8035531214269337, 0.8946758940496126], "b5": [0.08859628262821304, 0.9653389865743037, 0.9736853202096799], "b6": [0.7656831528169284, 0.9762689296521981, 0.9888597184810357], "b7": [0.08211015177078304, 0.9375375520594593, 0.966754606092579], "b8": [0.8212239936889972, 0.8880846147591336, 0.9221147011438188], "b9": [0.15729756205453668, 0.935801862501141, 0.9284213317936775]}