{"b0": [0.16143709871913867, 0.9141985107235439, 0.9305743196233324], "b1": [0.149541691736094, 0.9846851647993843, 0.8305030367546121], "b2": [0.0883001414152582, 0.972854238271919, 0.8522688390588635], "b3": [0.3367662194636246, 0.9164985136099025, 0.9016872188501814], "b4": [0.08623029918915692, 0.8633557696568863, 0.9550940985700026], "b5": [0.014041962871273064, 0.9528775906436099, 0.8100881300943118], "b6": [0.8427388773539617, 0.9803961846581586, 0.9166421283385224], "b7": [0.011357664870831854, 0.8024531865746014, 0.864791390732898], "b8": [0.017294426833300604, 0.9508496423875, 0.9957329342976671], "b9": [0.09740676988196446, 0.9423607625859383, 0.8158438554975359]}