{"b0": [0.9761120503185771, 0.8838862125101277, 0.8510973947432583], "b1": [0.9992504039149729, 0.973137723017568, 0.9952597502619551], "b2": [0.7599557366467916, 0.990337482328966, 0.8579338012989307], "b3": [0.0007170029839665024, 0.9555663697148181, 0.9898020250821965], "b4": [0.9772826939291024, 0.848607716565856, 0.8304264459043464], "b5": [0.7896081864804856, 0.8330733602002056, 0.8794631536781854], "b6": [0.8741424493168549, 0.9298442852332688, 0.8012236975827038], "b7": [0.9098675492283153, 0.9127445588666945, 0.8031468033290341], "b8": [0.7571007310175999, 0.9347262221353714, 0.8378646598143001], "b9": [0.15222738159957966, 0.9346844235865305, 0.8268265268410938]}