{"b0": [0.9986830740478794, 0.9110670207693927, 0.8843412880498508], "b1": [0.31958897877625964, 0.755514509526405, 0.8477323831062287], "b2": [0.012417690009287883, 0.9688604731084017, 0.808886573731937], "b3": [0.009428693189369617, 0.9326273197310855, 0.9233066888392085], "b4": [0.015098817201443243, 0.9426213689494716, 0.9387405109262715], "b5": [0.16323136184144485, 0.9636295026799739, 0.863032449941618], "b6": [0.9960844488165225, 0.8064519875458933, 0.8723633253981646], "b7": [0.8435029025375617, 0.9142159420835383, 0.9675477764847993], "b8": [0.9947455050686248, 0.9055552077944254, 0.9045946822822137], "b9": [0.8098953712507289, 0.9384952237909112, 0.985383642923196]}