{"b0": [0.8969402038237589, 0.9466958399179418, 0.8930343278806445], "b1": [0.16397671322699123, 0.9850867553176792, 0.9750995458327144], "b2": [0.9905652957212535, 0.997261809510682, 0.8597601509236849], "b3": [0.8858778960040615, 0.8150798371243494, 0.8978905111460125], "b4": [0.7278751211132172, 0.892165152555477, 0.980461761342444], "b5": [0.8323133592395736, 0.9780637558687499, 0.9564035254128698], "b6": [0.998801817546014, 0.9128718658304439, 0.9852189641324103], "b7": [0.0110146688029321, 0.9349193534790173, 0.9319877655967339], "b8": [0.0742136915549816, 0.9757977358027368, 0.913640076747281], "b9": [0.00775002181597711, 0.8039705903242234, 0.9221972379000744]}