{"b0": [0.01656452359221179, 0.872956520700386, 0.9748919628119305], "b1": [0.899251535342366, 0.8669092553959113, 0.9737652202108075], "b2": [0.9918359436921581, 0.9873734014851289, 0.8243930929131971], "b3": [0.9891630640530313, 0.8703990358747106, 0.9888665650078805], "b4": [0.16763465970560806, 0.8246296523663329, 0.8682764597504921], "b5": [0.8540218419928717, 0.9844455560598666, 0.8618653136669794], "b6": [0.7706793956605564, 0.8657376242129159, 0.9341595222194414], "b7": [0.8695730660774531, 0.8697052189559676, 0.9914407973724322], "b8": [0.16422889216350364, 0.9466444835715828, 0.8727044226412903], "b9": [0.9993316036102885, 0.9802318704152512, 0.9433605745977736]}