{"b0": [0.8966096891141837, 0.9931102925259527, 0.9866614089569381], "b1": [0.16537285267150245, 0.896597731122387, 0.8472767628052548], "b2": [0.3211188409958492, 0.991538088708222, 0.8819041173991654], "b3": [0.9888791994902226, 0.9103451348623816, 0.9000150779760776], "b4": [0.9995438692539398, 0.8811205062141244, 0.8051303248770784], "b5": [0.16054232967482598, 0.9831289180414027, 0.9240290667437199], "b6": [0.3355330425781494, 0.982182266214171, 0.9884687070799986], "b7": [0.8472916768027434, 0.9558367740283528, 0.8982036579240505], "b8": [0.8975446851268619, 0.968953333302063, 0.874124017757594], "b9": [0.00027692893775963174, 0.9026588363987961, 0.872699791229278]}