{"b0": [0.8290854137559157, 0.9762504474496231, 0.9199092124084257], "b1": [0.8443378346812059, 0.9524312715500689, 0.9503530408040597], "b2": [0.9913379748086933, 0.8990412434776678, 0.974513341021497], "b3": [0.8727006433150278, 0.842645877233617, 0.8682067891360115], "b4": [0.15526335941909078, 0.9004898462320324, 0.940143197509848], "b5": [0.986142615423405, 0.9342055985051317, 0.8900249784114229], "b6": [0.9890418910436738, 0.924040039674077, 0.8891449313732267], "b7": [0.1587446594490354, 0.8490851578386406, 0.8757818345872661], "b8": [0.9963297098111598, 0.9325336399009332, 0.9661585241073009], "b9": [0.9919022094315985, 0.8156041444633008, 0.8700664755731967]}