{"b0": [0.15452102842562582, 0.9054289062452553, 0.8363936334887987], "b1": [0.16090269132004717, 0.9271549043344197, 0.9880039953110206], "b2": [0.9902205232220573, 0.9271560221974622, 0.9492871051748597], "b3": [0.06976950652331557, 0.987369834158143, 0.8859773468398877], "b4": [0.5487148339959621, 0.9422528727210956, 0.8923192862914228], "b5": [0.16089483455709022, 0.8305139432142867, 0.9857911649299946], "b6": [0.7024901754281259, 0.9599330069612984, 0.8288441521372603], "b7": [0.7701745520807181, 0.8705338021431647, 0.9156349954560495], "b8": [0.009650962877044068, 0.9841005220166036, 0.9442792982971153], "b9": [0.1553107537217823, 0.9689386905262726, 0.9493078294655117]}