{"b0": [0.3038714094917224, 0.9666462493576056, 0.9365951978772484], "b1": [0.3477667048188621, 0.9308738127427334, 0.8963877770112687], "b2": [0.381361135264668, 0.9206410972646991, 0.8358091999623709], "b3": [0.1637168084663199, 0.9577640491241616, 0.8665220108244006], "b4": [0.16760126224379504, 0.7709542839903821, 0.9489444824330623], "b5": [0.16185998527759296, 0.7910645760852849, 0.8890122548424345], "b6": [0.029700286875177912, 0.9802166320115265, 0.8305947618252312], "b7": [0.8625508687394919, 0.9625867335119738, 0.8853797336347236], "b8": [0.32752867329680335, 0.8772804587602647, 0.9803732713550588], "b9": [0.015079150131407893, 0.9876849852455757, 0.8160828385742178]}