{"b0": [0.16916158206302334, 0.9042142731374148, 0.9668746003324533], "b1": [0.1491777514296913, 0.930452168048551, 0.8097184766324815], "b2": [0.9937639484620467, 0.995112520255107, 0.8432923208198713], "b3": [0.15910474793601748, 0.9514799585246203, 0.8842608711900928], "b4": [0.1603489956756655, 0.9779736683410715, 0.9368447463029207], "b5": [0.0019757380767885186, 0.7589447901351133, 0.8944904644820832], "b6": [0.765162160264317, 0.9358439533508931, 0.943406016134729], "b7": [0.1543822151218345, 0.9420492580160205, 0.966284026110604], "b8": [0.15851525999875826, 0.970470983224537, 0.8757048993330261], "b9": [0.16839881536182014, 0.91690462938205, 0.8580278222699165]}