{"b0": [0.6410042916186239, 0.8646561200823396, 0.8924882092357881], "b1": [0.34189794256900163, 0.8457871214180918, 0.9563563285207576], "b2": [0.1585564085801244, 0.8999045959850149, 0.9107593929970238], "b3": [0.5819392727614142, 0.8616092456067457, 0.8772132115426418], "b4": [0.01138987625633757, 0.8888743588690062, 0.9341354614850301], "b5": [0.15895733797995037, 0.8666173975098507, 0.8456644685235132], "b6": [0.17240200804419384, 0.9716816795445609, 0.8027220039982191], "b7": [0.16446765658382367, 0.9860385249340523, 0.9357687301638228], "b8": [0.6684605269051725, 0.9332796453887799, 0.9827956108736621], "b9": [0.774073210149284, 0.977451615880903, 0.8061770148572229]}