{"b0": [0.16960637039551194, 0.9780492872529417, 0.9217056331460972], "b1": [0.1599171985257707, 0.9773157001141124, 0.817896238350087], "b2": [0.5512208658393623, 0.9297795693897898, 0.9949580725773538], "b3": [0.16087572042742365, 0.9346535883657537, 0.9732377753743213], "b4": [0.01678054226806402, 0.9831327739201812, 0.9622082747170022], "b5": [0.7589669030781526, 0.935051880235177, 0.9974626328028716], "b6": [0.15853368924431538, 0.8388358482476326, 0.8301284191599292], "b7": [0.16533523674517764, 0.7442871230067729, 0.8358309205502806], "b8": [0.9035249034935653, 0.9521150631238684, 0.9774448189523213], "b9": [0.16062896412788824, 0.955794081680408, 0.8444488679225589]}