{"b0": [0.315430893334244, 0.8066917127842272, 0.9843631478052547], "b1": [0.3152537969755874, 0.7916948255253103, 0.9995884726064752], "b2": [0.16411042345063506, 0.9794142338989487, 0.8367483997896522], "b3": [0.08327752269957918, 0.9635990438800935, 0.9212124408652201], "b4": [0.6623189332986521, 0.8891918326702135, 0.9712514609529646], "b5": [0.0735408518589419, 0.9963059188512041, 0.9932937193187245], "b6": [0.3586287908363952, 0.9726003901566755, 0.8885158584200588], "b7": [0.17162574133823955, 0.9852149781447168, 0.8037983228918086], "b8": [0.35498772072742435, 0.7757136461595263, 0.9358007006959103], "b9": [0.620396488827351, 0.9115880001780919, 0.8997588811174393]}