{"b0": [0.15868843832911855, 0.8783906270572136, 0.9526871591958564], "b1": [0.7321803227390968, 0.9476212243810377, 0.829199226457725], "b2": [0.3613478425234708, 0.946349198724732, 0.9040448437930426], "b3": [0.15549071501442657, 0.9595021136857125, 0.9616977165541701], "b4": [0.7571155203981221, 0.7746627545988269, 0.9851830228490144], "b5": [0.08031695567448338, 0.8155226415593182, 0.8907819022644259], "b6": [0.17260976326557065, 0.9561601185003592, 0.9679431062073725], "b7": [0.3345850717217157, 0.948750449103597, 0.8969112951976003], "b8": [0.1597736958345117, 0.9878941494237093, 0.9064947897603481], "b9": [0.1697980469121988, 0.9664367918802189, 0.8533130409756814]}