{"b0": [0.3725716715578048, 0.9371230834354475, 0.8384071380197392], "b1": [0.7343877221081989, 0.9038179322839437, 0.80082868690798], "b2": [0.2917984492717592, 0.9368839990766847, 0.8225840055695635], "b3": [0.07714586749940945, 0.9523356733070064, 0.9385382106101815], "b4": [0.6482453463198503, 0.9439793533293015, 0.8482852979984714], "b5": [0.7138723486490421, 0.7925537279293172, 0.9850617864541753], "b6": [0.7365123798612331, 0.9786108935657684, 0.9682013721338513], "b7": [0.5291788757965561, 0.8853788648535335, 0.8793386459576282], "b8": [0.0016216222455018713, 0.9019100670743864, 0.834780546354632], "b9": [0.7041718313587342, 0.9728885939532803, 0.977345448273941]}