{"b0": [0.3220220688398676, 0.8909396309423917, 0.9684451312797596], "b1": [0.5972584066890918, 0.884939431673229, 0.9956084658998641], "b2": [0.7233637744470143, 0.9372234062784464, 0.8603723036204228], "b3": [0.3330399198400648, 0.9725204405439866, 0.947173099091132], "b4": [0.7220732009787078, 0.9123413148153791, 0.9256240959705159], "b5": [0.09076376055812227, 0.7511544616236967, 0.9247866130054925], "b6": [0.9914942438673496, 0.7283536080004583, 0.8739479874226711], "b7": [0.658625746721745, 0.9031729139324939, 0.974447103577035], "b8": [0.08090900551494869, 0.9973651916769765, 0.8788942739230418], "b9": [0.313153762027223, 0.7460484164025464, 0.986096338047933]}