{"b0": [0.7542469118685929, 0.9184501829149175, 0.8954517958036647], "b1": [0.9937300337424947, 0.9911937658739057, 0.8966442514725208], "b2": [0.8976635687994012, 0.8152500095977092, 0.9203813607679753], "b3": [0.05715971579188772, 0.9606427010580861, 0.8258815475754768], "b4": [0.60272870122474, 0.8038156646154291, 0.9671258936474629], "b5": [0.6187522508838675, 0.9273168164117395, 0.914106474008247], "b6": [0.356410184462467, 0.9340346173651147, 0.962755647020356], "b7": [0.15780154948949007, 0.9017857928378962, 0.8231286659175976], "b8": [0.30826558338491095, 0.9639037461796127, 0.8694646602575724], "b9": [0.995296464485644, 0.8568930525444216, 0.9161816745130333]}