{"b0": [0.5686131084383065, 0.7933393972108727, 0.9031303481392292], "b1": [0.8573185131509452, 0.8924672578564764, 0.8991984288311567], "b2": [0.8580315883298673, 0.9593990120378456, 0.9218654441164328], "b3": [0.9112808458381649, 0.9509839033758734, 0.9968768120805308], "b4": [0.16119685475578482, 0.939053764318152, 0.8257317512856683], "b5": [0.8574789509850008, 0.9629654698307936, 0.9937449224639096], "b6": [0.1505432513544389, 0.9893539372815586, 0.8725599515026405], "b7": [0.023914673632066973, 0.8877424767776914, 0.9600021293584093], "b8": [0.16503043285718338, 0.9936430403373141, 0.8942900395944343], "b9": [0.6377859165614495, 0.917585611772239, 0.8523948894970675]}