{"b0": [0.16330925506129795, 0.806025029521058, 0.9402277651668912], "b1": [0.3161702460990973, 0.9586430378763414, 0.8959636140640904], "b2": [0.32550463982986344, 0.8624076201307476, 0.9614319252421801], "b3": [0.6029182941998384, 0.9363875636484594, 0.8164859273282246], "b4": [0.9873605310958413, 0.9992513945941206, 0.9397103040659099], "b5": [0.16521792113953426, 0.9553700333549, 0.8390490113896502], "b6": [0.5987962692921243, 0.8457545418424463, 0.9287214691909501], "b7": [0.762372817093198, 0.9782600706486587, 0.9685200063081958], "b8": [0.08350506557941294, 0.8972652576067108, 0.9708240350460166], "b9": [0.9978341010631621, 0.8657585957922117, 0.9253866822276151]}