{"b0": [0.6551916572644426, 0.8716606573083365, 0.941050991646989], "b1": [0.008391955753050118, 0.9303064645425632, 0.9699832321669715], "b2": [0.9970982792659396, 0.9883344399428242, 0.9120458259191383], "b3": [0.024393569260459304, 0.9433016809009132, 0.9201206822072868], "b4": [0.16476891846119432, 0.8815983973184394, 0.9257075432244322], "b5": [0.6635701435575782, 0.8115360370425451, 0.9378558308376244], "b6": [0.09127824512853824, 0.7585874827950819, 0.8402495315442444], "b7": [0.9976472616207138, 0.7734068130571146, 0.9609262522767833], "b8": [0.7656890733109853, 0.9024348845061073, 0.8009084195141608], "b9": [0.859450729612846, 0.9484578234374377, 0.9335317041373158]}