{"b0": [0.005010772563378936, 0.811937080390608, 0.9227766609910781], "b1": [0.6176737972538899, 0.954608629390107, 0.8366887568302915], "b2": [0.8859522700316075, 0.8240782399633582, 0.8868412908153696], "b3": [0.10221591950515142, 0.9862747055804685, 0.8436297677505759], "b4": [0.0981759898655982, 0.9931930013592155, 0.8332290801983804], "b5": [0.7433581172050387, 0.9517358471829873, 0.9696979424016761], "b6": [0.844786589487293, 0.890077749336365, 0.9531832756742808], "b7": [0.995431612322205, 0.9018653408968766, 0.8920479067129209], "b8": [0.7704894981230355, 0.8474642177655011, 0.8733786082078718], "b9": [0.6337073514391968, 0.886979620208206, 0.8352600617605814]}