{"b0": [0.2801146156000001, 0.9033290137673697, 0.8222457430432132], "b1": [0.07935042646139209, 0.9761413331817986, 0.9988331104888332], "b2": [0.07825334654524513, 0.9591484889166924, 0.9368334076751406], "b3": [0.7305383418094141, 0.8821574101479435, 0.9054041050028607], "b4": [0.017193619932628884, 0.9411449365136406, 0.9811276470839863], "b5": [0.7883108843375779, 0.9997350517352497, 0.9547982045299775], "b6": [0.16191776959875667, 0.9834900386001675, 0.8974360165734611], "b7": [0.022523298474729146, 0.8532469941753271, 0.9162150219052064], "b8": [0.35104914162817863, 0.9908093864567624, 0.9102823239112918], "b9": [0.022029127365503828, 0.8159807612138904, 0.9754655072386477]}