{"b0": [0.15794373748844429, 0.9632182256303016, 0.9701705243040333], "b1": [0.12109742657282138, 0.8150321604574441, 0.9593545865347033], "b2": [0.1563421803278942, 0.9858961864610671, 0.9431844015092605], "b3": [0.6481177377790815, 0.9541951153703567, 0.8220779702448142], "b4": [0.08413859692889729, 0.9197066000016231, 0.8544642265416337], "b5": [0.6550767397179833, 0.8324018343955671, 0.8268762772310336], "b6": [0.7354134726440787, 0.9462577136725753, 0.9877837644614175], "b7": [0.5900488780677621, 0.9729158356943696, 0.9413078633482346], "b8": [0.005755209271459287, 0.9497675287718379, 0.8014012530649985], "b9": [0.7341449745422258, 0.9221702811429168, 0.9092351717732804]}