{"b0": [0.1607474012097376, 0.8705521118810735, 0.8944755721424451], "b1": [0.7362871701993028, 0.9564430811138162, 0.8649743119973653], "b2": [0.3477581971650972, 0.8956932822424918, 0.8453804915163805], "b3": [0.7684646441369714, 0.944143574592738, 0.9535023228090632], "b4": [0.5973790080002004, 0.9049074445516583, 0.9709532354566831], "b5": [0.8851552781344709, 0.856169736959134, 0.9030111596637919], "b6": [0.011913440335591744, 0.8803970934708402, 0.8433079993433649], "b7": [0.6324668074761846, 0.8910519596809044, 0.9466479293702684], "b8": [0.7679635619122854, 0.9428849644909272, 0.8988853364964352], "b9": [0.16149890134176864, 0.7713760142201882, 0.8013250978896553]}