{"b0": [0.7300015950110904, 0.8700008990774327, 0.9279199721398093], "b1": [0.9019539784032163, 0.8795259968271865, 0.8676499301333485], "b2": [0.9317137792903888, 0.9075303983895918, 0.876201143339944], "b3": [0.11708378084710189, 0.97939771807207, 0.9300364318396404], "b4": [0.9997056177931836, 0.8357476056199229, 0.8096452885702121], "b5": [0.16933537052593337, 0.797079357772692, 0.8731912687496688], "b6": [0.6245126722225439, 0.8267081737707349, 0.8152300454068911], "b7": [0.0649311514706182, 0.9988970885555554, 0.8982747987897389], "b8": [0.02576189531598207, 0.8909165009176746, 0.9909734740578847], "b9": [0.6416947466718567, 0.9486537567747305, 0.8561888982394064]}