{"b0": [0.5679427944781467, 0.9878002599773515, 0.8780077386549919], "b1": [0.10919847313046618, 0.9158790406111262, 0.852342097039338], "b2": [0.9033272251631881, 0.9704313236859798, 0.8454553212898397], "b3": [0.33567120638705567, 0.9958230561045225, 0.8035384537967009], "b4": [0.7717503605193022, 0.858541607970527, 0.8548280976936371], "b5": [0.4523723600943858, 0.9901807894507921, 0.8971345117870184], "b6": [0.5995006342971722, 0.9334639192783689, 0.9858897378138558], "b7": [0.16027097243443605, 0.9218441648195976, 0.8593015165871816], "b8": [0.9118206052431129, 0.9638374432124759, 0.9143419679172333], "b9": [0.7490957648913492, 0.9871194739630237, 0.920297341611264]}