{"b0": [0.599192789683033, 0.9647923947498478, 0.8706457411773464], "b1": [0.571281906828094, 0.9689014013861381, 0.8402159072876877], "b2": [0.6011211538429003, 0.9033789251376695, 0.9950587633574854], "b3": [0.16721129030329585, 0.847563604315775, 0.8491934767284309], "b4": [0.0012165971387604357, 0.9739752274522716, 0.8477713597647277], "b5": [0.08329506778222041, 0.9425459174171195, 0.9135576948402807], "b6": [0.15496521349517792, 0.9866350669359466, 0.9712668091613916], "b7": [0.745500071768873, 0.8929667280155534, 0.9445871115509783], "b8": [0.3859913984098052, 0.9728622466427913, 0.9530967265039001], "b9": [0.6332799258057634, 0.9725880873576371, 0.9808976929787879]}