{"b0": [0.781746840171131, 0.9480619004878901, 0.9887003569757495], "b1": [0.6494581728069647, 0.8786866001222887, 0.8261177037953373], "b2": [0.6410257948846094, 0.9475656636790768, 0.8052343472952781], "b3": [0.1513711594353249, 0.9961181336274174, 0.9596906873424095], "b4": [0.0028131076527421295, 0.9984882777489611, 0.9547108425156213], "b5": [0.6248855978895739, 0.9500233228211681, 0.802386032428205], "b6": [0.33774417757017416, 0.9719116392936633, 0.8520277740878656], "b7": [0.012157895589005839, 0.998524307503164, 0.920890907790509], "b8": [0.0762600638847129, 0.9068572641053756, 0.9673494597145361], "b9": [0.08227003334964039, 0.8226929010200397, 0.8216530211468347]}