{"b0": [0.33252659071881574, 0.8187296880598063, 0.9335894708701779], "b1": [0.9010005846405024, 0.9700487927908077, 0.8613080259699908], "b2": [0.8615141911243874, 0.9423677674423173, 0.9266973673034608], "b3": [0.7709269386765475, 0.9684069894313516, 0.9915890561470071], "b4": [0.6150921865762217, 0.9512483468617795, 0.9567236331414739], "b5": [0.330021905926777, 0.8797761047497601, 0.9979529786936375], "b6": [0.8040764058018735, 0.9892221736895853, 0.8138720515190266], "b7": [0.8457639063749431, 0.988024784649388, 0.8355398329821617], "b8": [0.6095547912109034, 0.7784528050006569, 0.9202305210068221], "b9": [0.6126301132643498, 0.9286233511154839, 0.848235365599381]}