{"b0": [0.878337696518747, 0.8204464334086035, 0.9768500196623484], "b1": [0.7454031697302778, 0.9751806324325903, 0.9879561538131476], "b2": [0.9029076009078199, 0.8489268246638924, 0.954482881380089], "b3": [0.6360727963883818, 0.9919171938482704, 0.9861691129039337], "b4": [0.5509375784464602, 0.9508711503375344, 0.806996178235034], "b5": [0.7406093350802831, 0.918026411267213, 0.867658825873395], "b6": [0.604471356530821, 0.9280093350751468, 0.9433188094363004], "b7": [0.7258735529800407, 0.8712292620849235, 0.9609950994426306], "b8": [0.7500309833868429, 0.898249315249135, 0.8089224284919334], "b9": [0.8762884197467383, 0.8921205866638887, 0.8735067485828687]}