{"b0": [0.8818722022817472, 0.9830084006406719, 0.8346028619930432], "b1": [0.6047519004932095, 0.9462396127856709, 0.8552730832578348], "b2": [0.8989585942803927, 0.946306257588586, 0.9361904358730119], "b3": [0.7453412857718462, 0.9927120885828572, 0.8887556456231017], "b4": [0.3329969729304676, 0.9956464552234852, 0.9141792352374734], "b5": [0.6082439610606458, 0.9654267358273271, 0.9019588903439876], "b6": [0.8727945649986188, 0.9053515511768137, 0.9733150397894558], "b7": [0.7232735014340492, 0.9611437304405858, 0.8339080713282158], "b8": [0.7343139207424147, 0.9956970071976322, 0.9767105165554324], "b9": [0.7467401771857627, 0.8456777559165222, 0.9076795634776604]}