{"b0": [0.006807735932153089, 0.8993934347983421, 0.9204903916319056], "b1": [0.5922396272710926, 0.9587853219056099, 0.8031799060257734], "b2": [0.7661387024030337, 0.9698188878481431, 0.9337903710746375], "b3": [0.6071000212747109, 0.8403882229383136, 0.9347032266912508], "b4": [0.3247649703376553, 0.866408164045134, 0.9780977414568973], "b5": [0.5991153679097893, 0.9650162598295434, 0.9287270755540774], "b6": [0.614994236823027, 0.996434886761916, 0.9829247694570512], "b7": [0.168686925243727, 0.8481971789942429, 0.8538828872796148], "b8": [0.304485854882081, 0.9545491489878853, 0.9795744844335786], "b9": [0.07151518427174226, 0.9465107063294846, 0.8042348839174593]}