{"b0": [0.6024167086949963, 0.8572246806253412, 0.8844740248989548], "b1": [0.020073993771899588, 0.9615146255804123, 0.8001638671384508], "b2": [0.5596317238105558, 0.9624532568209584, 0.9917497266013325], "b3": [0.38999166477106995, 0.9933291190494855, 0.8488669026568784], "b4": [0.3294041951594333, 0.9494202036414419, 0.9039653698532827], "b5": [0.6707333981306737, 0.9963048473994977, 0.8790424082953027], "b6": [0.11183924347878983, 0.8740826454045464, 0.9859298029742142], "b7": [0.31243318805261766, 0.9034259861450937, 0.9045296697290253], "b8": [0.07804425714415054, 0.9747706582271227, 0.844516715236791], "b9": [0.6167500056768741, 0.9048621608715129, 0.9835631417585475]}