{"b0": [0.7357177100304912, 0.7568707564434175, 0.9405210681954368], "b1": [0.33457461256601045, 0.7159725666624849, 0.8770777319858388], "b2": [0.7164641430793143, 0.759705218562117, 0.8854360634599407], "b3": [0.6306286283651769, 0.892329347427661, 0.8588949971422533], "b4": [0.16613141092595185, 0.9393784680102776, 0.8068934689257261], "b5": [0.16379332445063993, 0.9811219388285035, 0.9978773493971466], "b6": [0.7473830850187683, 0.9792097716542258, 0.9469585617634445], "b7": [0.32389509449006787, 0.8229704987662896, 0.8264490948076829], "b8": [0.1567921423943329, 0.9400500903773102, 0.8026412613674901], "b9": [0.07977718503161428, 0.9626017015194429, 0.8052787053625743]}