{"b0": [0.1612365526960574, 0.9931324644346462, 0.9740839342093004], "b1": [0.15102105564273854, 0.9280908626195195, 0.8376102653978832], "b2": [0.15946579774242958, 0.9502570587337112, 0.8680090743814491], "b3": [0.09936537268342355, 0.911722350294363, 0.8818037807684468], "b4": [0.8898809938140048, 0.9012783386237326, 0.871234404098288], "b5": [0.3050867840820926, 0.7535951943655829, 0.8339591102471701], "b6": [0.0697492768881475, 0.9238704100257726, 0.8780233351602191], "b7": [0.8069595386299906, 0.9949167672965469, 0.9029987114713842], "b8": [0.009652900949572742, 0.9674987922211333, 0.9188819990585406], "b9": [0.9183963637990264, 0.8700321630201959, 0.9023030984796714]}