{"b0": [0.1559077467520017, 0.8885407412964059, 0.8412235260744272], "b1": [0.09141634092451069, 0.9334284030370285, 0.9451924115058254], "b2": [0.1532316849174929, 0.9923532081876988, 0.9209205641057586], "b3": [0.33068791591763286, 0.9297816927521777, 0.9040365104087672], "b4": [0.5775461677558894, 0.9422315592961931, 0.978269783206932], "b5": [0.16830579504558363, 0.8553336914777221, 0.9135020039561244], "b6": [0.8995023678390036, 0.9428149908295288, 0.9514836473824906], "b7": [0.1663466357396782, 0.9562191367206245, 0.9060896726146814], "b8": [0.15270887276309242, 0.9281901219286164, 0.866333497795145], "b9": [0.17009200192045035, 0.9509510769958908, 0.9113129378984646]}