{"b0": [0.059776425973845096, 0.9370141958029293, 0.8630751682679481], "b1": [0.8803290031505229, 0.8455629143420095, 0.9050432755307792], "b2": [0.6033653763329176, 0.9745569221402891, 0.8743529546302959], "b3": [0.9077769614888321, 0.931121833369805, 0.8387406298551657], "b4": [0.3235510309036075, 0.9246139626426063, 0.8732016205543836], "b5": [0.16151137105006289, 0.7665434435555434, 0.8261140040761006], "b6": [0.1656673748350392, 0.9500214479813414, 0.8672188112496241], "b7": [0.6153324041906766, 0.9309867566939585, 0.9854905292247983], "b8": [0.8764314709514371, 0.847354955120797, 0.8035541040527079], "b9": [0.8650476480793199, 0.8243202014101931, 0.9066790262486292]}