{"b0": [0.8563413283936729, 0.8698341139097505, 0.8018245369830191], "b1": [0.16599026017179164, 0.9961781026735298, 0.990943653489016], "b2": [0.9413329367757882, 0.9948138069335528, 0.8253788385385059], "b3": [0.08118290434894986, 0.9632689857266723, 0.8390544987742982], "b4": [0.8872056129344973, 0.9641844317149763, 0.9428673094258329], "b5": [0.8738359749033934, 0.7904066974795251, 0.9798234189671733], "b6": [0.3238456777641528, 0.9198360954244497, 0.8697611335796638], "b7": [0.8755136394173916, 0.9331019111311525, 0.8638862585987656], "b8": [0.9128945290594789, 0.8789719105697423, 0.8047994026324696], "b9": [0.15064100350172455, 0.8594861595979162, 0.8069957925924192]}