{"b0": [0.16215703049452185, 0.8758813630142624, 0.9773393482051828], "b1": [0.9056301840492523, 0.9808070228019511, 0.9918329928796379], "b2": [0.2913809860098208, 0.9286007491709698, 0.8667494362465277], "b3": [0.7471931744598751, 0.8437281325070808, 0.9145507229792689], "b4": [0.08954970842685256, 0.9916059225112446, 0.9964805073323416], "b5": [0.8629722863833478, 0.9858038267815037, 0.9493115125037922], "b6": [0.9106011944475199, 0.8581641532589873, 0.9619134616995236], "b7": [0.7485899448357511, 0.9865580046578996, 0.9475699791925788], "b8": [0.8934830915330068, 0.9788760415787575, 0.980457571109142], "b9": [0.7266250253912628, 0.8266582521628326, 0.9651097883616804]}