{"b0": [0.31761571476022926, 0.9189426415054811, 0.8263533446024703], "b1": [0.5696237461258971, 0.9193176851084693, 0.8395066135885082], "b2": [0.8933987391894955, 0.9475294013507546, 0.8687735438572556], "b3": [0.8761314169532121, 0.9500140650936706, 0.9509834437036525], "b4": [0.8731377635876798, 0.9549364538797829, 0.8795389837111494], "b5": [0.7539925144185768, 0.9701147170476188, 0.9992749331104274], "b6": [0.34590482912079706, 0.9898861701494325, 0.8858765583695718], "b7": [0.9931811024094824, 0.9797390439543764, 0.9605803348231902], "b8": [0.8571324176709559, 0.998325714086712, 0.8832711906528032], "b9": [0.5715506796772166, 0.9346380784558616, 0.8604694466516106]}