{"b0": [0.1681464507880988, 0.9556820010977871, 0.8517923559032503], "b1": [0.0839279762691824, 0.8303851058203477, 0.8621554337156926], "b2": [0.7058029380128825, 0.9965789560797618, 0.9393404395851966], "b3": [0.8182841068276244, 0.8873263690820052, 0.9457752249484088], "b4": [0.6421256393999184, 0.9161150315540566, 0.9506104397441512], "b5": [0.31881165565116065, 0.9747406287461725, 0.8229645093037484], "b6": [0.6087818650127255, 0.8313413476553803, 0.8270392609687981], "b7": [0.07294543879886492, 0.800006540915727, 0.8300624287925764], "b8": [0.7550674212147739, 0.9387082454679306, 0.851581932085855], "b9": [0.08409794114364047, 0.9983754326744143, 0.9645940066331388]}