{"b0": [0.7108554059548413, 0.9911380654429506, 0.8708682013126969], "b1": [0.5774221420120731, 0.9567361169205898, 0.8286248641611629], "b2": [0.0746024371218342, 0.9595901827705948, 0.846902854050204], "b3": [0.07897970138453476, 0.9852583930589622, 0.8762847291646275], "b4": [0.7241532115134136, 0.9348842637377119, 0.9999406678196485], "b5": [0.1552788881355694, 0.9546951366973445, 0.8426872884228617], "b6": [0.7042439762769835, 0.886757175208721, 0.979234019142813], "b7": [0.1623203078904967, 0.8797392274967845, 0.8777511744073645], "b8": [0.09938791953253583, 0.8684503628808757, 0.9573571418896123], "b9": [0.34935540602403753, 0.9100509445029185, 0.9887527828059653]}