{"b0": [0.01248488096410958, 0.916555481211237, 0.9446282276193313], "b1": [0.7319859237175987, 0.8239269545649037, 0.9841935795438187], "b2": [0.795043595446885, 0.8240626768565126, 0.8641641867157134], "b3": [0.7163374207149488, 0.9100500250352604, 0.9805792566669155], "b4": [0.0718785145261002, 0.9695614244318019, 0.8701704049629916], "b5": [0.06711005403696149, 0.9945265326447006, 0.825860314326412], "b6": [0.16562594321240365, 0.9529997894028296, 0.8868254000059974], "b7": [0.8953781074721838, 0.8636201881317401, 0.8056994406637688], "b8": [0.09241559550388759, 0.994751782643842, 0.901559284364475], "b9": [0.3253464199392293, 0.8888040144547366, 0.9429994814819951]}