{"b0": [0.3653536668645447, 0.9927274654050641, 0.8554709616627028], "b1": [0.7210171204519783, 0.9965434321867401, 0.881710264231161], "b2": [0.2981798335196839, 0.9278280528647298, 0.9139145935783717], "b3": [0.16658607677500611, 0.9723975929804883, 0.9565041533077335], "b4": [0.09891438657598099, 0.9403157145626821, 0.9510744756973051], "b5": [0.0762244674825705, 0.9437731006459622, 0.82399959640281], "b6": [0.10496559409221114, 0.9999552917020273, 0.9821392707260547], "b7": [0.7444060959175861, 0.8735481044886093, 0.895660364990202], "b8": [0.770594127782501, 0.9148369462880817, 0.9523374747445242], "b9": [0.1606650928011279, 0.987103650201306, 0.9148072267962502]}