{"b0": [0.15408379605558659, 0.9824011539645098, 0.9397090438708194], "b1": [0.6045086656733577, 0.7820064591742102, 0.9395221600613068], "b2": [0.16232723156100287, 0.8829057566542616, 0.8310577339966028], "b3": [0.7058829592918023, 0.9092758309676651, 0.976814542086556], "b4": [0.16181457964713108, 0.9266560687647778, 0.9927560882794181], "b5": [0.08915234593721949, 0.847145974626335, 0.9728323897285333], "b6": [0.32241252561877937, 0.9878654402523527, 0.890689253202693], "b7": [0.1066258016933574, 0.9905878067466967, 0.8961512383811255], "b8": [0.9978982342556282, 0.9740308624776032, 0.9910228775201542], "b9": [0.08060432955671647, 0.8249284374297394, 0.8149988277084995]}