{"b0": [0.5409228958168613, 0.7290051394873476, 0.8421373748248058], "b1": [0.06285537257386328, 0.908949112644462, 0.9234250504170134], "b2": [0.1695989829819618, 0.9395712561128241, 0.9314766170376504], "b3": [0.5924675388539018, 0.9576640080881255, 0.9308051602253422], "b4": [0.07416179957801833, 0.9203327197822908, 0.871975954218551], "b5": [0.7715342218280178, 0.9230099909974585, 0.9812740454075396], "b6": [0.08206073309639716, 0.8710667844226472, 0.9020664389041657], "b7": [0.3557782382710783, 0.9627910579144561, 0.9779506524530883], "b8": [0.08577745725841818, 0.7939980599066981, 0.9605346289286998], "b9": [0.5690732255150837, 0.8927260804495026, 0.9139072108637216]}