{"b0": [0.7555051195565597, 0.9498364793803619, 0.9318316847921334], "b1": [0.3041774159307241, 0.8703769698205501, 0.8403891374853023], "b2": [0.04161842703438086, 0.9900141248575491, 0.9998215942206821], "b3": [0.7421468047823856, 0.961429940680755, 0.9674547453546459], "b4": [0.8537775659708547, 0.9433613982796392, 0.9445451763633141], "b5": [0.8646555678884061, 0.9360731554383193, 0.8134998260367934], "b6": [0.16350285204053422, 0.9689658866473186, 0.8045077349992138], "b7": [0.09559249023090137, 0.9190858105537313, 0.9959367537064057], "b8": [0.08533037204078925, 0.848916428331896, 0.8960639975267746], "b9": [0.09314113604421216, 0.9253798538996025, 0.8637633449515023]}