{"b0": [0.9965560617431222, 0.8083486033548247, 0.9648483106433356], "b1": [0.16546268329232017, 0.9119469825168295, 0.8910966240655597], "b2": [0.6522157183170814, 0.9341782457271947, 0.8806939676961967], "b3": [0.11419921257514253, 0.9048816106366588, 0.9339109393744226], "b4": [0.15626240939878, 0.9925383315782639, 0.9392895525331092], "b5": [0.1617429370503762, 0.9425797102898236, 0.9199393847299855], "b6": [0.15209351093105963, 0.9509401613538432, 0.8013138071115473], "b7": [0.7012778191171459, 0.9462467854103377, 0.8604886426092877], "b8": [0.074709405538715, 0.9446616251664038, 0.8292807922576456], "b9": [0.0852921716107513, 0.9634651495729487, 0.9217060230967116]}