{"b0": [0.08938080979240097, 0.8629904749301329, 0.8331021250040588], "b1": [0.09524949697842074, 0.8800089101492099, 0.899358863985488], "b2": [0.6070775208763066, 0.893512828935321, 0.9483445816616549], "b3": [0.15806979903308233, 0.8525838477003295, 0.9118319960717202], "b4": [0.7606507567497225, 0.9499201892316843, 0.9919208190243709], "b5": [0.1618782629354568, 0.8861446688635363, 0.8380784735390489], "b6": [0.3444486592142404, 0.9384004531854464, 0.8593147013891438], "b7": [0.38133942584679736, 0.9313663554438805, 0.9458682390472168], "b8": [0.874508397078174, 0.9624994670273046, 0.806234051067384], "b9": [0.084392189489754, 0.9558956273316618, 0.9332252600659596]}