{"b0": [0.359490964063788, 0.9206912996590104, 0.8045645048539055], "b1": [0.1489613347120752, 0.8026329190454635, 0.8712511893703175], "b2": [0.33647610092237806, 0.9099406056321839, 0.8246126462477561], "b3": [0.16441134321534034, 0.8039344763322264, 0.8150845650471453], "b4": [0.9289914248297749, 0.9794370965503054, 0.9045771392864442], "b5": [0.898949005605081, 0.9109531635018367, 0.8483408505710903], "b6": [0.8833896857559211, 0.939305066546571, 0.9893279850706529], "b7": [0.8863004244747534, 0.8593138089993967, 0.9928720264624821], "b8": [0.15665740849960563, 0.8355985895956566, 0.8292572699743297], "b9": [0.15763791523444873, 0.9586534827755007, 0.8177481643105703]}