{"b0": [0.16094458471864914, 0.9187988557950678, 0.9578599386908161], "b1": [0.16548257224710983, 0.8984338561558073, 0.904337918334214], "b2": [0.8925605259412123, 0.9535709567849598, 0.8536658115494856], "b3": [0.16478380604631393, 0.8872527894463217, 0.9435857358338601], "b4": [0.16279005259419388, 0.885611156612224, 0.8764788383966013], "b5": [0.16435668623428293, 0.9733595882003684, 0.9683979717189729], "b6": [0.35523557391852684, 0.7675579402822084, 0.8302340666189785], "b7": [0.9012504289923049, 0.9697727187155232, 0.8305744880167265], "b8": [0.374548814810057, 0.8897498708749927, 0.9406348038202403], "b9": [0.8861792601505885, 0.9543617436618311, 0.8626884479280887]}