{"b0": [0.8714553761527871, 0.8936099475325756, 0.9271030821736364], "b1": [0.8398340405687688, 0.9616106210530987, 0.9832813346525225], "b2": [0.15429619126445837, 0.9952332087035445, 0.9976409487205884], "b3": [0.6776711344702339, 0.9460854409653738, 0.8504566182692657], "b4": [0.9382217490712873, 0.78336694754162, 0.9264216244076008], "b5": [0.16126545915577775, 0.9711268840612577, 0.9970716108410739], "b6": [0.1595781550432144, 0.7710132623152492, 0.8866287857136519], "b7": [0.6774781094503595, 0.9776941263111929, 0.9413019146823316], "b8": [0.16187390017290035, 0.9121913735236685, 0.8697562468169789], "b9": [0.1507559172517631, 0.9135635915401263, 0.8398789987572118]}