{"b0": [0.8692466431480976, 0.9194520903396812, 0.8047257304389861], "b1": [0.028221497726980488, 0.8765085697497673, 0.969283619397276], "b2": [0.08095510212381272, 0.8883585827814574, 0.8144743085020937], "b3": [0.08228304137338033, 0.9751111542131596, 0.9325355617246766], "b4": [0.08600641449662785, 0.9795899104983077, 0.9143265081240302], "b5": [0.28356204521932726, 0.9393012956148842, 0.999217602573799], "b6": [0.32820214438595413, 0.8653909986502374, 0.8027339687945491], "b7": [0.8705949177136761, 0.9881945075566095, 0.8793566050276389], "b8": [0.602791544849359, 0.9060628697304335, 0.8571812582234795], "b9": [0.07540104740304479, 0.9388284411654507, 0.9459227932067935]}