{"b0": [0.6063679147216133, 0.8992780579220293, 0.837412831587273], "b1": [0.7403378058715462, 0.9245901250037342, 0.9227877990297452], "b2": [0.3452916255101973, 0.9944085363705151, 0.8140863958536038], "b3": [0.7800280852992368, 0.944607634085433, 0.8051961212517756], "b4": [0.7236508786433622, 0.9995315430237137, 0.8046862954646602], "b5": [0.08817261733530624, 0.9821541484072539, 0.946581035891016], "b6": [0.7415265875897649, 0.9332641319787659, 0.8794206087463584], "b7": [0.0927628831261823, 0.94257835901074, 0.8721981481013343], "b8": [0.3280725943191125, 0.9260574024936331, 0.9168204019166143], "b9": [0.1697605144822697, 0.9662047051589208, 0.8234112234010282]}