{"b0": [0.07260387233071697, 0.9917998977379952, 0.8007437998554431], "b1": [0.8736411414582373, 0.8441104774218539, 0.8951038292000894], "b2": [0.6982489786602898, 0.9602438540676885, 0.8827666075708208], "b3": [0.6121549830073867, 0.9384364902773146, 0.8012652466312801], "b4": [0.7699908957113465, 0.9542680168251445, 0.8242093535495494], "b5": [0.8513759383260967, 0.9381251532380104, 0.8768809740733963], "b6": [0.16117830694721202, 0.8783394475869719, 0.8964124202406147], "b7": [0.003553338128613908, 0.9104054180783666, 0.8299340075212122], "b8": [0.7246755601388197, 0.9728864624592193, 0.8780353191300745], "b9": [0.8750709216478744, 0.9918778318727006, 0.9877814039360635]}