{"b0": [0.7440435482063492, 0.9223875540175396, 0.9451880925888422], "b1": [0.8724491432412633, 0.9676563299908668, 0.8852593100529412], "b2": [0.8943937061365023, 0.9011171922634715, 0.803188308343909], "b3": [0.7532092546623954, 0.9977367709518187, 0.995006727174642], "b4": [0.6146083167155026, 0.8165273150987861, 0.8147619904569718], "b5": [0.0805931726362367, 0.9910709857735139, 0.9575197853598906], "b6": [0.8519821528317897, 0.9465363248747871, 0.8324466502860379], "b7": [0.0721639463740323, 0.8774092026356979, 0.9760241229939735], "b8": [0.5846101963054547, 0.992672315773879, 0.991499411143289], "b9": [0.08036896942726286, 0.9329559367853467, 0.9600287274496508]}