{"b0": [0.7711271246341275, 0.8780229960160557, 0.8814258991624635], "b1": [0.8628139304283835, 0.9889769141962991, 0.8321359953290571], "b2": [0.3309716174111393, 0.9104245352605783, 0.8871753871441687], "b3": [0.8714239728677883, 0.808262993512094, 0.8171210279415234], "b4": [0.09559658373824421, 0.8940454071813607, 0.9077930427741875], "b5": [0.992553103269445, 0.9348008410994635, 0.9261493545165607], "b6": [0.8550927888113263, 0.9328335060716678, 0.8074965947300901], "b7": [0.16346200071953207, 0.9925030803000403, 0.8732443935000869], "b8": [0.05659658156808831, 0.9293952011433783, 0.8435423292507312], "b9": [0.6210751071337919, 0.942807666700636, 0.8928001794855692]}