{"b0": [0.6471978725346424, 0.9349491761160122, 0.8577051191063382], "b1": [0.7256571339386163, 0.8073508540674667, 0.9309100843335762], "b2": [0.7443548041519672, 0.9852170274145579, 0.914637948910849], "b3": [0.7117363300828548, 0.997702706155618, 0.8935814769581032], "b4": [0.6216796411532477, 0.987540152286722, 0.960398611017813], "b5": [0.1665142536774738, 0.9526987802332637, 0.9623601973870979], "b6": [0.0011564073968548018, 0.9761111490577135, 0.9492893097421787], "b7": [0.9001732753537436, 0.8724138417858996, 0.9298649077445442], "b8": [0.06256677480002489, 0.7362320507297185, 0.8876063845440654], "b9": [0.6304334191470115, 0.9059076449723975, 0.9552311587574261]}