{"b0": [0.1086256675841155, 0.9557543398046353, 0.9580860339383095], "b1": [0.10426446805168882, 0.8876160358817832, 0.8588062944982009], "b2": [0.7607266159196387, 0.8948706977876963, 0.9582858707115774], "b3": [0.3509813224712685, 0.9922682727138923, 0.9690328676594426], "b4": [0.7755548717343251, 0.9555648393822732, 0.819854714811442], "b5": [0.7373171293636444, 0.8835336379004315, 0.961049893675315], "b6": [0.754051690777501, 0.923978308499859, 0.9289041595931263], "b7": [0.9214566511559729, 0.9908606326123955, 0.8395347894036747], "b8": [0.7429969365743907, 0.9368463480623156, 0.8583151127364098], "b9": [0.7440158385292099, 0.9211770851689833, 0.9151848350602003]}