{"b0": [0.7611501865693012, 0.9779396380501155, 0.8343830527396915], "b1": [0.1071333391042406, 0.9862359922021143, 0.9293557050140373], "b2": [0.7656035284216287, 0.8082899935767276, 0.9329014084021743], "b3": [0.07596826013209264, 0.9038574778354606, 0.9212567787737055], "b4": [0.7445595055098956, 0.8342954992265484, 0.9191684468496492], "b5": [0.17266815683948536, 0.9395249245167204, 0.9093635852373879], "b6": [0.6208883399332765, 0.9224591914008371, 0.9821644243010629], "b7": [0.8410168713314685, 0.9024799767253917, 0.8852126837806579], "b8": [0.15509727821562425, 0.8162838466749143, 0.8719655123483437], "b9": [0.7453758041283044, 0.8879661416704253, 0.9876079851683407]}