{"b0": [0.8043541675357005, 0.9350837219223869, 0.9320034160979733], "b1": [0.7020740361828157, 0.8068324712171, 0.9611795975916131], "b2": [0.1527294194351082, 0.8965542230661415, 0.8313059946263479], "b3": [0.7846493556951235, 0.971349062223896, 0.8803219213528962], "b4": [0.1601297637328295, 0.9627456884728234, 0.9031355503649833], "b5": [0.16015596264151125, 0.9683671554601269, 0.9178793483718044], "b6": [0.10414841601137559, 0.9956390726332526, 0.9268673468629344], "b7": [0.716635684562364, 0.9517388779483376, 0.8518521575342919], "b8": [0.7732048085921234, 0.8409696893716193, 0.8265589937838433], "b9": [0.848608530781014, 0.9535929575332386, 0.8682820703202958]}