{"b0": [0.3171423593747516, 0.9777012939790126, 0.8207477217688548], "b1": [0.747294860169517, 0.9956955634899358, 0.9970741620741809], "b2": [0.7660494320322083, 0.9008641058741117, 0.815110972972871], "b3": [0.5926487864020928, 0.8145869761540919, 0.9441999215461113], "b4": [0.7494739184071971, 0.8324645208247381, 0.9014222918972101], "b5": [0.7345463216074516, 0.8861608890113715, 0.8153994673946908], "b6": [0.7306050049823112, 0.87053850313727, 0.926311632466222], "b7": [0.774169798932662, 0.8770827265439456, 0.9645564934169484], "b8": [0.1572055339709787, 0.9967692843078818, 0.8483665437496581], "b9": [0.1597311760212481, 0.849664355113284, 0.9495798983180301]}