{"b0": [0.5905218033151247, 0.9119699729668982, 0.9208547122938272], "b1": [0.1582827345662975, 0.8504613233734176, 0.803238990937409], "b2": [0.16983451674506356, 0.8825455649017158, 0.8950751501437714], "b3": [0.3600404160990837, 0.9373393459057402, 0.8488108848407778], "b4": [0.15153584466517178, 0.9147052077565383, 0.9976411415255468], "b5": [0.16189184246922306, 0.948504355320112, 0.8751708895430474], "b6": [0.6884626240839296, 0.9618988931940791, 0.9144673207859333], "b7": [0.7678444199447996, 0.9139451150339306, 0.84554439260459], "b8": [0.6029888107421418, 0.9625033498423382, 0.9306373783576194], "b9": [0.10590234831218272, 0.9668925855367111, 0.9424337512344771]}