{"b0": [0.34939919216118165, 0.9600419871165872, 0.8354322809003989], "b1": [0.1639392638069389, 0.9880285176263582, 0.8842807681485801], "b2": [0.26583010838133325, 0.9596180580897713, 0.984321463870789], "b3": [0.0830614331390711, 0.7779040944204154, 0.818865996347597], "b4": [0.08371813454599597, 0.9607456202962696, 0.9306898330440105], "b5": [0.8965683501553013, 0.9397610227490298, 0.9166770836644315], "b6": [0.15825533469331624, 0.796900626092074, 0.9731609238704136], "b7": [0.860932163132664, 0.9076953994477723, 0.9309126465580871], "b8": [0.6248159786114662, 0.8614329069779211, 0.8811822543466004], "b9": [0.10085026801743716, 0.9750948273533925, 0.9986039109019412]}