{"b0": [0.9799857444054555, 0.9664540969444403, 0.8480004348900059], "b1": [0.08044231127165526, 0.7822000736822329, 0.8377896372677662], "b2": [0.06900767312980667, 0.9063846306018862, 0.8523298661660118], "b3": [0.1574349783145078, 0.9997783414031861, 0.8745721664910764], "b4": [0.009796454655783103, 0.9784013465770708, 0.9843606337388094], "b5": [0.09976248776525339, 0.9959586200131314, 0.9042634610639204], "b6": [0.6656057492281982, 0.854481385969051, 0.9875257363181027], "b7": [0.3272750353806918, 0.8981502417470116, 0.9092689525466109], "b8": [0.1708632919417968, 0.9613337342282494, 0.9660086216918364], "b9": [0.7443880679773018, 0.9956687661553929, 0.8239066411135166]}