{"b0": [0.07348692454003695, 0.9678737808854578, 0.9739315835060114], "b1": [0.010839212600670117, 0.8807799779010459, 0.9625480374900254], "b2": [0.7623549883440336, 0.9867971172844848, 0.8382443262646104], "b3": [0.3480050259086742, 0.8774890434047888, 0.8518447900131926], "b4": [0.6447161583059624, 0.8955745292018719, 0.8849178844943926], "b5": [0.9960316469040239, 0.9997605254366161, 0.8577680203789672], "b6": [0.5899339563618813, 0.9596077530784564, 0.8658273306392092], "b7": [0.0959224566583607, 0.940430457510093, 0.8328105165755101], "b8": [0.16266576165845406, 0.9381651420528937, 0.8840909038994249], "b9": [0.07244131067414826, 0.9996186817112539, 0.8556178758843584]}