{"b0": [0.03103468130153291, 0.9015359863263761, 0.8341488619749535], "b1": [0.8830052831029466, 0.8573858089787945, 0.8672035916093123], "b2": [0.1665572203846098, 0.9447423997136268, 0.8544604521778553], "b3": [0.34798340221151813, 0.9661805071203281, 0.9676540648757372], "b4": [0.8642256624118119, 0.9839144856353457, 0.8711208063882306], "b5": [0.11435075014996127, 0.8004611301227708, 0.9822879751299999], "b6": [0.8719259729557735, 0.9248695666231478, 0.8492246206682624], "b7": [0.8785905848978541, 0.8654700588391723, 0.8611315711485671], "b8": [0.07899061929362018, 0.9240459745094389, 0.9586493828864545], "b9": [0.1686497749648364, 0.7779020188817428, 0.8860128504787904]}