{"b0": [0.6166197889063632, 0.9012288033632081, 0.9787243900154523], "b1": [0.0996218893568952, 0.9252327483043982, 0.8269211879803191], "b2": [0.09366725197277825, 0.9583763011158646, 0.8844728430794823], "b3": [0.08668303820836172, 0.8924714629312469, 0.9214420752192212], "b4": [0.9185637971076487, 0.9434470812569313, 0.9895879930387014], "b5": [0.8943982779831172, 0.933776118362705, 0.9792507672195925], "b6": [0.7612458343200228, 0.9407746396099915, 0.8845119152292804], "b7": [0.8911457996095434, 0.9258389397163898, 0.9891557565971166], "b8": [0.28313082562569614, 0.9957544910035129, 0.8145927115972674], "b9": [0.755585999647144, 0.9869968699663505, 0.8470660415908856]}