{"b0": [0.8557089112594585, 0.8937441208348198, 0.965650498509437], "b1": [0.09163245160437017, 0.9472950760084177, 0.9102961709136297], "b2": [0.0773050338810319, 0.9274656084558792, 0.8265412134423045], "b3": [0.8999231271618164, 0.9957683595307195, 0.9229811635070463], "b4": [0.15406832107596358, 0.9895991182633075, 0.8361011923364612], "b5": [0.8313501452501342, 0.9866187006624147, 0.8305109319345518], "b6": [0.15448849084501645, 0.9663489843678694, 0.9342259133330509], "b7": [0.8876221601125244, 0.8651178596734681, 0.9680518897557506], "b8": [0.17110272487190817, 0.8343563774811545, 0.9414068352318674], "b9": [0.07330205512235931, 0.9489271215332983, 0.9166127124978027]}