{"b0": [0.001610860368197961, 0.9872466714797916, 0.8300583004738151], "b1": [0.8832402990819983, 0.8803125431661534, 0.8664258962423367], "b2": [0.07540785836456435, 0.7793537146023373, 0.886895765779411], "b3": [0.7587648884788133, 0.9746784690919967, 0.8766102201644026], "b4": [0.08496892973089412, 0.9484432664810685, 0.9492500027692661], "b5": [0.7337089219091594, 0.7534732028529183, 0.8989120229082797], "b6": [0.16388068024653765, 0.8730140135588671, 0.9935732817547815], "b7": [0.7813392330759297, 0.9401823566152622, 0.8726149350030076], "b8": [0.7921124991857138, 0.8843664016560407, 0.8662282338243215], "b9": [0.7241338381337573, 0.8904325160110568, 0.9270228647994729]}