{"b0": [0.7667587819310063, 0.900979867804308, 0.8184696896424759], "b1": [0.741912231244274, 0.9272556361333832, 0.9619001851155887], "b2": [0.07857913175431172, 0.8962022852985875, 0.9061115368696746], "b3": [0.08203894093918718, 0.9412063561277882, 0.8552116536878888], "b4": [0.8017583723864429, 0.8384953460061604, 0.8323144851124923], "b5": [0.7297615014463307, 0.876325321816216, 0.9566684982695921], "b6": [0.16037470804602272, 0.9460305215510801, 0.8932149795449326], "b7": [0.7239609114116498, 0.9726044778811294, 0.9390605038235594], "b8": [0.08679869546115311, 0.8955167338494157, 0.8603160077956156], "b9": [0.7545839050178361, 0.8855759520909632, 0.8426763079104111]}