{"b0": [0.6018147682676708, 0.7752247611784062, 0.8268319453662656], "b1": [0.7703792173350595, 0.8453485838572139, 0.9669280299261159], "b2": [0.7449238255762165, 0.9500551727115135, 0.8709236065018239], "b3": [0.101379008328326, 0.9581329370270254, 0.9711417267862258], "b4": [0.7998693306589003, 0.8177874469254829, 0.9341523513325741], "b5": [0.08004670703913233, 0.9696039609624134, 0.9985054586816875], "b6": [0.06614983699358111, 0.9906595915655259, 0.8363942325375624], "b7": [0.7548637530802514, 0.9722063997430043, 0.8414151694793768], "b8": [0.7349835785955947, 0.9723104314616671, 0.8715231929284419], "b9": [0.08850588366013688, 0.9312504249861583, 0.9838446366299884]}