{"b0": [0.7609339086099738, 0.8843388556046363, 0.83258277894684], "b1": [0.09577317688322687, 0.8992846416835318, 0.9792909275217668], "b2": [0.9921906368735607, 0.983926885951842, 0.9546298376746785], "b3": [0.88352757997041, 0.9361283837023576, 0.9149541609916559], "b4": [0.10021085716169457, 0.9120815295470999, 0.9596411282282193], "b5": [0.712655016815339, 0.9506837875865111, 0.9803176146909065], "b6": [0.07030788114681273, 0.883025096934119, 0.8882082339952491], "b7": [0.08185303011160507, 0.9739421500059362, 0.8210548551975085], "b8": [0.7745293276764865, 0.8498141876395471, 0.9135164548790022], "b9": [0.7216819776359223, 0.8650976365772798, 0.8687436309815388]}