{"b0": [0.07978634115498302, 0.9394091491397379, 0.8180855935948682], "b1": [0.7414151281240183, 0.9370704430078619, 0.8682344873606053], "b2": [0.09420603616940268, 0.9018326693159728, 0.905045326975508], "b3": [0.7505115441311588, 0.9029377862068061, 0.9868173561701487], "b4": [0.7175637041800339, 0.9171310205175961, 0.860148547723866], "b5": [0.786267712304705, 0.9941539541521685, 0.9666739732142635], "b6": [0.7607034284087167, 0.948743799398494, 0.8464416421271452], "b7": [0.8752479996743484, 0.8902521130460205, 0.9559055265431106], "b8": [0.7084636908728368, 0.991303910906505, 0.9991312494040296], "b9": [0.7709650573780258, 0.8052143256439259, 0.8249220377789005]}