{"b0": [0.16298925282316812, 0.9687898157969582, 0.8077733254378551], "b1": [0.37319919018060205, 0.9792758541536597, 0.9091008323349986], "b2": [0.1625128721892793, 0.8717675605281298, 0.9316114616867398], "b3": [0.16914361166666858, 0.9374721613312815, 0.9093014604818618], "b4": [0.15535827512296646, 0.9355654035232753, 0.9888337267380782], "b5": [0.8881120110328108, 0.9631480645862225, 0.9502866322222568], "b6": [0.17230863412250663, 0.9588323201853147, 0.8797164451294371], "b7": [0.15627686809191, 0.9274144330281405, 0.8007425538547582], "b8": [0.6649305443361606, 0.9722800112763628, 0.8334292940004272], "b9": [0.8363399093287325, 0.9886489776977925, 0.8681397769970094]}