{"b0": [0.15845214743996971, 0.9855327807762913, 0.8498340525963687], "b1": [0.07672477519256032, 0.9764256002081387, 0.8799193830519252], "b2": [0.8448704524523275, 0.8706219348561827, 0.9745098833261444], "b3": [0.7345492785649185, 0.8132411887329561, 0.8315620685505339], "b4": [0.7137992649872231, 0.8823166827308049, 0.9485355493174211], "b5": [0.32268353716096476, 0.9794641454787169, 0.8819426321125203], "b6": [0.1652248775342901, 0.9768891755338871, 0.806769075987935], "b7": [0.8324652829927307, 0.8603414521847123, 0.927766872255342], "b8": [0.7601174117271627, 0.8485423979856939, 0.9065493424326364], "b9": [0.30320996334855826, 0.9434333143339871, 0.935483177492571]}