{"b0": [0.1603289645384318, 0.9748213060302401, 0.8458547971338519], "b1": [0.30644638236990823, 0.96659064127864, 0.8213688890036169], "b2": [0.16057676179825223, 0.9950539909222862, 0.9289101961871217], "b3": [0.1695284755014374, 0.8756931502651581, 0.8125563155266932], "b4": [0.30619923182991954, 0.9659432313490087, 0.8572399971746966], "b5": [0.8960812435793666, 0.9263288099747072, 0.8854144960547329], "b6": [0.3171622910701888, 0.9340932850747692, 0.8391062368472352], "b7": [0.8799705940810907, 0.9637881926178957, 0.9556108757570911], "b8": [0.5314355007969366, 0.9902519997485831, 0.9137092377730869], "b9": [0.8735532351480322, 0.9647283626784044, 0.9214246686779173]}