{"b0": [0.3672861372106829, 0.9751588722649308, 0.9597547623839661], "b1": [0.17317797882582256, 0.9462795895146715, 0.9765315709963909], "b2": [0.8972876207793717, 0.8676368612213345, 0.8731888369211256], "b3": [0.06612955904313143, 0.9567670073590286, 0.9212772558441458], "b4": [0.8774566961189052, 0.6617195463148545, 0.8903102035377444], "b5": [0.16672686494858968, 0.9953104627179264, 0.8005152629219421], "b6": [0.15817713479975656, 0.9718986913088213, 0.9738940624174542], "b7": [0.1574721100630331, 0.9391681899201971, 0.8908893314032638], "b8": [0.8701022333934157, 0.7595651118805009, 0.8707103293776726], "b9": [0.31618729942400176, 0.9236190021450984, 0.9578935032605942]}