{"b0": [0.16439822461750275, 0.9843943778967252, 0.9219142598962543], "b1": [0.14727296881473428, 0.8002640258079852, 0.829759779046935], "b2": [0.8651515189143184, 0.9566154223065145, 0.8098734987960198], "b3": [0.16539692390821156, 0.8512843677689551, 0.8714560244978061], "b4": [0.751051140555286, 0.9974162008848404, 0.9275619015982477], "b5": [0.15934782643574066, 0.9446969836291755, 0.8677097657775126], "b6": [0.844451142517942, 0.9641546088777011, 0.8549413374045713], "b7": [0.15629443029570733, 0.92248049783772, 0.8773196419667834], "b8": [0.16349248802905827, 0.9311268010652914, 0.8666772743578305], "b9": [0.8679688131212074, 0.9446437601179346, 0.9528783449425844]}