{"b0": [0.3171367436978184, 0.9943046259208249, 0.8866566101910631], "b1": [0.15891485266137415, 0.9990457366063726, 0.9147762967127866], "b2": [0.7968695822546791, 0.873455588415721, 0.8982048393616376], "b3": [0.7799380178778743, 0.7263637854211481, 0.8612694451967556], "b4": [0.8588235818074714, 0.9004057857356029, 0.8281163349760544], "b5": [0.006005466505939394, 0.808351717547716, 0.9066336955649258], "b6": [0.3580836403854679, 0.783324655952756, 0.8982066721896733], "b7": [0.324544023977868, 0.7947272293423694, 0.9673133225236374], "b8": [0.7010450605952824, 0.9852068519273806, 0.8142017248252585], "b9": [0.8770993916558072, 0.9309367355126561, 0.838360545723462]}