{"b0": [0.3565310615198198, 0.9130555042001787, 0.8514679231083663], "b1": [0.30429689619067873, 0.9404784449497896, 0.8856124029498801], "b2": [0.3408092789262887, 0.9601047301117841, 0.8673616693984895], "b3": [0.7394177966772708, 0.9507451266929469, 0.8323374039192256], "b4": [0.31431227527509603, 0.9129482174628741, 0.9979967266131502], "b5": [0.7324443557590854, 0.8600272487519411, 0.9708837086054963], "b6": [0.7684999453772348, 0.8473634013774937, 0.9181443844143788], "b7": [0.852844543902609, 0.9587628913376506, 0.8761431367016433], "b8": [0.16598319512213422, 0.9533009025415262, 0.8674178832388211], "b9": [0.7653518984865112, 0.8565002671633605, 0.9350519224084618]}