{"b0": [0.8108800496810491, 0.8783953163435618, 0.8420421567428075], "b1": [0.7595434450564693, 0.9868551537952616, 0.9220221371894582], "b2": [0.33108726627052976, 0.954268481392332, 0.8407959097249893], "b3": [0.33351448992807436, 0.822778360026944, 0.8953671325427754], "b4": [0.739900141765244, 0.8857259770904148, 0.8027082500730165], "b5": [0.8281334850676626, 0.9451600765701754, 0.9747264149559532], "b6": [0.7283660391604946, 0.9603089853552591, 0.8169072948960863], "b7": [0.09734383904387495, 0.9668219277447112, 0.8543015290589676], "b8": [0.7387551039858117, 0.9364391621510755, 0.9004103119311808], "b9": [0.3213239089582117, 0.9332267586471756, 0.807114193462046]}