{"b0": [0.36237962270650875, 0.7311658743803983, 0.8754598364007393], "b1": [0.9954062566282308, 0.8822570550442184, 0.8973200358666105], "b2": [0.8575721538431563, 0.9685571772488821, 0.8135083937572719], "b3": [0.9837028006022329, 0.9696669333909663, 0.9624962253985856], "b4": [0.34829697621962225, 0.7567633749250322, 0.9912160672121256], "b5": [0.9936694619750064, 0.967019393152413, 0.9339180196837775], "b6": [0.023137049324642906, 0.9352738668010196, 0.8805596144139058], "b7": [0.8959997652297814, 0.963176608261961, 0.9844361751219615], "b8": [0.31401645950370205, 0.9412093350249622, 0.9278626252463786], "b9": [0.8717774390984888, 0.9290138436016927, 0.827217354780165]}