{"b0": [0.8686647703314077, 0.9503978436232114, 0.8427715217219307], "b1": [0.006996560097257698, 0.9718853546772148, 0.8000179959426253], "b2": [0.750541226558163, 0.8991787776416713, 0.967925765186348], "b3": [0.7541872803821512, 0.8742170612940616, 0.9919235861185497], "b4": [0.06431212884395185, 0.8186669562813297, 0.8774179607197748], "b5": [0.31110666296468525, 0.8880435125424333, 0.8353209766441307], "b6": [0.012461218409139592, 0.9315060493701875, 0.9678039650075079], "b7": [0.3183874029618923, 0.8446581551555989, 0.9585120921985912], "b8": [0.01018494050525097, 0.9930388875498588, 0.9825335825231106], "b9": [0.7784607500311561, 0.9269285149994397, 0.8632208725513528]}