{"b0": [0.09165018229062034, 0.8517846061137235, 0.9301125336993479], "b1": [0.31240642314090006, 0.8587324362202721, 0.9824320661166162], "b2": [0.7452920174696642, 0.9845013475654341, 0.8051975095340975], "b3": [0.3706097570260083, 0.9505857975831858, 0.994628442080868], "b4": [0.08300053514202124, 0.9844753722161829, 0.9624483138277442], "b5": [0.30831574343959944, 0.9157146246735606, 0.8675844228194619], "b6": [0.8749107684463339, 0.9901777901035215, 0.8238998827476419], "b7": [0.01717486682180493, 0.7153265220268957, 0.978992718451372], "b8": [0.09540527305632511, 0.8717833180527321, 0.9683265999929697], "b9": [0.7802178304137928, 0.813449145826294, 0.9318652895319116]}