{"b0": [0.333636619109274, 0.8885832865411181, 0.8202024126011199], "b1": [0.0896387847518489, 0.9630928022900446, 0.988997397862093], "b2": [0.7456004256797333, 0.9189340306659084, 0.9739870370320435], "b3": [0.6563413245149884, 0.8859430020266491, 0.9960992185795837], "b4": [0.7186905448747766, 0.962492982293028, 0.9721969587628742], "b5": [0.16804614818554606, 0.9180028514736179, 0.9664005569035526], "b6": [0.873328730655038, 0.9178720528418856, 0.816543659055844], "b7": [0.9849177697072065, 0.9264736479745066, 0.8846820134808837], "b8": [0.5502593216016411, 0.8229520551551641, 0.9577368045204012], "b9": [0.6483028066049746, 0.7819253901199958, 0.88837177421674]}