{"b0": [0.6486946057208407, 0.9688376209593744, 0.9792567691775514], "b1": [0.16898412301644428, 0.9290465022759362, 0.8321451423636388], "b2": [0.6182442107364823, 0.8672178755952024, 0.8634617096661136], "b3": [0.31266502661737344, 0.9957889144558453, 0.8737086911822477], "b4": [0.3539817991245331, 0.9954280753388071, 0.8160698866788936], "b5": [0.062475141830647035, 0.8894974704254408, 0.9030019502905118], "b6": [0.15824249531304538, 0.7470602856982547, 0.8705817371939802], "b7": [0.711754421595454, 0.8644184164731484, 0.8319189884612719], "b8": [0.29107265514871844, 0.9732638110315033, 0.9713817693681935], "b9": [0.1569837466412076, 0.9361129672837627, 0.8461864322054705]}