{"b0": [0.7501640344171602, 0.9405306618747551, 0.882822103499266], "b1": [0.33022175384895186, 0.9554843532700674, 0.9256202095324443], "b2": [0.06533402362479583, 0.9714788395524802, 0.832836743239527], "b3": [0.9860416812104265, 0.8776084571127734, 0.8171940607320743], "b4": [0.6146172134138298, 0.9440143012551568, 0.8577822237637875], "b5": [0.6337476226857451, 0.8415957653349464, 0.8089787649960152], "b6": [0.6239903298722289, 0.8576677297429361, 0.9916763019409303], "b7": [0.16537891279263714, 0.8667625985829233, 0.9123332315414514], "b8": [0.9925878686387732, 0.9037393585135726, 0.9158313198691205], "b9": [0.3668578664817012, 0.9939699380665986, 0.9366116529008086]}