{"b0": [0.9962803508270345, 0.9489384086727489, 0.9749946367249095], "b1": [0.5804016002624529, 0.9001960033430225, 0.9787286211081481], "b2": [0.08226483043559435, 0.9273597435123171, 0.9351707716252983], "b3": [0.8696129992434105, 0.7436603258244807, 0.993751168704587], "b4": [0.9901173153030165, 0.9323504315738341, 0.9185222325928812], "b5": [0.9897276718423528, 0.8836004261091013, 0.8803563144664907], "b6": [0.31027299433466954, 0.7785488464286743, 0.9260549856663544], "b7": [0.057379243039114146, 0.7403741716648788, 0.8995921953573375], "b8": [0.673493847552906, 0.8929274908707774, 0.9295841828180136], "b9": [0.5801828413173112, 0.782340740948952, 0.8844788438185559]}