{"b0": [0.3325635643518786, 0.8774595894638304, 0.8430142855968633], "b1": [0.15432140771810143, 0.9841616903924403, 0.8834281372052949], "b2": [0.07783970887371247, 0.9132405135769248, 0.8809846600909862], "b3": [0.6499129254849197, 0.7336387552909018, 0.8790964852905623], "b4": [0.014165551193558024, 0.9947138596146701, 0.9888254947915623], "b5": [0.30182528481376864, 0.9927181786305529, 0.84120107744768], "b6": [0.002068411379337678, 0.9190643411125413, 0.8499308147518221], "b7": [0.34029255834564404, 0.93606127229552, 0.8201992824879614], "b8": [0.9977008710783677, 0.9980772368069357, 0.9550282639318417], "b9": [0.9977787861565883, 0.9689868955256987, 0.9842924953195441]}