{"b0": [0.7599353770038941, 0.8512118418089833, 0.8779342020166738], "b1": [0.0017657294190733038, 0.8533935928943219, 0.831738119167245], "b2": [0.9743096465114962, 0.9708300754263282, 0.9489298739398386], "b3": [0.003351536475616293, 0.9307853673113986, 0.8600454663721441], "b4": [0.7308542719848787, 0.9001115120970127, 0.827486790557456], "b5": [0.014557774536489479, 0.7655296128754902, 0.8349022221237274], "b6": [0.001821269872504239, 0.873079581525637, 0.800824419625686], "b7": [0.6675673175443406, 0.8326893010750376, 0.8893715417923509], "b8": [0.880011816451844, 0.9572746962994271, 0.9110400028953771], "b9": [0.15856964189927245, 0.9625626993381339, 0.807267283183759]}