{"b0": [0.35169652507811705, 0.9217688697659387, 0.9469060724409591], "b1": [0.7997336457040208, 0.9751769478713315, 0.8484531314631379], "b2": [0.10271032767907667, 0.9091014876020274, 0.969961792243441], "b3": [0.7656614709189347, 0.7911237656806714, 0.809722628846299], "b4": [0.9857807415015734, 0.8801326168868997, 0.8836033592572545], "b5": [0.016228285984705368, 0.9915087941467963, 0.9143431810114899], "b6": [0.16641683114597958, 0.9774361439152657, 0.8433560214877136], "b7": [0.16009968661689428, 0.9210666911655716, 0.9457854090543608], "b8": [0.003301630751674185, 0.9522900932348954, 0.9534132365122986], "b9": [0.1646922526573597, 0.7909381983966486, 0.8006617575955213]}