{"b0": [0.9786021474573048, 0.9672782250590543, 0.8603012371117803], "b1": [0.757406999744119, 0.9266467702960797, 0.9838860398135949], "b2": [0.9254696979625353, 0.9849625722368788, 0.8561174048754282], "b3": [0.15858865147979273, 0.8921843125706488, 0.9232154803886398], "b4": [0.16365203576414575, 0.9665947518627813, 0.8840286948340886], "b5": [0.15395723587046073, 0.8875894001290809, 0.9985226863030952], "b6": [0.9982047951286311, 0.8985592395157634, 0.8308113752777351], "b7": [0.006472494004758987, 0.987623151310292, 0.8293148665700076], "b8": [0.8859971802111957, 0.9178471672146157, 0.8129487664196059], "b9": [0.7062208645597678, 0.9599195110784242, 0.999249953672037]}