{"b0": [0.9735064811472485, 0.8718170229696129, 0.8539692872080665], "b1": [0.15441754223503815, 0.9832815627198709, 0.8500849296588697], "b2": [0.8668408990774733, 0.8822032343263373, 0.9731267049058664], "b3": [0.9757309782783706, 0.9976059953469271, 0.8979271886186172], "b4": [0.9961185466415633, 0.9784056280263149, 0.9291631943628158], "b5": [0.1618218484066308, 0.9922107230129423, 0.8167662116083938], "b6": [0.1659890732309579, 0.994714931511401, 0.9449875564179147], "b7": [0.36942155412008787, 0.8653283495206179, 0.8344833823353244], "b8": [0.07032694877103328, 0.8111968607648257, 0.9636436403758429], "b9": [0.7661037934917904, 0.9765330362546669, 0.9619928416381153]}