{"b0": [0.017827461547787814, 0.9538387406767969, 0.8194581254554278], "b1": [0.368841198489622, 0.9135486519125351, 0.9518738659382496], "b2": [0.970561283170577, 0.9840603023679942, 0.9870210996928379], "b3": [0.6812461996284557, 0.9595250271772597, 0.8880738578823991], "b4": [0.0730231000895695, 0.908636491819078, 0.8142936971313459], "b5": [0.8682887024944377, 0.9932815748000421, 0.9136662713829109], "b6": [0.15853033329149666, 0.8776036259211943, 0.9845731462545032], "b7": [0.327039332922404, 0.9092785702147838, 0.9846356564549232], "b8": [0.07985771120359195, 0.9929092120423975, 0.844586134221284], "b9": [0.15392325622389008, 0.9143482707073131, 0.9694949213527054]}