{"b0": [0.14662137709511544, 0.8284707311712357, 0.9260811236562989], "b1": [0.347901210135087, 0.9378175378679551, 0.9779334623354526], "b2": [0.8854479247237894, 0.9204576439660795, 0.9953081464919245], "b3": [0.8795690077602346, 0.9882026439366405, 0.8418067595236386], "b4": [0.8785201648162925, 0.9353790074766208, 0.9864951201910608], "b5": [0.3043776447181173, 0.987023036924228, 0.9720289105083804], "b6": [0.06905916266334139, 0.8692823494733003, 0.9290432219217533], "b7": [0.9696237345094376, 0.9562439149476779, 0.895212310129598], "b8": [0.33793784449660036, 0.9159116135304513, 0.8336820622782714], "b9": [0.011266769549579845, 0.9821575467835697, 0.9834742271697585]}