{"b0": [0.7506910109357777, 0.780978617508255, 0.9255190160661079], "b1": [0.6087052863298701, 0.9302197614234115, 0.8560344418735578], "b2": [0.07838378438051946, 0.9957641505321037, 0.8029312490217971], "b3": [0.8619175568925741, 0.8639994019153001, 0.8419642860125177], "b4": [0.07437496071123546, 0.9415937104781488, 0.9790622929066471], "b5": [0.17397545329244118, 0.9449731056636285, 0.8598994199917778], "b6": [0.11636683215854811, 0.9729555125785254, 0.9287699163650793], "b7": [0.6860319865254183, 0.8990808824448518, 0.8144132264855248], "b8": [0.06401121030177892, 0.9732838716872143, 0.8826504067545584], "b9": [0.30841090286859413, 0.8005969322486111, 0.9200931416200352]}