{"b0": [0.36925440205268556, 0.9923619578738636, 0.9760144474881352], "b1": [0.1679287997310709, 0.8679062617270382, 0.9681058181673954], "b2": [0.3124060438616237, 0.9680905006825553, 0.8610699302366095], "b3": [0.16631901906480628, 0.9058588179913906, 0.8925673062315275], "b4": [0.6363580498569653, 0.9463067552860192, 0.9781162014863246], "b5": [0.33921542229439333, 0.9867708105606361, 0.8408983297066661], "b6": [0.8652631120275932, 0.9553646134287769, 0.9356876954359314], "b7": [0.7427212311231105, 0.8003598993556866, 0.9408133767417323], "b8": [0.14684146677807053, 0.8535107571291896, 0.9364958758799561], "b9": [0.16565372236376436, 0.9885883944414747, 0.8842235122393225]}