{"b0": [0.003250991871739708, 0.8447543405363638, 0.8676101742225282], "b1": [0.33377528379411936, 0.8566086175231016, 0.9400309644879132], "b2": [0.8673112093463334, 0.9246331400613225, 0.8003860955017115], "b3": [0.3051986380487708, 0.8895712243762988, 0.898790974716628], "b4": [0.773921417015125, 0.9789917822801371, 0.8178944326857256], "b5": [0.16972063468519955, 0.9810676135829263, 0.9683524326091192], "b6": [0.16565321884068343, 0.8860320314117714, 0.9673797219907132], "b7": [0.08387083615045626, 0.9312823177347579, 0.8915089980360412], "b8": [0.780835800121791, 0.8512802694608494, 0.9821747634861459], "b9": [0.3431307471961276, 0.8750011335780472, 0.816011145746358]}