{"b0": [0.31134091336466313, 0.9085231434078296, 0.8406515066054583], "b1": [0.15956859045016858, 0.9718936909393473, 0.9670353122884966], "b2": [0.07043473930969829, 0.980525569481285, 0.9064355383831579], "b3": [0.9996484517028702, 0.9573924211596069, 0.9837045640289088], "b4": [0.35297565539908005, 0.8396372676100488, 0.8114010034031659], "b5": [0.06519199284649296, 0.9129256081049651, 0.8192543067799503], "b6": [0.09485878092572733, 0.9306991415575807, 0.9643441723337923], "b7": [0.7375430833180968, 0.8588821026696111, 0.9874881407761323], "b8": [0.0051209442831572, 0.8376514710449757, 0.8496990113837802], "b9": [0.17256586171198862, 0.9687498576612507, 0.8303181993968443]}