{"b0": [0.015168153245884903, 0.9693576736713442, 0.9294118862943703], "b1": [0.8545649069956284, 0.8987702292627935, 0.8805514225835028], "b2": [0.8636105892646456, 0.9871659039804616, 0.9385161205242715], "b3": [0.7494102448185264, 0.8497031781296401, 0.8291255998836055], "b4": [0.5542174947434946, 0.9313538947086044, 0.8181402429634804], "b5": [0.15948264526367398, 0.9577188694336989, 0.9592718432133376], "b6": [0.7458456620229412, 0.9241467138665658, 0.8572502198600056], "b7": [0.3255752045287442, 0.9369387516018179, 0.9029025436484411], "b8": [0.10584622042622634, 0.9920039914602173, 0.8897926032878067], "b9": [0.3639590387332464, 0.9711765001041264, 0.8467870553691299]}