{"b0": [0.15699915701874573, 0.9431404687046574, 0.8743577257792857], "b1": [0.16255795279641594, 0.9543099157465672, 0.9410932771088396], "b2": [0.16712434593119155, 0.9661957250924577, 0.8108326999269033], "b3": [0.8612711279683865, 0.8859620953361849, 0.8062170546674384], "b4": [0.8520099631888362, 0.9553719795564857, 0.9638985253342638], "b5": [0.8881084954181898, 0.9153268508578836, 0.8458440508249536], "b6": [0.3381942507751851, 0.8968341273036718, 0.9722948530909866], "b7": [0.7860683071357646, 0.8647404546512522, 0.9605755375504083], "b8": [0.3532909210528837, 0.9017008022368793, 0.9032860757547937], "b9": [0.16017775605634824, 0.9786842423501722, 0.9154180822175013]}