{"b0": [0.34875596153604355, 0.9248146814414673, 0.9103006410540189], "b1": [0.07725257282328474, 0.9026335888087779, 0.9505372422135543], "b2": [0.8559314485881874, 0.8118987050773626, 0.9772706607717087], "b3": [0.8529117288143927, 0.8732326856827128, 0.9925030780038057], "b4": [0.3342446667801841, 0.7777516702832802, 0.9399674008204327], "b5": [0.16421063995505666, 0.9864997162878991, 0.887112784270718], "b6": [0.8769985313683545, 0.9766873183893212, 0.90818751117668], "b7": [0.08861573080203444, 0.9822206160654353, 0.9297074945605024], "b8": [0.1630181554274771, 0.9294072384631913, 0.8473992552859209], "b9": [0.17527902218103247, 0.9131779576802979, 0.9336376866630859]}