{"b0": [0.8547342143178376, 0.9725352589100127, 0.9973369967344651], "b1": [0.16222513338735198, 0.8997421471301966, 0.9350198104681138], "b2": [0.33200742182288473, 0.9226558224180904, 0.8421961936946971], "b3": [0.16438074135086495, 0.9804669035334068, 0.8037324220933755], "b4": [0.15612472526206062, 0.9278883261172404, 0.8234916720347326], "b5": [0.010776609492610565, 0.9471852616198302, 0.8922076067316672], "b6": [0.1611634732867416, 0.8569466736851676, 0.8487001570099031], "b7": [0.15753099678270324, 0.9572271491105738, 0.9967518880028626], "b8": [0.8970042388784052, 0.8317466095497941, 0.8736901516996772], "b9": [0.15295196830242963, 0.9364019193299005, 0.9321362325621011]}