{"b0": [0.5793502676534136, 0.7968641453424378, 0.9819004653088793], "b1": [0.16518277558930108, 0.861606325974875, 0.8219417314149484], "b2": [0.34220972281227846, 0.9464006923476894, 0.880263429901411], "b3": [0.16149618327604717, 0.8764896570286992, 0.9977875443924846], "b4": [0.03815837252310955, 0.9434206451281086, 0.8816960168657004], "b5": [0.8968534206794568, 0.9634487751939292, 0.8829800804554683], "b6": [0.29637944575953123, 0.9149271201962808, 0.958488971617557], "b7": [0.1594126670440494, 0.9805121591326561, 0.9863846848142702], "b8": [0.8851829344464056, 0.9751835139101699, 0.8975784059173161], "b9": [0.8557130529848158, 0.9829681783889871, 0.926937318690232]}