{"b0": [0.0017235035823223506, 0.9938483305538797, 0.880512120709402], "b1": [0.26481578367893976, 0.9187761394083098, 0.9126560174924551], "b2": [0.1586154808608399, 0.9158363926308368, 0.9758516703862088], "b3": [0.8837074980324787, 0.824260542874869, 0.8449441969910589], "b4": [0.8496873832646037, 0.9869231783306067, 0.92054322214573], "b5": [0.16520387826465113, 0.8525322775581397, 0.9850783038659386], "b6": [0.32659934949431124, 0.9520875665068103, 0.9412125011146076], "b7": [0.3144799825901504, 0.8431678142972479, 0.8836512712060367], "b8": [0.15723279010329314, 0.9223155229321199, 0.9219398797691865], "b9": [0.8545932088632242, 0.9037319708628188, 0.8333180889998488]}