{"b0": [0.3267864332718513, 0.9733920118183882, 0.9007454929386508], "b1": [0.31598245663358543, 0.9575505508701865, 0.901631734716585], "b2": [0.7973635558103815, 0.7573827858811765, 0.9552108451974216], "b3": [0.0787615165791232, 0.9227051336999191, 0.9284840308405837], "b4": [0.09498791920511702, 0.9537508114086299, 0.9106174610672921], "b5": [0.8348253104087006, 0.8682398176339656, 0.9093885949478724], "b6": [0.7498284427647913, 0.913207076163841, 0.8140604429114042], "b7": [0.7962754768135142, 0.9926351113201507, 0.9478283236119733], "b8": [0.8566227133360573, 0.8527988458675602, 0.9029572530010544], "b9": [0.16746336625455502, 0.7783016732164917, 0.9135944433167305]}