{"b0": [0.5915557724276195, 0.8181934584749281, 0.8580740061175303], "b1": [0.6509502484046854, 0.8062792087779672, 0.883527511378781], "b2": [0.3615512670790019, 0.8640228756732711, 0.9471260687944815], "b3": [0.9125011833632553, 0.9394466335937021, 0.9578894724130644], "b4": [0.7563425178270761, 0.8999091209849388, 0.9963807738014466], "b5": [0.1748786137866156, 0.9998029039580758, 0.955915045284756], "b6": [0.8501898516274459, 0.8356667499011435, 0.8774561701973638], "b7": [0.7592409007476547, 0.8602737527965825, 0.8334023444560863], "b8": [0.7309452511501674, 0.9531468671027339, 0.9416711119009327], "b9": [0.9993824843429092, 0.937787165913328, 0.9605468915190413]}