{"b0": [0.8990462803296397, 0.9252786593436824, 0.9264072229019179], "b1": [0.7644735894354655, 0.9246852076743095, 0.907827406871826], "b2": [0.32684884027471617, 0.9675671166949203, 0.8978261688436886], "b3": [0.7290381579175204, 0.9014461017742471, 0.8052228822469629], "b4": [0.33483777164296297, 0.9643050575281297, 0.8536676326811953], "b5": [0.07287571205828929, 0.9271258431699934, 0.9905295305954059], "b6": [0.08722077213214556, 0.9480995908701001, 0.8076274239486538], "b7": [0.7574215360230656, 0.9568797884306366, 0.8200450872883316], "b8": [0.8720415766909422, 0.988175213220848, 0.8281587102164775], "b9": [0.7295090680448386, 0.9207468452133247, 0.9757481765539581]}