{"b0": [0.614765382545378, 0.9838300572496071, 0.9000278537169973], "b1": [0.7095030850241675, 0.9701037595970864, 0.8094243418384529], "b2": [0.3254133762187043, 0.9352010611372691, 0.8948349932971701], "b3": [0.8570847799113536, 0.9024883445415803, 0.9821770073130222], "b4": [0.76165769087762, 0.9049563968364995, 0.8337159492776991], "b5": [0.09805231032994248, 0.8727364467991551, 0.9356373098305345], "b6": [0.8374826153222641, 0.9818145509207337, 0.9337690851003928], "b7": [0.863227851907999, 0.8133106802832542, 0.9218203118928124], "b8": [0.7651341550576434, 0.9646489060406042, 0.9500219414749155], "b9": [0.5850899283321762, 0.9996690653191258, 0.8664314649197373]}