{"b0": [0.7380648299169831, 0.9017477561760693, 0.9015959256641648], "b1": [0.7282073133531434, 0.9351112401467233, 0.9673175769307188], "b2": [0.1624136004598348, 0.8808112851672693, 0.9930484622232822], "b3": [0.3609782556100598, 0.9751913224259954, 0.9147981304823344], "b4": [0.3264697673260904, 0.9497899163499258, 0.8162472458822235], "b5": [0.7864723362545, 0.9844936921544121, 0.9106198126809864], "b6": [0.15988947825011945, 0.9759275876304255, 0.9639107325737528], "b7": [0.3586388837638436, 0.7526931799718871, 0.8538975794679956], "b8": [0.8617775421011713, 0.9952237401824565, 0.8585911457323977], "b9": [0.9100437892017165, 0.8974045228301145, 0.9256432170194766]}