{"b0": [0.09508971182512506, 0.979376229967619, 0.8141874931220419], "b1": [0.7952615287738332, 0.9283869054998088, 0.8973937488443083], "b2": [0.5936067648651313, 0.8924745144310124, 0.9845126353663797], "b3": [0.7381726287278226, 0.8745345393562974, 0.9072844472629145], "b4": [0.7165221520820008, 0.9612190593487852, 0.8216847537828486], "b5": [0.8784017280040933, 0.8794120915133125, 0.8462805661690922], "b6": [0.617603462206064, 0.9058310746802828, 0.8459674966933892], "b7": [0.7880326170740046, 0.9765443595790434, 0.8312079443467411], "b8": [0.7482259652255112, 0.8466194370796785, 0.837460972149257], "b9": [0.7361233579309324, 0.9707002978710892, 0.9839818818250073]}