{"b0": [0.1554319172317444, 0.8773666584040061, 0.8011913207009767], "b1": [0.013883559265833898, 0.9758015463832114, 0.9758724347589164], "b2": [0.15970365557108268, 0.9800909341920946, 0.9433415657398594], "b3": [0.7483811806128348, 0.9606892486262417, 0.9218877249274438], "b4": [0.9859259290493563, 0.8029412215891415, 0.8256360442190297], "b5": [0.011105858994902405, 0.8106698163234963, 0.9414777516730282], "b6": [0.7176984524011645, 0.9828975757718311, 0.9674672854658191], "b7": [0.7566659337964246, 0.9591119440836314, 0.8759374737361044], "b8": [0.3245759968376245, 0.958244436851231, 0.9908235791456448], "b9": [0.7783807206578298, 0.8662338796276042, 0.8225079752046105]}