{"b0": [0.8444765808336815, 0.8988213270220768, 0.9679469820919826], "b1": [0.621894026039311, 0.9327403320203225, 0.9532219133927743], "b2": [0.7393313305678414, 0.9721417516393929, 0.8315573416144353], "b3": [0.8928312863940582, 0.9634808338556098, 0.9722109052978363], "b4": [0.0013084199254135235, 0.9140058406558802, 0.824124492963522], "b5": [0.15957182108665663, 0.9844184098757947, 0.8732559572343369], "b6": [0.7525627919676975, 0.8541018755992417, 0.9060944907170794], "b7": [0.7822233403368, 0.9960769260104052, 0.9107478511871767], "b8": [0.16455074648965623, 0.9122339005397407, 0.8346888791629672], "b9": [0.7525036321060127, 0.983608054525378, 0.810226891720916]}