{"b0": [0.16301372734852745, 0.9295106319476374, 0.9424539274838153], "b1": [0.08064036892443349, 0.9810160146191982, 0.9785558037295736], "b2": [0.004510907658490505, 0.7920327946273238, 0.9791289441433689], "b3": [0.08743073594279699, 0.949748627226313, 0.9552541418518898], "b4": [0.8084317156673597, 0.9358080333244381, 0.9247841866157677], "b5": [0.5768551984114001, 0.8814781678844199, 0.9187103522710618], "b6": [0.3111383508419731, 0.9785439724948466, 0.8867460296617701], "b7": [0.739747170156926, 0.7744884141198515, 0.8914887180353632], "b8": [0.776676683948674, 0.860998914631987, 0.9463392710925875], "b9": [0.34795708460802016, 0.766039689861325, 0.8221833837293852]}