{"b0": [0.7256709153902492, 0.9730064673027158, 0.9501929860253452], "b1": [0.883430943121457, 0.9276701670555428, 0.9201910562343686], "b2": [0.9332141857833004, 0.9429503472182035, 0.9659362072512151], "b3": [0.3462901068412835, 0.9528653969962083, 0.8118033515321694], "b4": [0.15456312621008939, 0.9743390782438197, 0.9048158289064464], "b5": [0.7734876555352354, 0.9925144521955716, 0.9713527966223028], "b6": [0.7714816895849235, 0.9422663350722867, 0.8549953882239876], "b7": [0.7091640513112647, 0.9419422422151, 0.9773641705470966], "b8": [0.14343696489694155, 0.9470782383515968, 0.8380521704767391], "b9": [0.7340562113656174, 0.9962885352412415, 0.9804053741161599]}