{"b0": [0.7863756705728991, 0.9832971336111247, 0.9788855389120404], "b1": [0.35277842077754523, 0.9284398684341352, 0.8675429353062727], "b2": [0.8881440925122639, 0.9056933619268993, 0.9125656605263829], "b3": [0.1640734612562011, 0.9494358028197053, 0.8424218760100234], "b4": [0.7503497980024801, 0.941840744481941, 0.9700670154042362], "b5": [0.15944940034487054, 0.9890900745603911, 0.8597945142252956], "b6": [0.7363752587887751, 0.9466994173965095, 0.9011934536645652], "b7": [0.7336911719491357, 0.9826113125708263, 0.8912862840588504], "b8": [0.8754907172583711, 0.9139380069611295, 0.8297395000462063], "b9": [0.8945331535480336, 0.9136502921627023, 0.9893700207698689]}