{"b0": [0.7686166690162846, 0.9335008667728425, 0.8511464487958733], "b1": [0.167111963479587, 0.9308108513639592, 0.8571602543312583], "b2": [0.7783300882421035, 0.9072222848184482, 0.8547310306107133], "b3": [0.988201270257855, 0.9235540987935339, 0.9946126580931144], "b4": [0.8423649456300062, 0.9959470186055331, 0.9358703068326284], "b5": [0.6223376916097016, 0.9784955552503479, 0.9015552002923664], "b6": [0.007502384367319826, 0.9703010383277753, 0.8485541329045359], "b7": [0.7810677847519248, 0.9257899017706026, 0.963097053961709], "b8": [0.8419016160828947, 0.9729614519763539, 0.8429346391046109], "b9": [0.6044473879901419, 0.8028074547178917, 0.9394956012281267]}