{"b0": [0.7498524375524583, 0.9695110184239479, 0.872938868796283], "b1": [0.6283552445789904, 0.8586131872668398, 0.8886882968031692], "b2": [0.16171029663845904, 0.9833244451874424, 0.9821635702080281], "b3": [0.9186433640971725, 0.8046313478543401, 0.8254886231621528], "b4": [0.6750714839144301, 0.9968365516926673, 0.8660261963807534], "b5": [0.7663737155089578, 0.905998725891938, 0.8337245424946067], "b6": [0.08872001607513819, 0.9865050237743909, 0.8898634367088752], "b7": [0.32903438495400067, 0.9253564483847622, 0.8209439787382903], "b8": [0.36294193975744976, 0.9244182777318645, 0.8205181571245483], "b9": [0.7845823632337704, 0.9541938097827124, 0.8378603722059285]}