{"b0": [0.7479697914239368, 0.929421847051756, 0.8204572072091656], "b1": [0.8948705819599639, 0.938039498987794, 0.8514763713107802], "b2": [0.07342417609512147, 0.8531136636051219, 0.9101657831320519], "b3": [0.760077367349752, 0.9224533978932876, 0.9597599201604337], "b4": [0.15810059778189994, 0.9974040487280049, 0.9374485910240541], "b5": [0.7195190121815729, 0.9125661266630994, 0.8365894965341082], "b6": [0.864375515856708, 0.9530595951161642, 0.8452448168889667], "b7": [0.34313752472017484, 0.9795329839569746, 0.8847622662206877], "b8": [0.07802337339263739, 0.9366334145030912, 0.9806361220585842], "b9": [0.3525073818592167, 0.8893308180187393, 0.9660062372372634]}