{"b0": [0.33111417436867996, 0.8819678830160537, 0.9193209302416079], "b1": [0.908491530268519, 0.9395553784828595, 0.9943263542282657], "b2": [0.7533866832527479, 0.9239749212178284, 0.9305330011346598], "b3": [0.1561576481390028, 0.8780758784957786, 0.8298908789906316], "b4": [0.09989945650464882, 0.903384437324097, 0.8761714940230674], "b5": [0.06890291487937755, 0.7947217814568713, 0.9593175776835875], "b6": [0.7554639107535803, 0.9147711890672258, 0.9341600311114275], "b7": [0.7986113709766555, 0.7904573475384896, 0.9510565914184815], "b8": [0.09014541321951333, 0.7960024311092774, 0.9391681367892707], "b9": [0.8501170022864164, 0.9285969345103067, 0.9977610692759697]}