{"b0": [0.07691833443644248, 0.9985356632837485, 0.8561620080484121], "b1": [0.7317667824068093, 0.9270478778450305, 0.9547917285085745], "b2": [0.8421136920930927, 0.9122075751831485, 0.8095415044066578], "b3": [0.6448248773311228, 0.8665851724772103, 0.9804858560619362], "b4": [0.5910233360273918, 0.9825497056968602, 0.8623177575735284], "b5": [0.8938916172002351, 0.9618923951169883, 0.9493015630154631], "b6": [0.08623280761579295, 0.9407246996916211, 0.9618939321754617], "b7": [0.17071314299699455, 0.9019855827696971, 0.8655025826976132], "b8": [0.6374245431339596, 0.9085119120675613, 0.9941623482219606], "b9": [0.061478833668271414, 0.9350183672015443, 0.8757700924239189]}