{"b0": [0.06060626343437797, 0.9988982771209466, 0.9945574057640854], "b1": [0.01625183260200159, 0.9064508566011783, 0.8951099709362973], "b2": [0.06442216446194862, 0.9476972006903107, 0.9807260358225566], "b3": [0.0977815826686639, 0.8587121470507533, 0.9536176339831536], "b4": [0.38747603720433843, 0.8638943326817109, 0.9147793651171199], "b5": [0.06911185159259867, 0.9334257253218076, 0.9097687617808145], "b6": [0.7510125085573395, 0.9634515872530988, 0.8007350257717525], "b7": [0.89191051200496, 0.8556265721870986, 0.8163905258571549], "b8": [0.6405844578415174, 0.9599166694724381, 0.9113509244582798], "b9": [0.3320035716756511, 0.9746938231835827, 0.9011098602211056]}