{"b0": [0.09034704695133686, 0.8884215184544483, 0.8333714958501859], "b1": [0.09269859041085109, 0.9211289770144389, 0.8472786357826879], "b2": [0.16131850100772657, 0.9924522412195248, 0.9729772920601961], "b3": [0.8927121708691611, 0.9029002452485798, 0.8673843487921389], "b4": [0.9785567077581063, 0.9695692353692246, 0.852755279137981], "b5": [0.0851843610017851, 0.9287804602260213, 0.9322461026268022], "b6": [0.34654473492233184, 0.9040398484493022, 0.884605532996289], "b7": [0.052653282051514955, 0.9951123136371036, 0.9353988793167423], "b8": [0.8663762026057639, 0.9224297623563189, 0.8261357525417884], "b9": [0.1601975101231811, 0.9351238627031353, 0.8955464396959255]}