{"b0": [0.005685073752818992, 0.9646172449317625, 0.9138352996835506], "b1": [0.1041875240070319, 0.7464918103286121, 0.8904116987388975], "b2": [0.07908196749978523, 0.8998911460021685, 0.8467908961677064], "b3": [0.16520683098120087, 0.9924633821629305, 0.8425219720804462], "b4": [0.10261987151458056, 0.8805756329865326, 0.8423776241103326], "b5": [0.6026275844071679, 0.8750856189486388, 0.9554756601956824], "b6": [0.07994682444469406, 0.8958660256481707, 0.9726618399325174], "b7": [0.07188689834895122, 0.8831395675651246, 0.9597538237486031], "b8": [0.8609577810105421, 0.9450060075622188, 0.8721853013478387], "b9": [0.0019319379040539442, 0.9368743789352665, 0.9203784959358717]}