{"b0": [0.013705520068680277, 0.9642022485309232, 0.91252725358668], "b1": [0.9915218262886867, 0.9018120367199798, 0.9234147085352414], "b2": [0.7498112965974975, 0.9347723049347512, 0.8543872360490562], "b3": [0.07954465552133566, 0.9071918923662814, 0.8335235668081563], "b4": [0.3344601598671417, 0.9119463357211772, 0.8164114773938387], "b5": [0.06233134127572581, 0.9355475885309908, 0.8465085076863693], "b6": [0.15928412452346025, 0.954295748604079, 0.8918218440825519], "b7": [0.9863861432281111, 0.7842615476818982, 0.8046574138248408], "b8": [0.06572491853565818, 0.8146075056528115, 0.9765072217126479], "b9": [0.004959666365006999, 0.9831250724821077, 0.9299352763206992]}