{"b0": [0.08104947481641032, 0.9842279214917976, 0.9477363021112204], "b1": [0.33345378571717954, 0.9677305651048423, 0.948888821766518], "b2": [0.07704308977539408, 0.9009934335070171, 0.9631592511737216], "b3": [0.0692153313848084, 0.8904451702836756, 0.9471217776437487], "b4": [0.0899570725887162, 0.8625561679383812, 0.8446309849708404], "b5": [0.29995658843357886, 0.9440364833183952, 0.869620870256943], "b6": [0.075277845117375, 0.938392203313916, 0.8739467365850754], "b7": [0.5992699178903943, 0.8434539092162051, 0.9986838276745457], "b8": [0.08202385707957906, 0.9256769517585515, 0.8257245047951605], "b9": [0.7755688634354084, 0.8951058233791236, 0.8177678671636052]}