{"b0": [0.08893915084241458, 0.9474826544577318, 0.9518247614791306], "b1": [0.0832412705311928, 0.9733540476205613, 0.8785889054398273], "b2": [0.09021993688267711, 0.9526701263293791, 0.9439899756221349], "b3": [0.3424621565193185, 0.9825990459888954, 0.9098891817975604], "b4": [0.9980766813010155, 0.9817561110992868, 0.892785913975516], "b5": [0.6141724621009687, 0.9533322718228259, 0.8557228162781594], "b6": [0.08177713793123376, 0.9220025573402627, 0.99191255600034], "b7": [0.9795339205206443, 0.9864219102624474, 0.9719022819227982], "b8": [0.8903311784548106, 0.9072663309803337, 0.9986856825932873], "b9": [0.15675945836145103, 0.9869820614836001, 0.9966206240035446]}