{"b0": [0.8770430137160501, 0.8382444748665608, 0.9625526593359071], "b1": [0.9851893805823316, 0.884736362494989, 0.9810912555739074], "b2": [0.9380435550205789, 0.9944935608627777, 0.92309220332199], "b3": [0.015533395785913373, 0.9964180792134774, 0.9217597273033334], "b4": [0.017320009389935685, 0.9121872643696217, 0.8132117177125935], "b5": [0.8856354394674981, 0.8893976518488933, 0.9714346852877813], "b6": [0.09588308643679573, 0.9423805133691383, 0.8130240106246589], "b7": [0.8741096934453236, 0.9679928750014004, 0.9249585070927253], "b8": [0.00215380139491986, 0.8611485898571095, 0.8654070873159506], "b9": [0.014410049627887033, 0.9481101950786097, 0.9402317453136668]}