{"b0": [0.9859701697333507, 0.944793241652489, 0.8948653601939018], "b1": [0.0014388364254411146, 0.7827464785784144, 0.8408452554824072], "b2": [0.916595726936804, 0.816503239499411, 0.9118582784009825], "b3": [0.01699451488745003, 0.9765708274198635, 0.8879973320410756], "b4": [0.8668517291426947, 0.8220070462199854, 0.955723257365282], "b5": [0.006041834896932025, 0.9610187534683007, 0.8526187942498572], "b6": [0.8532888522588025, 0.9391106309181465, 0.9239436462345256], "b7": [0.9797431198546391, 0.8775505366040234, 0.9528171050306351], "b8": [0.998431552229067, 0.8732190929391379, 0.9977930655719328], "b9": [0.8614067954782869, 0.9961298098359948, 0.9501498158811537]}