{"b0": [0.8632331730213539, 0.6824425273445904, 0.9978215598813261], "b1": [0.9803976722316365, 0.7680119722518484, 0.82055944956474], "b2": [0.7142116067875325, 0.925838034286832, 0.8587635218748395], "b3": [0.9844888807924582, 0.9528544667451816, 0.9005574395051458], "b4": [0.9849205217993812, 0.926859843266503, 0.9257496726652245], "b5": [0.0028827588710410956, 0.8861163522989244, 0.9956943582898332], "b6": [0.8795213819388208, 0.9968624982512598, 0.8959317508723236], "b7": [0.9892908234128308, 0.8467716133601263, 0.9893270205287213], "b8": [0.9945647581277777, 0.9955924372409979, 0.9233378983021947], "b9": [0.8787981378504699, 0.8323812149518863, 0.8538800182127488]}