{"b0": [0.8408822418185704, 0.9742939588510725, 0.9179281920721247], "b1": [0.5907187158321101, 0.9121886346178582, 0.9336408143187619], "b2": [0.0016896471226097406, 0.982089487467556, 0.8906184965529523], "b3": [0.889694492567331, 0.9663737641332777, 0.8275472397890417], "b4": [0.07039724467559129, 0.9248278049366736, 0.9651838035041627], "b5": [0.018620967868336568, 0.9334007268093129, 0.9893297011082005], "b6": [0.8653510394730125, 0.7690705283533988, 0.9762110883476179], "b7": [0.8672392255808309, 0.9991130172519012, 0.86524504957306], "b8": [0.0036491570586600353, 0.990718519263015, 0.8816517676514996], "b9": [0.7748525523240001, 0.7999288369580941, 0.8100902618037827]}