{"b0": [0.36564946245220253, 0.8943750500399006, 0.8736032160087328], "b1": [0.9027554404701561, 0.9291435842841795, 0.9525085558274407], "b2": [0.8246525421662726, 0.8528818861330444, 0.8592015283379084], "b3": [0.09369781491549421, 0.8731395949850759, 0.8660721522834725], "b4": [0.34753546119567125, 0.922042089816246, 0.9338544063198931], "b5": [0.006000442057016976, 0.9528634699606129, 0.9900836047698165], "b6": [0.9218034308533339, 0.9778468957895552, 0.864197857104382], "b7": [0.30953312798296456, 0.997645150869008, 0.9301778041028244], "b8": [0.9805960172225909, 0.9270926146340416, 0.8624356810482949], "b9": [0.34762383522534, 0.9713364826987485, 0.8780649128439832]}