{"b0": [0.36322098724688734, 0.9252418474912458, 0.9184838039844165], "b1": [0.003357431496825704, 0.8917256197711939, 0.8944924123012007], "b2": [0.3143319430714395, 0.9671745400877648, 0.8128220981985423], "b3": [0.33321230203219726, 0.9745532822927138, 0.9966711607682106], "b4": [0.907164714834203, 0.9906665585183481, 0.8751062679678596], "b5": [0.6022217919941923, 0.9540323304019441, 0.8130620359116811], "b6": [0.8451923607260099, 0.9260581955059851, 0.8648292628888672], "b7": [0.6367883140019656, 0.7756952226342674, 0.8434658802537537], "b8": [0.7629592995658969, 0.9720769470947698, 0.8750842688583852], "b9": [0.889858452572918, 0.9325013932760798, 0.8376560990901278]}