{"b0": [0.8929620489792042, 0.9286637359594258, 0.9295373452503916], "b1": [0.7469949887771382, 0.9874170524934982, 0.9055321006398167], "b2": [0.7557268655602963, 0.986593977501112, 0.8541099190861297], "b3": [0.9835591185422712, 0.9094949388607616, 0.9573191205397653], "b4": [0.3552409639803532, 0.9809542624022067, 0.9051620296054835], "b5": [0.6019704321072098, 0.9179726747583022, 0.9444040726406808], "b6": [0.3177328899349234, 0.9029365713997222, 0.9566072682542804], "b7": [0.3817664121606553, 0.9617739552149606, 0.907343875991953], "b8": [0.8007988167420504, 0.8924646955747447, 0.9705419599307799], "b9": [0.0013686414711607184, 0.8725690627855439, 0.9757056049052037]}