{"b0": [0.7220561674250667, 0.9986667636528843, 0.9269215877306937], "b1": [0.8648538169893191, 0.8631240889722274, 0.8901112464882408], "b2": [0.1683964503902653, 0.9094394574751579, 0.8320417586652389], "b3": [0.3341590193690766, 0.9452312838374243, 0.8412549015704802], "b4": [0.3604595580391633, 0.8193427639044583, 0.8674110307493353], "b5": [0.3289618404633823, 0.9575526128374663, 0.8062135860684502], "b6": [0.9986008795267587, 0.943237183595503, 0.999140793303707], "b7": [0.9848938978844903, 0.9744482517632977, 0.9267075423959146], "b8": [0.3296852798053743, 0.9912627198445441, 0.9200176368050065], "b9": [0.8657440795518854, 0.9224463525498803, 0.940615249440502]}