{"b0": [0.35712559863111304, 0.9910222721315689, 0.9660300113882069], "b1": [0.3512081535610826, 0.9526825514633169, 0.9986556538236561], "b2": [0.9816310478481686, 0.9071607377977354, 0.9823373209852175], "b3": [0.37193250149271573, 0.9199703620431378, 0.9552287321764987], "b4": [0.09178175808093746, 0.9616831392177161, 0.8751027597589895], "b5": [0.9776873668432009, 0.7095710528135285, 0.8610739461357327], "b6": [0.6838078773788218, 0.9378143728958787, 0.9476402638996979], "b7": [0.3363085358512173, 0.9352073511319768, 0.9819409459774561], "b8": [0.5986797242043422, 0.9473788107871131, 0.908992970896143], "b9": [0.8854918590241785, 0.9939398295725737, 0.8621126089062511]}