{"b0": [0.09787315575374152, 0.9140439078608651, 0.8020750472579377], "b1": [0.15974126950470993, 0.9844507473595766, 0.8568292315085563], "b2": [0.16738284868042455, 0.9406079761276517, 0.9358784420571749], "b3": [0.8545519802407712, 0.8968297686626463, 0.8411190003875089], "b4": [0.8999735991424894, 0.9010861194553386, 0.831512428370544], "b5": [0.5688024058924178, 0.8808116977088176, 0.8512050755087381], "b6": [0.15534726615378833, 0.9151749696834309, 0.8141236153698986], "b7": [0.3237440035876519, 0.8764319010647648, 0.9918718664418114], "b8": [0.054277910760236414, 0.8466891051581728, 0.9718683797074229], "b9": [0.06420538164541592, 0.9776466186737891, 0.949355436790782]}