{"b0": [0.16952961516853204, 0.9514954744090883, 0.9297071240081002], "b1": [0.16443301064371474, 0.8773584295283746, 0.846020246285863], "b2": [0.820028491609182, 0.9963770959432512, 0.9131246261221665], "b3": [0.3319498841280305, 0.9413546885705014, 0.9631408082025988], "b4": [0.3112982037897386, 0.9834295617748056, 0.808159896936494], "b5": [0.877460811704305, 0.8693474969411368, 0.8692235637016449], "b6": [0.8579401701116409, 0.881261774837025, 0.8073251231285391], "b7": [0.157974171334, 0.916629032163206, 0.8394364675628998], "b8": [0.8964115342172592, 0.9862069864355917, 0.8378527229330486], "b9": [0.1650828243323755, 0.8828920076624314, 0.8321943672584874]}