{"b0": [0.8665190472381417, 0.9810062555666778, 0.9949432517287445], "b1": [0.7466068938482239, 0.9017920273272891, 0.8199888963535943], "b2": [0.8594225579924146, 0.9273840644553715, 0.840981806923405], "b3": [0.3316425731359861, 0.9073780906717666, 0.9983388359177284], "b4": [0.1552991983309173, 0.9690649471143266, 0.8073690758457132], "b5": [0.1552311592306415, 0.9082302088503211, 0.9386528769836499], "b6": [0.0740814935186648, 0.8649892069449152, 0.9093388034284206], "b7": [0.16177813491112322, 0.9951670590924911, 0.811916885070999], "b8": [0.10579275005182173, 0.9689071509420717, 0.9511109977859229], "b9": [0.16246808311036445, 0.9766465311615399, 0.9722459288469264]}