{"b0": [0.924445837773117, 0.9710499897161291, 0.939944605554946], "b1": [0.06637076362184188, 0.87378732098408, 0.9933823057659555], "b2": [0.15793655967743286, 0.9538225769132831, 0.9726480032582191], "b3": [0.6357498994904204, 0.8768124299953649, 0.9552386334493314], "b4": [0.7309127566234291, 0.9457628643461262, 0.8171092840727036], "b5": [0.8675557601424143, 0.9006502061716101, 0.8605777060751353], "b6": [0.3419717987948585, 0.7602081091532403, 0.842933577833543], "b7": [0.7583718591292355, 0.7847703151616068, 0.8137789013493938], "b8": [0.08718333301713066, 0.9707643692348595, 0.9412947970787379], "b9": [0.9864333937598676, 0.9843564760216265, 0.9527567006877332]}