{"b0": [0.8089123446552778, 0.789992721905282, 0.8210333769521431], "b1": [0.8443918159101633, 0.966999598241684, 0.9154072772021452], "b2": [0.9888045626458348, 0.9643534733661534, 0.8605136315842234], "b3": [0.08365374768957169, 0.938013867418057, 0.9321168876875808], "b4": [0.15745855444752663, 0.9434328809643757, 0.9775712450585116], "b5": [0.7618348307195986, 0.7392846550961147, 0.9848246863527832], "b6": [0.6001830628222126, 0.9487421160591897, 0.8943873250904106], "b7": [0.06987944286448056, 0.9789840915396067, 0.8724480094078665], "b8": [0.8599468102058743, 0.8456670308470865, 0.8969173654611292], "b9": [0.3442887624189263, 0.9349674757488677, 0.8769099305778052]}