{"b0": [0.16478472963126098, 0.9926335379005431, 0.9752936158845052], "b1": [0.011374428223275451, 0.7897132909945248, 0.8371890020741114], "b2": [0.867527664886516, 0.9571047561705532, 0.8873183833195963], "b3": [0.6639131773820444, 0.967287718142791, 0.8425461929748467], "b4": [0.10502210227053857, 0.8569465471504217, 0.9764383902075474], "b5": [0.2925240694279012, 0.9964730820147994, 0.8085757444933813], "b6": [0.16138549225054363, 0.8994939118997187, 0.9813846501667213], "b7": [0.669234433028701, 0.8385845279696205, 0.847807138699914], "b8": [0.008748964163387295, 0.8543090029432444, 0.9821201834920396], "b9": [0.0638911116164274, 0.8780751559095152, 0.9252089444952953]}