{"b0": [0.07242171216511432, 0.9676779273705834, 0.9205423000751968], "b1": [0.08666411249681326, 0.9939250849556838, 0.902786757288206], "b2": [0.6018028753678798, 0.853458567036727, 0.9976128086355025], "b3": [0.06273644305588848, 0.9035046814008263, 0.9102804056659888], "b4": [0.07517436091285214, 0.8922885247355685, 0.9174483925824174], "b5": [0.7641553939566305, 0.9619947080889638, 0.946922964121695], "b6": [0.08346078041008981, 0.9313529932819616, 0.9994522227294912], "b7": [0.15676537257723008, 0.9306958463360167, 0.9400814671560446], "b8": [0.727783407638426, 0.9470956200967041, 0.8538432442431905], "b9": [0.630934652388642, 0.9957799537681185, 0.9199530211073398]}