{"b0": [0.6058342215767425, 0.8293487058991854, 0.9346612727722368], "b1": [0.07901653584981276, 0.9583035407151088, 0.934940697941802], "b2": [0.07361583086486244, 0.9885069837197225, 0.8300978811851629], "b3": [0.07440192350932345, 0.8750077104889642, 0.8959317422919159], "b4": [0.8609079226591579, 0.9651046764941965, 0.8419840114030293], "b5": [0.08850707584688218, 0.8338553300372488, 0.8973911660885017], "b6": [0.7586350850805715, 0.8765387341134054, 0.809275141041866], "b7": [0.5884984197954525, 0.8662306346313506, 0.8576247346003136], "b8": [0.02570915156757384, 0.969059583598698, 0.9529861219165175], "b9": [0.7339483296335187, 0.9186899112840047, 0.8688358302579214]}