{"b0": [0.15401806542076069, 0.8918700817072062, 0.9891464450522843], "b1": [0.6041596392171337, 0.9504016316388243, 0.8678601112991644], "b2": [0.020585301180405954, 0.8549792683960513, 0.9126864075761439], "b3": [0.5958995714725739, 0.6947230122998053, 0.8564177591896651], "b4": [0.6639539392743454, 0.9692036678075071, 0.9786272045098647], "b5": [0.9187751391843413, 0.9880963771790156, 0.9953960336543572], "b6": [0.6338847100450647, 0.9552533194781403, 0.900090847945642], "b7": [0.3898695488071627, 0.9609163727368114, 0.9647780487307138], "b8": [0.9789915569260522, 0.941100015276093, 0.8940145989038725], "b9": [0.8658329377898791, 0.9312613290097622, 0.8333088605024647]}