{"b0": [0.013512857838137327, 0.8682335255517664, 0.9841704327112882], "b1": [0.016349309478073226, 0.9710581813724868, 0.9492102088437677], "b2": [0.7677192178993458, 0.8723101556199003, 0.8668469359271356], "b3": [0.015158823615276797, 0.8950206897814822, 0.8041019878907073], "b4": [0.15728447553219702, 0.9615343577993167, 0.9286000302748997], "b5": [0.8747357154879655, 0.9158960783371719, 0.8023306351450126], "b6": [0.8642758856534045, 0.9083991786628224, 0.909409510196649], "b7": [0.3228341375260022, 0.951965254425613, 0.8417506746558979], "b8": [0.0309676397188485, 0.8882063430115933, 0.828694079747755], "b9": [0.16817217162381903, 0.9801796619991648, 0.9603336293185418]}