{"b0": [0.7714659686166037, 0.9369208217358356, 0.9546340451152108], "b1": [0.8981589278171834, 0.9405937684446036, 0.9766982057460107], "b2": [0.15177248506399876, 0.8805820900725798, 0.8642956169186842], "b3": [0.0076659055099828856, 0.9692726501589662, 0.8753267762043145], "b4": [0.16043252079906417, 0.9760400408636866, 0.9991218054822315], "b5": [0.7481487479202206, 0.9830533635451482, 0.9089381953245054], "b6": [0.8583520586555042, 0.9880090358338137, 0.9820650419197449], "b7": [0.1648528095830868, 0.8378665134817969, 0.8443830482879874], "b8": [0.7639844715458385, 0.8867397737122276, 0.8281212549587021], "b9": [0.15830483193227318, 0.9818871586369847, 0.8154972097144264]}