{"b0": [0.7730754722064523, 0.889609073216249, 0.9796521533357476], "b1": [0.7050561847762595, 0.8039277933094556, 0.8528343538113006], "b2": [0.7624765620441737, 0.9461823566187952, 0.986749838397262], "b3": [0.1648795394622481, 0.8607364606340155, 0.8596957706438753], "b4": [0.15061212737910337, 0.8633571691062097, 0.974363618206426], "b5": [0.8872343255259869, 0.9425720844067285, 0.888524964118325], "b6": [0.1591509868642616, 0.9608374778475185, 0.839790833845704], "b7": [0.8793669416275582, 0.8203888831864696, 0.9603964866803905], "b8": [0.9684267114966676, 0.8094960998554626, 0.838323533500489], "b9": [0.1609923036099532, 0.8262912461837297, 0.8848614155662611]}