{"b0": [0.8558737788921862, 0.9563107768602305, 0.8728284783232185], "b1": [0.013682412185914228, 0.9695120833111222, 0.828626486611922], "b2": [0.1550799196172557, 0.9431262963765527, 0.9526869767298048], "b3": [0.16509707959923767, 0.955815859460644, 0.8298226279032462], "b4": [0.1678179841140235, 0.9311894071954818, 0.9274640944939595], "b5": [0.16514920564142088, 0.9768946549072348, 0.8496158701255888], "b6": [0.8909441461124572, 0.9860308531302935, 0.9947790252374576], "b7": [0.16011677177146905, 0.9882771192864408, 0.9563156459123254], "b8": [0.8590885288894731, 0.9563605883686082, 0.8219460344407666], "b9": [0.9924145431345991, 0.9511197476738529, 0.8027833714376722]}