{"b0": [0.01422760568793851, 0.7710644685967526, 0.914755375382547], "b1": [0.8586482696755323, 0.9928509813166783, 0.8460902670174869], "b2": [0.028672845732747664, 0.9452684424256731, 0.9290910036476725], "b3": [0.018724713171480816, 0.9992673427172969, 0.8001184586448119], "b4": [0.1687303868200171, 0.9643475766861838, 0.8565612476284972], "b5": [0.8648155709936336, 0.913244784538105, 0.8847890463983387], "b6": [0.1625281476779083, 0.8909038036438308, 0.8285032223405148], "b7": [0.5769160721797302, 0.9858383268524818, 0.9818627008094093], "b8": [0.825704308532774, 0.9003307498883076, 0.8171825597320961], "b9": [0.08181573743999081, 0.9505470248336628, 0.9785426695921854]}