{"b0": [0.16205202013351855, 0.8482913219540723, 0.9580773141610428], "b1": [0.8486600607791911, 0.7187111952937317, 0.9581259122516046], "b2": [0.8846116615077705, 0.9622813179694769, 0.9146304730193039], "b3": [0.8839857021245793, 0.9116925777136694, 0.9915273148387465], "b4": [0.022113484428251916, 0.944548762219738, 0.9394693183396453], "b5": [0.015150171603885097, 0.9905600796288258, 0.9439238577297835], "b6": [0.9242092282002143, 0.9044838919888154, 0.9839729067319525], "b7": [0.9984916368714574, 0.8558212688028316, 0.8008519801481174], "b8": [0.7202632928581272, 0.9747562113794106, 0.9380024670513624], "b9": [0.022495364087519173, 0.8876188479737602, 0.8843600971202903]}