{"b0": [0.867731100185159, 0.8473870480198684, 0.957760521111524], "b1": [0.34770750969705394, 0.8876475995720147, 0.8383848959999908], "b2": [0.16170811012560196, 0.9018059584669095, 0.9973441059759105], "b3": [0.16283437078337115, 0.8071454223623147, 0.8072588423107439], "b4": [0.8749442145886573, 0.9732931481982787, 0.879320431090436], "b5": [0.7740748370556834, 0.9582842026463814, 0.8061107242270676], "b6": [0.009374899469890952, 0.9474006971353659, 0.9826345479056858], "b7": [0.2944145526500394, 0.9337324123259504, 0.9016131198389341], "b8": [0.08282202192693297, 0.8947351421838726, 0.8368497490652942], "b9": [0.6443323968785699, 0.8384654989201848, 0.8277547096596146]}