{"b0": [0.0014493993070647559, 0.8913999320448963, 0.9041636572492342], "b1": [0.5441741552043325, 0.7924345516786587, 0.9468354676831373], "b2": [0.7842153256541563, 0.9729302986815543, 0.8816552521964751], "b3": [0.06723779972689609, 0.8840146114342103, 0.9015223647826575], "b4": [0.16147370319349286, 0.9393838134954707, 0.9648557258058316], "b5": [0.33821309800085303, 0.9644645417632155, 0.8982164117722875], "b6": [0.3539207211109487, 0.854284350791784, 0.8435649544452701], "b7": [0.6056259425659904, 0.9596733036718207, 0.800060667392716], "b8": [0.5639520697911693, 0.899718096378922, 0.9098208930322673], "b9": [0.8612113924584766, 0.9942658546701757, 0.8516970798278259]}