{"b0": [0.7105289754253173, 0.8412100572506251, 0.9823601035568974], "b1": [0.07984992308659185, 0.893638873117034, 0.8673164259551669], "b2": [0.07219386367588564, 0.9490433241481644, 0.9218887615268878], "b3": [0.3026858233857054, 0.9597221183393594, 0.8885844499164313], "b4": [0.905174881802251, 0.7933896702811353, 0.9350233896727095], "b5": [0.7633084548482814, 0.9860405803148644, 0.8193978206258131], "b6": [0.3156187152204468, 0.9473473197814526, 0.9471436054007158], "b7": [0.8659049977149504, 0.8608874624708736, 0.9204976436587411], "b8": [0.7601944144896222, 0.8817278240784192, 0.8327299808748144], "b9": [0.3162504890714064, 0.9862258027256141, 0.87745287660798]}