{"b0": [0.3331450199732495, 0.9533917431292366, 0.9646545418552515], "b1": [0.1683931334918235, 0.990381819616703, 0.9786473028122699], "b2": [0.6077283258310071, 0.9143461136411485, 0.8260251504914461], "b3": [0.8508805963093703, 0.9710862986275578, 0.9216856189465722], "b4": [0.16657878272876553, 0.9964372063679744, 0.9953079837088762], "b5": [0.15581081929953552, 0.9016082816364235, 0.8262367848803704], "b6": [0.1657423835536326, 0.804897571058604, 0.915044454470824], "b7": [0.30696729245794413, 0.9935166382502083, 0.9360442524455097], "b8": [0.8758852759706993, 0.9715578281532022, 0.8318906662086758], "b9": [0.1629991678065237, 0.8903843366400673, 0.817203535900844]}