{"b0": [0.3542713954116719, 0.955470526093505, 0.87597687742457], "b1": [0.3228269989186613, 0.8463078259203772, 0.8633864200572537], "b2": [0.0012077050867536957, 0.8282201517882651, 0.8743768543256585], "b3": [0.8834043681486906, 0.9971363759793178, 0.8873689965347958], "b4": [0.1549265902633246, 0.9479341015932679, 0.9743136883655953], "b5": [0.8982051348999923, 0.837960427700408, 0.841762481427633], "b6": [0.8720786807156483, 0.868613541149424, 0.9124282949251711], "b7": [0.16308877764774568, 0.977142249464848, 0.9722058867020228], "b8": [0.16479583693293548, 0.9364224446185072, 0.8603190977276918], "b9": [0.16390985215653442, 0.8896177437886551, 0.9448735964668686]}