{"b0": [0.8519411643723402, 0.8355801200340036, 0.9670352019095034], "b1": [0.30429500350485605, 0.9840614730684915, 0.9108557315966255], "b2": [0.8874712849184994, 0.9762613448431263, 0.9891744528420767], "b3": [0.3319993919960333, 0.8396130368507222, 0.9231295368221527], "b4": [0.07903046353814844, 0.8466482386752782, 0.8369235349391114], "b5": [0.08444747504246036, 0.9139956499161098, 0.9568898277614454], "b6": [0.0917094900618539, 0.9275243290345291, 0.9697395129435981], "b7": [0.9840358588443101, 0.9267684836280564, 0.8824594611689581], "b8": [0.5128904114814585, 0.9691980486185555, 0.860703250221247], "b9": [0.07528143334737009, 0.94161688107025, 0.8938377615229944]}