{"b0": [0.16199672596311504, 0.9328179422779297, 0.8658346327201331], "b1": [0.15872917537766684, 0.8698245560455752, 0.8175013860139072], "b2": [0.8432141396208557, 0.9738706800828664, 0.9831949450838116], "b3": [0.979590613806782, 0.9562280282901992, 0.9175001435545285], "b4": [0.8759773673500173, 0.8846815060194335, 0.8276011283226997], "b5": [0.6080295665957336, 0.9328377813118859, 0.8325050870271761], "b6": [0.15529508375006554, 0.7867597904974766, 0.9283648252527597], "b7": [0.3288030127420415, 0.9433127543242473, 0.8218229840195099], "b8": [0.08068526065570619, 0.9564299351192836, 0.8950062883358675], "b9": [0.8698271732460627, 0.9471024657086062, 0.8760491927740199]}