{"b0": [0.8743291311243171, 0.9746136783991343, 0.8602675145080931], "b1": [0.7657339836085615, 0.9827285818893139, 0.8676893598832717], "b2": [0.9716814628698844, 0.9495372008816865, 0.8761691636148438], "b3": [0.88269714220018, 0.8989216218563371, 0.9669154366209736], "b4": [0.8849046452433723, 0.9937549677722625, 0.9625102033390359], "b5": [0.09164831396702265, 0.9834376198560184, 0.8019860318580484], "b6": [0.8526688464687665, 0.9071121915145001, 0.8628720823907808], "b7": [0.7901407589331084, 0.9639141243571291, 0.9707050849542128], "b8": [0.02677291370638093, 0.9838913410179282, 0.9944723971227682], "b9": [0.8426566420683266, 0.9957307464629789, 0.8689436382438116]}