{"b0": [0.6281399919561494, 0.9842240422783994, 0.9703813484151711], "b1": [0.3200041885130526, 0.925147457970346, 0.8484159310094518], "b2": [0.3057287061701532, 0.8895250259728872, 0.9060544026615279], "b3": [0.08000286807391799, 0.9996200419286748, 0.8519172212172313], "b4": [0.8509631061330438, 0.9692734272958661, 0.8570265517724595], "b5": [0.33861554772910396, 0.9768316210958897, 0.9565678047172459], "b6": [0.8725730461263946, 0.9779815535589621, 0.8390315806541353], "b7": [0.014909129155176708, 0.9828938354687509, 0.9498591278134677], "b8": [0.8829851420129671, 0.9568845514366647, 0.9213558406390092], "b9": [0.8702204509497848, 0.9144213908987069, 0.8331328071063142]}