{"b0": [0.38017222673239537, 0.9837466509059944, 0.8110305670760805], "b1": [0.007217470530998182, 0.9773030919564546, 0.960660474970515], "b2": [0.16928276649434704, 0.9791592252164609, 0.9659984657076423], "b3": [0.16667429612824844, 0.9966151207131508, 0.8633582905622097], "b4": [0.9097435650746273, 0.9688455158338131, 0.9721553197586073], "b5": [0.378583834186091, 0.9657822551887171, 0.9823792852859629], "b6": [0.06765043984677786, 0.9522978907517367, 0.9280769625842202], "b7": [0.87458604812979, 0.9350171022520999, 0.9012040902788349], "b8": [0.6318558102712863, 0.9397999682865357, 0.9386602982181897], "b9": [0.07152084964715658, 0.8828369139065902, 0.9044442709984751]}