{"b0": [0.3355261363555093, 0.8627450828627835, 0.9199798812480602], "b1": [0.14866257135220626, 0.920101301765159, 0.9485978098392184], "b2": [0.07486124388643245, 0.8798980409496778, 0.9066680550959825], "b3": [0.37895269550862365, 0.9767879462506324, 0.8888990099245815], "b4": [0.09991575446543059, 0.9817468459383639, 0.8196953391044047], "b5": [0.8116908050101186, 0.8685544583824667, 0.9638781597979219], "b6": [0.35079895243026216, 0.9304342062102723, 0.9949038340823126], "b7": [0.08945090757708651, 0.965741982692647, 0.9236009273462962], "b8": [0.1665419517083307, 0.9558414710647354, 0.8907169092131497], "b9": [0.16186344914405051, 0.8884445535375016, 0.9891444458667141]}