{"b0": [0.15762563305209518, 0.7517399973336694, 0.9299534490450664], "b1": [0.8663825360007286, 0.9544154213250304, 0.8523883042775029], "b2": [0.09754873116285212, 0.9142477185725201, 0.9020758441702257], "b3": [0.34108629298479953, 0.8655142420593731, 0.9984638508170813], "b4": [0.8948522480449397, 0.8996532922498542, 0.8099842903952233], "b5": [0.5847599591384655, 0.9911669997240877, 0.863856790314919], "b6": [0.06673915994186745, 0.8750351978946128, 0.9514345717340741], "b7": [0.16706216744067462, 0.9327529185458845, 0.8970551722086334], "b8": [0.7239564394725606, 0.9964764417791231, 0.9770179979397372], "b9": [0.8670788472775568, 0.9002280201135109, 0.8570368917144765]}