{"b0": [0.06229919744914481, 0.6578401471474606, 0.8614733972015638], "b1": [0.33956655138217323, 0.9299548896508627, 0.8480335303486285], "b2": [0.8979408842097949, 0.8739190442118699, 0.8060714138273397], "b3": [0.7430664684943838, 0.9598725798210652, 0.941259457771192], "b4": [0.600578604804291, 0.9513495028850062, 0.9946712012730657], "b5": [0.7538603677568453, 0.9777592283336781, 0.9444268675046322], "b6": [0.16728982281166294, 0.9386510635651355, 0.9497393506448121], "b7": [0.7559604338147708, 0.94596885900562, 0.8757874866285795], "b8": [0.5535935429260077, 0.9184646112985462, 0.8231555142400123], "b9": [0.8329901555731886, 0.7915781573769094, 0.9306061679215999]}