{"b0": [0.8713410368714647, 0.7841009599773066, 0.8612013864022044], "b1": [0.7380603114115961, 0.9270337105537979, 0.952465405955245], "b2": [0.094706687526312, 0.7753872583429898, 0.8774454825388475], "b3": [0.1596558495450546, 0.9135920080546482, 0.9901080860353165], "b4": [0.08579439225222481, 0.792560835728667, 0.9449773329489194], "b5": [0.8565975466545726, 0.8289748212639816, 0.9703639735054366], "b6": [0.7595672131078943, 0.9844705795271826, 0.8507519096841142], "b7": [0.8376768736618943, 0.9837019064718497, 0.8324305713548898], "b8": [0.0849053095157628, 0.9695059093414425, 0.8576488518983705], "b9": [0.9019206883394749, 0.9804687400889681, 0.9283703844071906]}