{"b0": [0.3154183633077896, 0.8984839875337468, 0.9285390803748059], "b1": [0.888190226477468, 0.8796522171186618, 0.9658395864270642], "b2": [0.3280010856711238, 0.9925015746819897, 0.8047986607397907], "b3": [0.7300916924340004, 0.8688964062704112, 0.9492393406797581], "b4": [0.9067706959987106, 0.8908417492637196, 0.9645224058213333], "b5": [0.8368239233758782, 0.8856505259664718, 0.9223712556562644], "b6": [0.7817662113585432, 0.9309974506025424, 0.9311946788737044], "b7": [0.6545909813142989, 0.975884461040968, 0.8065502139501084], "b8": [0.7301020255699437, 0.9534638579352219, 0.9723765732584853], "b9": [0.8622233839863561, 0.9228685075169382, 0.8905433700574801]}