{"b0": [0.6117456268140369, 0.8255618813479596, 0.9787965207377486], "b1": [0.8725531137552529, 0.9827599371717589, 0.9177064556938901], "b2": [0.5831401406305422, 0.9428141185905037, 0.8257107653223531], "b3": [0.07567228005871457, 0.858184970346781, 0.9309516997923302], "b4": [0.9749986657506738, 0.9116843197747727, 0.87227684577205], "b5": [0.9919178167456931, 0.8853604111759092, 0.843446278941038], "b6": [0.8929187872808224, 0.9996723752307736, 0.903256410648269], "b7": [0.7152266623889222, 0.9355886267151063, 0.8994649513435378], "b8": [0.17003455937445552, 0.9330246194397732, 0.8875523552651688], "b9": [0.7326679238292502, 0.7968375213206282, 0.9735865961190844]}