{"b0": [0.7249578167759324, 0.91644040725731, 0.9326954846988283], "b1": [0.08131480467654559, 0.8125599961338764, 0.8561369298894758], "b2": [0.8429125927467875, 0.9768264695595351, 0.8077932008003689], "b3": [0.582716917938588, 0.891751849629452, 0.9816027780160641], "b4": [0.749596291045414, 0.9963278129119137, 0.9317685297919616], "b5": [0.6126940930273895, 0.9467340406547637, 0.9505909652475841], "b6": [0.6643365246129999, 0.8718656626507442, 0.8155247406364012], "b7": [0.755399471968156, 0.9073552147146597, 0.8741981619780773], "b8": [0.08263317608138081, 0.8804582767854836, 0.9909058363406906], "b9": [0.7651580253511955, 0.8440360859175713, 0.9530084987924502]}