{"b0": [0.6281846671225982, 0.9525292354016197, 0.9847562744325731], "b1": [0.6160535361143944, 0.9553004774902696, 0.9255813382648949], "b2": [0.7952774474139013, 0.9522285526796166, 0.9049388892451187], "b3": [0.6083289840106182, 0.9248547887494944, 0.9633103792767156], "b4": [0.796893281925316, 0.881102664415766, 0.807061399327078], "b5": [0.7426091765052927, 0.9659659936015822, 0.9324952727673198], "b6": [0.6583323528204048, 0.8691973974507613, 0.9347760773597281], "b7": [0.1572250029718866, 0.9714921965681599, 0.9278618758004396], "b8": [0.3305566920463376, 0.9173370201429606, 0.842849609477799], "b9": [0.770151728651328, 0.9875810873449166, 0.9024166392423157]}