{"b0": [0.6235162865406623, 0.8761940823824073, 0.8177301072153651], "b1": [0.3366179043572821, 0.9127865549624213, 0.9129234824699145], "b2": [0.06786371401193411, 0.8100939998984404, 0.9919097234587017], "b3": [0.6026404433044104, 0.9543569133325939, 0.869316567631164], "b4": [0.7512892717062004, 0.99314233839336, 0.9248760709063408], "b5": [0.5927965978568175, 0.9785109253870514, 0.8866315441101169], "b6": [0.7869821059921905, 0.954432141211192, 0.8672087891982501], "b7": [0.8005267458970146, 0.8281591292878789, 0.8509288935412416], "b8": [0.7807128717391605, 0.8395764692640623, 0.9173290981171239], "b9": [0.7316607860076395, 0.994323331406838, 0.8587558444983068]}