{"b0": [0.7677286234110874, 0.8939898936509669, 0.8968090113547007], "b1": [0.7342410652248244, 0.8560228545748413, 0.9007534705313212], "b2": [0.11011346662406561, 0.9292777779121237, 0.9258609145307414], "b3": [0.331754436812757, 0.9890632755970418, 0.8461870084992913], "b4": [0.7538152134844179, 0.9735618203394248, 0.940768832438664], "b5": [0.09873266726771965, 0.8948701764625079, 0.9075652670530738], "b6": [0.6316910451543412, 0.9970052463745936, 0.979812569711726], "b7": [0.7969895326577844, 0.9113413855633758, 0.9574871152319635], "b8": [0.7541038766423722, 0.8831413210265153, 0.8775591957428239], "b9": [0.06779591687954263, 0.9581791710515175, 0.8840324736522261]}