{"b0": [0.15735864913834555, 0.8896947458093288, 0.8681622265452341], "b1": [0.0953375702443075, 0.8448987870328302, 0.9863324936238617], "b2": [0.9975922157653468, 0.9510315069467974, 0.95903760672085], "b3": [0.9789041939184342, 0.9466941658445706, 0.9629680142936146], "b4": [0.015663993147614744, 0.9427915579718585, 0.9199534688188034], "b5": [0.9841800651634983, 0.9458415318370459, 0.8547562036663233], "b6": [0.3472289890088549, 0.949970957729915, 0.8297071083556254], "b7": [0.14966865303939053, 0.890353500474914, 0.9237928320101887], "b8": [0.976648181205968, 0.9870165551662009, 0.9116579189141198], "b9": [0.33494740344889834, 0.88739184532952, 0.960517515384518]}