{"b0": [0.302354668554127, 0.8926309942242286, 0.8235125228846775], "b1": [0.29184520817178694, 0.9069750203689639, 0.9352938170617923], "b2": [0.0867120135690971, 0.9200277620385896, 0.8192602985960836], "b3": [0.5748256513912896, 0.933732856460463, 0.8977992694714095], "b4": [0.0021075336438671276, 0.9752659413627769, 0.9557906286286498], "b5": [0.16560053311880604, 0.9493947050963216, 0.8452954198782514], "b6": [0.8730617872718625, 0.9148101226616359, 0.8038289311267883], "b7": [0.16430390871451223, 0.9763300359304701, 0.9470353965307716], "b8": [0.8627787543266462, 0.8857291649887551, 0.8243545357376693], "b9": [0.648049366334136, 0.9872919927042534, 0.9878981797619661]}