{"b0": [0.002046868208141375, 0.9245566118386076, 0.9671278662429954], "b1": [0.06715768918692602, 0.9187327233368876, 0.9022895901086757], "b2": [0.994546234062873, 0.937586785962506, 0.8357547022949998], "b3": [0.337567020133542, 0.9390390066204314, 0.9908269626301839], "b4": [0.07952863975800745, 0.9387694326262355, 0.9763414872939845], "b5": [0.5847040826310697, 0.9516340090338654, 0.9030074808749982], "b6": [0.6228565148637096, 0.9223428699449561, 0.8119142930202861], "b7": [0.16357609049717284, 0.9867591578597208, 0.8698625499559435], "b8": [0.28880927682735247, 0.7460944107564508, 0.9245287807745004], "b9": [0.9944076047529086, 0.8883371913472361, 0.935035761395163]}