{"b0": [0.00028295377339052156, 0.8003829982474633, 0.964437909821958], "b1": [0.6060525406250087, 0.9088691770632441, 0.9875941992101501], "b2": [0.27934708095055, 0.7942068892560957, 0.9272218925290767], "b3": [0.8972984982369858, 0.860822597869688, 0.8242271332244226], "b4": [0.08838554892248199, 0.9510271546455175, 0.8902955561057538], "b5": [0.8924466999658652, 0.9982978388715886, 0.8743002337143484], "b6": [0.6755898863427245, 0.9515420201936021, 0.8843702601116519], "b7": [0.15677338244187275, 0.9929338054792481, 0.9205218237071775], "b8": [0.5718261057579759, 0.9758744179139627, 0.8029738734578566], "b9": [0.31387774708544214, 0.987747489475411, 0.9378931964520422]}