{"b0": [0.15666042913492237, 0.9352971965204996, 0.8991812690800615], "b1": [0.07537411961971144, 0.9119459906830607, 0.8183534396484738], "b2": [0.6216113431342566, 0.9778567341844037, 0.9996043643183593], "b3": [0.1677920911939726, 0.9356618461931392, 0.9832009021272329], "b4": [0.5937157411875843, 0.9022349579299991, 0.8391284990001847], "b5": [0.15894480891522064, 0.7623491754450697, 0.9640224824989627], "b6": [0.15856548598508508, 0.9173499878172645, 0.946530519733497], "b7": [0.6571098365295278, 0.7812183576275732, 0.8993256406247003], "b8": [0.6182807200148273, 0.900942051564105, 0.8201859707901806], "b9": [0.900424971489431, 0.953341583856043, 0.864151070669326]}