{"b0": [0.753542812288947, 0.9435155226790443, 0.8132150360826783], "b1": [0.7003381371669732, 0.9291779104723412, 0.808775546195615], "b2": [0.1637357107113547, 0.8724069127669216, 0.9814850221154265], "b3": [0.9917351020191576, 0.9653090263059818, 0.9677244913477514], "b4": [0.5830745334013433, 0.955252253591992, 0.9038951115981614], "b5": [0.7643097321305897, 0.8833590482829785, 0.8709471474853351], "b6": [0.1568243729480079, 0.913322998800194, 0.9011080284731863], "b7": [0.15291076351293514, 0.7995733574110423, 0.8611610886375185], "b8": [0.1607702741743596, 0.7816133870368864, 0.9744562166045557], "b9": [0.1546500805946693, 0.8406610104508542, 0.9700457259368147]}