{"b0": [0.731355331035516, 0.8937750923954941, 0.973462034707517], "b1": [0.32084328161372855, 0.8413707647119648, 0.9239326462074418], "b2": [0.33112640917154434, 0.8698395495607403, 0.8967038752086184], "b3": [0.16221726103566295, 0.9892080783169451, 0.8647157377276143], "b4": [0.36172086305763995, 0.8185885327486409, 0.9550227796864328], "b5": [0.9792219303428609, 0.9843716341250728, 0.8925691647829522], "b6": [0.15239283936475861, 0.9638427153033318, 0.8723786594674193], "b7": [0.16261143043449242, 0.9711827200050186, 0.9249041152009891], "b8": [0.5595790730955326, 0.9798527334222438, 0.9323279020198605], "b9": [0.056522426851857155, 0.8189394091985, 0.8984991221138925]}