{"b0": [0.1033930889038384, 0.9688123763763629, 0.861783920611539], "b1": [0.08205176494959553, 0.8463796334147972, 0.8895614287395762], "b2": [0.8915835691764029, 0.7266878201167057, 0.9778059629597506], "b3": [0.3521569814409592, 0.8599147145650609, 0.9364681696464819], "b4": [0.6228803229140322, 0.9920922651096952, 0.8973880673084821], "b5": [0.6076903671236369, 0.956719104580683, 0.9937151660719494], "b6": [0.8801062896413221, 0.8022232846247084, 0.8928786597650165], "b7": [0.333846040222719, 0.9466846186624812, 0.9056711453236416], "b8": [0.006972694938458179, 0.9336255247270333, 0.8690209543672881], "b9": [0.9650002914351193, 0.9927803633679679, 0.9065793572978751]}