{"b0": [0.009944742940175676, 0.9878292134506504, 0.986460211834828], "b1": [0.30704175333453665, 0.8496862688203766, 0.9720891213833329], "b2": [0.15908442676482526, 0.9004174820046507, 0.8084129494045199], "b3": [0.8590137728912114, 0.9755665268021247, 0.8389712158970343], "b4": [0.5989798203144542, 0.9263119563459903, 0.9279656896567465], "b5": [0.9918441850707953, 0.9683715979030804, 0.9045168258023969], "b6": [0.5862756468437459, 0.964869277245475, 0.9339090635341654], "b7": [0.33700455014895914, 0.960470465226062, 0.8865544938650015], "b8": [0.8734865441173768, 0.8961672085149676, 0.8807038895819167], "b9": [0.10063891267822578, 0.9527035254748235, 0.9845814569190701]}