{"b0": [0.8759656069610269, 0.9539574036050932, 0.8475822449535613], "b1": [0.7530045814453241, 0.9577971318504924, 0.956850635226063], "b2": [0.3853068798678965, 0.9236515678428355, 0.8265878166257796], "b3": [0.5558388631061402, 0.9574447879942276, 0.93441421635541], "b4": [0.5649690064354718, 0.9848383588881453, 0.8057677154043787], "b5": [0.15575050447375183, 0.9469488328211041, 0.943277220221434], "b6": [0.9945293870923898, 0.9300434867278494, 0.9786441418079267], "b7": [0.1646660968254377, 0.9521426720025208, 0.9781727367898954], "b8": [0.16787593680157906, 0.8599742811678113, 0.8675116355587559], "b9": [0.5011853562264893, 0.9827938283510498, 0.9110941838122018]}