{"b0": [0.9838048622337482, 0.9688473186984997, 0.8632555448031672], "b1": [0.1678547737306797, 0.9548233055032438, 0.8537129782145386], "b2": [0.06520268307936522, 0.9185290177218749, 0.8597139566448514], "b3": [0.1536237506313256, 0.8717948565033573, 0.957942559798466], "b4": [0.7447415484629277, 0.9852466562211799, 0.9951882975385443], "b5": [0.5531417816441752, 0.9467440085870309, 0.9771962781257504], "b6": [0.5654629970191251, 0.8835317880005736, 0.896357667399579], "b7": [0.15908124991388117, 0.9922925721266913, 0.9740768962697292], "b8": [0.14703164093918716, 0.9866380461994726, 0.9725586655358438], "b9": [0.32200653783350996, 0.9743809003927727, 0.9714554419449237]}