{"b0": [0.6433535053047724, 0.9698212810231104, 0.8979893522489109], "b1": [0.7823923140241332, 0.9935307217448563, 0.8880796541808341], "b2": [0.17009581912584892, 0.8730933401099652, 0.8790203316756043], "b3": [0.02823041939967654, 0.9364661646600309, 0.9526596344690508], "b4": [0.16062971636345202, 0.9544565560695175, 0.9595917187862147], "b5": [0.8758300176440141, 0.9837557782380075, 0.8731877827585468], "b6": [0.6829292976728794, 0.9184952718412108, 0.9382065063156583], "b7": [0.1653805637552553, 0.7823220916333332, 0.9150988139595587], "b8": [0.018000913433828935, 0.9332170360080224, 0.9501553500040921], "b9": [0.6248370345986697, 0.9540007338661048, 0.899305786094404]}