{"b0": [0.008643855733658938, 0.9043130033577629, 0.8526968505068794], "b1": [0.1547202121774397, 0.8864599842707261, 0.9860494568204067], "b2": [0.1667109052120435, 0.9886057511016773, 0.997895070903588], "b3": [0.16378548378947844, 0.7735211774817954, 0.8555934630185064], "b4": [0.8830847365140044, 0.9572682893585273, 0.8514168000580117], "b5": [0.6516249077918898, 0.9828122823572351, 0.956032255316003], "b6": [0.0211994262728623, 0.9014717723649652, 0.8764070251115931], "b7": [0.16637344026659073, 0.9842632537259353, 0.9915154603080504], "b8": [0.7531850034661456, 0.9505497639040595, 0.8583259410038311], "b9": [0.7819559285293225, 0.8155417334733913, 0.8811706552716905]}