{"b0": [0.6019645326192193, 0.9698118060612948, 0.8588896613696478], "b1": [0.7464145841465155, 0.9139598482852329, 0.8362265466626947], "b2": [0.5816066676034116, 0.9817930087432732, 0.93462842810017], "b3": [0.06598539095662795, 0.8006650049097277, 0.9412249532646747], "b4": [0.7775980683787452, 0.9943870094904059, 0.9620239980530012], "b5": [0.15312587038464143, 0.8514118347529549, 0.9822418941315249], "b6": [0.9828970166145018, 0.809495226148164, 0.9901468566899766], "b7": [0.15743040598035557, 0.9919645055480149, 0.9086161412789068], "b8": [0.6293897298683667, 0.9292706836211244, 0.9193832497326722], "b9": [0.16371832155334876, 0.9983769663132698, 0.8899352145609731]}