{"b0": [0.07151104743824303, 0.9521185326573641, 0.9188000841723982], "b1": [0.7843620635134612, 0.9906251376147247, 0.9990527192249502], "b2": [0.8966234270842552, 0.795757418828587, 0.8077279054498167], "b3": [0.8382579831171326, 0.9385775360114504, 0.8369514367437333], "b4": [0.07796617532941523, 0.9958021810565881, 0.8727027107685814], "b5": [0.8839374276736214, 0.8645358117827263, 0.9685497583506651], "b6": [0.08779218155187783, 0.9386794258062359, 0.9144941666550028], "b7": [0.879050735479902, 0.952890580911495, 0.8313582341310467], "b8": [0.16322874826611247, 0.9162246696601329, 0.9649107139364729], "b9": [0.9985766157987979, 0.960357609683206, 0.8328405398423787]}