{"b0": [0.870189733403737, 0.9208107520260623, 0.8609575346415506], "b1": [0.5806384438421287, 0.8688917228729949, 0.8906255468171571], "b2": [0.36946207010634596, 0.9760466751553342, 0.9270047187249187], "b3": [0.9988837925758461, 0.884307966005215, 0.8594701758445411], "b4": [0.76708275539951, 0.9670048729689446, 0.9078903695315269], "b5": [0.32145209779460976, 0.85197250016308, 0.9143427899512028], "b6": [0.3335165134008527, 0.9242015238636268, 0.967092858269484], "b7": [0.583867748242322, 0.8889337827341169, 0.8640581164464147], "b8": [0.15512439104351633, 0.8543974184469136, 0.961344384842212], "b9": [0.15646670880196623, 0.9966461298928608, 0.905787374416189]}