{"b0": [0.7752602482912259, 0.7913893529917564, 0.8449303849473657], "b1": [0.6010533537718868, 0.9434965848288631, 0.8159168736644198], "b2": [0.8740810442377451, 0.9821470296327415, 0.8586423860922519], "b3": [0.8612647922533242, 0.9669773865467829, 0.8993391096930758], "b4": [0.11992073652920533, 0.9845378692021329, 0.8694648225345432], "b5": [0.9648780087241633, 0.9802002149313451, 0.8905553098631392], "b6": [0.5898366099115967, 0.9513042513662421, 0.8405581516850801], "b7": [0.9941374528868413, 0.9319722306397925, 0.9044676685905251], "b8": [0.855618247878679, 0.9764992044565579, 0.9902216488409092], "b9": [0.16221333235617752, 0.861846735502543, 0.8405537028493132]}