{"b0": [0.17034340119403268, 0.8586258165277181, 0.9737123436209516], "b1": [0.11295311632923313, 0.9741340996586785, 0.9968319759906619], "b2": [0.326805203567061, 0.9529514374400917, 0.8897806023689303], "b3": [0.7686466129533006, 0.9731043574854696, 0.9241230585567596], "b4": [0.17328546742828027, 0.9392081583240962, 0.8430293910863201], "b5": [0.893008130306137, 0.9455305762539248, 0.8664534778110454], "b6": [0.6782065326905184, 0.8798941286017684, 0.9565222429176079], "b7": [0.7505218198187125, 0.9526673298183271, 0.9775937361179027], "b8": [0.15577136086059537, 0.954231509645555, 0.9269147810406314], "b9": [0.3194761978496986, 0.9963165255243279, 0.9838039906080396]}