{"b0": [0.7469513740900733, 0.8985425232036439, 0.9867447522599749], "b1": [0.9765543502433843, 0.902817461906559, 0.8591144052391096], "b2": [0.2888194588856563, 0.9895980319866198, 0.8248007663434261], "b3": [0.8816960817238824, 0.9907677974469072, 0.8612868056540512], "b4": [0.3471697144081621, 0.823662680946974, 0.832244195776366], "b5": [0.7445515394084629, 0.9136062703857911, 0.9600060556969077], "b6": [0.8898901173379411, 0.9303986181443952, 0.859589603673886], "b7": [0.15212702137590267, 0.9105263269757558, 0.8346074764613758], "b8": [0.16044154155192952, 0.8472288428667324, 0.918694984889436], "b9": [0.991598069485868, 0.8224653548253912, 0.947469245117875]}