{"b0": [0.9951160995913442, 0.9845591386565091, 0.9303163049879365], "b1": [0.29916869871380686, 0.9140204650851506, 0.9869419928025245], "b2": [0.1004494731378986, 0.8265859774367021, 0.8082269060940438], "b3": [0.7808991599337024, 0.9285921200018395, 0.8356546564000977], "b4": [0.16405877959854945, 0.8960072224036135, 0.8617154835506411], "b5": [0.7070093990714397, 0.761126170374486, 0.9527312678509307], "b6": [0.008718596527821474, 0.9793239711812625, 0.954517758163478], "b7": [0.09208635359505228, 0.9828891625243699, 0.8797954170234803], "b8": [0.07406052189770994, 0.9787500631481896, 0.8367391744132499], "b9": [0.014508508944816987, 0.9883461608119718, 0.8835023079590631]}