{"b0": [0.894748830874494, 0.8458734264832293, 0.9078077148913265], "b1": [0.33235508415157133, 0.8951323749182367, 0.942090231862493], "b2": [0.17458732247400846, 0.9916745913737036, 0.9440175368479907], "b3": [0.07794738892648274, 0.9344323816326175, 0.9119226469133366], "b4": [0.3383931255248239, 0.9885367607188413, 0.9295615259314086], "b5": [0.1626609120986218, 0.9879033882883878, 0.8545514310360843], "b6": [0.9227971002155742, 0.9739529960757267, 0.8769941458400455], "b7": [0.09461905744134586, 0.7718936125441913, 0.9040557436976252], "b8": [0.7210807159797197, 0.9118063486482607, 0.9684568444120744], "b9": [0.06986427419522964, 0.9003976954226017, 0.8938644837220288]}