{"b0": [0.0808341800750065, 0.9138610628395568, 0.8840514325437079], "b1": [0.7311035169766659, 0.9005883068252021, 0.9805675140446336], "b2": [0.14985016222405176, 0.7559497127073648, 0.9136369313118519], "b3": [0.615816921278859, 0.9701480839036265, 0.8304436975951358], "b4": [0.09668212879314252, 0.9172504847119702, 0.9475710713603732], "b5": [0.9954699657558664, 0.9142715349957652, 0.9069231566816124], "b6": [0.738713709627225, 0.8504104675163575, 0.9512627500957], "b7": [0.08680908823122384, 0.913056844384169, 0.9810511320450757], "b8": [0.010307357481269801, 0.9013659457432738, 0.914049385292609], "b9": [0.9964733260642532, 0.9210824363170558, 0.8983918335992985]}