{"b0": [0.07664906104761408, 0.9428724827380579, 0.8651545244805804], "b1": [0.011185873691589084, 0.9135098087356626, 0.8923221913479311], "b2": [0.15516602879072006, 0.9750281125113084, 0.8773211779173212], "b3": [0.05230333832437171, 0.9907457975364953, 0.9337660460899155], "b4": [0.6576134224179866, 0.9439477539374892, 0.9787472647354436], "b5": [0.15932331865365001, 0.969858454956881, 0.8320005760271613], "b6": [0.07072849957394468, 0.854774147271666, 0.9185077192379104], "b7": [0.6413087920726153, 0.9366673693018656, 0.892530668261296], "b8": [0.09331327357183289, 0.7438595320674171, 0.8949017708476384], "b9": [0.8546801835143417, 0.8511139516087483, 0.816402524915609]}