{"b0": [0.09116766618217957, 0.959637539825789, 0.9092603224141353], "b1": [0.6289565164671559, 0.9425056683811032, 0.9842545510369289], "b2": [0.9855511437673172, 0.891956833565966, 0.8481441251517107], "b3": [0.16813089591328076, 0.9020517902235432, 0.8830378497586351], "b4": [0.07570164367709403, 0.9830984704199125, 0.9096843161576902], "b5": [0.9832089226507387, 0.9981650402916199, 0.930089807733005], "b6": [0.0011740397269528917, 0.8982017224582047, 0.9348797942938549], "b7": [0.8478414818755514, 0.9980513910693017, 0.9596859622345262], "b8": [0.07593230507251211, 0.8061676332708606, 0.9660806121346934], "b9": [0.6045780459689187, 0.8028619253077462, 0.9531054112600258]}