{"b0": [0.32803076773156, 0.95662375849791, 0.8568313130027607], "b1": [0.009079319333199127, 0.9569213628669974, 0.9647755244077686], "b2": [0.003423204062306921, 0.8340591962374698, 0.8907166205918279], "b3": [0.766285598319884, 0.7935966775358472, 0.8504488949584171], "b4": [0.34316735694698947, 0.9353702321081739, 0.9627139443407557], "b5": [0.9071376287896363, 0.9686677800085769, 0.970726613441777], "b6": [0.9938205757126495, 0.9727824730176203, 0.9407676229541886], "b7": [0.32424346294879464, 0.8602473671246664, 0.9008630030896333], "b8": [0.007377706690039513, 0.8683563159364495, 0.9349835836114072], "b9": [0.8598035604451515, 0.8553659437089237, 0.8560463804965653]}