{"b0": [0.02305173943210083, 0.9037181835849918, 0.8748474661598052], "b1": [0.8480387213084956, 0.9971508933974765, 0.9555332086833315], "b2": [0.31494457651488983, 0.9645323355772704, 0.8520432920648253], "b3": [0.7638466068428713, 0.9059685818580719, 0.9073355549463128], "b4": [0.9861163290701671, 0.9217802647679456, 0.9976618806679036], "b5": [0.3272989288118024, 0.9090704239789967, 0.8911640850408066], "b6": [0.9066431373238761, 0.8550104390606083, 0.9770828200019166], "b7": [0.7466805402561327, 0.9179445246132012, 0.9035159340321357], "b8": [0.87825587345985, 0.9883312361561915, 0.9787826659005041], "b9": [0.3476395607393673, 0.9183517393436695, 0.8253462105145823]}