{"b0": [0.9972774846381637, 0.9959679761634284, 0.9615531758000335], "b1": [0.8778770461672235, 0.932639232485678, 0.9024938501223637], "b2": [0.7232445966928012, 0.8838610004574757, 0.914933164726161], "b3": [0.3518967938069708, 0.7263967145715935, 0.921412721317367], "b4": [0.8965090575810012, 0.868141300490593, 0.8292059822842098], "b5": [0.36694406216146797, 0.8832885329922395, 0.824549176125841], "b6": [0.007107261019918568, 0.9810368520368514, 0.8482823913389613], "b7": [0.09077644828876447, 0.9688267553230503, 0.8864153464487771], "b8": [0.33715358330378314, 0.9170814386935953, 0.8778451179534708], "b9": [0.002838873038140789, 0.9219956356456597, 0.8056962872241133]}