{"b0": [0.8508324060003684, 0.9505403268431003, 0.819441390264305], "b1": [0.8805678218053121, 0.982947101006222, 0.8468923622317643], "b2": [0.30974436169509717, 0.9748760704306801, 0.9069039941752137], "b3": [0.9930938490412674, 0.8797305533635084, 0.9147256793052183], "b4": [0.32043560759599216, 0.8117397549331811, 0.9591048243631392], "b5": [0.3081259276456319, 0.9956855943636181, 0.9367589095878596], "b6": [0.5653320669395279, 0.8971305459070363, 0.9498672885872307], "b7": [0.0007529802316546906, 0.8522393760087179, 0.8366238394883344], "b8": [0.33204973231417506, 0.9236932561461831, 0.9108244124513454], "b9": [0.011356403269467965, 0.8277366173469147, 0.9484642820476391]}