{"b0": [0.8868802456363641, 0.8064386795826511, 0.8663775751758235], "b1": [0.5420955036255288, 0.8848456655413437, 0.9007208482748683], "b2": [0.14994529009700006, 0.7466471921280768, 0.81476061405256], "b3": [0.006100576824839316, 0.8767817966604564, 0.9566723480362771], "b4": [0.6216193719846248, 0.800438636769051, 0.9289582119099201], "b5": [0.005962959842815034, 0.9914616981570368, 0.8624938346308265], "b6": [0.7713251712640937, 0.7922950939812538, 0.8735082242051686], "b7": [0.15082378572986924, 0.9957646461059543, 0.8709671918704587], "b8": [0.00961791991310001, 0.9143490388241081, 0.9895065850531336], "b9": [0.3062617551466891, 0.8219524135606154, 0.9601153869601678]}