{"b0": [0.860577784369683, 0.8760116837932075, 0.8343089848276057], "b1": [0.054695621913582765, 0.9983848569736118, 0.9154002922581214], "b2": [0.8812496819126783, 0.9779286393814987, 0.8009557061618267], "b3": [0.00417900199217879, 0.9162045802672794, 0.9387002419493605], "b4": [0.09498875778007088, 0.9862105118044485, 0.923252579323452], "b5": [0.8436591245315789, 0.9734647287417588, 0.8815092721285255], "b6": [0.16284774521937748, 0.8882570758071933, 0.8147337586545029], "b7": [0.15837304290576834, 0.9959070975102304, 0.9867801813047278], "b8": [0.8316100857447363, 0.9543553493939941, 0.967854446994797], "b9": [0.9724832370586414, 0.8953578415805211, 0.9863859212833707]}