{"b0": [0.09985862773124027, 0.6753639778076348, 0.8625356864914064], "b1": [0.16207214336198997, 0.8342059559641765, 0.8130308536340485], "b2": [0.36618588599555457, 0.907479030257349, 0.9530244177939412], "b3": [0.3191059428797381, 0.944256838537818, 0.8085889892172449], "b4": [0.9897258441226149, 0.9243612485544124, 0.9011432710391896], "b5": [0.15451857079539055, 0.8314942001138913, 0.8662199692750647], "b6": [0.9992461942229534, 0.9234810962973452, 0.8390669291942422], "b7": [0.9957381926609963, 0.8339785080556399, 0.8416049312227204], "b8": [0.011647897944841118, 0.9794572786683964, 0.9558405038176341], "b9": [0.5802624355484751, 0.8469224830562504, 0.8872829487076312]}