{"b0": [0.5563409084151324, 0.7049792699079194, 0.8815426204233664], "b1": [0.014457086630088292, 0.8162239489188222, 0.9580941316967018], "b2": [0.021870282059225504, 0.9631905176697011, 0.9145833779599625], "b3": [0.32482188835142545, 0.9352788069545417, 0.9500082000689823], "b4": [0.05587589776635708, 0.9849876135324632, 0.8714329714304938], "b5": [0.02624844754798188, 0.9992667999165399, 0.879845883884347], "b6": [0.5775765907796376, 0.8483590662832319, 0.8656455149669752], "b7": [0.6317153970678622, 0.9805978222553193, 0.8672961844988089], "b8": [0.3259709033954985, 0.9625557133497499, 0.9063541713824652], "b9": [0.1646521869232526, 0.917727108018569, 0.9987691591213106]}