{"b0": [0.9998047749861925, 0.860486856871042, 0.9870272473179298], "b1": [0.9824657067608986, 0.9136476539963141, 0.8365585664533965], "b2": [0.004474785909655418, 0.9662678049213109, 0.8102306311931586], "b3": [0.8698795598041917, 0.9973609956130289, 0.8077158528611974], "b4": [0.5446441829956679, 0.9327350547052832, 0.8160822768268591], "b5": [0.07288653838111953, 0.8745994411429651, 0.8397298017105644], "b6": [0.9911575347083247, 0.8753483923597052, 0.9751221443538725], "b7": [0.5904531415462659, 0.7777206761253833, 0.9987758956836693], "b8": [0.07214097202143785, 0.9817881554116661, 0.8197037464064195], "b9": [0.8786242022665539, 0.9188038444746647, 0.9060300039050524]}