{"b0": [0.08179416238967609, 0.8899210155130581, 0.9725453490461355], "b1": [0.0714370184590709, 0.9519483369552323, 0.8261351816812201], "b2": [0.07494373156702472, 0.9336324985930698, 0.918749759014943], "b3": [0.15251271148350873, 0.9629711904297119, 0.8672179188655855], "b4": [0.08908695245804918, 0.9830595102765787, 0.9971477228505843], "b5": [0.35534514713249465, 0.9983235015867438, 0.8620612434020208], "b6": [0.05983117083160336, 0.8560524418249221, 0.943949717017262], "b7": [0.09413647157873509, 0.7980367432258099, 0.9765234760708517], "b8": [0.09672432051640055, 0.9834610701050772, 0.8571076109524225], "b9": [0.0591151771322167, 0.9601713944448642, 0.9310255212109385]}