{"b0": [0.8410028680833819, 0.8553466743884567, 0.9333115044965722], "b1": [0.8473190364508468, 0.8386204897704566, 0.891059236508895], "b2": [0.8810703961139251, 0.8458538580072512, 0.94840397931354], "b3": [0.5870264710223276, 0.8009422681289117, 0.852462140604214], "b4": [0.8622596049994122, 0.9773086848377113, 0.9354166181776506], "b5": [0.15750074935822028, 0.965353856862936, 0.8780776894855152], "b6": [0.825998754498613, 0.9886749953886409, 0.8122829523845456], "b7": [0.09444459031227845, 0.9914427020683155, 0.9293487651418475], "b8": [0.15178376088260193, 0.994490977470833, 0.8419117421613441], "b9": [0.9879953937336238, 0.8390046661334019, 0.9910689911010923]}