{"b0": [0.8699963021838972, 0.9687562496512256, 0.8140140049039251], "b1": [0.7556521366643472, 0.8723637834618586, 0.9122397351649447], "b2": [0.7066901643799938, 0.9865045936921901, 0.8540511954981307], "b3": [0.8563205446158377, 0.957085180351863, 0.8333028504499684], "b4": [0.0007869160401182655, 0.8995813472903638, 0.8051612889519754], "b5": [0.8944405719590907, 0.8719982402684567, 0.8679436334663555], "b6": [0.8746128748251023, 0.9715164686542009, 0.8507365112833171], "b7": [0.9078894569902445, 0.9910042637487583, 0.9491428083275427], "b8": [0.8786297072424771, 0.9680480999055858, 0.818180933468195], "b9": [0.7315482916649212, 0.9884795630793974, 0.8597852359066586]}