{"b0": [0.7891967231077602, 0.8884625988180016, 0.8412390453585042], "b1": [0.8679562607133452, 0.9588889821586309, 0.8541171442195722], "b2": [0.7298456408832504, 0.8751891425956346, 0.8051892042270251], "b3": [0.8557281672792828, 0.9760674339937784, 0.8052493327854049], "b4": [0.7086617466424157, 0.9020981160266365, 0.9010741953288318], "b5": [0.7414125109724725, 0.9898947586376806, 0.8213186176850484], "b6": [0.8305382534711453, 0.9385849648828433, 0.8885808048281748], "b7": [0.8773802012573015, 0.9621792292065074, 0.8857660793907963], "b8": [0.8708069462819649, 0.9275633119126553, 0.9276535175766039], "b9": [0.7731817576981941, 0.8278961052173495, 0.9456875378894228]}