{"b0": [0.158841377027499, 0.9441402665197348, 0.8238461972606115], "b1": [0.8304386852871272, 0.9272423370277856, 0.9939466370725676], "b2": [0.29270498505186465, 0.9626072497775485, 0.9192559855616688], "b3": [0.340151648603628, 0.9608580697280995, 0.874451858743722], "b4": [0.8790368572007524, 0.9532352235134438, 0.9552179825582472], "b5": [0.8726785458300587, 0.9697438026264608, 0.922856811569159], "b6": [0.33755556955639265, 0.9536897570167067, 0.9779138354112676], "b7": [0.874634455004443, 0.9957367637558364, 0.9119796601295613], "b8": [0.34201929926144353, 0.9260951622579546, 0.8602058703106633], "b9": [0.1634534955113955, 0.86344758589025, 0.9054395608762854]}