{"b0": [0.31022506373508263, 0.9781902731651644, 0.8724086557277999], "b1": [0.8810245683790988, 0.8597759439354798, 0.8727862183211252], "b2": [0.3274717240514877, 0.9836149107472975, 0.8517699444819058], "b3": [0.9019326892221353, 0.9086118173740324, 0.9560932191505175], "b4": [0.8847761936964822, 0.8723529257518793, 0.9647504417707011], "b5": [0.846978313403638, 0.9717469326546732, 0.9382762666180247], "b6": [0.33885540884035864, 0.7705014543311478, 0.9218998126293152], "b7": [0.3054893162741576, 0.9158572021429389, 0.8269005370200072], "b8": [0.870840446854685, 0.9779874063625366, 0.8943213100089765], "b9": [0.16090014610548228, 0.9568314952207249, 0.9574453024425722]}