{"b0": [0.8817884608863825, 0.8976294290529481, 0.9129486111728242], "b1": [0.3522198821737559, 0.9472161940944785, 0.9622696384344241], "b2": [0.8798040233252675, 0.926817165990028, 0.9969661747110312], "b3": [0.7601364643203813, 0.8866591615157173, 0.8585893256797043], "b4": [0.34975548670694173, 0.9943582184538833, 0.9008131014235901], "b5": [0.6157555284626214, 0.9225510163145976, 0.8659440444507156], "b6": [0.31421944911947003, 0.8964022653086948, 0.84727694175528], "b7": [0.08487602348040658, 0.9133785323649789, 0.9655456972612658], "b8": [0.15707610079366024, 0.9205287279950647, 0.8388532480303894], "b9": [0.8367061472941321, 0.9458457564882733, 0.9382326386769414]}