{"b0": [0.8890822461530554, 0.8532241058583564, 0.8671453862984326], "b1": [0.33201984009066793, 0.9948810919746706, 0.9329400116753099], "b2": [0.8593834493936433, 0.8697227247285807, 0.8124802976149205], "b3": [0.34582225188307736, 0.8219286413568279, 0.9601048371099827], "b4": [0.3372422806279956, 0.9663615537624061, 0.8338325347860857], "b5": [0.10060391329210754, 0.9995437201946641, 0.8789268852998415], "b6": [0.8585931779783931, 0.8583601913609046, 0.9997143306849157], "b7": [0.8377230724464194, 0.9561157293362719, 0.9285412803328259], "b8": [0.3507662111306068, 0.9577226228278651, 0.9360382473569713], "b9": [0.8831714315280741, 0.978704388646799, 0.9665669900669381]}