{"b0": [0.9853667925619564, 0.7309442509614871, 0.8807549579387458], "b1": [0.08595970590406617, 0.9963448133039862, 0.8741667255219214], "b2": [0.08834278797781348, 0.9748766784524342, 0.8804421830388413], "b3": [0.7593311264648974, 0.9162944170213367, 0.8093254744294955], "b4": [0.7527571209571853, 0.8970218288933526, 0.8490948619967043], "b5": [0.15478484647570556, 0.9521141537166936, 0.8338118078525202], "b6": [0.7438313264415622, 0.9552373636252098, 0.8045137171565311], "b7": [0.012537788771735735, 0.8849378948846869, 0.845753088777908], "b8": [0.8760797680615883, 0.9715793661488716, 0.8034300704335285], "b9": [0.6328857461592564, 0.997483931710596, 0.9163131641159435]}