{"b0": [0.7299683616558451, 0.9028693641672941, 0.9399326207147086], "b1": [0.9940442034649628, 0.7923325008746619, 0.9467738484419773], "b2": [0.0017617697937122915, 0.807581557764347, 0.8948933608588366], "b3": [0.5767337950848597, 0.9990159855015611, 0.9092970071495334], "b4": [0.08545483708722708, 0.8081955905500906, 0.9924299629091018], "b5": [0.9010591268685677, 0.9535495698014859, 0.9540969976979069], "b6": [0.9987982470327209, 0.9570152522024452, 0.8003632265584286], "b7": [0.10102123041908989, 0.8360512942135665, 0.9942066241662738], "b8": [0.003990480199400862, 0.9389050557810442, 0.8684194853936621], "b9": [0.6382382735201428, 0.799978764511886, 0.82922320662267]}