{"b0": [0.0865152435122552, 0.996095854730955, 0.9918826450999023], "b1": [0.5923757080029843, 0.9087720551365536, 0.8796730522599647], "b2": [0.9843828516477854, 0.9883497743397305, 0.8826406634166725], "b3": [0.005599345396038505, 0.9775768853482676, 0.9832509445854951], "b4": [0.8706116759900877, 0.9431101493412423, 0.9584559437736772], "b5": [0.9909784741974492, 0.9067067986754924, 0.9737945588981026], "b6": [0.7586944814812641, 0.9047441680537637, 0.9263235405067417], "b7": [0.008302003596713806, 0.9043583421273338, 0.9208702629415544], "b8": [0.09421485515193112, 0.9529293720291575, 0.827885136785024], "b9": [0.5756223516652048, 0.9877915350465996, 0.865232371250063]}