{"b0": [0.5789621090666934, 0.7857198970167262, 0.9407513494092785], "b1": [0.1533858711387509, 0.8586866704500938, 0.9470339892234036], "b2": [0.9943806514238261, 0.8995120969713034, 0.8665297105078611], "b3": [0.16551474879633038, 0.893903806790057, 0.8820617778180282], "b4": [0.012654107778385349, 0.8257987639882686, 0.9805239483638644], "b5": [0.35448461739045234, 0.9758419130837497, 0.930768323675337], "b6": [0.7675088158778323, 0.9610912869876899, 0.9031012540952466], "b7": [0.8695653783208498, 0.8952020828944635, 0.8545020841116411], "b8": [0.10914059908958754, 0.9312211088908559, 0.915460835856996], "b9": [0.1558885289422039, 0.8570819304142714, 0.9940315329707029]}