{"b0": [0.059425521158402786, 0.8501413177600539, 0.8487599476444757], "b1": [0.08124646043869191, 0.9339427825576746, 0.8638197420435774], "b2": [0.15238484520815826, 0.7456163787843448, 0.9403153245729757], "b3": [0.992136176205003, 0.8870619418258917, 0.9292661663260594], "b4": [0.33947363614185755, 0.8942816947128377, 0.9608235469330556], "b5": [0.17095661294707848, 0.8563190260499493, 0.8978404279549992], "b6": [0.6034381779543857, 0.9909172325576402, 0.962352205998286], "b7": [0.9957032435789628, 0.8489731529249793, 0.8437240768216795], "b8": [0.08511640311809195, 0.9665978834817388, 0.9095977360862548], "b9": [0.3115864321243581, 0.9968760464266272, 0.9735409636757738]}