{"b0": [0.16747585515120658, 0.9946973000376417, 0.8532125155865126], "b1": [0.0935589133153787, 0.9793339992004866, 0.8012548450416652], "b2": [0.7450197797819679, 0.9484734169386495, 0.8236780085314743], "b3": [0.1654485745499001, 0.9284962010036475, 0.9014257299812332], "b4": [0.00055548102877792, 0.955345270082988, 0.9378766707999922], "b5": [0.7426845155085435, 0.9739806233184813, 0.9753139307145265], "b6": [0.007055250799840166, 0.9278598168291107, 0.8353640176878397], "b7": [0.8655859748512718, 0.9641219044172681, 0.8976081896606576], "b8": [0.982585513191731, 0.917201881531384, 0.844993548154395], "b9": [0.16097399676565533, 0.9149394924150208, 0.9211663035286584]}