{"b0": [0.29997301158915024, 0.9656292731329478, 0.983147860184024], "b1": [0.3487800089696752, 0.8127408134070814, 0.911174697035052], "b2": [0.16746934474188493, 0.8852418560698068, 0.9901138721485083], "b3": [0.8870009668579231, 0.8750554728834993, 0.96648805975385], "b4": [0.8827106133212727, 0.9775929804964062, 0.8571319518453044], "b5": [0.15940272008439785, 0.7956324679649569, 0.9458078256874586], "b6": [0.7619672392224973, 0.9177749353822707, 0.8264216435490188], "b7": [0.5555331710186039, 0.7345892134504285, 0.867916574776725], "b8": [0.11085626497306736, 0.9345872689597101, 0.9509917922733991], "b9": [0.06936533506606316, 0.9000382077341647, 0.8623702499855164]}