{"b0": [0.07085847470169432, 0.9344775927712804, 0.9175693919207996], "b1": [0.0171368447346476, 0.8387154240311391, 0.8924730184535022], "b2": [0.03600787599624669, 0.8957308220726872, 0.8231712446654069], "b3": [0.7182279457425155, 0.9973791023855583, 0.8011043634572826], "b4": [0.10432482352060118, 0.9439899698258423, 0.917286491963553], "b5": [0.08173636337618967, 0.9293759267402928, 0.9446311482308762], "b6": [0.5811017749404103, 0.9689963418886033, 0.8433767004602243], "b7": [0.7321284613826706, 0.9669537158106354, 0.9089877441343512], "b8": [0.008633972694062799, 0.9816818086939335, 0.9139589483118594], "b9": [0.8661697712734576, 0.9493044878115424, 0.9155816508894449]}