{"b0": [0.34865896017109327, 0.9423905603472136, 0.874868074315529], "b1": [0.08134821772085468, 0.8917581102256655, 0.8999065203747069], "b2": [0.028869776505807337, 0.9859480621322662, 0.8676886524430348], "b3": [0.34487407691938565, 0.9806538558227341, 0.897247612319456], "b4": [0.8448653562988708, 0.9397584207796497, 0.963111687023034], "b5": [0.2984028001196696, 0.9953043430348261, 0.8932812726856258], "b6": [0.7476677132605833, 0.9748031307622973, 0.8184125793951211], "b7": [0.15776639750270444, 0.9327930200597997, 0.9009623593644914], "b8": [0.6357907201259381, 0.9839304860332977, 0.8187023901218037], "b9": [0.33993262693862314, 0.9402031906598891, 0.9522376801525542]}