{"b0": [0.15990032953440067, 0.9607403138018243, 0.9713484962446698], "b1": [0.7674149151920143, 0.8553768555270929, 0.9669095934977758], "b2": [0.840540848885215, 0.7948549926197243, 0.9310341507178848], "b3": [0.78204092344316, 0.9312611282398308, 0.8794004060932281], "b4": [0.3504884409570025, 0.8717364058038881, 0.8847835196565059], "b5": [0.6366668557467263, 0.9349162794561667, 0.983382980881483], "b6": [0.013594593369626784, 0.8501075502722556, 0.9953734341422372], "b7": [0.008751034517294348, 0.8519752623061179, 0.969152918060499], "b8": [0.5809949415503081, 0.9555559060852556, 0.8105672919887749], "b9": [0.04760360041323319, 0.8763195671404438, 0.8641285681958822]}