{"b0": [0.6545113845066131, 0.829585189103926, 0.9623002688299093], "b1": [0.014764698293171978, 0.8493643907486811, 0.9231802342991009], "b2": [0.6220829527527453, 0.9082654571252116, 0.9558617094184265], "b3": [0.06951518859644934, 0.9851775075371658, 0.9025709371544618], "b4": [0.17252241959108397, 0.9405622855091151, 0.805001333162314], "b5": [0.6455128831256275, 0.9777586403922693, 0.8905599915578418], "b6": [0.7374310572077794, 0.9479720239236308, 0.9928529957710961], "b7": [0.1624095557550156, 0.8937796319634164, 0.8717259914067416], "b8": [0.16159214258732418, 0.8828432279686763, 0.9982892091798418], "b9": [0.8857080436916412, 0.923218531332947, 0.9032562843846058]}