{"b0": [0.0701143826940028, 0.7951339746511016, 0.9333348670662925], "b1": [0.9902570942357691, 0.9200715067274915, 0.8962989005624123], "b2": [0.07225177834820934, 0.936090688423198, 0.8400269653121675], "b3": [0.5536773724251917, 0.8773360098136976, 0.9449126346168167], "b4": [0.6251708811073707, 0.917629432743847, 0.8414608493270334], "b5": [0.3123244443999303, 0.9045568222132009, 0.978213429249484], "b6": [0.8713204738336064, 0.7849619696217991, 0.9618802333184406], "b7": [0.29915468640530785, 0.9740072324997457, 0.9462091208298051], "b8": [0.6130663153815714, 0.9794347539967907, 0.8110087044702027], "b9": [0.3606688402898777, 0.9696696082843562, 0.8732830016313406]}