{"b0": [0.7264888262800397, 0.7666600714154613, 0.9915041220498412], "b1": [0.023794789119171874, 0.9824060011408001, 0.8195557053623803], "b2": [0.15825546020664005, 0.8928921243675894, 0.9452144665142939], "b3": [0.8707783616259634, 0.9882044721684222, 0.8476097039517657], "b4": [0.6320892116828, 0.9911652047680285, 0.9744033648926644], "b5": [0.9848464256449964, 0.8862579959225966, 0.9155100784286857], "b6": [0.5517067639099553, 0.9469871951572975, 0.9486888915019036], "b7": [0.0821660241977036, 0.942224793584821, 0.8203442342455526], "b8": [0.16429435060276634, 0.985085564937786, 0.8373434277303585], "b9": [0.6742184900393241, 0.7854295530883985, 0.8901261094964654]}