{"b0": [0.9701022631120516, 0.9616663704432332, 0.970825432119789], "b1": [0.9934330438272388, 0.8713799034343119, 0.9793480549910406], "b2": [0.7774261225967406, 0.9996747875935043, 0.8581567735991616], "b3": [0.09019614835103307, 0.9417575549027967, 0.8217117385199633], "b4": [0.16415118355439592, 0.8288188659141995, 0.8530305738328389], "b5": [0.15746758127687133, 0.8388703045502143, 0.9820853102175164], "b6": [0.16530576556530108, 0.9556415720950241, 0.9885802112007563], "b7": [0.16279057073972972, 0.883325579370622, 0.8839746073814716], "b8": [0.8969657767657334, 0.9919508766973533, 0.887212043712706], "b9": [0.75088673947977, 0.9856938179056116, 0.9353632593707784]}