{"b0": [0.7469204715807642, 0.842068401954592, 0.9929650125044545], "b1": [0.98981418623313, 0.8526101910286521, 0.8943428679793806], "b2": [0.6264907924195253, 0.9190688485409458, 0.8477295771703556], "b3": [0.0007542129993466047, 0.9875218253231697, 0.9669250094760854], "b4": [0.06810619243930349, 0.9676911363605604, 0.9122589520963745], "b5": [0.3119963555510925, 0.9839685421121573, 0.8183785491230796], "b6": [0.33059869729364527, 0.942294249612831, 0.9769467920825764], "b7": [0.15827091766477067, 0.9305898491278282, 0.8208577180018625], "b8": [0.2960205613920132, 0.964731223437696, 0.9978471148894142], "b9": [0.5922926898812976, 0.9166145525715763, 0.9797931030455076]}