{"b0": [0.16044634509455175, 0.97269902204358, 0.9240155719986066], "b1": [0.15115799733707957, 0.939690928353489, 0.8595338575736693], "b2": [0.07075263639802445, 0.9881584749466473, 0.8377464806941199], "b3": [0.5628130468625802, 0.9518626729790225, 0.9594618571102105], "b4": [0.33469353439362626, 0.9440299237184726, 0.850239647399072], "b5": [0.3434925772650132, 0.8702898457419951, 0.8041709192453926], "b6": [0.002276537029091649, 0.9581285432827574, 0.9676986459953857], "b7": [0.06415084170465833, 0.8164789371795842, 0.9128741232670976], "b8": [0.8580662294521592, 0.8152428531291369, 0.9761390543751864], "b9": [0.893515470308261, 0.7787735115830565, 0.8357864329633354]}