{"b0": [0.10353848180353444, 0.8961673683474423, 0.8071989749431147], "b1": [0.8856502274803494, 0.9000020257512346, 0.9540352613770205], "b2": [0.7967255512880445, 0.9840532653217038, 0.8078865452729539], "b3": [0.6181430421212881, 0.988360758447882, 0.9463342971588069], "b4": [0.7501584987080611, 0.9821571318452395, 0.8797788656797242], "b5": [0.08336758473473614, 0.971067850904887, 0.9262705139380033], "b6": [0.9697412963343917, 0.9464061431061945, 0.8373308833589157], "b7": [0.7403806989499464, 0.958486404693976, 0.9809467413284295], "b8": [0.9995487027070582, 0.9204026551768817, 0.807828144311999], "b9": [0.9163741984315514, 0.9931140677568563, 0.9757034272963908]}