{"b0": [0.73822667292456, 0.8869935907505032, 0.8016693914357136], "b1": [0.014563832272819264, 0.8936171253207319, 0.9127284590567859], "b2": [0.6883137882791047, 0.87154116176241, 0.9387682384911823], "b3": [0.07597591815212129, 0.9856187406445244, 0.8378260150975066], "b4": [0.9003586997999956, 0.9838587206927555, 0.8341238458134704], "b5": [0.7295813004317506, 0.9280717540105732, 0.9393029093455735], "b6": [0.7900562553890563, 0.9958371897455025, 0.820641197848328], "b7": [0.8714017641069168, 0.8924468971350583, 0.8662976199942658], "b8": [0.010224563965045803, 0.9705295618165494, 0.8142474756816452], "b9": [0.010243130463213367, 0.7894100658969248, 0.9120925177889808]}