{"b0": [0.5662920597879839, 0.8123195407474558, 0.926497609671844], "b1": [0.8960780519441617, 0.7198284836075604, 0.9878609755863311], "b2": [0.7589494328585533, 0.8283281182323293, 0.9619981412180533], "b3": [0.3402647770596948, 0.8123747138135481, 0.8330315694002078], "b4": [0.15353492706075098, 0.7568591659858942, 0.9753515302331166], "b5": [0.9952631566367742, 0.9074133122067497, 0.9423776376494718], "b6": [0.1562627703907331, 0.9089264231583217, 0.8680524222046121], "b7": [0.06069691020976875, 0.9599662304018678, 0.9277975745316875], "b8": [0.8916424612390615, 0.9054396476133206, 0.986402094752865], "b9": [0.9838152484057089, 0.9152644831833427, 0.9944598508177616]}