{"b0": [0.8994524559472751, 0.9967804015675003, 0.8297926286520518], "b1": [0.9916119704397438, 0.8624429798356862, 0.9779839069193593], "b2": [0.9719410048144012, 0.9986939683107608, 0.9359927705469636], "b3": [0.00950385420360382, 0.9585615156662338, 0.917775520569551], "b4": [0.8800616683566967, 0.8935696464553134, 0.8432326171301991], "b5": [0.8797988792530771, 0.891491413651654, 0.8894002864794993], "b6": [0.0008470183617841546, 0.810765607350487, 0.8671274886912598], "b7": [0.0017300485269706256, 0.9860640733307389, 0.9962040607441789], "b8": [0.352506274747763, 0.8948298667707882, 0.9152871289676685], "b9": [0.745067710785447, 0.9052470555192769, 0.9345895949190753]}