{"b0": [0.16770374120827058, 0.9800832466241773, 0.8885843435426917], "b1": [0.012077931301494824, 0.9421743324720275, 0.9271497219616591], "b2": [0.5944390227402434, 0.8156317536034362, 0.9850628124952171], "b3": [0.8939527708078228, 0.9453443355448486, 0.8368213187899896], "b4": [0.3009791427871024, 0.8926506258552229, 0.8521271020065193], "b5": [0.98894097589701, 0.8990976524711727, 0.8848448003753647], "b6": [0.05974926155724319, 0.9402627838175435, 0.863907660998919], "b7": [0.9951610446118769, 0.9877209335757258, 0.8302205571117124], "b8": [0.610436919327697, 0.8148866305281284, 0.8482423177457799], "b9": [0.8990356564396894, 0.9113302078364994, 0.8956159533126822]}