{"b0": [0.9850979718937745, 0.9661884689409015, 0.8286956014257888], "b1": [0.01304967908530061, 0.9645365681922822, 0.9581766171359982], "b2": [0.15826381371431944, 0.9644243045225145, 0.9996770539533378], "b3": [0.3193089809482806, 0.9857132558516615, 0.9858091112691446], "b4": [0.010366013777549709, 0.9092124287182968, 0.8555399988253589], "b5": [0.36106660179228084, 0.8321074274843717, 0.8534362017654407], "b6": [0.873875498535374, 0.8768888911099595, 0.9807155808373891], "b7": [0.09227737700555418, 0.9800088235312857, 0.9852892843262421], "b8": [0.9029657408773808, 0.9292010689651552, 0.8620297941886768], "b9": [0.36350403467858106, 0.8623339115512649, 0.831463283360314]}