{"b0": [0.9780083830050289, 0.88508901120788, 0.8470078069050446], "b1": [0.008408375620131402, 0.9024783971083835, 0.8205332520171347], "b2": [0.7231187927282438, 0.9640526918559638, 0.9915082023021923], "b3": [0.9817838226018538, 0.9430350274477387, 0.8037654547797156], "b4": [0.15773969097136128, 0.9451610085462068, 0.9176236375823994], "b5": [0.10032984902169335, 0.863632397088501, 0.8914635737203347], "b6": [0.08180827806302413, 0.9405770736008311, 0.8599733294140667], "b7": [0.9042920131568906, 0.9203014739291207, 0.8660442891799758], "b8": [0.16260276038470997, 0.9902980291207232, 0.8912029650782006], "b9": [0.540439611482389, 0.9732565269300543, 0.8985590622118711]}