{"b0": [0.5829788106963899, 0.9906380419996456, 0.9310207103505185], "b1": [0.3589835195005053, 0.9851277871501781, 0.8235599727050635], "b2": [0.88593566880889, 0.9560216293688686, 0.8370267243478244], "b3": [0.9787132480929178, 0.8941052244261329, 0.8413083369204906], "b4": [0.08421496179111004, 0.9577074245409716, 0.9310823180420809], "b5": [0.00873820799366502, 0.8762797899484294, 0.8486426413706977], "b6": [0.1626667292411099, 0.9863572016750445, 0.9622007474817945], "b7": [0.1636508708183178, 0.8700691193951025, 0.9047838502527624], "b8": [0.8621643972422656, 0.9881581193653528, 0.9875635577366613], "b9": [0.000643789038347638, 0.8830044481193292, 0.8523395629146863]}