{"b0": [0.09152760249417936, 0.988826454056915, 0.9540630854269572], "b1": [0.8726751757127214, 0.9355596259582049, 0.8566942988145356], "b2": [0.621736973666883, 0.9610502089405683, 0.8902013517809394], "b3": [0.805543820935188, 0.8413737183320782, 0.876580199027339], "b4": [0.30761802052305215, 0.9300701703658345, 0.9127486709663292], "b5": [0.16116954982325254, 0.9109276763114289, 0.9421834585511788], "b6": [0.8679142991071906, 0.8929104335082073, 0.9483648827411156], "b7": [0.9055716062210106, 0.9452749140943518, 0.8094270223144996], "b8": [0.7456694827006274, 0.9906097508611412, 0.8931155484284049], "b9": [0.6087052137572279, 0.8921336882745655, 0.8835140936508384]}