{"b0": [0.013863127945548942, 0.9564579554048673, 0.9494263275225688], "b1": [0.1493216936265759, 0.819094017353763, 0.8489495745833255], "b2": [0.6030354979815095, 0.8852769112869174, 0.9814501483952056], "b3": [0.665135619565866, 0.8734869071787693, 0.8407070913659915], "b4": [0.15191851765829578, 0.98604218556076, 0.8632205020185907], "b5": [0.1118636248605394, 0.9953466776411637, 0.9797800071846794], "b6": [0.6031595376624803, 0.8729661687715791, 0.9100762712310838], "b7": [0.1630144226507932, 0.9466410444117073, 0.9026294092879847], "b8": [0.9972435808080433, 0.8534696198668302, 0.9600195955692072], "b9": [0.7053481455004345, 0.9737382281164283, 0.9189243734276715]}