{"b0": [0.6150001202325535, 0.941276771000077, 0.9188974165652053], "b1": [0.7541395642323704, 0.9788892801896474, 0.8945471072816024], "b2": [0.33630489467875846, 0.9750327211413101, 0.8418161232144424], "b3": [0.5706266512545237, 0.9302760019475318, 0.9648498006446172], "b4": [0.7525755756675312, 0.9807587199434795, 0.860229612887114], "b5": [0.7920311389031025, 0.8150440877852205, 0.8525264060381089], "b6": [0.3080652590377294, 0.8677103554752026, 0.9046206706312789], "b7": [0.9827845866554695, 0.8823700703864423, 0.9870904160809992], "b8": [0.6018672342049891, 0.8923456698517706, 0.8535317161945105], "b9": [0.5811979952194871, 0.9810794898025683, 0.8155469697551959]}