{"b0": [0.16812903683902647, 0.9019028671397133, 0.9294807342966913], "b1": [0.003195780668480193, 0.9452210888329595, 0.9002335287630112], "b2": [0.3009775495355612, 0.8683227280228989, 0.8577131914439124], "b3": [0.8593312481370406, 0.9751550827978247, 0.9728672630940661], "b4": [0.334285831532709, 0.9366434117056583, 0.8003463202207572], "b5": [0.15684072119636583, 0.9786359165126461, 0.8671083782088002], "b6": [0.5801844141894038, 0.9838298560601457, 0.8120425139858699], "b7": [0.1724703637708944, 0.8813752832303492, 0.8263439484705961], "b8": [0.15645717629717878, 0.9124199112704394, 0.9978673669600281], "b9": [0.8417985922280518, 0.9820567179764212, 0.8927994238082632]}