{"b0": [0.1593432236353989, 0.9560168763441205, 0.9075076272914758], "b1": [0.16309847509718836, 0.8196400064443949, 0.9630155751100468], "b2": [0.11266452326854495, 0.961462044585145, 0.8352402978190012], "b3": [0.334061816841328, 0.9110729014118144, 0.8678165033160226], "b4": [0.16337268226591967, 0.9438893446304304, 0.8648213325496663], "b5": [0.15197676008943037, 0.9017175343610715, 0.8353442803893639], "b6": [0.8657309489686602, 0.8986133575963207, 0.8815547449786582], "b7": [0.35876868011416774, 0.9480111972951231, 0.9090935319542148], "b8": [0.8630415297589856, 0.7746443528609531, 0.8698971512027532], "b9": [0.9925359932395823, 0.919709869061692, 0.8387276394171669]}