{"b0": [0.864541572704001, 0.9903010786519184, 0.8805993571843567], "b1": [0.8427669160612072, 0.798497977487629, 0.9988855386014233], "b2": [0.16319756146767403, 0.9240091019891052, 0.9452410618240161], "b3": [0.08015501677841858, 0.9828431934216735, 0.8607725305462353], "b4": [0.5410406518645866, 0.9235065385524479, 0.9755520295381893], "b5": [0.15708653428909575, 0.9861380711006579, 0.8446428256808717], "b6": [0.09842397907947875, 0.8902163870514772, 0.8598939520775167], "b7": [0.8625248069104073, 0.9635037283246103, 0.939180190657436], "b8": [0.16189317561295943, 0.8758843097361836, 0.8805058356810627], "b9": [0.16068475022257492, 0.8473692468854537, 0.8936317254953045]}