{"b0": [0.1712534490055533, 0.853780607066522, 0.9531304737430135], "b1": [0.35341163719884855, 0.964647751883615, 0.9418832006838493], "b2": [0.8734673694953421, 0.9779300268695862, 0.8450262311724981], "b3": [0.15745809222021848, 0.8205020278831231, 0.880711483924726], "b4": [0.9045811431268812, 0.8443813985125449, 0.8848007741055176], "b5": [0.9963313861735165, 0.9115072722814525, 0.819007643409723], "b6": [0.8748418879210091, 0.8051647951422286, 0.8282963415378652], "b7": [0.15681956838062094, 0.9708534632870076, 0.8472121674931666], "b8": [0.1473138477899464, 0.9655496806328198, 0.9569582179756497], "b9": [0.8670629949123385, 0.9865758862170741, 0.8589709836756744]}