{"b0": [0.14976452909600596, 0.9933996658947832, 0.974847520964588], "b1": [0.8767659840615312, 0.9446510464739274, 0.9328004844563833], "b2": [0.87963197914476, 0.8274962565140842, 0.9961274497805502], "b3": [0.17593187848100744, 0.9676271723559996, 0.8895954587200575], "b4": [0.16337704534299247, 0.9582640095757998, 0.9819452555842362], "b5": [0.1639558524843115, 0.7735161880146744, 0.8145946514756708], "b6": [0.30332973811362507, 0.9787305952542296, 0.8109012262327954], "b7": [0.15227994220567734, 0.9084553123371352, 0.8406315541745494], "b8": [0.33718409160501667, 0.924356061114009, 0.9316493270351575], "b9": [0.6271351578990855, 0.9403763498479649, 0.8313860382291755]}