{"b0": [0.1683811096693361, 0.9569558494136591, 0.8418100526173824], "b1": [0.07829445213956483, 0.9205745899386857, 0.8712104441400932], "b2": [0.009335174028364947, 0.883752908290505, 0.8967883321412855], "b3": [0.9003933223881478, 0.9997715090503928, 0.843117787724232], "b4": [0.6762839093403831, 0.897439529790706, 0.8055608521547317], "b5": [0.011188450176029987, 0.9147607746404269, 0.9337941682918115], "b6": [0.013072187088555119, 0.995531902113209, 0.8583688330890706], "b7": [0.916109370739679, 0.9844765625395608, 0.8635901339497041], "b8": [0.28057897064391707, 0.8164429418743421, 0.8831617047275243], "b9": [0.9334098967903786, 0.933799557776049, 0.8252111921621232]}