{"b0": [0.98578978173218, 0.8979548387218785, 0.821316267369085], "b1": [0.9977755243716327, 0.918565070103636, 0.9202343151424011], "b2": [0.9845070603573015, 0.9694053274860771, 0.8801260397560904], "b3": [0.022013355009984803, 0.977484234902065, 0.8964677383151581], "b4": [0.31309227098923037, 0.7836541455688593, 0.9860442924692362], "b5": [0.6189274614138728, 0.9005161946523937, 0.9537913870829453], "b6": [0.998423052105083, 0.9051698333189274, 0.9220331391749703], "b7": [0.6425189585045108, 0.9057269398454403, 0.9980020890456367], "b8": [0.9391218935590373, 0.9800141553326395, 0.9565567015049733], "b9": [0.34907263176164127, 0.9245850192601339, 0.9995977961162622]}