{"b0": [0.9752293761685807, 0.9832416901772061, 0.8401271777443133], "b1": [0.9937072055526408, 0.9179935173822343, 0.9086614239132064], "b2": [0.7239199406780865, 0.914070562310432, 0.8870209855704363], "b3": [0.9862198952850929, 0.956900925236003, 0.9590807879199095], "b4": [0.004074216140716328, 0.9463850111400653, 0.8930370319291842], "b5": [0.16389824546050089, 0.8898288405515876, 0.9318174948197405], "b6": [0.7629826664444127, 0.8893514193702566, 0.9092495703875998], "b7": [0.016653631527599605, 0.88120939678591, 0.9070463594230003], "b8": [0.011775334785076285, 0.8820449433888911, 0.8155915404947691], "b9": [0.6195087090253264, 0.9419583689710787, 0.8603474588835127]}