{"b0": [0.020330770773760366, 0.9791826718157721, 0.9639790171577642], "b1": [0.09401515944366827, 0.9822461693186814, 0.8283055519481728], "b2": [0.9959857052556625, 0.966870583381964, 0.9524490124602681], "b3": [0.7382250950691049, 0.8205013230925533, 0.8902037414018581], "b4": [0.7598881765590836, 0.8666548561875733, 0.8611494566355097], "b5": [0.7446112635255763, 0.9303266815209059, 0.8264680351275271], "b6": [0.9918256316119707, 0.9368310954589704, 0.8152253521173354], "b7": [0.9890948062382978, 0.9606005140560163, 0.926122301488251], "b8": [0.3160326441063052, 0.8538158454995761, 0.9652601323259365], "b9": [0.8492139046900334, 0.898884347808833, 0.8207068481195318]}