{"b0": [0.008622419840009492, 0.9211554693065491, 0.914792915472449], "b1": [0.7444595870464735, 0.9578799009888658, 0.9564669191991545], "b2": [0.5524127582684923, 0.9964476995913887, 0.9997535469931749], "b3": [0.7415759615771192, 0.9771833976251125, 0.8758597117057235], "b4": [0.989196868795421, 0.9202021193738171, 0.8476806938298271], "b5": [0.9875328532720269, 0.9743069706272972, 0.8807519456839294], "b6": [0.9761034739490563, 0.9941788874750271, 0.9180481484044087], "b7": [0.16573972770348622, 0.9290816106274029, 0.9100678810645114], "b8": [0.9840290775118361, 0.9736892919485415, 0.9809784444687831], "b9": [0.7715311647819187, 0.9443993572376428, 0.9337750327267145]}