{"b0": [0.9954756740375567, 0.6488795093907926, 0.9532869498338578], "b1": [0.9872728885574763, 0.878847258972743, 0.8276045508180904], "b2": [0.9856199616428918, 0.7310468771274009, 0.819442419791948], "b3": [0.03469518393187115, 0.9974569478064353, 0.9365919476335618], "b4": [0.9928240702668099, 0.9971370461923261, 0.8530656590478799], "b5": [0.7752129939894097, 0.9984645164160207, 0.9971123161841051], "b6": [0.6194637209071141, 0.9439521345763373, 0.9009423087352498], "b7": [0.036854517319434815, 0.9138214730966853, 0.9240070751858184], "b8": [0.7428790124573272, 0.9408321244260983, 0.8237675058942879], "b9": [0.7313659546491214, 0.9528349815367705, 0.8311106991210154]}