{"b0": [0.7716937837780613, 0.9761740536942324, 0.8827614003267615], "b1": [0.7126711669557748, 0.97958875856006, 0.8205561310589685], "b2": [0.9887902219346334, 0.9686879161874767, 0.8061762310804744], "b3": [0.9893538688845261, 0.93988430607615, 0.9560501844775254], "b4": [0.9980630085536168, 0.9064006950297214, 0.8590772793063577], "b5": [0.09549608132892223, 0.9387547295511999, 0.9425742454521862], "b6": [0.7488930689257347, 0.9362279435074738, 0.8216683109339], "b7": [0.7052280263056209, 0.9886673030304278, 0.9739232747982536], "b8": [0.008917460585684534, 0.8490003398249274, 0.9529091057377047], "b9": [0.7366097981077436, 0.9447835493625942, 0.9919413956468758]}