{"b0": [0.37908152672414447, 0.8937193232889237, 0.9450577788631409], "b1": [0.09125461450098066, 0.9677920732782621, 0.8770996468021062], "b2": [0.608284654791752, 0.9286033228016857, 0.9947529960806193], "b3": [0.7286213245282995, 0.9630266045507425, 0.8348935275863585], "b4": [0.07338920248512792, 0.9957246067474486, 0.8621048724413695], "b5": [0.16183536472181817, 0.8565378522516569, 0.9749467921502315], "b6": [0.7390057868427057, 0.8797805151315404, 0.9856147755348623], "b7": [0.746446666600831, 0.9473771915997062, 0.898904959540693], "b8": [0.15754225562793298, 0.8951187398678161, 0.9867626769004424], "b9": [0.08450159319394362, 0.8324566041845155, 0.9042916810221161]}