{"b0": [0.06797023834543982, 0.9999549487935, 0.8015675961399239], "b1": [0.5503033440741129, 0.9550834768630129, 0.9804166382770942], "b2": [0.08985406193938335, 0.8398886568528201, 0.919425133866208], "b3": [0.08023921521651327, 0.9872721050435355, 0.9885516218508472], "b4": [0.9893871017304595, 0.9077810264599477, 0.9126669533795968], "b5": [0.8619126505219736, 0.8262715705926338, 0.892159665489624], "b6": [0.6717322655393381, 0.8192835401697116, 0.811577978482617], "b7": [0.16677756165293756, 0.9631138536210913, 0.9860096857122957], "b8": [0.023154785334784288, 0.9149772088921847, 0.9530905266508956], "b9": [0.08822029908824648, 0.7777030246447408, 0.8292414003556342]}