{"b0": [0.09181631541559448, 0.8865618290183237, 0.9848126928480465], "b1": [0.8701525557761548, 0.951000345930683, 0.812466441425446], "b2": [0.6406224255870369, 0.8973051917768013, 0.9715524067182446], "b3": [0.603267388344129, 0.8314278816626421, 0.9531449554788349], "b4": [0.0012727546485755237, 0.9000704371632989, 0.9136449698836642], "b5": [0.9107166277562574, 0.9725705724238288, 0.9466146189821802], "b6": [0.6672444967990239, 0.8268764608170112, 0.8625409796916389], "b7": [0.16499208771912652, 0.8088465753940427, 0.9031355210779856], "b8": [0.0796708205215559, 0.9085553219910646, 0.996741373036169], "b9": [0.893949662489667, 0.9801079332878807, 0.8586361488796217]}