{"b0": [0.5611626077445182, 0.9818118183843539, 0.8004398800554477], "b1": [0.16054029303507608, 0.9957934762691448, 0.9254362198251905], "b2": [0.15876522230991896, 0.9991836236657679, 0.938132575179178], "b3": [0.7353789622025705, 0.9996487745173964, 0.8985367336545788], "b4": [0.15772819284069167, 0.951905499353222, 0.8261434275882994], "b5": [0.9999900892906116, 0.9269762358727054, 0.8426566458015552], "b6": [0.627109024128843, 0.9478200214944812, 0.8564794375422524], "b7": [0.40288990523961404, 0.9111826826635258, 0.8726216643959869], "b8": [0.760886969553217, 0.9632070539586117, 0.9714349982932329], "b9": [0.6067907203466171, 0.9992564428385725, 0.804974457653318]}