{"b0": [0.00902898115175467, 0.8716499995296151, 0.8351881228543254], "b1": [0.16576335365258466, 0.9353477762004335, 0.9384581319612141], "b2": [0.9779855497235623, 0.9989872639600786, 0.8545632000765968], "b3": [0.9937383040969244, 0.8409025113129802, 0.9408571611706804], "b4": [0.15853048670917697, 0.879011070725849, 0.9669156697714871], "b5": [0.15164561751289793, 0.8306758841741761, 0.8872580240218866], "b6": [0.7426233596351746, 0.9334790806605651, 0.9387181453012542], "b7": [0.6136070362298696, 0.9218884176730155, 0.9247512341984705], "b8": [0.17118306681742737, 0.9945130647845417, 0.972572853412252], "b9": [0.08357244461006065, 0.8897141855327685, 0.9998724367248188]}