{"b0": [0.8647711454077409, 0.8391558234489433, 0.8222389126520254], "b1": [0.35275419049464196, 0.939390447194587, 0.8965574654522641], "b2": [0.1536173008213425, 0.950859399612958, 0.9555058022259465], "b3": [0.15559775257735448, 0.8399250002345052, 0.8291569135545275], "b4": [0.001503456873407906, 0.9965878054631577, 0.895219090515052], "b5": [0.07269443691183203, 0.989200549796071, 0.8624906838749818], "b6": [0.9936272542802344, 0.9714233860417991, 0.8582937118453826], "b7": [0.8732633163397712, 0.972153420289127, 0.8321369794795729], "b8": [0.8681823251032084, 0.9850288919993503, 0.9954257405006075], "b9": [0.990253326544837, 0.9790570493034374, 0.858833490544357]}