{"b0": [0.9007553005950644, 0.7588997819973403, 0.8332165260455773], "b1": [0.9960600708385647, 0.9071250931592441, 0.9562564757150191], "b2": [0.020610182888596014, 0.8898647212107994, 0.8235869185187421], "b3": [0.0007844610491302299, 0.9023731944498757, 0.8194151913948187], "b4": [0.022312078183633045, 0.8564814018310151, 0.9649105073372699], "b5": [0.15801467269903788, 0.8823494691557934, 0.986320559704119], "b6": [0.16784165573969226, 0.9963472749424669, 0.9826382432401395], "b7": [0.8680527400040343, 0.8681665974083562, 0.8579225836759059], "b8": [0.0006720085356725265, 0.9224370470789203, 0.8425008792163379], "b9": [0.015921858703353917, 0.967263771678185, 0.8121994307136932]}