{"b0": [0.15426947185185155, 0.9403908798772119, 0.8176939123048972], "b1": [0.17565328856265464, 0.936174097628596, 0.8546114209334891], "b2": [0.016161988180892265, 0.9619655666428806, 0.8009285062121279], "b3": [0.9996597138190565, 0.991965145694367, 0.9606055106357424], "b4": [0.9859916551317647, 0.9923122952724751, 0.917993980478401], "b5": [0.9723875778661042, 0.8607887538364971, 0.8871742418792026], "b6": [0.8780909416455458, 0.9993357992990198, 0.9362811121619399], "b7": [0.8928955274971205, 0.9293523653890774, 0.8623039270778406], "b8": [0.9936775586388035, 0.9221658151618085, 0.9630806311992156], "b9": [0.861482484463011, 0.9347604983068571, 0.9528383431730368]}