{"b0": [0.16431711946194086, 0.9979660688488451, 0.9251623369983816], "b1": [0.02099107489523847, 0.9026588981146938, 0.9721865566286748], "b2": [0.3273173294774411, 0.8759529588421057, 0.9680552954306553], "b3": [0.9921307394992611, 0.9552148150989664, 0.9913709556629118], "b4": [0.17202435881625516, 0.9570312715130476, 0.972857267225018], "b5": [0.16010578502489686, 0.9617947166954514, 0.9519507247242585], "b6": [0.003844515266623993, 0.872757207595961, 0.920074079590634], "b7": [0.9961145646118483, 0.956344889562602, 0.8964894182422601], "b8": [0.9749457899508048, 0.8261606023673435, 0.9274659524580335], "b9": [0.8566182665227962, 0.9355168489331568, 0.8394917467081962]}