{"b0": [0.8585411434567629, 0.7853212812323122, 0.8307145901290746], "b1": [0.9783092441045362, 0.8962149100993314, 0.8200963325164647], "b2": [0.9865935978385896, 0.9208011310939456, 0.8732710565650362], "b3": [0.022606127204881723, 0.9741406750270666, 0.8356437267659448], "b4": [0.15309140341714436, 0.9532573533975317, 0.8964701404457475], "b5": [0.8940674854845099, 0.979619971560557, 0.9930092670063975], "b6": [0.08396743177589297, 0.9156116674615731, 0.9113369440269753], "b7": [0.9066708329268935, 0.9921865485481132, 0.9640556210280548], "b8": [0.15534279699334375, 0.9303927599222135, 0.990300700208242], "b9": [0.15922121492134167, 0.996924468756087, 0.9729332480759996]}