{"b0": [0.908019791928877, 0.9244888282001348, 0.8048517475601912], "b1": [0.6841716793983946, 0.8756871910412026, 0.8765156014926666], "b2": [0.00027270718095514184, 0.9747715692393367, 0.9863487125772477], "b3": [0.757666942835295, 0.948387725158455, 0.9921626202792936], "b4": [0.9653231087793448, 0.9733890211590286, 0.9831085409444259], "b5": [0.1543260891130497, 0.89875100188175, 0.9256659664733384], "b6": [0.7666414084006337, 0.9688985644437998, 0.9888109377158399], "b7": [0.893764310723098, 0.9376687432698185, 0.8586219017138551], "b8": [0.0031854296059506183, 0.9869785628389667, 0.8502682836880652], "b9": [0.8625303757286197, 0.916396644173388, 0.833485783105659]}