{"b0": [0.15798131592058412, 0.8919423555927743, 0.847913689475519], "b1": [0.6139124829944347, 0.9893882089405224, 0.86160116657113], "b2": [0.007212549511954967, 0.9474243580803346, 0.8582406857116758], "b3": [0.7899870141674783, 0.9982440658436341, 0.9839447964756566], "b4": [0.902419934509509, 0.966529628224206, 0.983132493984677], "b5": [0.716603417114689, 0.8530960148157841, 0.8768341846061424], "b6": [0.34990558522737436, 0.9308915152718857, 0.8826365092812714], "b7": [0.0814764065593032, 0.7407864183761516, 0.9059063001156907], "b8": [0.8456720331067981, 0.9814288653603712, 0.9475910821030809], "b9": [0.0913324784383647, 0.989021343609091, 0.8314270896262111]}