{"b0": [0.1644585657822, 0.7751712097678771, 0.9970154053770615], "b1": [0.7716533543797738, 0.9850088575075735, 0.8892095996711437], "b2": [0.8902007283049188, 0.8183774256532872, 0.9206020305843965], "b3": [0.7401433778920995, 0.979424987864249, 0.8926577970689471], "b4": [0.6008253532034405, 0.7552317099622589, 0.8745071378689333], "b5": [0.8361909471210247, 0.9072367175588643, 0.9196310494072459], "b6": [0.04964088864472405, 0.9018836558434161, 0.9685140598575327], "b7": [0.15933031482641058, 0.9456004931181176, 0.839697422902399], "b8": [0.89881582921176, 0.9787333264042521, 0.9364888163135038], "b9": [0.7484687124337348, 0.9058341318545403, 0.8505135211599358]}