{"b0": [0.8634495078594937, 0.9684363467618614, 0.8279982899487821], "b1": [0.8798186571569214, 0.9889183025770469, 0.9113127169034573], "b2": [0.5412126348831212, 0.8520445623770171, 0.9511382134225991], "b3": [0.3862972563577852, 0.9857249549077532, 0.9853803290182721], "b4": [0.07994837352054902, 0.9036144009563901, 0.9216951915019733], "b5": [0.7589643030480954, 0.9451159850833235, 0.8321394747128784], "b6": [0.07948455761788374, 0.982892301981732, 0.9529057422728254], "b7": [0.03720338287579423, 0.9616225106063075, 0.9753940361400859], "b8": [0.8783065013020659, 0.9717607567990377, 0.9232961196407633], "b9": [0.09721283052483555, 0.871721351386615, 0.8059104501907458]}