{"b0": [0.015190131874875867, 0.861874557413913, 0.8721636744696147], "b1": [0.14832698158098329, 0.9649904661951136, 0.9701869565252222], "b2": [0.16302210190720567, 0.9389503245954947, 0.8976342341062149], "b3": [0.9917980670824275, 0.8612204638721228, 0.8315388805781524], "b4": [0.9164016394112054, 0.9478754580139612, 0.9664798755402666], "b5": [0.9710189655314645, 0.8914119161970236, 0.9575454811792521], "b6": [0.8271341122351117, 0.879714651911236, 0.9763676359281379], "b7": [0.8413191188120557, 0.7839570836304474, 0.9811426632547194], "b8": [0.7309017403887098, 0.845789727230389, 0.9188373300677621], "b9": [0.31906280054724895, 0.9101052964898279, 0.8878392963576931]}