{"b0": [0.16222640063706972, 0.9777045728895544, 0.8628519168222448], "b1": [0.8753445411602236, 0.9273107064088956, 0.9202636783990783], "b2": [0.16875147180966632, 0.9678990394324489, 0.8099676949696533], "b3": [0.9675702210705721, 0.9400303879154314, 0.874563130451176], "b4": [0.9860682720118444, 0.9877604890693604, 0.9066416227563281], "b5": [0.007982299872012658, 0.9240294320784694, 0.8293440474526195], "b6": [0.16522715440752275, 0.9481558029710706, 0.854832558379697], "b7": [0.8704444018258706, 0.9980063443107403, 0.8139529297867009], "b8": [0.3494610575931978, 0.8404728757569495, 0.8179691645971787], "b9": [0.9803918187720997, 0.9862628733021213, 0.9650586122357941]}