{"b0": [0.9288725244570445, 0.8401133005476286, 0.8159612130696356], "b1": [0.16065848998293422, 0.8431009785685849, 0.8173726917224567], "b2": [0.15370723520178245, 0.9135392170603513, 0.8183220978021376], "b3": [0.9983732090932415, 0.788845056140353, 0.8955618155850974], "b4": [0.007106479457486382, 0.8962667954638934, 0.9049637156101751], "b5": [0.005334559783127085, 0.9371751496597567, 0.9443090861250535], "b6": [0.16751215416692275, 0.9860495951500673, 0.893831292302614], "b7": [0.15662588678632314, 0.8490688591654657, 0.8140252430760867], "b8": [0.013262663858776063, 0.9479280667940982, 0.8403031743988332], "b9": [0.9893884764590362, 0.8863586169366084, 0.9897626718244829]}