{"b0": [0.10219264062807966, 0.8963684910031248, 0.8166312309829229], "b1": [0.16731335224691107, 0.9060849176774549, 0.9999778851315121], "b2": [0.8805623833761438, 0.834244464979029, 0.9570527859112902], "b3": [0.8451467734937165, 0.9544481213031863, 0.8756665177957171], "b4": [0.16064940505682304, 0.8874829611651159, 0.916911864517403], "b5": [0.03494527416276003, 0.6890301225862098, 0.9464433373411697], "b6": [0.012388139323396885, 0.916923862037065, 0.9784154073965403], "b7": [0.0186933400884473, 0.8724372491429082, 0.8782887741527713], "b8": [0.32495422017917724, 0.9765028373896181, 0.8515832075757244], "b9": [0.8201101553133643, 0.8841555648378845, 0.9512143050523502]}