{"b0": [0.1569832762829557, 0.8970767283900015, 0.8691029842266932], "b1": [0.1630016892986453, 0.9722406160710803, 0.9948013484965449], "b2": [0.3414614699688188, 0.8902511872174341, 0.8998949775614394], "b3": [0.8653862956465612, 0.8984505237935895, 0.816416937028269], "b4": [0.9969313562022302, 0.8465181978473447, 0.8905470284171622], "b5": [0.8496299273664918, 0.9787214334429661, 0.9809947950195993], "b6": [0.0005234172281902218, 0.9960827239612782, 0.967195237545912], "b7": [0.987953029822654, 0.9710773308610037, 0.9849987703570329], "b8": [0.8467085898360556, 0.9033979335786855, 0.9229853636393469], "b9": [0.15831589053429773, 0.9345513836548323, 0.9996736172556608]}