{"b0": [0.8617842656362129, 0.9894659569469617, 0.9757547928956507], "b1": [0.08535515877862519, 0.6941628944656684, 0.9601760807942172], "b2": [0.8711811917316516, 0.9606965241952881, 0.9997632566041775], "b3": [0.7098026170035133, 0.9023085119237285, 0.8114059222018675], "b4": [0.04097163014531459, 0.8041289801897881, 0.983204780124656], "b5": [0.09168127183515723, 0.9452854261778032, 0.8403844297835282], "b6": [0.3134662608445265, 0.9780533126335862, 0.8722400908380448], "b7": [0.8885111534748424, 0.9651848998890757, 0.8415939833173057], "b8": [0.15360706055715848, 0.9727585751119886, 0.985622669269898], "b9": [0.8709633384291918, 0.9243870860927267, 0.9868699373467408]}