{"b0": [0.10843258932637513, 0.9490330390048262, 0.8748176024905772], "b1": [0.33424781688704136, 0.9233486021100541, 0.9186655870481725], "b2": [0.36268694540038027, 0.9127977740873672, 0.935488275945895], "b3": [0.34848287362646935, 0.9517064139695808, 0.8995730396132336], "b4": [0.01624042829655237, 0.9677418018080857, 0.9545896438197579], "b5": [0.08551282967871365, 0.964493400852291, 0.9778656937281529], "b6": [0.00020683711971893084, 0.9761844748457161, 0.9070326280616188], "b7": [0.15880620504997, 0.974536064310017, 0.992288132236084], "b8": [0.6542638919092417, 0.987975655287392, 0.9184346728258985], "b9": [0.7798228001690523, 0.963181488135864, 0.9074596101691655]}