{"b0": [0.35383090858420224, 0.8917284436003599, 0.8068048977559218], "b1": [0.006962584686303407, 0.9534493907855794, 0.9434740038826034], "b2": [0.16447654622325586, 0.9483094006198192, 0.9116707898569985], "b3": [0.1621625577660918, 0.9920994615615198, 0.938725755876675], "b4": [0.6036972436149292, 0.9761637269861919, 0.958134667508636], "b5": [0.16379629353477435, 0.9830927031782961, 0.90119563496686], "b6": [0.8704360963639989, 0.9510155962845, 0.9144326299061529], "b7": [0.6420179675787173, 0.7861922799999189, 0.9604932273767575], "b8": [0.6060869189746642, 0.9400040371040707, 0.9427676044572532], "b9": [0.9884904175728377, 0.947331833991824, 0.9559290419153124]}