{"b0": [0.5814948684868928, 0.8625665026710726, 0.9972266571582558], "b1": [0.7613794254745637, 0.9854628654430955, 0.8051227220521946], "b2": [0.6438972369531634, 0.9576796904921981, 0.9800235460631583], "b3": [0.6378874600444241, 0.9023821403532376, 0.9361546073915281], "b4": [0.707932194117309, 0.9702462680171777, 0.8105111922917577], "b5": [0.33627404374544967, 0.9531134245466097, 0.8449209949525767], "b6": [0.07637817381002822, 0.9937095714198336, 0.876255554585969], "b7": [0.997580366838709, 0.9609881246273718, 0.9895390520016305], "b8": [0.6070359468217784, 0.8548880319559663, 0.8298929513499536], "b9": [0.795655841195739, 0.9833824433464627, 0.9074334289995559]}