{"b0": [0.6535989107655611, 0.958849958459858, 0.8866834729474762], "b1": [0.9911199242176301, 0.9605817748435009, 0.9883656661355873], "b2": [0.6095365820949041, 0.9845908168613298, 0.852150980508884], "b3": [0.6021677406757382, 0.9725814419572488, 0.9754454169812419], "b4": [0.018935858930846903, 0.9275998537899737, 0.9923336492384677], "b5": [0.35078594758417253, 0.9116310808725901, 0.9534691259978161], "b6": [0.5581255387249486, 0.9830469879002156, 0.9093184031213716], "b7": [0.3087134607805695, 0.9322182291700694, 0.8578592635024145], "b8": [0.31880534057866133, 0.9276523004354881, 0.9971205378401478], "b9": [0.3334799522256977, 0.9623697732706293, 0.9926514310118919]}