{"b0": [0.29942873934428077, 0.9966881926731865, 0.868744744192976], "b1": [0.8898600529422279, 0.9241540424094975, 0.9772993216776683], "b2": [0.0603458317434886, 0.97034335139867, 0.9581552838713745], "b3": [0.333441980996462, 0.8920669924707697, 0.8819349571424969], "b4": [0.10601664193659129, 0.99949273116783, 0.9079845512609788], "b5": [0.8959272248304927, 0.9287945950513907, 0.924510370119182], "b6": [0.6248579583428024, 0.926827114365956, 0.9215412510943901], "b7": [0.6311512246788555, 0.8484926740102803, 0.998705782231479], "b8": [0.9991640363782223, 0.8637128174349372, 0.8775461118420406], "b9": [0.9950043340683918, 0.9556992597008717, 0.920772175605468]}