{"b0": [0.09875102347391101, 0.9531375824477679, 0.912604730943496], "b1": [0.9799485298324561, 0.8304750318750416, 0.9717787153140344], "b2": [0.545724283368951, 0.9743514663035218, 0.8764993789372032], "b3": [0.6299218605576897, 0.8694276035457804, 0.9999812638820968], "b4": [0.8672280185343173, 0.7840308052789905, 0.8143052508655104], "b5": [0.3417510312400128, 0.9880383790408347, 0.9249117524792854], "b6": [0.006238366899756406, 0.9185071856794079, 0.9547330522085044], "b7": [0.3296571904247652, 0.8174204237194985, 0.9436325976468194], "b8": [0.09269237464121143, 0.8290058752013172, 0.8125395321630299], "b9": [0.9045675359570643, 0.9563097595340091, 0.8441196224781814]}