{"b0": [0.986072228793423, 0.9544310653641187, 0.9733217830033044], "b1": [0.7353326201993471, 0.7098119600647138, 0.959101858339246], "b2": [0.9965052174812685, 0.9149466207488101, 0.8884870685008849], "b3": [0.6294786205212483, 0.9721616209570307, 0.9198204019458092], "b4": [0.15933420396873557, 0.9706201864467898, 0.8348503824024256], "b5": [0.599958718045026, 0.8628701221327684, 0.9162091050075134], "b6": [0.3368109977213906, 0.9341216489600268, 0.9260599514967192], "b7": [0.34205954594462534, 0.9225304460905354, 0.8662485576852211], "b8": [0.9861316584145848, 0.8725241087324602, 0.809803916312381], "b9": [0.00014183653030652631, 0.8537488226654176, 0.9738043409372095]}