{"b0": [0.16589195012020175, 0.9139294243820476, 0.8884522858636329], "b1": [0.16624157246538893, 0.9531095560895602, 0.8008018781149456], "b2": [0.5817403062189511, 0.924114367451056, 0.8522912173935201], "b3": [0.8864367505819021, 0.9307889016487759, 0.9223835064110579], "b4": [0.005723979729844532, 0.982113484910317, 0.9893910651948365], "b5": [0.0037793254721723204, 0.8684128821549244, 0.8648663592626774], "b6": [0.15141057828521348, 0.9685127844717468, 0.9473322462892324], "b7": [0.005274794198295696, 0.9781384997903967, 0.9908572270074173], "b8": [0.747851191226731, 0.9358394977219084, 0.956293986470892], "b9": [0.3089094064364122, 0.9164732305483207, 0.9243020277947483]}