{"b0": [0.06887365911092234, 0.9834333337829961, 0.851967905362144], "b1": [0.15399148979460336, 0.9965735894579275, 0.9953933269470191], "b2": [0.5798981802080148, 0.9123659783885522, 0.9392016517594429], "b3": [0.00812971773933494, 0.9785764206515217, 0.9814173441963417], "b4": [0.08008589492364808, 0.9674743289948892, 0.9966077356481421], "b5": [0.16682609320878647, 0.9478316392181979, 0.9714035734531093], "b6": [0.012533864121503792, 0.9312342564135568, 0.9299679690842413], "b7": [0.1538031624322806, 0.9686101550840847, 0.9692313087963528], "b8": [0.07606606655084308, 0.8784554383245385, 0.9764304817425145], "b9": [0.9809363441317438, 0.8983695995775812, 0.9054382860288412]}