{"b0": [0.08024335005620349, 0.8973437808258682, 0.9891658975371017], "b1": [0.8984917251119318, 0.825540788820664, 0.846648664478887], "b2": [0.8943718871882876, 0.8556882395077909, 0.8910378486120301], "b3": [0.3391688832057488, 0.9992553412273051, 0.9681805615474424], "b4": [0.7380773172622519, 0.9099880980869146, 0.9235218752969894], "b5": [0.3140266279145097, 0.9776565532829732, 0.9209908175020459], "b6": [0.003801096920287298, 0.9424531117840422, 0.8945617537805312], "b7": [0.7618635238884806, 0.9382577388642547, 0.8735315736163503], "b8": [0.17414100850081518, 0.9916239901408038, 0.8562846889700734], "b9": [0.7064925772804473, 0.9767502799692366, 0.9253961699687716]}