{"b0": [0.30692388495419287, 0.9786115856805828, 0.9348811752999866], "b1": [0.00019020829422482626, 0.9090897700677063, 0.8702827773766441], "b2": [0.9879481382203268, 0.9279646450552971, 0.9737015352079765], "b3": [0.8666507229662753, 0.8803246009941159, 0.9396414091389833], "b4": [0.03264218771340485, 0.9735360118956141, 0.9635315056630677], "b5": [0.8765425681183302, 0.9491577795407757, 0.8648122071001615], "b6": [0.1639473911556316, 0.9900623587899375, 0.89622237388745], "b7": [0.14806368374882722, 0.8871693278256143, 0.9842537565186659], "b8": [0.35211087645709505, 0.823160192676454, 0.9553553360450416], "b9": [0.16112486507984541, 0.9853715271974309, 0.9134661496074902]}