{"b0": [0.7461232314052242, 0.9567527864866241, 0.8509344733482845], "b1": [0.8957959590356309, 0.8849279666284308, 0.9342267824940532], "b2": [0.5952247127691577, 0.8183835070595536, 0.8416792090949212], "b3": [0.08635438646252912, 0.9082589193341866, 0.9332790466183042], "b4": [0.9849248071634107, 0.9404511508828648, 0.8127143387025886], "b5": [0.6289228247272693, 0.9776960276776727, 0.9580638440623366], "b6": [0.982177506928227, 0.9713131205596172, 0.8993553677578686], "b7": [0.5939606963742501, 0.9745412829733797, 0.9489052065109645], "b8": [0.666622023924075, 0.9031899050946222, 0.8422098779110552], "b9": [0.35900210160784723, 0.9462404821062708, 0.9963776670640897]}