{"b0": [0.06998042362030815, 0.9348907125149359, 0.8706440478756577], "b1": [0.17119564770349502, 0.9153305189988177, 0.9384396853574146], "b2": [0.34145242390153485, 0.8942896168690485, 0.8642973532874416], "b3": [0.9763427434339452, 0.925450448910182, 0.9994473074329511], "b4": [0.15101152596431983, 0.9646554157446543, 0.9228729340562103], "b5": [0.004376023604990446, 0.891298778186865, 0.8860112155363206], "b6": [0.3426254720842847, 0.871855172920674, 0.8613447625118453], "b7": [0.28396119034803613, 0.9601470149670205, 0.8156623050059787], "b8": [0.07883995928443126, 0.9158244519549043, 0.9885641869598208], "b9": [0.5890438950094764, 0.8969780627437358, 0.932101805168412]}