{"b0": [0.7608307400485123, 0.8311410132594363, 0.8143005330263599], "b1": [0.7622436034880341, 0.9725154419696226, 0.8751105347412497], "b2": [0.09252881256301125, 0.9339240604833061, 0.8846859178113889], "b3": [0.8493022286090925, 0.9119472323844997, 0.9650334563481658], "b4": [0.1654219407718971, 0.9112658524884562, 0.8196469115086508], "b5": [0.6945292675940976, 0.9372026632488261, 0.8789736190877252], "b6": [0.012198097805349573, 0.9262481981376441, 0.9403929062806988], "b7": [0.8552433541905852, 0.9559624109501837, 0.8535269743376607], "b8": [0.16720111928649256, 0.9508656058115492, 0.8798958637826398], "b9": [0.5992170631771642, 0.8817457015086984, 0.8689278117972178]}