{"b0": [0.9207339659768152, 0.9257129093284633, 0.9617269960872877], "b1": [0.7480510817865266, 0.934506747534591, 0.8118008109714495], "b2": [0.15381345441256639, 0.9825110417607439, 0.9755199340566577], "b3": [0.7622609693061854, 0.9516910333025311, 0.9734913325965021], "b4": [0.885118919885818, 0.7786320467001837, 0.9390654372059992], "b5": [0.6262757190699241, 0.9517871242388743, 0.8023948944875979], "b6": [0.006984475978423845, 0.9936684264121728, 0.8540373534997177], "b7": [0.7588596496921867, 0.9191119749985814, 0.9469187415264834], "b8": [0.9040096427844874, 0.9437779809080747, 0.9287974877733874], "b9": [0.16630935333821445, 0.7648762775637448, 0.9128317378859052]}