{"b0": [0.8804764149955581, 0.9660674608373874, 0.9444486197995344], "b1": [0.720076359509408, 0.9597014053835047, 0.9152319570576354], "b2": [0.8479319269963738, 0.9428961285240389, 0.9454908190000728], "b3": [0.7623963076002263, 0.9652780686665614, 0.9916964257304273], "b4": [0.34796233980626057, 0.99889952355989, 0.8127007847628495], "b5": [0.8922040375033263, 0.8863435685539071, 0.8772058739234326], "b6": [0.7383440592477182, 0.9383829373060851, 0.9840430867394673], "b7": [0.1050215262147534, 0.806931662933027, 0.8901295226119408], "b8": [0.982835328213673, 0.8861141250478609, 0.9823717289964994], "b9": [0.15790636250308793, 0.9995271482668237, 0.8907464970906728]}