{"b0": [0.3307670131634884, 0.9075592184386764, 0.8858868357309541], "b1": [0.8980615250309754, 0.9963580641190309, 0.9122903058352729], "b2": [0.9942062662894071, 0.8188561830366539, 0.9622541538586349], "b3": [0.6150699769361954, 0.9036228404776486, 0.8497479036176844], "b4": [0.3745955719542015, 0.9490840694169052, 0.9855919264544092], "b5": [0.5699774715835778, 0.9502699830492018, 0.8444012151017749], "b6": [0.8641810282494942, 0.9608812609591485, 0.9392364109251631], "b7": [0.09678519519382447, 0.7216557231271402, 0.9100122378711815], "b8": [0.5377417486909059, 0.9056084843063087, 0.9974304657345211], "b9": [0.5894628951717974, 0.9589659125248935, 0.9124902862636575]}