{"b0": [0.778868446593756, 0.9445177502002895, 0.8877644514133151], "b1": [0.5940530222439461, 0.9092783180549161, 0.9717421919603336], "b2": [0.8623015229952188, 0.9541846336583301, 0.8601133704974021], "b3": [0.020723860770141725, 0.9100138760940031, 0.915241743879596], "b4": [0.07583607117959658, 0.896095113137882, 0.8179591913430321], "b5": [0.863879991994324, 0.9275731580498717, 0.8587400991283201], "b6": [0.6451685615916277, 0.8614615278439774, 0.8715719074849274], "b7": [0.32432201418320816, 0.9216927662757961, 0.9523645284244526], "b8": [0.002044134641664481, 0.9453280126179964, 0.8065507514144113], "b9": [0.07507256652791795, 0.8677547562395143, 0.830304580427502]}