{"b0": [0.32773146581485996, 0.9121328188045565, 0.9883516473819209], "b1": [0.6668716792631474, 0.9048426125093394, 0.8085847531741481], "b2": [0.33017228154098327, 0.8343715645837403, 0.9679545101108874], "b3": [0.014007491311971185, 0.9763004248057809, 0.9904704847451744], "b4": [0.123128060788176, 0.9806185630701977, 0.9596500322302988], "b5": [0.013200342547429276, 0.9752416382208637, 0.8140566881839688], "b6": [0.31620530162843186, 0.8911263310581102, 0.8913199237581533], "b7": [0.8906943849290521, 0.8928836577113944, 0.9545327686076438], "b8": [0.3411684003141024, 0.9533677247724333, 0.992548883656256], "b9": [0.9986996929198879, 0.8698826678604235, 0.8862648144813725]}