{"b0": [0.6122807171327518, 0.9378078376734557, 0.8484094604959411], "b1": [0.9933506509950861, 0.8817479321577477, 0.9829901513329231], "b2": [0.6536962946187947, 0.8148929719444757, 0.8978489050046444], "b3": [0.33233552412828343, 0.9574167779144457, 0.9065965836098674], "b4": [0.10247985584332285, 0.9798695852296124, 0.9577759620103283], "b5": [0.9131657770819551, 0.7177007526836586, 0.8748013345648341], "b6": [0.8630949878199682, 0.9368931474085949, 0.881079469551841], "b7": [0.01386948133224826, 0.9745923579289826, 0.9059188781622658], "b8": [0.6469230093689774, 0.9151434182627186, 0.9113973848235963], "b9": [0.34701218046716326, 0.755247011417828, 0.8955145001224065]}