{"b0": [0.08027022472515873, 0.8957665349072869, 0.8796078840770539], "b1": [0.017290609635957622, 0.9769546917002353, 0.8190403284229959], "b2": [0.325600819311529, 0.8926442325732564, 0.8561054042622073], "b3": [0.8694622909280468, 0.9545521373400634, 0.9934545557390336], "b4": [0.026650058635724307, 0.9961638942221615, 0.8847722612861182], "b5": [0.3197537538165862, 0.9677028767338008, 0.9631364635417867], "b6": [0.329911824938473, 0.9775443969672666, 0.8732587984139912], "b7": [0.1690199605720598, 0.9887104246943713, 0.850947928988164], "b8": [0.17033701056662867, 0.9715306292212476, 0.8734427259845561], "b9": [0.0838857409648709, 0.8970969812136879, 0.9662955676212033]}