{"b0": [0.9173260914753049, 0.9501133506301322, 0.8591544734724375], "b1": [0.16513800073835067, 0.8149408545833414, 0.8483898450243151], "b2": [0.3178664061913695, 0.8642813590821491, 0.827115174097266], "b3": [0.3874013314921036, 0.9844989511814027, 0.8504336966538033], "b4": [0.9813421361172685, 0.9375586986818424, 0.8385543789518973], "b5": [0.6600866360665231, 0.8763493183350289, 0.8424176297125433], "b6": [0.012742237031111235, 0.9968027150080148, 0.828204657584182], "b7": [0.15887767912026532, 0.8598870601838335, 0.851615053277936], "b8": [0.652226763375935, 0.9947929405575537, 0.8902364091308886], "b9": [0.16212751514399504, 0.9949901306075223, 0.9712422664137935]}