{"b0": [0.16204003377199683, 0.9117456870854136, 0.8166508547958727], "b1": [0.9054698048831569, 0.8551294937254288, 0.8234526989642452], "b2": [0.5810063263183863, 0.9852280857891216, 0.8974572788939688], "b3": [0.6234112654063515, 0.9543473158244293, 0.9579164327350028], "b4": [0.9762753950538174, 0.9637818996332299, 0.8508039799867114], "b5": [0.16111773072167312, 0.8227271608324557, 0.8423924820630131], "b6": [0.16886277042738396, 0.8870049785979507, 0.9706087421743288], "b7": [0.004816390085450228, 0.837888207771303, 0.8195178155612857], "b8": [0.05535820975411347, 0.9883951766858968, 0.8936004608784779], "b9": [0.3220777955490437, 0.8500870458548044, 0.8471506408273278]}