{"b0": [0.3743425615109579, 0.8880741617902621, 0.843975812005251], "b1": [0.895859474379768, 0.9610556480824435, 0.8012105104484131], "b2": [0.28438195095424457, 0.9435476265779862, 0.8453542905460394], "b3": [0.8645078308907109, 0.9822644479863842, 0.8358149428193002], "b4": [0.34442234433491364, 0.858401510935923, 0.9756110980258822], "b5": [0.15468609976158534, 0.9118604475256583, 0.8215245047422616], "b6": [0.6265807688540436, 0.9512925626649197, 0.9806237202136896], "b7": [0.5952483476830234, 0.9989359764636102, 0.9137448365148338], "b8": [0.6078759492213582, 0.98710512617385, 0.9798596144363949], "b9": [0.8892741268476343, 0.8943642360229515, 0.8665856295454486]}