{"b0": [0.10323433090192119, 0.9123441032835531, 0.8047369967371902], "b1": [0.0794174005934031, 0.8347355820246665, 0.9671137588452755], "b2": [0.33426314228207876, 0.9446772070518802, 0.9912299156626861], "b3": [0.8654117375755722, 0.9674224522677618, 0.9082237362908967], "b4": [0.8954027606283708, 0.9396166817996238, 0.8500814865789026], "b5": [0.32988735253559265, 0.9553346810260323, 0.9693650453539395], "b6": [0.09058479149317998, 0.9648191684752827, 0.8347980988303938], "b7": [0.3063205935991206, 0.7881231157752476, 0.8839300672609691], "b8": [0.17135132983368578, 0.9756121145977928, 0.9524769079842388], "b9": [0.8438285817126925, 0.9501413543056535, 0.8380279556224055]}