{"b0": [0.721780301492429, 0.8728085419105891, 0.9788866119436664], "b1": [0.0640900248111786, 0.9522045471685945, 0.9624345268675876], "b2": [0.5795718506857327, 0.9963534487340285, 0.8101173370376026], "b3": [0.03409506944893251, 0.7960477024148156, 0.9641695788585045], "b4": [0.5327666260980911, 0.9858920525943593, 0.971255357038536], "b5": [0.8696951504538482, 0.8915576140659983, 0.8988435208423714], "b6": [0.6355459897835619, 0.9841517937198276, 0.9502712757580757], "b7": [0.3311378131822179, 0.9743861108237453, 0.81829994229659], "b8": [0.15184281966762905, 0.9486811661892023, 0.832067545228033], "b9": [0.8343535549908648, 0.9135235806141957, 0.9088679437743885]}