{"b0": [0.2974507303471969, 0.6986501328495983, 0.8559149608504585], "b1": [0.026029245275472335, 0.9760063587459684, 0.8893807262434196], "b2": [0.5551915414356657, 0.9211981021450741, 0.9403898585917707], "b3": [0.41526346298661165, 0.9975337444972139, 0.9605135021914057], "b4": [0.8607584153196447, 0.959362580092335, 0.9915843941185264], "b5": [0.009869533304617251, 0.8837117164762337, 0.953520995785962], "b6": [0.0695514008087723, 0.9024634000510666, 0.9285455412908493], "b7": [0.9979546926031767, 0.9247934394884721, 0.8187425539085049], "b8": [0.16513635083004932, 0.873487680585921, 0.9832327496796222], "b9": [0.9803093099069861, 0.8068358003914088, 0.8860174117186493]}