{"b0": [0.3322186896741534, 0.9124937045684983, 0.8881664888219342], "b1": [0.6185679838434852, 0.9552143595710857, 0.9278819468244478], "b2": [0.9898830423103802, 0.971553124043232, 0.8029353688956016], "b3": [0.004566601877529793, 0.9502640706486644, 0.9199371851155241], "b4": [0.11468281893218835, 0.9779702212270969, 0.959926804412164], "b5": [0.5888771159289966, 0.8765045118392015, 0.8472643596428346], "b6": [0.5505332003558858, 0.8511013366449778, 0.8178585198458714], "b7": [0.16344442141739976, 0.9330390713370914, 0.9233945807142634], "b8": [0.010775832861463195, 0.907714543501811, 0.8868453783963081], "b9": [0.010006301769013168, 0.9299956980250382, 0.9932887844274556]}