{"b0": [0.5938456871697451, 0.9867982480371658, 0.9648444629239534], "b1": [0.3283916645410653, 0.9670012006268243, 0.9248012269618332], "b2": [0.8865729056340861, 0.8790147916811816, 0.9614868205490701], "b3": [0.01092880527015567, 0.9704872735914145, 0.8432311247448449], "b4": [0.9936574376045972, 0.9887225129840427, 0.9153952627898946], "b5": [0.6145570207413994, 0.9446534560116641, 0.9629978946046837], "b6": [0.8706629798797187, 0.7445919721027283, 0.9930666511242713], "b7": [0.8689061662382574, 0.896033717084635, 0.870762318589004], "b8": [0.008573520483270973, 0.9515759323870744, 0.9827982030017721], "b9": [0.6716256157974937, 0.8205047745245497, 0.9712203457945431]}