{"b0": [0.3527446860265831, 0.7316868149368798, 0.9473212229476374], "b1": [0.16114561586098042, 0.8667775373835858, 0.8389938777941265], "b2": [0.07392848582818297, 0.9717999540586427, 0.9823409809855046], "b3": [0.3095696746805878, 0.963472633777672, 0.976807347369736], "b4": [0.15472613917744332, 0.9789305489064679, 0.8331118913636666], "b5": [0.621013115875364, 0.9940499661431058, 0.8867253558201966], "b6": [0.32777653721127303, 0.9956662979443263, 0.8250280319684843], "b7": [0.019375546504120246, 0.7794212555156966, 0.9844038025796508], "b8": [0.8560134638709996, 0.9898384668229131, 0.8390349821394091], "b9": [0.03174627589457133, 0.985524081935785, 0.8861649571893091]}