{"b0": [0.7565830197536272, 0.9545878341297354, 0.9753503123217206], "b1": [0.15463993502749165, 0.8263803756054693, 0.8695897021436039], "b2": [0.8289149334880423, 0.9764285418489531, 0.8777647239703608], "b3": [0.8485031045094358, 0.9411841133596923, 0.9074552650510926], "b4": [0.8303160006920067, 0.9811718658177538, 0.9012191490660644], "b5": [0.754737577442961, 0.9664626285519275, 0.8038662402292883], "b6": [0.7871501683440854, 0.9447843577898203, 0.8903214121672502], "b7": [0.768989976649118, 0.9971591588401435, 0.866093552797416], "b8": [0.8997315072115765, 0.9910523952625894, 0.9754523438931308], "b9": [0.749271758235138, 0.9290559538189624, 0.9760208079114224]}