{"b0": [0.8943521752130521, 0.9430042367091735, 0.8248499495717048], "b1": [0.9410720427117699, 0.959524410765012, 0.9472629714876313], "b2": [0.1584309936322699, 0.8465068302298193, 0.9161557930284566], "b3": [0.7531105668891971, 0.9039309826619967, 0.8835728809258453], "b4": [0.15654087607412792, 0.9122801690406682, 0.8764004152331654], "b5": [0.5877887248929923, 0.9486834277017815, 0.8569131223297358], "b6": [0.3412398873522877, 0.870553754762263, 0.8640253633000483], "b7": [0.1569688607589173, 0.7837041430499824, 0.8609836012770016], "b8": [0.638430735144977, 0.8316394409312423, 0.9900982794637017], "b9": [0.2736864851102368, 0.9554259756464438, 0.8183034884601009]}