{"b0": [0.16569041477386195, 0.9379526827642161, 0.9455333862380509], "b1": [0.16036627025052952, 0.7856588676627578, 0.8340876902112901], "b2": [0.15891509529132308, 0.9080734128202275, 0.9271831489238574], "b3": [0.16748384727124432, 0.9689878509484062, 0.8787278008320399], "b4": [0.16620245706753903, 0.8835462794944452, 0.9965360382770401], "b5": [0.8772285738429385, 0.9080136982242858, 0.8643105355338727], "b6": [0.16219199466265663, 0.9836234761997911, 0.9639739578134849], "b7": [0.17218106567550615, 0.9061001786800144, 0.8967738456645838], "b8": [0.162633511851792, 0.7550938700872147, 0.8870186334311352], "b9": [0.32858515554339923, 0.976890484086078, 0.863085785538923]}