{"b0": [0.8430793254949347, 0.898798930986226, 0.9873281172721228], "b1": [0.15630966729554904, 0.8722494910719935, 0.8424336425042942], "b2": [0.16140959972588656, 0.9073044157278994, 0.9138704205727773], "b3": [0.8741851858619026, 0.9840722137759077, 0.8189329256617494], "b4": [0.3514557385014336, 0.9629695988614835, 0.9497007175616021], "b5": [0.16088395998976146, 0.8718802473625301, 0.821346303311268], "b6": [0.8967408183190335, 0.9185578046708394, 0.8835807565822642], "b7": [0.15925211744956858, 0.8573711190834739, 0.898773143394892], "b8": [0.15282475401434065, 0.9533721106174439, 0.9694581277200389], "b9": [0.8791891120198396, 0.8528849872868934, 0.9837914985712627]}