{"b0": [0.8300427768226172, 0.8444779283912867, 0.9025174255368137], "b1": [0.16148647685642353, 0.9611736375679497, 0.956751461451038], "b2": [0.165430906547852, 0.9416463893937186, 0.9321447071014675], "b3": [0.16801668444705747, 0.8393558272123423, 0.8579557358731905], "b4": [0.15671985759743998, 0.8750939601827687, 0.9006156649073946], "b5": [0.8672792980787203, 0.8469179084776306, 0.9288390338636299], "b6": [0.1584921739767575, 0.7440590057931432, 0.9650753931356575], "b7": [0.32369426762530173, 0.89900913202449, 0.9264086911565188], "b8": [0.34004913923730684, 0.9690932563856047, 0.9974536550096386], "b9": [0.16087327611093147, 0.9935318420721941, 0.9291136381977843]}