{"b0": [0.15912992497242345, 0.9389957826896242, 0.920899096046183], "b1": [0.6198979423901012, 0.9458778510285376, 0.832352382433595], "b2": [0.16519390213871246, 0.7016556875724241, 0.9923241298827941], "b3": [0.16043715583242021, 0.8308197897538274, 0.9248664489613881], "b4": [0.16507368961913144, 0.9621094493566942, 0.862681630893112], "b5": [0.1518947006988659, 0.9546193386938343, 0.9691548517058921], "b6": [0.37557995912797, 0.8475908080843783, 0.8879174320820471], "b7": [0.8986353604825748, 0.9713172929092612, 0.8462202916056526], "b8": [0.8193616778914563, 0.9735348001632496, 0.8182339800021913], "b9": [0.16544572867372664, 0.9933099345342185, 0.9065730372642246]}