{"b0": [0.16128075421867927, 0.9767589963107016, 0.9924877345519988], "b1": [0.09895966831129571, 0.7903143251810912, 0.8829403039471515], "b2": [0.5784994204870992, 0.8780719645180719, 0.8384525356514106], "b3": [0.6150072042694366, 0.8948843109340239, 0.8561210068855891], "b4": [0.9816809553180945, 0.8782248486908079, 0.9523823442469364], "b5": [0.6695246206500776, 0.9871281119522789, 0.8733662416999034], "b6": [0.972518201136152, 0.9875655192747772, 0.957429849634035], "b7": [0.3237186252788633, 0.9525358390048128, 0.9599416212049496], "b8": [0.016221196138069393, 0.9711197009138809, 0.8568438549252021], "b9": [0.16574392921736558, 0.9788097019078209, 0.9270277802689852]}