{"b0": [0.61961487107422, 0.887050020809462, 0.9138672379144609], "b1": [0.011803767679860681, 0.9720260360310692, 0.9212428210561437], "b2": [0.0016272649041651525, 0.9900955420320922, 0.8828204307330316], "b3": [0.5722093464565832, 0.8910879310758035, 0.9883126718934621], "b4": [0.5984558997557007, 0.9747861394905293, 0.8359767834198496], "b5": [0.0099841271861614, 0.9084340894396287, 0.9440779065880375], "b6": [0.9845023285913755, 0.9936515149475944, 0.9396986338375654], "b7": [0.16376225064242467, 0.9310589867546714, 0.9654766120929146], "b8": [0.34070068986197277, 0.9497025446528178, 0.9184928883233766], "b9": [0.9831006210782869, 0.9131930524539713, 0.8943291130110874]}