{"b0": [0.602852942737669, 0.9223374185885251, 0.9614381065903373], "b1": [0.769304991901669, 0.9169567045481877, 0.84822709756627], "b2": [0.6571472986374818, 0.967650558520535, 0.8505850537631302], "b3": [0.16115884171327377, 0.874985587606175, 0.9219183991702874], "b4": [0.8459812362610859, 0.9104875730858599, 0.9861467369592721], "b5": [0.724319272419492, 0.934564444321747, 0.9751899489771317], "b6": [0.16874997671962963, 0.931455820802312, 0.8737322404273804], "b7": [0.07762022875472101, 0.923461109869049, 0.9877134543817466], "b8": [0.11066379859558637, 0.9753434757891231, 0.906595321496802], "b9": [0.8561607732098456, 0.9237429104567022, 0.9032177313416286]}