{"b0": [0.09034554339331996, 0.9537687842109667, 0.935107099880004], "b1": [0.6075420243142823, 0.978209372971409, 0.9312419741970379], "b2": [0.15985383459403116, 0.7665246027686743, 0.8536706961843525], "b3": [0.14978838834775673, 0.847680542527155, 0.8000309184870921], "b4": [0.33925522490317994, 0.9686444947817046, 0.9057393933983364], "b5": [0.7599128567568582, 0.962058388965999, 0.9052427666282443], "b6": [0.32014139409635506, 0.8363301241873775, 0.9987438915501134], "b7": [0.8881573798351714, 0.9108551029825985, 0.9243639517140582], "b8": [0.8556785876843769, 0.8697113828385595, 0.9666738945122074], "b9": [0.7582985842124701, 0.9999544263285651, 0.9474716224941391]}