{"b0": [0.7775637857772337, 0.9096796750574502, 0.9589410177129691], "b1": [0.73504824892334, 0.838432487954164, 0.8614482376562342], "b2": [0.1673657073404316, 0.9866058878649215, 0.9070030613706358], "b3": [0.770219997279151, 0.9602119990936195, 0.8316313355736825], "b4": [0.8609950665325825, 0.9278910011874066, 0.9891927640073422], "b5": [0.7529854137394402, 0.9623457605591108, 0.8336568950145788], "b6": [0.735154819140048, 0.8422422335520242, 0.857909071918973], "b7": [0.8185380292010137, 0.9468602800861174, 0.9715329067301722], "b8": [0.7204923586862482, 0.8842524163417141, 0.8151676283395591], "b9": [0.17100417596998502, 0.8586096352000263, 0.9698635504183539]}