{"b0": [0.6125571793195866, 0.9182584278313098, 0.8781944062361879], "b1": [0.081886359921121, 0.8024457967407567, 0.9589200063007262], "b2": [0.02429856197795093, 0.9458924594356662, 0.8414285587178552], "b3": [0.5210810394781151, 0.9845559384389461, 0.9755657225142397], "b4": [0.1566694823804968, 0.787584958992624, 0.9220003406974706], "b5": [0.1640942345591835, 0.9796938128984831, 0.9191971164606119], "b6": [0.8853619161195073, 0.9980376632878943, 0.9306864513146549], "b7": [0.3505465284352321, 0.9633525166708375, 0.9562715752604898], "b8": [0.6649080126419962, 0.8775519936669711, 0.8499975312844553], "b9": [0.33133896614295516, 0.8703278685780742, 0.8702073284541908]}