{"b0": [0.16603257017414103, 0.9103785362197716, 0.814238042731105], "b1": [0.3678855463772093, 0.8573717512774922, 0.9432934218298686], "b2": [0.8869960726365888, 0.9544997033865162, 0.848768380268556], "b3": [0.029939275207777834, 0.9396758919096453, 0.8803173049270024], "b4": [0.29635421171353704, 0.9930576843679045, 0.9203976660423271], "b5": [0.37516850880174474, 0.9375868223319539, 0.997646763951793], "b6": [0.35097557026748, 0.9085553022493112, 0.8865183053622618], "b7": [0.6431690920654191, 0.785265052300497, 0.8313026645750411], "b8": [0.15949555408383506, 0.7437117556552328, 0.8567325109583792], "b9": [0.9845764297211536, 0.9136785714348019, 0.9620066770059661]}