{"b0": [0.06072520018153556, 0.8414251628711495, 0.8858120775996202], "b1": [0.08663196129667344, 0.8850001001398163, 0.8361978517582633], "b2": [0.008770068367052268, 0.9012192302482859, 0.8417906132345052], "b3": [0.2882157712751923, 0.9986923430211162, 0.8260942842843135], "b4": [0.5705062134966135, 0.874720694687539, 0.9592234758350492], "b5": [0.747301463651216, 0.944460541110487, 0.8429548187245217], "b6": [0.6196996774450456, 0.9564684655564291, 0.8139445980708306], "b7": [0.7291564213454177, 0.98442521657683, 0.8155039447918634], "b8": [0.15969102066499416, 0.8497656079537934, 0.9795730876389299], "b9": [0.5944185248776853, 0.8653069884010093, 0.8632222223079447]}