{"b0": [0.3446984913735527, 0.9744779012500576, 0.9595820377840009], "b1": [0.5615635007227119, 0.8287196139263595, 0.8389814172643537], "b2": [0.5758187731614931, 0.8633926850358127, 0.9645894167403343], "b3": [0.8549313739387834, 0.9888541699602378, 0.9519918369115572], "b4": [0.8715210951300346, 0.9008840944909571, 0.8811564135327231], "b5": [0.7663208959937736, 0.9749792700796212, 0.9782159503856991], "b6": [0.3426293046369674, 0.8178086015999589, 0.8266573101709751], "b7": [0.16381235310803313, 0.9722908231933658, 0.8128640965506148], "b8": [0.8626655689529976, 0.8358398800005518, 0.8058561704778993], "b9": [0.6216783743496193, 0.8944390067565695, 0.8685012301650609]}