{"b0": [0.09722206704650867, 0.9664121347843175, 0.8543698022680059], "b1": [0.8630336515838688, 0.8347809649104433, 0.8660133283831155], "b2": [0.7667936625676035, 0.9328903623418091, 0.8697331254223664], "b3": [0.88733032245716, 0.8873841899694311, 0.9578247492826963], "b4": [0.7667550425875792, 0.8346974107885123, 0.8955806672496975], "b5": [0.8635511406425174, 0.9553128298044506, 0.9424772213194038], "b6": [0.6364663489832059, 0.9767539933222608, 0.8267788561248404], "b7": [0.5404471473928056, 0.8987673553218876, 0.8554147178641758], "b8": [0.3527329913624388, 0.9401283677409558, 0.9012316742424455], "b9": [0.6072972878710654, 0.9394462826510673, 0.8101822377802494]}