{"b0": [0.09721564928979695, 0.9833709179435718, 0.8702680057191347], "b1": [0.0011639598916859074, 0.9225749752759728, 0.8239495184884391], "b2": [0.6562969551986458, 0.9867518035574433, 0.8558670996031862], "b3": [0.8618946357169522, 0.9773066128590301, 0.8731553931685377], "b4": [0.15573809942835762, 0.9820289830018075, 0.9892787304094156], "b5": [0.7484939836015885, 0.9054054167373137, 0.9042831251890072], "b6": [0.16251738701405974, 0.856404522818914, 0.8081035128900234], "b7": [0.6825441852214363, 0.9069054925993857, 0.8823902041261258], "b8": [0.3816857572555252, 0.8969839181113778, 0.9362974603732226], "b9": [0.020224304602988838, 0.8239000239336116, 0.8138383053760448]}