{"b0": [0.12798734989175334, 0.8944113159479435, 0.8720586948328374], "b1": [0.840885556954436, 0.9019034535197313, 0.9805744397203331], "b2": [0.32541648266028234, 0.8743218891352988, 0.9475524095497069], "b3": [0.7513168757942897, 0.9785867195959068, 0.9975349055091303], "b4": [0.15872681550211568, 0.9749918622690679, 0.9015574921326887], "b5": [0.7387417426879601, 0.9940036063100745, 0.834706840871697], "b6": [0.993852880903313, 0.928559226640183, 0.944926992954063], "b7": [0.7235172383086909, 0.8625160961558999, 0.9255109906365143], "b8": [0.6197259897905533, 0.9965986370415374, 0.8902143342602997], "b9": [0.007078129244324006, 0.9373377481053181, 0.8504788462700706]}