{"b0": [0.593644820591726, 0.9973488669173672, 0.9527740904256387], "b1": [0.30235415672926075, 0.8461698516241317, 0.9537076943101126], "b2": [0.6735280821183626, 0.8972705261989046, 0.8253705628756893], "b3": [0.33637296676407685, 0.9660725087274145, 0.9289592338201724], "b4": [0.6513392338880791, 0.662433680824781, 0.9306667487446887], "b5": [0.5706332329325026, 0.8482817326376025, 0.910265673407145], "b6": [0.1599650631013883, 0.7997094744050682, 0.9679495192129278], "b7": [0.16566418011158987, 0.9980815360740068, 0.8170273791427364], "b8": [0.7239607443969136, 0.889260259050269, 0.9972842726020739], "b9": [0.7598652989541881, 0.9652429162575303, 0.8576864984059537]}