{"b0": [0.8914390340454479, 0.9032762697304658, 0.959795327418779], "b1": [0.09534067381467973, 0.9939130956510602, 0.8802901045185537], "b2": [0.09612047614773775, 0.7927816625761978, 0.9619938246054344], "b3": [0.3456950129903031, 0.7946718465637294, 0.9486516756254957], "b4": [0.08228941671644177, 0.9524166122138981, 0.8028123879127415], "b5": [0.3164224657017817, 0.8689085596006053, 0.8393132319490013], "b6": [0.01858843937616693, 0.914097312525995, 0.9669977432779409], "b7": [0.1629790794725211, 0.9272650119010848, 0.8928504358586946], "b8": [0.6177612258036242, 0.9322047555375863, 0.9353310418685876], "b9": [0.6248009848234894, 0.9341928966581838, 0.8043337674557351]}