{"b0": [0.15941983989969974, 0.9904651400847436, 0.9883356843938996], "b1": [0.16209891200016355, 0.9302564043394621, 0.8318319595049398], "b2": [0.9981156746132261, 0.9453997435423969, 0.855183283104132], "b3": [0.013251348436220466, 0.9827478724026646, 0.9441003602914493], "b4": [0.0008728327175697235, 0.9405684319102094, 0.8742277648671624], "b5": [0.0069276264904471925, 0.8706802782322104, 0.9078927780635433], "b6": [0.8716554712624999, 0.8117747635925816, 0.9251916348684766], "b7": [0.9926655267350151, 0.7923265305751065, 0.8776112616859528], "b8": [0.8642484903803882, 0.995857721431722, 0.8034724806960178], "b9": [0.8871559862387276, 0.852803477708516, 0.9276963454247767]}