{"b0": [0.5742276637128523, 0.8166982305064545, 0.8248502410751386], "b1": [0.17092647175394077, 0.9513011188520383, 0.986907603063598], "b2": [0.7862828431599166, 0.8963595089124619, 0.8123080791076613], "b3": [0.864950059927239, 0.9902250903858953, 0.9973495234733647], "b4": [0.1082140651862172, 0.9634750274242536, 0.91241506564128], "b5": [0.7858812806078084, 0.9734322608155427, 0.9888040423233577], "b6": [0.8735477816752514, 0.8321510792896535, 0.8607743494028439], "b7": [0.7407999610158014, 0.8163790118874911, 0.8408909036726875], "b8": [0.9974571101796799, 0.7906126541279658, 0.8409944839643251], "b9": [0.8847272662756477, 0.9816492696267268, 0.8800176299756854]}