{"b0": [0.07313577068652369, 0.9718447788008693, 0.9181095915483308], "b1": [0.8734697593562847, 0.9082338218817935, 0.9431417300085881], "b2": [0.02017681121178609, 0.9258024544411136, 0.9972082503002868], "b3": [0.748274246896781, 0.8170586343392479, 0.9119104531839085], "b4": [0.7596291377218908, 0.9828563105196984, 0.8290882148928458], "b5": [0.841033316472329, 0.9932144637873076, 0.812118019755642], "b6": [0.8904419463751028, 0.9219207563872971, 0.8004812451114967], "b7": [0.16828071913854334, 0.9713180688496327, 0.9009037141502827], "b8": [0.7882920872253507, 0.8432729832988543, 0.9252399109894115], "b9": [0.34915077659735183, 0.7830143465734537, 0.8090983365324214]}