{"b0": [0.018359358260852582, 0.9370015049396753, 0.820821301310543], "b1": [0.35169980192574996, 0.9329538674174874, 0.971314071882834], "b2": [0.994492182201314, 0.935933142189554, 0.9611250519916829], "b3": [0.3503356795054555, 0.9900344050008045, 0.9150056049056922], "b4": [0.07119790190517204, 0.9761232426283662, 0.8541788857198513], "b5": [0.3400624134608552, 0.9532622377174601, 0.9904423733006971], "b6": [0.745085120367561, 0.9008364870860066, 0.9977982674179257], "b7": [0.9902433454067912, 0.9784423751083853, 0.9177264596607705], "b8": [0.3582775758537916, 0.8631148752218233, 0.9041280491255591], "b9": [0.6632169616021372, 0.9177663817715412, 0.9000169385303982]}