{"b0": [0.34921228749607236, 0.957316832255216, 0.9899560655147195], "b1": [0.35229525846733084, 0.982913283481446, 0.8815545944998933], "b2": [0.3560822075455017, 0.8812748878322112, 0.9261982955452251], "b3": [0.019509361998511287, 0.9170364732297351, 0.844598813222886], "b4": [0.6389813371075796, 0.9479852952869792, 0.8646222226973016], "b5": [0.7347307961927124, 0.9488104919392158, 0.9920605569710236], "b6": [0.9984596660828309, 0.9627314522701167, 0.8494121919314744], "b7": [0.15482255853850632, 0.9371392659970555, 0.855837060749448], "b8": [0.15761248692396965, 0.8526134565446192, 0.9767389965924947], "b9": [0.28814408291038623, 0.9823003802967472, 0.939737440222365]}