{"b0": [0.7446538003936384, 0.7666979861545792, 0.983292619054971], "b1": [0.635304162977638, 0.9068203329583936, 0.9741145481539479], "b2": [0.1617952179844935, 0.9994453015234105, 0.9538812855576556], "b3": [0.8698652416939231, 0.9496206576228888, 0.8311130477874445], "b4": [0.0026707563546592918, 0.8285043683113678, 0.8674493801528841], "b5": [0.3542098814212375, 0.9848423844436008, 0.8051749294090271], "b6": [0.9865164861060248, 0.9434178308252283, 0.9887011069919873], "b7": [0.3491606596546488, 0.7499824319364317, 0.9781713383750101], "b8": [0.3555295260203755, 0.8827445293496067, 0.8621873914496622], "b9": [0.3962691950722681, 0.9442710068960755, 0.8012935307708972]}