{"b0": [0.3404671308676773, 0.8150824549735409, 0.8559641467870331], "b1": [0.7713671839892534, 0.9433476286555313, 0.9669082341750681], "b2": [0.0885421368914467, 0.9023162754841522, 0.9140939607523141], "b3": [0.8568456260762616, 0.9148197957484938, 0.9899665033716636], "b4": [0.7710303423757086, 0.9281211164474644, 0.9098262014827675], "b5": [0.605401524034133, 0.9347201920065298, 0.9627692084714952], "b6": [0.8392482838627292, 0.808974180936795, 0.838748084421719], "b7": [0.9960265952284151, 0.9728541982186847, 0.8822691022479359], "b8": [0.8724068506229373, 0.8787938432160743, 0.8792689685313602], "b9": [0.3202490858958773, 0.800926592591419, 0.8757680578094788]}