{"b0": [0.16272969714436253, 0.8960364643710504, 0.8287666836873071], "b1": [0.9932065459618946, 0.8498919091780066, 0.8671377419487505], "b2": [0.07625750705986195, 0.8486811028370294, 0.8689372788893971], "b3": [0.8756959248409699, 0.9082510373798712, 0.9014559073013146], "b4": [0.5551696020103948, 0.9908985285645734, 0.9706008096207401], "b5": [0.0805184909175708, 0.9999824867202527, 0.8405417728438839], "b6": [0.16592794908810504, 0.9466523766731608, 0.8191335799742636], "b7": [0.7408190261065727, 0.9185741838461055, 0.910155943131994], "b8": [0.3392040698256891, 0.8775965294881901, 0.8828169650080063], "b9": [0.16425743214496258, 0.8767603242089106, 0.9198598910439898]}