{"b0": [1.5058696824296517e-05, 0.8871061616346865, 0.9336336913001193], "b1": [0.16056985129446916, 0.8600469155504676, 0.8162173137057849], "b2": [0.16691906291375924, 0.8414024318472125, 0.9729393739022056], "b3": [0.8884586180312304, 0.9658119825609698, 0.8384974756380277], "b4": [0.7349116469737108, 0.9565570860069629, 0.8868807204729663], "b5": [0.07490672178976583, 0.9369227174879329, 0.9318634703854023], "b6": [0.9919734467842488, 0.9352790454461603, 0.8758492949593417], "b7": [0.7634886777480845, 0.9118874205940858, 0.8111529132625244], "b8": [0.011809069577859287, 0.9777277227724557, 0.8057825515376663], "b9": [0.29625524224820177, 0.9634644243302859, 0.8243950925570869]}