{"b0": [0.0752403689103282, 0.9274429252232598, 0.9427130826654895], "b1": [0.16331160710615225, 0.8277199346689672, 0.8676562653044462], "b2": [0.36894724984917276, 0.9303904701249144, 0.8360996839531954], "b3": [0.15859654064181603, 0.9674333726341819, 0.8959808147233899], "b4": [0.10772469707483044, 0.9403240946605212, 0.9702157027151241], "b5": [0.5875934185009659, 0.9623730950623617, 0.8014056883341677], "b6": [0.9977723592914144, 0.9599777817701249, 0.99277206614126], "b7": [0.8771791765380373, 0.9455257785515844, 0.8161897737978592], "b8": [0.8628702713549196, 0.9793548112388787, 0.96175622797641], "b9": [0.0863547997011012, 0.9634566558339145, 0.9451312526724444]}