{"b0": [0.33377149166257924, 0.9608078726068182, 0.9054616939625001], "b1": [0.15313994675219963, 0.9160712142351395, 0.9601154612273933], "b2": [0.8662091765841877, 0.8947416368733563, 0.8858046414851435], "b3": [0.9897857896283072, 0.9213084230507705, 0.8855926731999065], "b4": [0.0909426808785787, 0.8500878507624335, 0.8430185191651473], "b5": [0.3408288212883636, 0.935707780011716, 0.869818149147589], "b6": [0.7194867363451222, 0.9279824427274426, 0.9125541501449597], "b7": [0.3384354544970403, 0.9621742642389579, 0.9287034250512949], "b8": [0.988059422926006, 0.8941174489012377, 0.978768285400583], "b9": [0.9964408382944419, 0.9101259325368884, 0.9841253767243565]}