{"b0": [0.9695141654037077, 0.8770941896972547, 0.8606514705814337], "b1": [0.6415212415116549, 0.9171653125648936, 0.8141922060419353], "b2": [0.16505379118987348, 0.9282741518983849, 0.9661385273865419], "b3": [0.15852355215915837, 0.985131360867233, 0.8546506637984237], "b4": [0.6548123330954799, 0.9728345780855591, 0.9734788744058045], "b5": [0.33057571368955074, 0.9088489344622265, 0.8577109986848421], "b6": [0.16272682245960127, 0.94225148638912, 0.9310064954089405], "b7": [0.7202336642712349, 0.8600751765897416, 0.8448475563431207], "b8": [0.0876337832298794, 0.9281290166871926, 0.8359744130794994], "b9": [0.9996039816969128, 0.9536693545688394, 0.8751878832559575]}