{"b0": [0.6800114638326004, 0.9267132415268516, 0.9681539386141406], "b1": [0.6003555232627104, 0.9342236731968496, 0.8700894190929535], "b2": [0.757283525731695, 0.8058961673383882, 0.9268844278295414], "b3": [0.6659565282928465, 0.9907840984513305, 0.9280081800641505], "b4": [0.08151615661606339, 0.9071675674475409, 0.9715264383721829], "b5": [0.8957338681836646, 0.9904485778033377, 0.993382803042372], "b6": [0.7482130415767275, 0.9860160359609418, 0.8509013204750251], "b7": [0.6273615233972619, 0.9440152214684349, 0.9149082362352878], "b8": [0.17308823781478494, 0.9680497294771533, 0.8764093601287306], "b9": [0.15727036092357613, 0.8529721670045717, 0.8573912711616956]}