{"b0": [0.7679997759943905, 0.9289561396964058, 0.8424255456593636], "b1": [0.6090970425077377, 0.9548112420575317, 0.9644584073743933], "b2": [0.1651219788562252, 0.8535584066643328, 0.9671212588803564], "b3": [0.6316220942570452, 0.8868124054922124, 0.8157410424154249], "b4": [0.910194954701618, 0.926099138330219, 0.8299239718174172], "b5": [0.010650678993312868, 0.9730242199133534, 0.87666465933369], "b6": [0.6444361273711294, 0.9122857499383522, 0.9278049306505609], "b7": [0.6777490120130318, 0.8453128637589914, 0.897098139131451], "b8": [0.9226477711778405, 0.9621508425287668, 0.985544059517229], "b9": [0.8963065025080296, 0.9314056339085157, 0.9470900546074984]}