{"b0": [0.6288633221019533, 0.8723277020306756, 0.8248642408997662], "b1": [0.7347333105887036, 0.8363523525895816, 0.8291723738042368], "b2": [0.3374370259307372, 0.8843362555405705, 0.8187700680646285], "b3": [0.7449097356449412, 0.8792625016298526, 0.9754075741205939], "b4": [0.014120152643431765, 0.81181071843226, 0.8365571491615441], "b5": [0.6247034666324669, 0.9466815254348223, 0.8551757204573696], "b6": [0.6144670382734485, 0.8708633666104074, 0.9200491793362631], "b7": [0.8481701341901031, 0.9439700240484514, 0.9095142996231056], "b8": [0.6684425417586872, 0.9032262445204937, 0.9334444309712674], "b9": [0.09859084736664654, 0.9705632845927563, 0.9128978143550691]}