{"b0": [0.15683790062190683, 0.9626440441123729, 0.9536355427663185], "b1": [0.10909759843987549, 0.8288341162788493, 0.8546901776695611], "b2": [0.3161185826935455, 0.9727240997640504, 0.9889424658569201], "b3": [0.5622975267360556, 0.9466301335538208, 0.8877583058061941], "b4": [0.7666324482024847, 0.9825743804350533, 0.8773286378351323], "b5": [0.15763690111781498, 0.9831302963152473, 0.9103813528040606], "b6": [0.07813557608452576, 0.8779718205774697, 0.931492859823059], "b7": [0.16642566605273548, 0.9209686555151719, 0.8422976613928084], "b8": [0.16462807572239516, 0.9085886905383613, 0.9123800424259345], "b9": [0.16732165964524268, 0.8858331757439906, 0.808761258214291]}