{"b0": [0.5748395127664753, 0.8347125915781822, 0.8063119256918787], "b1": [0.15695733664837985, 0.9118203168504558, 0.9288277369535759], "b2": [0.16611158888793212, 0.9785558343991925, 0.8560208033143817], "b3": [0.16566243370178643, 0.9879785938692595, 0.9757866293683862], "b4": [0.0935894949034849, 0.9892076841550712, 0.8485836212128052], "b5": [0.1603232606002786, 0.8997995105608443, 0.8933575223886472], "b6": [0.16701376184868738, 0.9725855214378657, 0.8186032503278692], "b7": [0.9892480038607069, 0.9598210694721158, 0.8217867576601117], "b8": [0.7288216380042662, 0.9953695647749357, 0.9557262501125061], "b9": [0.0859860156907513, 0.9976153432957022, 0.9251758118773455]}