{"b0": [0.09076357432254997, 0.9034731912805165, 0.902025881093889], "b1": [0.9996869001113907, 0.9530534657838653, 0.920514692423205], "b2": [0.9951958408130683, 0.8189786018320736, 0.9988904821023742], "b3": [0.1024583208066174, 0.8684388950842938, 0.883048600804695], "b4": [0.07853311808086132, 0.9310795318661939, 0.9009634747338676], "b5": [0.1613918946791288, 0.8953618615548874, 0.8172898313836133], "b6": [0.5598366057547686, 0.9242018681635602, 0.8747411624169817], "b7": [0.15241264830305454, 0.9962060537904178, 0.8210299214180636], "b8": [0.6468032122502523, 0.8722662418788599, 0.9609673663265481], "b9": [0.15898069619135655, 0.8562158912968689, 0.8267561666458476]}