{"b0": [0.9893625502912066, 0.9331482788057144, 0.9607845771921417], "b1": [0.16567846898425878, 0.8570397183209388, 0.9165648739980354], "b2": [0.6213806192558688, 0.9976590084190068, 0.8397647093045422], "b3": [0.061845146693680686, 0.8587875436611886, 0.9436959770528991], "b4": [0.07348661785230072, 0.9599852411962005, 0.9591958190155953], "b5": [0.5998175345289248, 0.9572710177372555, 0.9246250632423905], "b6": [0.15905272251904976, 0.937373625189858, 0.8149160778622498], "b7": [0.1596064268823365, 0.909374780354007, 0.9502280393494813], "b8": [0.8449015977910602, 0.9344897414585239, 0.8819573126499166], "b9": [0.582217257718917, 0.8056280241070932, 0.8630358097373487]}