{"b0": [0.07303351205122559, 0.9500975240701999, 0.9941508098793816], "b1": [0.316445196948105, 0.7510996534985966, 0.819721151142366], "b2": [0.026434972572182112, 0.8929589891808334, 0.8814156397628401], "b3": [0.15540594775296135, 0.9899921066547006, 0.9881814329244704], "b4": [0.6213932473345737, 0.8729903724102698, 0.9164340362711044], "b5": [0.722746022858614, 0.9275414128249854, 0.987145753036242], "b6": [0.0041857367364744, 0.9474319782743499, 0.9063702226899933], "b7": [0.019415162389627684, 0.9939283324411595, 0.9772562828766576], "b8": [0.6166247925350347, 0.9177259045017482, 0.8349807132222208], "b9": [0.6366387424699996, 0.918846740646066, 0.9298411493106766]}