{"b0": [0.1679621194233798, 0.990852088855407, 0.9465609128704615], "b1": [0.302950634107691, 0.9307373801836524, 0.8937733261988088], "b2": [0.3739117086783715, 0.9340720066342414, 0.8519337843358913], "b3": [0.8772911124195165, 0.9221132487268514, 0.8288845838490636], "b4": [0.7783955485482558, 0.9129748754016663, 0.8201928006560755], "b5": [0.7363436321065433, 0.897579358002244, 0.9916124123265615], "b6": [0.8743266136185156, 0.997609681632526, 0.9479269467849913], "b7": [0.09954318348073059, 0.9411689255880796, 0.8307541859712544], "b8": [0.7296972295105771, 0.8288505000547103, 0.9058642521535748], "b9": [0.15888841832218037, 0.7869119642912039, 0.9453921021607882]}