{"b0": [0.36995317361986735, 0.9767555972111535, 0.9185571688966572], "b1": [0.7556573550087593, 0.8919641647753704, 0.9467122789079618], "b2": [0.15492823690984095, 0.9384052828428984, 0.8820536164874379], "b3": [0.7649373071307163, 0.8369280354088159, 0.9548171111478599], "b4": [0.9077305246753745, 0.965506197061287, 0.87538176182494], "b5": [0.7010929860051636, 0.9690649624222061, 0.9389005836844027], "b6": [0.889316321507026, 0.8968055401984824, 0.9586437368203201], "b7": [0.15710839950248898, 0.9852366781660582, 0.9951169059363629], "b8": [0.08632817380705184, 0.9090532947185408, 0.823193216115796], "b9": [0.6196973239441812, 0.9564759555609352, 0.9159707698908599]}