{"b0": [0.6538104420588473, 0.9553220147163327, 0.9779196005402092], "b1": [0.5829651599863499, 0.9594192048564802, 0.9564128166227904], "b2": [0.15872097763201867, 0.9180605779471588, 0.8974147526629556], "b3": [0.8834416721409578, 0.9708024350462477, 0.9920603625617846], "b4": [0.7652569094883975, 0.8570027248052913, 0.8558276973239228], "b5": [0.3333732567487662, 0.802522054060752, 0.8329809123036779], "b6": [0.32222414918916975, 0.9019065732553548, 0.8209180419450448], "b7": [0.8472104674666631, 0.9136387967218357, 0.9138131589034281], "b8": [0.771618722384666, 0.9680479198608803, 0.8873384377644092], "b9": [0.9120868348112885, 0.9998601621740221, 0.9396309798188137]}