{"b0": [0.09416207994558347, 0.8101513456304354, 0.933460498927515], "b1": [0.36141205921770786, 0.8857247714877792, 0.8551035504199593], "b2": [0.5794592613518299, 0.9220723766890745, 0.8822958693367675], "b3": [0.3086209403109336, 0.9751838501009807, 0.8634307774720281], "b4": [0.33185847388991974, 0.9529801529563806, 0.9743773469989466], "b5": [0.0798593671489467, 0.8821931989946242, 0.8159213250780922], "b6": [0.7113338103841192, 0.9992402674694754, 0.931353340325161], "b7": [0.09509017163637154, 0.9621722255903253, 0.933963971776255], "b8": [0.16498350165001074, 0.8865529684935504, 0.8863922026802811], "b9": [0.16405457680592342, 0.985522269178619, 0.9253775297242828]}