{"b0": [0.07919419044051529, 0.9498113422008524, 0.8223170647941653], "b1": [0.1656932794640859, 0.9977309103426728, 0.9730295228857062], "b2": [0.16979890649721668, 0.9892008486854859, 0.8113055906832523], "b3": [0.07470558816254179, 0.8714091256794358, 0.8120190827162631], "b4": [0.5794060980813365, 0.9449437173676347, 0.9791670153164381], "b5": [0.3362710375434751, 0.9370648372779317, 0.9717497754450669], "b6": [0.2995430147228753, 0.8742844294537742, 0.9862662770785698], "b7": [0.36624984627750956, 0.9955099418227001, 0.891762466437957], "b8": [0.0836400338350156, 0.8819416836463323, 0.8131634871597037], "b9": [0.15812114146526096, 0.9187684972840039, 0.9080863901701564]}