{"b0": [0.16432316989427484, 0.9890521266042467, 0.9083293912566448], "b1": [0.07320678130521062, 0.9962229575972025, 0.9623814642372542], "b2": [0.15254419164367694, 0.9731340591201867, 0.8869132849079481], "b3": [0.7598360255640322, 0.8943002559667739, 0.9024392532220223], "b4": [0.8466682883965894, 0.811849367529737, 0.9256618707169622], "b5": [0.8980224895099631, 0.853674720391189, 0.8224446113783708], "b6": [0.3271524187028604, 0.9590291509102806, 0.9946667503808382], "b7": [0.29342016481942595, 0.9107476346612445, 0.8392145453253178], "b8": [0.019457090966302437, 0.9795850677004685, 0.8714310208071205], "b9": [0.08982360754972056, 0.9945863049811355, 0.9645686983440936]}