{"b0": [0.7574127098130781, 0.9316797615663872, 0.850478342524957], "b1": [0.16234878430935729, 0.9519532878857442, 0.8722693089288395], "b2": [0.16278895802475998, 0.9558354374529265, 0.98094944123687], "b3": [0.7183861789944059, 0.9392871040009968, 0.9316641328267196], "b4": [0.7558439433012906, 0.9868539408985161, 0.898130971586719], "b5": [0.5622249569295904, 0.8874648885845698, 0.8110228201479983], "b6": [0.7257690524979726, 0.9799502411455998, 0.9326586805258986], "b7": [0.08262595950767446, 0.9734471288037118, 0.8543928416183953], "b8": [0.07543627366005741, 0.9158113032720814, 0.9897580146125351], "b9": [0.2948612011970371, 0.9540916849999767, 0.9949422642133798]}