{"b0": [0.7727293240718076, 0.9226021955696037, 0.8594543154129818], "b1": [0.7611348051138306, 0.947723097300904, 0.8254749808383369], "b2": [0.09040283032014276, 0.9243107936589154, 0.8707191267908462], "b3": [0.10828711837320563, 0.8437330819386473, 0.8757957548033416], "b4": [0.7722519006723746, 0.946362564174416, 0.8166086145427016], "b5": [0.738045499480678, 0.8078141414785037, 0.9466724824165107], "b6": [0.16636723819605279, 0.900462972421608, 0.8358700907185613], "b7": [0.8620036586787362, 0.9801952506690585, 0.842632316298442], "b8": [0.09702263952516951, 0.8960357211603395, 0.9362753677540205], "b9": [0.08207320130108789, 0.9773768245089878, 0.9663689470084131]}