{"b0": [0.013863402580675532, 0.8798911730794245, 0.8343445620042], "b1": [0.06960602165167896, 0.7126099797548824, 0.9041288533984129], "b2": [0.0651067083139316, 0.8626944125951377, 0.8877001259841899], "b3": [0.0867935978901976, 0.9011546972574322, 0.8518353921010297], "b4": [0.5887678914789144, 0.9768074527019628, 0.8307742774139126], "b5": [0.08659698488413106, 0.9497411227354313, 0.9155633257256235], "b6": [0.1613258749070005, 0.970388348094643, 0.9552550763192086], "b7": [0.7184012651717387, 0.9189638776310436, 0.812777499761772], "b8": [0.7361271708267942, 0.9800593611444905, 0.8040336104188954], "b9": [0.7251640900225457, 0.9464866986181927, 0.8267776594324863]}