{"b0": [0.7443482451067531, 0.9252163265969205, 0.8414249241623635], "b1": [0.9911409665195233, 0.9330964478406334, 0.9324812289606459], "b2": [0.07403947262433574, 0.971911946996586, 0.9512592850501085], "b3": [0.756518400586301, 0.9362757866818404, 0.8295672495307655], "b4": [0.046023088954809915, 0.842463230858462, 0.8665556944085969], "b5": [0.7975948028093864, 0.9106262484807417, 0.9270648274556766], "b6": [0.09488374168667368, 0.86941216672195, 0.8370766780006701], "b7": [0.3422440963400629, 0.9765962591359306, 0.9376748207669303], "b8": [0.08681500055703227, 0.800017092745808, 0.9963243208735326], "b9": [0.773173499242427, 0.9935677653423554, 0.8798554023042992]}