{"b0": [0.7264292811721004, 0.9352059511737292, 0.8346641651247694], "b1": [0.9886469266465508, 0.9981717112246461, 0.9010992953535323], "b2": [0.0839597801055401, 0.9926136181932624, 0.8643659298635887], "b3": [0.08910818700899467, 0.847754826941114, 0.8146507825123795], "b4": [0.16371632667125194, 0.9316852015496431, 0.908901176797466], "b5": [0.739148475381949, 0.7428431426133413, 0.8459904153435993], "b6": [0.0058975910442681636, 0.9497550272755098, 0.983061504889945], "b7": [0.7277649951937074, 0.8530571058044107, 0.8502046145449732], "b8": [0.09143442016338073, 0.9337823569968048, 0.804745609138698], "b9": [0.2818231877893724, 0.8310185843642317, 0.8937303737518634]}