{"b0": [0.7816940849924314, 0.9870922170324846, 0.9037667767420878], "b1": [0.7678389980061258, 0.9860177112852362, 0.8228199834147406], "b2": [0.8698741059032769, 0.9010700897107015, 0.8549566610443597], "b3": [0.6132552391444289, 0.764182662970494, 0.8178087845555079], "b4": [0.32675479051961853, 0.9743905505774609, 0.8279623689523028], "b5": [0.7081098829018415, 0.9680197479164347, 0.925459442553111], "b6": [0.5593262237302761, 0.9813925465629935, 0.8524510040695803], "b7": [0.09312704197892158, 0.9469763780439484, 0.9633682466650333], "b8": [0.07706178369612277, 0.9270847759457341, 0.8328488660767698], "b9": [0.09701635818566713, 0.9993982176646715, 0.9311574206695654]}