{"b0": [0.05978658665760239, 0.978333199215771, 0.9332543494344767], "b1": [0.7373395140409762, 0.9925884153376836, 0.83867079448289], "b2": [0.08297701509494917, 0.9205141292739968, 0.8213254518465493], "b3": [0.874736751686955, 0.9696715645450604, 0.8711554377225813], "b4": [0.09426544784477081, 0.9580847098176133, 0.9122771850291252], "b5": [0.0013924652703196177, 0.8568767988492119, 0.8318736448990509], "b6": [0.7391687108980288, 0.9997455924721868, 0.9290481214536125], "b7": [0.8558604453892518, 0.8478584855389429, 0.9128943115332305], "b8": [0.16055051684336713, 0.8962796790277642, 0.9212147643417161], "b9": [0.1515403469644488, 0.8285372112491919, 0.8503461365979941]}