{"b0": [0.2986286968235923, 0.9091282597712902, 0.8489843439443107], "b1": [0.07718826548826083, 0.9098705098429245, 0.9475716885802865], "b2": [0.1624500539567597, 0.8729289625106952, 0.8601268336415342], "b3": [0.7315951863013379, 0.9762435815880824, 0.8500654341844617], "b4": [0.03654715216494635, 0.9645055131643914, 0.9719895225400969], "b5": [0.7108287850897566, 0.9571554314693467, 0.9067299782891367], "b6": [0.6189808530009115, 0.8744033870522694, 0.9973628168043648], "b7": [0.771200835116073, 0.9787096656098633, 0.9661626148237598], "b8": [0.09764022016883525, 0.9879854687603777, 0.920658802688485], "b9": [0.7813360004339165, 0.9898613728052704, 0.9030582929291601]}