{"b0": [0.16266182572722965, 0.9276672673066195, 0.9571602691285804], "b1": [0.33266901305636476, 0.9770131709862249, 0.8532628194258476], "b2": [0.8626905421293383, 0.9065505802088376, 0.85321422175122], "b3": [0.1568784680490565, 0.9250457912765279, 0.8097686888298458], "b4": [0.07406423582772269, 0.9970570288064203, 0.9414763163556789], "b5": [0.12069770102481826, 0.9967521864080459, 0.9447298055474657], "b6": [0.008693907343118522, 0.9816349099664735, 0.8025687421455513], "b7": [0.865346340256309, 0.9711138684501732, 0.8637389187693497], "b8": [0.7646450839713655, 0.9091399759533435, 0.928849884414816], "b9": [0.16428246093061458, 0.9704105464321411, 0.9770520520652205]}