{"b0": [0.16207320988975554, 0.9949735610867521, 0.9886674084406486], "b1": [0.8827701662475624, 0.9231190080967133, 0.855128381909295], "b2": [0.8694946364560789, 0.9437869089444753, 0.8907007770472637], "b3": [0.16000857157261847, 0.9785148862539349, 0.9267702727933836], "b4": [0.3188977668205622, 0.9398168589502365, 0.9323741901975648], "b5": [0.1607221711943969, 0.9223976816251236, 0.9693628594849995], "b6": [0.34486346907077836, 0.873548383373127, 0.8908742641679686], "b7": [0.29258055807239275, 0.9656248496581575, 0.9680298403766505], "b8": [0.8816082860747164, 0.9719190974566214, 0.978970880161977], "b9": [0.08242173224864233, 0.9697905013138743, 0.895719369057779]}