{"b0": [0.8630715219654781, 0.9845298250352861, 0.9085932389560578], "b1": [0.3417552598327303, 0.9480982759378691, 0.9724198536631343], "b2": [0.1646975982345394, 0.9918747405471176, 0.802959228702782], "b3": [0.16148230498035165, 0.9822397437700969, 0.9638041400175268], "b4": [0.17223166874878323, 0.9257270717107895, 0.9849104790732126], "b5": [0.8559780997112283, 0.9384188434084579, 0.9408385404510637], "b6": [0.5885674166523505, 0.9557066461927965, 0.8944316873163066], "b7": [0.3389650862115149, 0.9893584716831016, 0.9743812560311303], "b8": [0.1589276112986212, 0.9510900435801625, 0.8208556127551625], "b9": [0.16456979508178976, 0.9418306722475677, 0.8648593414655239]}