{"b0": [0.36500891643607813, 0.9512395331423323, 0.899649509242476], "b1": [0.8641933612804293, 0.9517181410690825, 0.96513901192426], "b2": [0.07691244019249607, 0.8068080095146479, 0.9461377349231382], "b3": [0.8681119083417269, 0.8748043133219037, 0.8427117802075748], "b4": [0.34294869480978607, 0.9187545267621183, 0.8009879330202244], "b5": [0.9020692914708264, 0.9708227603613131, 0.9722800142066086], "b6": [0.1665892021607606, 0.8065063423898825, 0.9805853439112658], "b7": [0.3701273026005304, 0.9972505853530979, 0.9228999632443835], "b8": [0.15295647281686503, 0.9937298668968693, 0.9045601524569682], "b9": [0.14834211101682193, 0.998959522983604, 0.9195043561051457]}