{"b0": [0.7266299920383547, 0.8837991736044664, 0.97753355253533], "b1": [0.8773462812021868, 0.877478597409673, 0.896788489070985], "b2": [0.3229196796491715, 0.9959117479820295, 0.9523358353368216], "b3": [0.8754402278151303, 0.982979453210427, 0.8815880889296718], "b4": [0.1537533404482288, 0.898584752823634, 0.9579598490708192], "b5": [0.14797725183679666, 0.8855128716059297, 0.8503695266102409], "b6": [0.15868530642682185, 0.9773727477166796, 0.9795429205467707], "b7": [0.35963648116493097, 0.9275639722306711, 0.8290972606909583], "b8": [0.35684737017654405, 0.910886662720569, 0.8541581285968336], "b9": [0.8553642601531105, 0.9047424002259258, 0.9280350404672032]}