{"b0": [0.6627448117908534, 0.8754085552745374, 0.882186743631177], "b1": [0.3828033514211468, 0.924416365010794, 0.9236419329308717], "b2": [0.8318082615806168, 0.9567581084992008, 0.9834833103332012], "b3": [0.8619195070571934, 0.8005368148981731, 0.8125986169947121], "b4": [0.35120893876061726, 0.9032752656859157, 0.9378262689271204], "b5": [0.15709120238322533, 0.9731917333973524, 0.9973063572912612], "b6": [0.16082107840191953, 0.9633623795604512, 0.9682078296545197], "b7": [0.9235188950510917, 0.9816174690340559, 0.9907633699633691], "b8": [0.1597943649659116, 0.9882272661214329, 0.8613532949239111], "b9": [0.15765766784178978, 0.8386855084534579, 0.8107272858389385]}