{"b0": [0.3336452610116439, 0.9504999598659901, 0.8468470620470842], "b1": [0.8884609908812638, 0.9198080392309156, 0.807726618321579], "b2": [0.9946154348257779, 0.9646590377013768, 0.8431765565919291], "b3": [0.15556452958489136, 0.9870122896351162, 0.9681878423783175], "b4": [0.9082836757887367, 0.8890470778943279, 0.8387647518887629], "b5": [0.16706661312104132, 0.9589867713152834, 0.890364332182431], "b6": [0.15837303738040182, 0.9850494589447181, 0.936404735548532], "b7": [0.11493047326757588, 0.8947039737014049, 0.8381778120380389], "b8": [0.8743051792826425, 0.9230274736741293, 0.8056818363049346], "b9": [0.9750043937955585, 0.8645825179247336, 0.982078982393989]}