{"b0": [0.021210697263342605, 0.8877142312591562, 0.9728121874852889], "b1": [0.1536520973493895, 0.9003320089319595, 0.9986112414386834], "b2": [0.8764604375320737, 0.95606335058576, 0.8364491032275285], "b3": [0.15814551349331044, 0.9675118737693772, 0.8490970539847282], "b4": [0.3311581093129604, 0.8159683115094424, 0.9667590331615787], "b5": [0.15402143569558113, 0.9372752799575413, 0.9404684019325009], "b6": [0.30323141450970437, 0.9697567498974492, 0.862088744149857], "b7": [0.005667276683800867, 0.974120954902332, 0.8463385276565235], "b8": [0.8889378184990611, 0.9707154118045501, 0.9806325922772062], "b9": [0.1636701615977952, 0.9930528525245751, 0.935253403585827]}