{"b0": [0.5633997364814468, 0.9780351682398305, 0.9234617995220384], "b1": [0.6428068014084993, 0.7715744522896192, 0.9804577082367463], "b2": [0.6164080590267346, 0.9814509963178065, 0.8194834778695217], "b3": [0.9070013447617652, 0.9704840515548327, 0.9338086549866773], "b4": [0.9761207759060571, 0.9967726506548331, 0.8050162700178916], "b5": [0.6356646893744423, 0.9899528412857604, 0.981655884639963], "b6": [0.015674729787853295, 0.9382364957862279, 0.9787616978795526], "b7": [0.6839285796104523, 0.9889295266832281, 0.8322808120885654], "b8": [0.6714604776029492, 0.8585396695841697, 0.8212112572710316], "b9": [0.007579777717083294, 0.9818020153609788, 0.8027253452494145]}