{"b0": [0.013142634162418669, 0.8895808850778214, 0.9766178366350503], "b1": [0.6050898516903966, 0.8055677103636415, 0.967522948464419], "b2": [0.6431981475228877, 0.9692352212686286, 0.8705846100683549], "b3": [0.6193442369430288, 0.9724392949238039, 0.9319931973658516], "b4": [0.014578846582092495, 0.9585951002942902, 0.997124475937527], "b5": [0.08606406939735983, 0.9507065040039967, 0.907531391813738], "b6": [0.09421341792687357, 0.9517608028606225, 0.9457455052615126], "b7": [0.06740592226600331, 0.852818449864009, 0.8089642519340403], "b8": [0.6892683508276228, 0.9809504712954875, 0.988233964194327], "b9": [0.6426361795222316, 0.8751438396095375, 0.9051998231178806]}