{"b0": [0.11008245373087158, 0.960541445079307, 0.9726144904607966], "b1": [0.8925319555616056, 0.8355167052354838, 0.8977311464287291], "b2": [0.15657990998570712, 0.811816115017586, 0.913336531402923], "b3": [0.8918596844086322, 0.7282064187465929, 0.9339897355916691], "b4": [0.8389436572036897, 0.7906949129333256, 0.8042864649371362], "b5": [0.8689553089269755, 0.8889689116603892, 0.9681067324041877], "b6": [0.16810793410408376, 0.8497087469642826, 0.9774212094835734], "b7": [0.8632165694947794, 0.9101607922233316, 0.9716905566540034], "b8": [0.16418838264376898, 0.9684527399662385, 0.8490759603742548], "b9": [0.8485968408569096, 0.9216567808386498, 0.978722821226351]}