{"b0": [0.06229943530001635, 0.8216340250199465, 0.8088778198504434], "b1": [0.8945227516639617, 0.9729812574833475, 0.8821669111400234], "b2": [0.3315873824196335, 0.9607174105704404, 0.9307213257758618], "b3": [0.16065729392068456, 0.8388163803788491, 0.9774959636829839], "b4": [0.8668820300338037, 0.9883310093053946, 0.9326497012402005], "b5": [0.1629158627381372, 0.9202963293272495, 0.8447148718356005], "b6": [0.7736746992053857, 0.9419463928786389, 0.9924443781112621], "b7": [0.0994998904677552, 0.9919652886222743, 0.8735266186661359], "b8": [0.15670638535663634, 0.8964822629498167, 0.8410712295366309], "b9": [0.06848259165019392, 0.8973085506926801, 0.9498865955821454]}