{"b0": [0.9311082472016465, 0.9590304797201087, 0.9550325537685725], "b1": [0.8690877774607193, 0.9293484101297159, 0.9415759255226862], "b2": [0.15763483906594047, 0.9838129785922995, 0.8166369325279687], "b3": [0.34413169449709835, 0.9895990213447509, 0.8335614819577176], "b4": [0.28089368217703237, 0.9927300905630446, 0.9181076987374118], "b5": [0.8789247563500857, 0.9068971619088013, 0.848723507792588], "b6": [0.35282631086980054, 0.9120826299826673, 0.8724672875016245], "b7": [0.16822491325349115, 0.9340962979457728, 0.8322064039089928], "b8": [0.17039932572822675, 0.9520362011722696, 0.8004992016270596], "b9": [0.7752481877667562, 0.9496271631919653, 0.8045684652631777]}