{"b0": [0.901361087573099, 0.8783526528176572, 0.9322583389048501], "b1": [0.08733008025490609, 0.9661509300259052, 0.8808198954416858], "b2": [0.8828832936129121, 0.9953190291626153, 0.9938557434633334], "b3": [0.9040697474235284, 0.908780799259041, 0.8347159949162478], "b4": [0.16045140344437608, 0.9770444751749067, 0.9737863798870318], "b5": [0.10067812738560165, 0.8830627463118208, 0.8261770649657995], "b6": [0.16033955951418202, 0.9298344704353693, 0.8376351225301907], "b7": [0.3299551541934661, 0.8576531392976353, 0.8144083899988819], "b8": [0.16753006706824622, 0.962178206089251, 0.8638994822465297], "b9": [0.8698606734282995, 0.9689457538650506, 0.8435320711988392]}