{"b0": [0.3063160334478974, 0.978473991121019, 0.9639284717098228], "b1": [0.8920272674589473, 0.9817209234876428, 0.9871751609394934], "b2": [0.3525603113033757, 0.990063355485272, 0.9164744291657668], "b3": [0.8241833136810794, 0.9715019192075652, 0.9126521981567557], "b4": [0.8926847251781876, 0.8572082119302317, 0.8177144181706271], "b5": [0.8865686826138716, 0.9505428065102531, 0.8193025706292585], "b6": [0.39249740261220345, 0.8726311701028701, 0.9605398571634278], "b7": [0.16009145579583753, 0.9265133272157476, 0.9402147756381314], "b8": [0.3460401643323149, 0.9467552677503227, 0.9306178383158659], "b9": [0.8559624811291213, 0.937322945192572, 0.8195796041051167]}