{"b0": [0.8831840719997408, 0.8527747637514103, 0.8056912597463358], "b1": [0.16244659807158116, 0.931105539740935, 0.9074454296938468], "b2": [0.729674805890854, 0.9914394626012207, 0.81694761493916], "b3": [0.8719467355431092, 0.9746265277265427, 0.9772563120536256], "b4": [0.30637685179807134, 0.9250932960632948, 0.9841565709931102], "b5": [0.8649348885489083, 0.9467069314881029, 0.8051984788605924], "b6": [0.35253229122681623, 0.9502428276990493, 0.901628177752054], "b7": [0.8861817249234945, 0.9246490041175207, 0.8008381829102891], "b8": [0.33708937737451405, 0.9305506582644599, 0.8045165281523066], "b9": [0.3601992957791678, 0.9523009380840969, 0.8964720377465402]}