{"b0": [0.16511168608564525, 0.8356437025718337, 0.974030352528067], "b1": [0.16891057055630337, 0.9008382648832365, 0.8167998949740897], "b2": [0.16501297529863532, 0.8716575131634472, 0.9095280412288972], "b3": [0.32499907541243855, 0.951595957169369, 0.8744475119764169], "b4": [0.9214889993630528, 0.9021772952589672, 0.9116457404398889], "b5": [0.1663569470141005, 0.9863647345727081, 0.9783929589368222], "b6": [0.9187038167493078, 0.8965485785850391, 0.9427646620630751], "b7": [0.9172358801396412, 0.9552621809194403, 0.905134650229522], "b8": [0.15393387431508107, 0.898637360600133, 0.8146257069459608], "b9": [0.8223003539929883, 0.8932573575767911, 0.9648448544652513]}