{"b0": [0.33812559811154463, 0.985850698167834, 0.8973935511057141], "b1": [0.16553052751811395, 0.9063159451313533, 0.9143728388064098], "b2": [0.7351928202415806, 0.9200032536239172, 0.8292524489716553], "b3": [0.17150577871566786, 0.8511712659151764, 0.9990529098582469], "b4": [0.30428953393351726, 0.9280863616080797, 0.8495768856501867], "b5": [0.8447721082839935, 0.9594955440726907, 0.8565550004477003], "b6": [0.16307278080619222, 0.9609993085051727, 0.8977364089844726], "b7": [0.16569870559897393, 0.8726479417015719, 0.9872427478438729], "b8": [0.8831349718587493, 0.9846359412640459, 0.9336764011451925], "b9": [0.8593082039012468, 0.9165252332008391, 0.9222020839713478]}