{"b0": [0.8502432482567092, 0.973633338152403, 0.9978746385054762], "b1": [0.40079542166292287, 0.9549224044455907, 0.9823966753797145], "b2": [0.16490942469773107, 0.890331906229489, 0.9134507576518139], "b3": [0.16411556633315608, 0.9856014519822546, 0.8520355574721337], "b4": [0.32998500182571183, 0.9894997311659149, 0.8025476218139695], "b5": [0.8657085669943533, 0.8109568747559024, 0.8405773378352351], "b6": [0.1567005098788334, 0.8946519093888358, 0.8218674974886937], "b7": [0.1553756089457278, 0.9748335771130456, 0.8570407248810781], "b8": [0.8361282818546867, 0.965614004996964, 0.9928972855865531], "b9": [0.34024735480943247, 0.8836628654937378, 0.978291439542947]}