{"b0": [0.36012349289026196, 0.9237635163085368, 0.9252276525733619], "b1": [0.8914340314254777, 0.921279511450862, 0.9940952496968652], "b2": [0.9233637575709683, 0.9580076161578666, 0.9440825874705261], "b3": [0.17287124188589, 0.9002067170253851, 0.9318020829741732], "b4": [0.7268463057320799, 0.9965419865546501, 0.9967233700063471], "b5": [0.8833970080999825, 0.9940979528920632, 0.8711759286225683], "b6": [0.15915865862043468, 0.9381926502707029, 0.9052585604133228], "b7": [0.16250540329831842, 0.8682088357285886, 0.9157908862692956], "b8": [0.33664249555712245, 0.8859672557167023, 0.9756799825402329], "b9": [0.3330307742656575, 0.9329745559148473, 0.9995902113363786]}