{"b0": [0.31475283256351466, 0.9008661454634591, 0.8445164721690374], "b1": [0.09470222119601178, 0.9165742500085795, 0.8766548705940446], "b2": [0.9895719710109242, 0.9289030924183855, 0.905394505818982], "b3": [0.30451991207676743, 0.9299383858193704, 0.919738745252978], "b4": [0.16612954281356887, 0.8497230250420371, 0.997557430543655], "b5": [0.7099816006681217, 0.9220577527030194, 0.8527053929444246], "b6": [0.8630228458440371, 0.9065422425854286, 0.9107127567138442], "b7": [0.7536643125974832, 0.9725167808321502, 0.9933052065622706], "b8": [0.1549145159739689, 0.8764250522280814, 0.8422189559882942], "b9": [0.7509912930593391, 0.9563983628811202, 0.8059965301024947]}