{"b0": [0.8244902510063423, 0.9828027718805132, 0.9044772928902596], "b1": [0.9947792702618206, 0.8070344678420007, 0.9467227980895636], "b2": [0.15298353126653272, 0.9388715730912394, 0.8380362471684905], "b3": [0.8986730336074877, 0.8125892900220876, 0.834998289674522], "b4": [0.08848707969562637, 0.8874860004383892, 0.8632586140638543], "b5": [0.5908698016371977, 0.9669064260972546, 0.9607907628574252], "b6": [0.7290057516824091, 0.7950265606991218, 0.9163353752274611], "b7": [0.7700301610116993, 0.7987972126919126, 0.8684212474179955], "b8": [0.15303075520669931, 0.8794580752555157, 0.8181842176198737], "b9": [0.5593108514007392, 0.9592901771483947, 0.9729725103998947]}