{"b0": [0.0058737299858616894, 0.8375869082944871, 0.951582271477315], "b1": [0.6125124847441746, 0.752364852486414, 0.967284636699529], "b2": [0.0835809392544737, 0.9412975827905014, 0.8028635339943532], "b3": [0.006438040263703215, 0.9649417318955068, 0.814780074102666], "b4": [0.5690660654201093, 0.9972850401091958, 0.8451332622079658], "b5": [0.7641117512007297, 0.974696196608484, 0.817337074097084], "b6": [0.7837952010891175, 0.9033095216813725, 0.9724825422340984], "b7": [0.16176811008444994, 0.9856833387860228, 0.9594884524733409], "b8": [0.16364807439311518, 0.9578402410648478, 0.8186364052873744], "b9": [0.004671953301582948, 0.8040737829762196, 0.9523464026671188]}