{"b0": [0.8635405428219045, 0.8434964019920157, 0.8842781186014804], "b1": [0.017990343501556358, 0.9076151649861987, 0.9454824801613398], "b2": [0.7159989712790862, 0.9500030203574851, 0.8608021011372992], "b3": [0.3116907871173817, 0.9996895879567177, 0.983666227736241], "b4": [0.16990232439609362, 0.9835548054766369, 0.8494212738117544], "b5": [0.33474486547195076, 0.9741258171163928, 0.8449495190026229], "b6": [0.16281632500061555, 0.9545440130835537, 0.9105920566405508], "b7": [0.10455957482929659, 0.9982762067174924, 0.8068156873480845], "b8": [0.028173472785909613, 0.9070915783012644, 0.8900569321610022], "b9": [0.36798161624282405, 0.9511348519233226, 0.8300214307824842]}