{"b0": [0.6109098533967738, 0.9266258651620415, 0.8333287561239312], "b1": [0.08585099442888966, 0.9182041994672412, 0.823457343144176], "b2": [0.1535774752754798, 0.9173759704175067, 0.8216447762463533], "b3": [0.7591396395812001, 0.9569561158221699, 0.8771842074959544], "b4": [0.7558260330223419, 0.9849068090518643, 0.9545948089629002], "b5": [0.08575624112943664, 0.8508955154568824, 0.8778530479540771], "b6": [0.7340795195663697, 0.9848581985239871, 0.8201114408254484], "b7": [0.07350619033293658, 0.990727459312915, 0.977909246537856], "b8": [0.7730547093465031, 0.8067032805038744, 0.9589630796649149], "b9": [0.08977243429270225, 0.8738712599964152, 0.9975401274636514]}