{"b0": [0.525542217891696, 0.8917654188506497, 0.9567409803314362], "b1": [0.12443645460247846, 0.8686099231722071, 0.9855608117915051], "b2": [0.07081118032987158, 0.9171790059491195, 0.8825618505584238], "b3": [0.7543426681247465, 0.978277991417945, 0.878017642773468], "b4": [0.06975720158741107, 0.9024235519627263, 0.956015301520393], "b5": [0.7557611704860373, 0.9910017286533263, 0.9363962514055808], "b6": [0.5877705721524725, 0.8883428324898355, 0.9560529877702519], "b7": [0.8994182843589327, 0.7624666085023094, 0.9669653514322846], "b8": [0.08112121244303051, 0.9787406521522773, 0.9857246750198317], "b9": [0.3202112160016128, 0.7571579143509196, 0.9663679905385314]}