{"b0": [0.7633549833532969, 0.9981265728845288, 0.8287172246782402], "b1": [0.35159746957101334, 0.9555277421341627, 0.9824066495112317], "b2": [0.8633639946268079, 0.9563109924911852, 0.8512423003259741], "b3": [0.756527121708784, 0.938741561427331, 0.8499946970382258], "b4": [0.6557581944849251, 0.9316712570748931, 0.9494052965688853], "b5": [0.32784275802170804, 0.8571089910838348, 0.9361405515891842], "b6": [0.9761338015587893, 0.9659907594921368, 0.902666896678094], "b7": [0.7496398551581386, 0.8821907291625796, 0.979530917868484], "b8": [0.0027491591034813044, 0.9930911964556577, 0.8218515746338448], "b9": [0.3477747826948807, 0.8423997148636927, 0.8032099367720146]}