{"b0": [0.007302437600872768, 0.890948011235386, 0.8259929364106682], "b1": [0.1640514903994206, 0.9150019896420303, 0.843867124193602], "b2": [0.3839976176591069, 0.8738204615897556, 0.833809440876599], "b3": [0.8796336351622229, 0.8431697619640397, 0.8992794150170653], "b4": [0.07329460587463657, 0.9949232941589118, 0.8689634513377661], "b5": [0.5773053306492198, 0.8120763641777364, 0.8862920161697087], "b6": [0.15532961798737374, 0.9649166072729842, 0.9349844286500206], "b7": [0.014720927043660124, 0.9082776216734206, 0.8675223454534509], "b8": [0.326302374286246, 0.8548822004617342, 0.8149867423072251], "b9": [0.3548593358267518, 0.8865725945329056, 0.9209004742224125]}