{"b0": [0.8703070341495596, 0.7916055108262703, 0.8345201650220335], "b1": [0.6649188017626914, 0.9234776953263659, 0.9629751713389301], "b2": [0.9954669343586291, 0.966337048708113, 0.8845629995287978], "b3": [0.7679659869062515, 0.9959027430038624, 0.9421530426599343], "b4": [0.01802473211046085, 0.9873214146314799, 0.929465284759998], "b5": [0.9877494565074331, 0.911115379422996, 0.9627229091038134], "b6": [0.6312059510527763, 0.9266162525090695, 0.9286448158488716], "b7": [0.07974094531091802, 0.8663968548656773, 0.910938314999198], "b8": [0.074453312090234, 0.9478188009124523, 0.9199241440657626], "b9": [0.8831684672972979, 0.9391049931115267, 0.8834039590706019]}