{"b0": [0.06491234235412029, 0.9035822931937361, 0.8765485936994561], "b1": [0.9956972440320493, 0.9455843043386443, 0.9443952257069345], "b2": [0.16357834743992458, 0.9422836856312172, 0.8307309039822417], "b3": [0.01923128091050814, 0.9230731409264262, 0.8288578918055305], "b4": [0.6168127352692274, 0.9057389444066496, 0.8898884127269023], "b5": [0.09975052664825172, 0.8974042650974354, 0.9090262968431485], "b6": [0.8930405105036173, 0.8772722821261243, 0.8318560756426152], "b7": [0.6061688244223472, 0.9127521285937757, 0.9816865988396547], "b8": [0.7290938852031275, 0.7424001073312049, 0.9619976878010847], "b9": [0.004389552440045166, 0.9832742673438788, 0.9486977400787224]}