{"b0": [0.633074493350585, 0.8901813333213834, 0.8265353803501365], "b1": [0.9989536038737872, 0.9653915228880403, 0.9245321261201092], "b2": [0.736435046494076, 0.9126697132106821, 0.8528591067032381], "b3": [0.15824536114472443, 0.9703694833462078, 0.9043615293559015], "b4": [0.8212156459442603, 0.927104438582283, 0.8864832695605531], "b5": [0.8805443048197873, 0.9922777302058188, 0.9906955493186824], "b6": [0.08359989164240067, 0.9868747208159236, 0.993008996523277], "b7": [0.9768819072694519, 0.9026892103732278, 0.9805124683954225], "b8": [0.07519316578680889, 0.9276868083210448, 0.9047136335006808], "b9": [0.009771847931441223, 0.9710928655493234, 0.9398225039771851]}