{"b0": [0.16486260160895952, 0.9306715428817598, 0.9219994608278017], "b1": [0.06914039999337276, 0.9233085260480203, 0.8345882733654346], "b2": [0.8909478139674211, 0.9199727935212394, 0.846683124765824], "b3": [0.08559568651852466, 0.9874934911532499, 0.9860884112853736], "b4": [0.3304160882375779, 0.932394064305641, 0.964815566874867], "b5": [0.3602250955049907, 0.9131505671437339, 0.9779739965037174], "b6": [0.32356557245499823, 0.9969266566457874, 0.9290294360333696], "b7": [0.0795645437728344, 0.8453775522848751, 0.9550773747132183], "b8": [0.3252229447242366, 0.8893042667948658, 0.9643337252629831], "b9": [0.08032477086105441, 0.9310283434587255, 0.9216832715801755]}