{"b0": [0.36736894824351846, 0.9717070724556064, 0.9591115954002203], "b1": [0.8833622895844492, 0.9146677203104621, 0.9937108786141158], "b2": [0.06910230091609136, 0.9886296768395689, 0.8858355655063415], "b3": [0.3394456801184022, 0.8065218857002773, 0.9746524213522575], "b4": [0.16053673328668336, 0.9476822521974104, 0.8778153854614353], "b5": [0.6163992330423823, 0.9967264819417098, 0.8587319882306689], "b6": [0.2946080323893594, 0.8655214238057749, 0.8564560706461287], "b7": [0.10688135282126089, 0.9953157782156765, 0.9107090180918695], "b8": [0.8340185809609085, 0.8804779709596885, 0.9446093550590597], "b9": [0.36896018990404117, 0.985627323476569, 0.9900744754642676]}