{"b0": [0.8952034935828584, 0.9886101600793045, 0.9561529334774506], "b1": [0.6118923282048189, 0.9413663028103297, 0.9796187828965774], "b2": [0.045207279896795634, 0.8980963202785471, 0.8756751222493986], "b3": [0.8147286853440217, 0.93519756702884, 0.9901548539256637], "b4": [0.3393215446891519, 0.9455867180784265, 0.9644204823595465], "b5": [0.09062522417936666, 0.8711169730633833, 0.948583104846379], "b6": [0.6039373329008464, 0.887552622438717, 0.9855038485043714], "b7": [0.08592635015380719, 0.9866903418948226, 0.8985875920428477], "b8": [0.31904713087283154, 0.9406337582315729, 0.8539820956951977], "b9": [0.6093909601930547, 0.9659121084781954, 0.9857192788415852]}