{"b0": [0.3176361256284338, 0.8994863625796461, 0.9325297983437574], "b1": [0.5853999200805662, 0.9586617988507804, 0.9522535252607779], "b2": [0.7542806973563971, 0.9792605687544017, 0.8776780561614423], "b3": [0.09283204861383053, 0.958688780260583, 0.936533355242484], "b4": [0.3167203827736286, 0.9831165253588465, 0.9664892373676638], "b5": [0.34382220716861867, 0.9896643136432813, 0.9771664991444069], "b6": [0.3552854871959228, 0.9639857448717707, 0.979945313041168], "b7": [0.15912186725150335, 0.9838756765823602, 0.8634956548913144], "b8": [0.10932898352430216, 0.7885682302529422, 0.800444297572155], "b9": [0.33626032296532743, 0.9104106863894057, 0.8543335428129243]}