{"b0": [0.3246919984086463, 0.852327486080025, 0.8667065151910117], "b1": [0.8750227995562772, 0.9800098548987565, 0.9606899581136414], "b2": [0.16764625800394517, 0.8119784090388765, 0.9177564910033981], "b3": [0.008208603078126547, 0.9795572660649607, 0.9308169112476289], "b4": [0.8694543520967629, 0.7468982215742941, 0.9495643189907473], "b5": [0.9943418825826307, 0.9594665144869226, 0.9080882520890741], "b6": [0.9949938185943723, 0.9996651131931613, 0.8157589025956863], "b7": [0.3371223339497609, 0.9503368345135847, 0.8282672108615157], "b8": [0.3224437661366762, 0.9787006979531455, 0.9311432598455041], "b9": [0.3345499532751988, 0.9759708914345748, 0.9460667377374703]}