{"b0": [0.3241782954310164, 0.9194715352596999, 0.8406552559937316], "b1": [0.28875327407751944, 0.8922764036369009, 0.9356354617909557], "b2": [0.331052322425528, 0.8993353196145648, 0.9313945813113242], "b3": [0.6988403947978838, 0.8401966128924256, 0.8092015467819867], "b4": [0.9901513121910888, 0.9724058256922009, 0.9774081281775022], "b5": [0.9844201711178867, 0.7219787811385143, 0.8301678032123853], "b6": [0.3239903523032223, 0.9080396416022296, 0.8577013988084756], "b7": [0.2932034767249592, 0.9007520311708502, 0.9085795294404214], "b8": [0.15704110758142387, 0.8373073610480062, 0.9346290605055023], "b9": [0.8887608672074653, 0.8391533607487763, 0.8551031503596868]}