{"b0": [0.08269849054803094, 0.7423459055768198, 0.8490242128919598], "b1": [0.8660021693715366, 0.9899915113668365, 0.9123048839187854], "b2": [0.763464720648315, 0.8867460584614577, 0.9087800466334559], "b3": [0.30958809877393356, 0.9109052350766567, 0.8060178497818419], "b4": [0.3347365877159833, 0.8915450805321037, 0.9355998859836113], "b5": [0.3514677439821515, 0.8806203343984492, 0.9582685819199728], "b6": [0.9818561640358636, 0.9840099679860913, 0.8250168502643369], "b7": [0.3398025977701732, 0.8365351599360434, 0.8168175550402859], "b8": [0.8736443217526164, 0.9985117211642615, 0.9406614223781355], "b9": [0.36212690529478314, 0.9407944409901341, 0.9699474541780188]}