{"b0": [0.6941312168715528, 0.9400891893647142, 0.8249696765218966], "b1": [0.9877816294749614, 0.9977157014974118, 0.9895662041663694], "b2": [0.31007103183276297, 0.9832771531234589, 0.9829576059226244], "b3": [0.3575060982357028, 0.9674210541957025, 0.9945209153346736], "b4": [0.29432078054802047, 0.8915694643793586, 0.8351711164641151], "b5": [0.7276731529311824, 0.9482690862554496, 0.9671351465305298], "b6": [0.8770168146023544, 0.9044847220617869, 0.879564736116238], "b7": [0.30217995853386176, 0.9988935938101021, 0.8138248076875754], "b8": [0.8628731854045576, 0.9488928804423405, 0.9610628795829795], "b9": [0.3697439703896495, 0.9249835766024427, 0.8975888855512341]}