{"b0": [0.3213218903530219, 0.8721381680174912, 0.930815713645406], "b1": [0.3504975843857741, 0.8834743811825234, 0.9121616502162208], "b2": [0.7741881880444391, 0.8031903156595018, 0.8682428825896186], "b3": [0.00421682098153928, 0.9785795008539477, 0.9554838495989799], "b4": [0.3242415509604604, 0.9203187974951034, 0.9038371000648001], "b5": [0.0954358899435182, 0.8823240024063488, 0.8156331547460026], "b6": [0.08345866585091186, 0.8515016747504336, 0.8031402119898254], "b7": [0.30674375253289526, 0.9861111267971374, 0.8835152406268731], "b8": [0.15508460507360566, 0.9069166064536724, 0.8858853124257834], "b9": [0.7645302215292644, 0.945214294764879, 0.9681596981224959]}