{"b0": [0.005839383570170934, 0.9660429941719666, 0.9180686312677302], "b1": [0.8036210475602684, 0.9900186360162527, 0.9930930774434009], "b2": [0.32696762522315514, 0.9350071640015851, 0.8813915894214266], "b3": [0.15307768168535513, 0.976125146499658, 0.8945737159923765], "b4": [0.9655832468715798, 0.945774440137013, 0.8907662278814381], "b5": [0.7791225999178555, 0.9657518506614423, 0.8946743031329158], "b6": [0.28271989585192253, 0.9061790831818134, 0.8848141649605447], "b7": [0.17305275277106677, 0.9729356504263589, 0.8933147891949783], "b8": [0.007099682913922316, 0.96635255111496, 0.9146983439121172], "b9": [0.9918409596087773, 0.9836612001497772, 0.8495586541350163]}