{"b0": [0.9765082929399175, 0.8818906009260246, 0.9901049246341025], "b1": [0.989266366326469, 0.9227920226704239, 0.9709117351831847], "b2": [0.6497394718177802, 0.8985929020071335, 0.9973788371774462], "b3": [0.3299330466594253, 0.989610145402377, 0.8632555187844413], "b4": [0.15995886746952417, 0.9758068457753147, 0.9512123167413116], "b5": [0.1562569059393887, 0.9133660054904164, 0.8343434291591759], "b6": [0.14962652149014452, 0.942207462560677, 0.8091085709340526], "b7": [0.9955494958049185, 0.8880565018749984, 0.8060450942254471], "b8": [0.0920806833628562, 0.8514727866156987, 0.9845091026941857], "b9": [0.2764255638868098, 0.9241991302404224, 0.9615592145267469]}