{"b0": [0.5895327100089098, 0.9633267645422388, 0.9813616940917048], "b1": [0.021168174910084336, 0.9198780081141781, 0.8046422767489652], "b2": [0.6079719383298362, 0.8385905510672277, 0.8370265252679345], "b3": [0.15337520884399758, 0.9640211592601247, 0.8598691154893032], "b4": [0.003628764871018129, 0.8904517298458157, 0.9529259771111047], "b5": [0.003973502641838958, 0.9884892175179106, 0.9871157212821984], "b6": [0.03683921213110165, 0.9414697236824692, 0.9102455882140074], "b7": [0.547058546266923, 0.8422310808860045, 0.9321237945838174], "b8": [0.3611437490356685, 0.954946347729519, 0.8474358031396507], "b9": [0.1652454111837558, 0.8001583317165892, 0.9059544790749456]}