{"b0": [0.9151184775545805, 0.95332113060831, 0.9383932308006707], "b1": [0.7609806886331895, 0.7809482456198338, 0.8821406477846442], "b2": [0.8639707350167611, 0.908265761346974, 0.803068016963842], "b3": [0.08623816042536232, 0.9771817763613607, 0.9172105250317543], "b4": [0.06831688288790493, 0.9581409195639518, 0.8327765680577994], "b5": [0.0760662359237144, 0.8824960210250962, 0.9491211919961369], "b6": [0.8183966671442299, 0.9163940293228303, 0.8760422423312355], "b7": [0.546283352685454, 0.8616798174352929, 0.9836804497517505], "b8": [0.3387985992974847, 0.9588186431443348, 0.8501501322178591], "b9": [0.009375518540900006, 0.881036875050881, 0.9283863671712166]}