{"b0": [0.8834865575642303, 0.9792752712136082, 0.8644355210455437], "b1": [0.09541253097448113, 0.9131556553510367, 0.9798784671775874], "b2": [0.29589433063210696, 0.9085287227314484, 0.9931638133997782], "b3": [0.07436938869289403, 0.983711467427241, 0.8032669805037983], "b4": [0.09807647434938295, 0.9423294071840513, 0.8967551621808254], "b5": [0.9079388792349987, 0.9823680010241682, 0.809752765302008], "b6": [0.876569630995397, 0.8444042064274551, 0.9102306272321061], "b7": [0.8017120215159084, 0.9935596286431787, 0.863484976882229], "b8": [0.8935730905462591, 0.8984982902385472, 0.8591460543280799], "b9": [0.9114284695046908, 0.8167921121316968, 0.8719024313153036]}