{"b0": [0.0803869584974699, 0.86612941377261, 0.926012910873636], "b1": [0.7769500540329046, 0.991128172996978, 0.9095104342326598], "b2": [0.6567940371372702, 0.9257757949171334, 0.9575864854496244], "b3": [0.8803581158209555, 0.9166173530553624, 0.8581984453364235], "b4": [0.0015208230620844087, 0.7890400987929692, 0.8596522460618694], "b5": [0.08180908224261943, 0.8519255810684214, 0.8974225717131249], "b6": [0.16278193202062016, 0.8973206642446984, 0.9927618387460025], "b7": [0.15807992234524076, 0.9789792384932221, 0.9457368547227819], "b8": [0.7671380336182706, 0.9042537245704508, 0.8661411378848779], "b9": [0.15858389895486238, 0.9857218984574154, 0.831433870570855]}