{"b0": [0.7199516360757543, 0.9969209922488712, 0.8621909996185707], "b1": [0.8512757649951271, 0.9456644576099857, 0.919453633769065], "b2": [0.09743100343990635, 0.9664110927787758, 0.8540390499692151], "b3": [0.7603873632593121, 0.8961379131719934, 0.8077749528036151], "b4": [0.014787137433374353, 0.9094369989332042, 0.9683014670563762], "b5": [0.6958645911813146, 0.9806843293351794, 0.9521923536790439], "b6": [0.6393296647004147, 0.9339821531016681, 0.9497712621533414], "b7": [0.9947242016802424, 0.7583371309388367, 0.8407790335740831], "b8": [0.15897188841815837, 0.8690725649770192, 0.8108286863981856], "b9": [0.5869750477361267, 0.8702616376005834, 0.9539739202518049]}