{"b0": [0.3409744674236116, 0.9454884349208025, 0.941854377011675], "b1": [0.7729748861525946, 0.985869375550411, 0.8222905020392767], "b2": [0.7862826166801175, 0.9054154090784388, 0.8063156520294916], "b3": [0.9885539071492775, 0.9616856209091948, 0.8729006774954796], "b4": [0.17336803743576965, 0.9752490360627292, 0.9821368041214033], "b5": [0.08681073599699303, 0.9989102662796796, 0.9493815429302742], "b6": [0.6325383698704238, 0.7781030189868197, 0.9567352722810082], "b7": [0.35855585898011094, 0.9981316901509778, 0.9985616824109212], "b8": [0.8520073733848667, 0.8759609716085598, 0.9720135904684649], "b9": [0.006791149420808978, 0.9743252773023232, 0.9618507471796441]}