{"b0": [0.32982757604103774, 0.878074009952704, 0.9557660302119314], "b1": [0.9311375881388848, 0.9139288569824864, 0.8109239025834981], "b2": [0.8641467080099439, 0.863102183083323, 0.8887362160132417], "b3": [0.8397766508744082, 0.9062214852018867, 0.9317141976455184], "b4": [0.6332975243542983, 0.8883502265938569, 0.9267009414791157], "b5": [0.1642798412866462, 0.8388808246343068, 0.9691408437333777], "b6": [0.3174631959349148, 0.9867722683589798, 0.873747002706838], "b7": [0.3346800242033558, 0.8782377830381967, 0.9687556418209015], "b8": [0.6176501797170654, 0.9953281602763653, 0.9504265164210756], "b9": [0.020404134425186425, 0.8334681362064612, 0.9643262257870846]}