{"b0": [0.86814328443584, 0.9563638187004833, 0.8854086791116468], "b1": [0.8456725956675558, 0.9774956848789068, 0.9964549782523225], "b2": [0.3297620017256592, 0.7902410574569941, 0.8636252326228072], "b3": [0.16201588716766835, 0.9468335840663954, 0.9731901896770174], "b4": [0.5657672634440716, 0.8433520124505308, 0.921331291963115], "b5": [0.31132974343713155, 0.9153960475809481, 0.8046789599006743], "b6": [0.34358990220738833, 0.9388199415865036, 0.8562559472302779], "b7": [0.625505144604478, 0.8917124661885364, 0.9945281049896392], "b8": [0.08552116992468449, 0.9129708625303747, 0.8646159163482242], "b9": [0.938552159089541, 0.9607788509736115, 0.9921634182340253]}