{"b0": [0.08265223219191249, 0.9133496623385026, 0.8750580690998018], "b1": [0.15865949486407904, 0.9225715779278996, 0.9663621167966183], "b2": [0.1628517063663554, 0.865783844411441, 0.898085895982691], "b3": [0.6161102270257267, 0.9967527503690811, 0.8944360399359229], "b4": [0.30456609470335555, 0.9445348598556506, 0.9488876969374828], "b5": [0.28781897158097947, 0.9722134098755791, 0.8859527980460307], "b6": [0.8985288059278045, 0.8530542895720494, 0.8517534262868101], "b7": [0.7568187695597252, 0.939133404208541, 0.8467086754979803], "b8": [0.16138039485850242, 0.7441464433704446, 0.9370779095898766], "b9": [0.0854322581794754, 0.9421534885413252, 0.9554419560748866]}