{"b0": [0.651029513975724, 0.9513677517343153, 0.9469645285778749], "b1": [0.07791717758292624, 0.9203304671148185, 0.9085701853563478], "b2": [0.0977235254484665, 0.9997615055740019, 0.9051986772879798], "b3": [0.803441531861543, 0.9928700984571828, 0.8117313786141864], "b4": [0.999652614746938, 0.9501361413999112, 0.8795024695938612], "b5": [0.5484677218053021, 0.89347229088722, 0.8559563746493734], "b6": [0.08388843492622587, 0.9148803722220089, 0.8498278687314125], "b7": [0.3279202837009626, 0.9748715948802597, 0.8293308106150817], "b8": [0.35319406757960153, 0.8969804989125985, 0.951708708719953], "b9": [0.008698059489605375, 0.988232830510855, 0.8662541038148845]}