{"b0": [0.16707201761322202, 0.9477700031586482, 0.9978938490321189], "b1": [0.3641095267492478, 0.7701474032507695, 0.9080820208718029], "b2": [0.1596415546177147, 0.9462431056898651, 0.9108266924222386], "b3": [0.015487838764406852, 0.8612957956466254, 0.927815161345359], "b4": [0.07166653326157851, 0.9191169700949554, 0.9029539096603361], "b5": [0.09128451164659561, 0.9827899831401161, 0.8107823174760179], "b6": [0.1630689223699262, 0.9748923662609001, 0.8215060211709894], "b7": [0.08464339254351926, 0.9277651910307015, 0.9088922753801721], "b8": [0.7651667822208728, 0.9998339433667236, 0.9851343490757735], "b9": [0.6214642630479233, 0.962683494005744, 0.8171091091197519]}