{"b0": [0.10067039515505682, 0.9673819924654995, 0.9771863651463559], "b1": [0.9178630696679303, 0.9750444855163498, 0.9315038072238285], "b2": [0.15468660822014033, 0.9875521576569632, 0.9337032986774638], "b3": [0.30556567524009565, 0.969334276189293, 0.8038314680980219], "b4": [0.5954130023011502, 0.9455091352306642, 0.8741909276756448], "b5": [0.9907436434766413, 0.9935524517670669, 0.8661962318361326], "b6": [0.15655827280574325, 0.8054044969351319, 0.9115832064606408], "b7": [0.16887170094860685, 0.8735211027726095, 0.884939666492155], "b8": [0.05931522051786118, 0.9368598379288957, 0.9404095197270427], "b9": [0.09990158820591763, 0.9626713129240848, 0.9748550662664843]}