{"b0": [0.8295732537891424, 0.985076315967205, 0.8746412857574245], "b1": [0.6083351027193032, 0.8429997412943586, 0.997094530140202], "b2": [0.31173474461137274, 0.9251662794597384, 0.9021159692469795], "b3": [0.9128768586358744, 0.9556126941725335, 0.922732491917175], "b4": [0.5854693840932284, 0.9095360829382532, 0.9027713063553212], "b5": [0.7553788923236664, 0.9958188080767164, 0.8532512764009601], "b6": [0.34322321622878166, 0.9523828935354905, 0.9604324179113287], "b7": [0.34384619589324944, 0.8697184105310501, 0.9125490977163611], "b8": [0.77960221163057, 0.8293307308660459, 0.9182073685697856], "b9": [0.6668744727460216, 0.8880189916519935, 0.9194540285147339]}