{"b0": [0.35164958239138805, 0.9806597516890554, 0.8329926559929253], "b1": [0.5758529201952126, 0.9313151165756534, 0.8688899391274828], "b2": [0.05072998839559287, 0.9501664163955528, 0.8444878952373582], "b3": [0.2991144932424625, 0.9764264427861465, 0.8605785194020714], "b4": [0.7210126222197987, 0.9640427174770099, 0.8287209160038036], "b5": [0.5895858487130035, 0.9152565978950326, 0.806825183882657], "b6": [0.08714832437661668, 0.9584348862981897, 0.9985156544454772], "b7": [0.32927086775393866, 0.9794478212620839, 0.8482768475714332], "b8": [0.15481172958863884, 0.8562356969115175, 0.9216290201608056], "b9": [0.5695153745075623, 0.955957348366183, 0.9267263262099721]}