{"b0": [0.34698182747069367, 0.9177774946626752, 0.8476882319030132], "b1": [0.8889573436254001, 0.9144077887463519, 0.8752536257631539], "b2": [0.15977698680280153, 0.9681701527691964, 0.9772663287157942], "b3": [0.6661855367357795, 0.9690239628541363, 0.9302247511497396], "b4": [0.8997301996259012, 0.9300389616924397, 0.8109441281389479], "b5": [0.8135390076663629, 0.8252168372079541, 0.9147223785508483], "b6": [0.29636132547092126, 0.9064899018406982, 0.9936037952543313], "b7": [0.3681697808982127, 0.9607197281974676, 0.8279356356856755], "b8": [0.8465567601827982, 0.8899032400081807, 0.8201490540059362], "b9": [0.32374314488965034, 0.8802264001826594, 0.8102651258344004]}