{"b0": [0.32882571575062797, 0.9773314624791101, 0.84763401655117], "b1": [0.7106615428742528, 0.8407011364200565, 0.8014097308199061], "b2": [0.8864753974638073, 0.9813956570418739, 0.8310011093880809], "b3": [0.8419707345434919, 0.9288685913816717, 0.9816248410022373], "b4": [0.8895359014739503, 0.951266725093334, 0.8986456597371592], "b5": [0.3233744823409831, 0.992868994882434, 0.9501192564304207], "b6": [0.3618462234990878, 0.9411858058878023, 0.8100687445344746], "b7": [0.32482606029297256, 0.9835221581718314, 0.9456228419966294], "b8": [0.010279037868269447, 0.8400083529221095, 0.906740632564672], "b9": [0.9196459418714356, 0.8977185803322995, 0.9849227695446473]}