{"b0": [0.34362932688404646, 0.9920433558243548, 0.906727682123151], "b1": [0.30654483442582336, 0.9723496078896123, 0.8681117192934067], "b2": [0.36114080053763237, 0.9044495681150255, 0.9924896427717623], "b3": [0.7082341512675403, 0.9936461064475925, 0.8128648130275122], "b4": [0.992430382974014, 0.917291893503477, 0.9681952726391967], "b5": [0.8462047602010463, 0.8606252394844895, 0.9952293795991501], "b6": [0.969885466325756, 0.9918485363206152, 0.9321811266220249], "b7": [0.8031179205759104, 0.9236206756007251, 0.8024580854353317], "b8": [0.9890641025409076, 0.8707545212618234, 0.9515723610405922], "b9": [0.8343705820636309, 0.9655673268231264, 0.9395266650289515]}