{"b0": [0.8854977101723268, 0.9956811612315435, 0.9767627532416506], "b1": [0.0537410434152122, 0.893078783423418, 0.9922093938941227], "b2": [0.327703699740007, 0.9286467638487318, 0.8798938542628142], "b3": [0.7569436818166189, 0.9469044004934685, 0.8722456858794385], "b4": [0.8710585704494026, 0.965130653699929, 0.9151661807755923], "b5": [0.9037213593420311, 0.8879157156639487, 0.9076487270892984], "b6": [0.15259188160191, 0.9476662556112251, 0.8554380798219833], "b7": [0.07641106517886681, 0.8371848741485642, 0.9960104892700938], "b8": [0.351900923588691, 0.9878113852829634, 0.8689918171037536], "b9": [0.09502105603027189, 0.8975633991084987, 0.8226511472314104]}