{"b0": [0.3706466698128354, 0.946137228125971, 0.8367318090187621], "b1": [0.003094843116661849, 0.9454494210954911, 0.8704252330719882], "b2": [0.15644045989012093, 0.8917656199867221, 0.8389207313059306], "b3": [0.15701536115545653, 0.8302603884299475, 0.9933969914467708], "b4": [0.16556392679071866, 0.932915184536235, 0.9605468898911337], "b5": [0.5927727177410755, 0.9689085145753491, 0.9173323593990556], "b6": [0.7458705025262408, 0.9722902418464402, 0.8935031275515614], "b7": [0.34254802317287786, 0.9476058050659207, 0.8293661583431826], "b8": [0.7342258857570626, 0.9951574434778254, 0.8804775804481043], "b9": [0.09550536268771002, 0.92582119958831, 0.9683869808983332]}