{"b0": [0.16588986206333767, 0.9546766624910079, 0.9218343640424561], "b1": [0.341798263504436, 0.9502666283104118, 0.9102787593151547], "b2": [0.9882168791864178, 0.9734207786730146, 0.894879026544693], "b3": [0.006339049003402364, 0.8801841672189437, 0.9291712224307364], "b4": [0.07941363232207074, 0.9576046187126158, 0.884981913494439], "b5": [0.8689902584213383, 0.9846385047007464, 0.9035207710349495], "b6": [0.15937169524348305, 0.9687409091643963, 0.8691920253481659], "b7": [0.06609447293125749, 0.9962387627047342, 0.8928767829746908], "b8": [0.30830582154396935, 0.8472182891294057, 0.9497632465869167], "b9": [0.008308778594764574, 0.9381870771216331, 0.850091492103779]}