{"b0": [0.5890707310619818, 0.9977170911777646, 0.8288875138977498], "b1": [0.07242402895202119, 0.9354325314069429, 0.8408082291688151], "b2": [0.16488896861563007, 0.8411511641699231, 0.8719108163134153], "b3": [0.15638007882656954, 0.926130706484499, 0.9616275403285625], "b4": [0.07681278941776024, 0.8563548905947331, 0.9145165662164827], "b5": [0.36066072628242785, 0.9891772262984895, 0.8097165687031458], "b6": [0.0984296961548126, 0.9099855791090576, 0.9619166664198994], "b7": [0.8572997118675222, 0.9802330670442971, 0.936983997901781], "b8": [0.8771260730344044, 0.8869245374502712, 0.8194562179206711], "b9": [0.7107955599707266, 0.9605613128410944, 0.8099922067175542]}