{"b0": [0.162255908512716, 0.90986503028399, 0.9890679227238388], "b1": [0.08259890135930754, 0.9752754134525332, 0.9491860022713747], "b2": [0.30682440475202727, 0.9851239481050377, 0.9975625378855689], "b3": [0.8805937448465255, 0.9615393999411748, 0.909688126178425], "b4": [0.8720839889613106, 0.9617146628761614, 0.836843751035111], "b5": [0.16698093472763112, 0.9439149520584935, 0.8466344424557214], "b6": [0.28916345344938477, 0.9647868283090141, 0.9968314771934612], "b7": [0.1577956753562345, 0.9708560335871206, 0.8805924920220195], "b8": [0.16718020536690198, 0.9255550338625165, 0.9441748101366368], "b9": [0.05621626778752023, 0.8428440299959347, 0.8553545850676582]}