{"b0": [0.15266042237268798, 0.8763987544138616, 0.8186650194752542], "b1": [0.3133064978754193, 0.9488995926484087, 0.8835595858973317], "b2": [0.8546040512233595, 0.7987901431530884, 0.8290311637239518], "b3": [0.15920836820052256, 0.925047139005311, 0.8079854718872289], "b4": [0.11192770125468676, 0.9559519096372306, 0.8267051705638059], "b5": [0.07946929870005986, 0.9390430909090034, 0.8222942613123554], "b6": [0.09930175762309229, 0.8760943131623875, 0.8535149248044621], "b7": [0.9954708673260292, 0.8596217950532629, 0.8150742704027526], "b8": [0.15805624081888495, 0.9023564527672925, 0.9521236897485582], "b9": [0.15851534651685514, 0.9685838599511122, 0.9146635775660428]}