{"b0": [0.38376377458136884, 0.8742092013596532, 0.8718304774835114], "b1": [0.7706607276227857, 0.9499918639043199, 0.8233511314536496], "b2": [0.14701639801022984, 0.8976349873185286, 0.8102319273064204], "b3": [0.7108349417055048, 0.9935054959616464, 0.8529134502782467], "b4": [0.8555224515031072, 0.8303847094894422, 0.9908848454838496], "b5": [0.5839154291448888, 0.7856300961967918, 0.8324477655814938], "b6": [0.35599810310047303, 0.9271624663944934, 0.9584378692775348], "b7": [0.35486312607642456, 0.8924518670326242, 0.9411149154912587], "b8": [0.7373579445170816, 0.9161818714616763, 0.8959636815116337], "b9": [0.9043086943963119, 0.9784181567446957, 0.8705480006901793]}