{"b0": [0.2839780289280211, 0.9648475860649413, 0.9069999519922644], "b1": [0.9901938509366562, 0.9011833038703716, 0.8335406514345213], "b2": [0.33249888729374766, 0.9449442824978805, 0.8726913462862069], "b3": [0.08841721655838204, 0.9911731649665552, 0.9629363091233318], "b4": [0.8441710629479432, 0.9749496295437566, 0.8298220739043367], "b5": [0.9846441038718364, 0.9443024190461844, 0.9955715657031535], "b6": [0.544539112652798, 0.9295105026101714, 0.883826711499133], "b7": [0.5463937425143109, 0.8367678629267213, 0.8283882315290821], "b8": [0.3210898770952366, 0.824996425961645, 0.8752444271177957], "b9": [0.5147278450890751, 0.9935744326176021, 0.9714841663486734]}