{"b0": [0.3080478885158112, 0.9760544665969754, 0.9396828251375564], "b1": [0.388439325717049, 0.8506374889277137, 0.8666414124783962], "b2": [0.5345788053878028, 0.9628212507428391, 0.832291180792265], "b3": [0.6170520516869282, 0.9683220067967429, 0.9852877308053395], "b4": [0.1600542118151043, 0.8404932925297735, 0.9584576128297484], "b5": [0.32012450188550756, 0.9273727006416672, 0.9721694106611669], "b6": [0.8518242283272777, 0.9791629640016005, 0.843369662892351], "b7": [0.5411465975564472, 0.8083626119151183, 0.927681895702369], "b8": [0.0863044994765516, 0.9828830662653556, 0.9683039623424731], "b9": [0.8792794475651078, 0.8905863695100692, 0.9539416689812744]}