{"b0": [0.16519764967566275, 0.9225669619271666, 0.8503896998888838], "b1": [0.09364182038957963, 0.9357235599655648, 0.9066877682339701], "b2": [0.2873192118815193, 0.905313200491687, 0.9476546583490116], "b3": [0.6605065292692681, 0.8493105144919236, 0.9041530168924227], "b4": [0.36755206819574354, 0.8682758628673426, 0.9033913395499665], "b5": [0.7660680418599126, 0.8862969001763719, 0.9287605536774689], "b6": [0.08855338409052925, 0.9474273723512023, 0.9011922673975329], "b7": [0.6465448791482092, 0.9054456768493304, 0.8029463412210887], "b8": [0.6261812579397223, 0.9052387281374358, 0.9060818737698889], "b9": [0.36493113651909304, 0.9556078894940652, 0.9961661805129577]}