{"b0": [0.6296559717927112, 0.9954954353255329, 0.8861918738285037], "b1": [0.9913692417952222, 0.8002359172810904, 0.8828313071704109], "b2": [0.15734778890415313, 0.9539924277458747, 0.8252647385804948], "b3": [0.6767240996993721, 0.9210200171410986, 0.9678047753716903], "b4": [0.6294749754534018, 0.8431059444334298, 0.8731324817033334], "b5": [0.0736119053846958, 0.9032433619956725, 0.8700068081160721], "b6": [0.3190316990195679, 0.8242461410027844, 0.9115311626097374], "b7": [0.8704964182277264, 0.915058267270824, 0.9582451012183404], "b8": [0.3452020857362663, 0.8985050801870027, 0.9955810919534203], "b9": [0.31187515570732527, 0.9491551726378242, 0.9659901851444088]}