{"b0": [0.1582567063230117, 0.8776440313622947, 0.9267075856166902], "b1": [0.002094597463799888, 0.943294765278954, 0.8182004848633686], "b2": [0.16611526253144665, 0.830439738037606, 0.9673773421105334], "b3": [0.1659430873890665, 0.9547964889797664, 0.911132467904228], "b4": [0.009557628003783673, 0.8575713459337527, 0.9537914927533714], "b5": [0.15931260132175706, 0.9830530046793029, 0.9241039470962165], "b6": [0.9964847887966208, 0.9136410903910945, 0.9802263815196269], "b7": [0.02126162507406382, 0.9909750789063971, 0.9965340409470802], "b8": [0.1593708652973354, 0.98657824402017, 0.9625911205454866], "b9": [0.6065774763579724, 0.9979157559321983, 0.9289127434472506]}