{"b0": [0.609860178278639, 0.9498713079458377, 0.9101274366491053], "b1": [0.5547270014815778, 0.9360433720042057, 0.8591944241409293], "b2": [0.0029165351775655864, 0.9089975074756746, 0.8722431557767032], "b3": [0.020270895738835497, 0.9436166532651319, 0.9122772723903444], "b4": [0.1629430130875977, 0.9366866525452363, 0.8495274189018908], "b5": [0.6310068711340756, 0.968361801892943, 0.8629342419843542], "b6": [0.16656231393688845, 0.8314089664926805, 0.8492942147483391], "b7": [0.15467066379524227, 0.9624388374923768, 0.8369613387343294], "b8": [0.17130151548660325, 0.9672955095539268, 0.8263323672585818], "b9": [0.16117691969495346, 0.9253571836390238, 0.8864675776307048]}