{"b0": [0.7195172935599217, 0.9450083856760904, 0.8043666441481117], "b1": [0.7610640475983336, 0.9945892554594775, 0.9401994742197672], "b2": [0.00592057926342639, 0.9495701535339898, 0.8790015784072744], "b3": [0.16296841441444732, 0.9462550035101174, 0.8518425487448009], "b4": [0.600388469971962, 0.999248674808921, 0.920223620560699], "b5": [0.16810078881650173, 0.9561135655794817, 0.8398703400215173], "b6": [0.15117548428033264, 0.9818523929492419, 0.9265250298012144], "b7": [0.1647616348600689, 0.9145684414864031, 0.836116702659669], "b8": [0.8894842762131607, 0.964523541122846, 0.9004249830599824], "b9": [0.6180087060398041, 0.9933352458100962, 0.8385344129951935]}