{"b0": [0.5633357242678598, 0.9314534558396862, 0.940595976510171], "b1": [0.7562834182199635, 0.9602762813827959, 0.8271743024036433], "b2": [0.832619513870233, 0.9875776066983869, 0.8699815372529974], "b3": [0.9786755955657724, 0.9991232695367691, 0.8513202672166248], "b4": [0.1570564933747989, 0.9885055838186735, 0.8631577110478814], "b5": [0.5913971372494494, 0.9744465793846406, 0.8991107743762652], "b6": [0.5417160745176723, 0.8872981938261106, 0.9037673254125959], "b7": [0.9979455319874174, 0.9366328890330888, 0.9415794385582756], "b8": [0.16195391117749544, 0.9786093336401729, 0.8102355486832293], "b9": [0.1665025889081621, 0.9842091389963669, 0.8949952552706486]}