{"b0": [0.3468676875814314, 0.8404156985255237, 0.9104633369679337], "b1": [0.16246524165602977, 0.9512422288496283, 0.9691718246563558], "b2": [0.6158547585631767, 0.9203670745316223, 0.8345554403917658], "b3": [0.3254594426641684, 0.9015974023932833, 0.984294583990549], "b4": [0.30474783661276833, 0.8142829549312535, 0.8438897436926237], "b5": [0.7940311614262292, 0.9499364287940861, 0.9701624588514518], "b6": [0.009504081331198068, 0.9025748002875321, 0.8922452278451091], "b7": [0.32884284573426226, 0.9862889676398406, 0.9441356551963502], "b8": [0.7486147616450153, 0.9504922696448405, 0.8461202285013524], "b9": [0.07073589609517206, 0.8616770781775359, 0.9408827443582527]}