{"b0": [0.6200312906517056, 0.9582241961218199, 0.8821914497900467], "b1": [0.9057073713361002, 0.9821937093591638, 0.9920560884641503], "b2": [0.5692087042141157, 0.8857299656887255, 0.9166243127327708], "b3": [0.7381508429746652, 0.9948504805491182, 0.8285550314078924], "b4": [0.16301422031415133, 0.9606001341693939, 0.8563965397120293], "b5": [0.1574425314997154, 0.9708765724041986, 0.9196596640048844], "b6": [0.16296565966460932, 0.9777479728155578, 0.9020492518301019], "b7": [0.30418129662217025, 0.9488676559398067, 0.9054279986792667], "b8": [0.8954603275277081, 0.9493577205997988, 0.8339756325967507], "b9": [0.009100873475201833, 0.9438010025759273, 0.855957675540499]}