{"b0": [0.8862597119740155, 0.9701510492765886, 0.9022069928303631], "b1": [0.3483034856042735, 0.9820986934364053, 0.8291294571625727], "b2": [0.08950906612432288, 0.9713762836226799, 0.8876200785182511], "b3": [0.08760737290397459, 0.8944255831915242, 0.8142234998503602], "b4": [0.8410632133119402, 0.9875231756979683, 0.8027098587544497], "b5": [0.08618067518729328, 0.9394742192296833, 0.829529655188633], "b6": [0.16440454065010143, 0.8655927750424146, 0.9809743116424638], "b7": [0.3873723929162377, 0.7934201547534048, 0.9870048475043638], "b8": [0.08754775844397811, 0.9183620220927006, 0.8466494167638575], "b9": [0.7377392384850104, 0.9926784834099487, 0.832775912345038]}