{"b0": [0.0948629836261939, 0.9883940233709283, 0.8156923151154345], "b1": [0.9832284618384723, 0.997536509595974, 0.9576771848909026], "b2": [0.732206026887973, 0.907305349282606, 0.914513146196496], "b3": [0.8316358629983158, 0.9659893549484623, 0.9500655928168888], "b4": [0.9924433649499663, 0.9733647568202032, 0.8292558383493356], "b5": [0.16789598734255182, 0.9814334865078123, 0.8195128275075402], "b6": [0.8336101431508031, 0.9672910271485132, 0.8763307445645865], "b7": [0.013774059747779299, 0.9060464648721662, 0.8842456194965734], "b8": [0.1636180624159917, 0.9914264333636521, 0.8415336690378342], "b9": [0.5725336543632923, 0.8742600365966235, 0.867888733303041]}