{"b0": [0.8790618184594824, 0.9978443310683279, 0.9442103113920463], "b1": [0.0017640033868632833, 0.9769449001375612, 0.9365923321526455], "b2": [0.9930278541737003, 0.895628807389721, 0.8668387432460068], "b3": [0.692450300563198, 0.8671165223659095, 0.856777440448763], "b4": [0.3229006576279324, 0.8460726783357967, 0.9869676773360677], "b5": [0.638622421226712, 0.8932875229968242, 0.8856314665252301], "b6": [0.1063301090914404, 0.8536972228984954, 0.8791392442572884], "b7": [0.16400480135014028, 0.9748328528046093, 0.9819213337981846], "b8": [0.6037499744805732, 0.9072942689174566, 0.9188609078676018], "b9": [0.7493676791537296, 0.9533462834663311, 0.9738858052256556]}