{"b0": [0.7741072692794003, 0.9442776884660686, 0.9695387160325987], "b1": [0.16151699568941896, 0.9390370323466324, 0.8515666330043706], "b2": [0.873617487408409, 0.9213361148211107, 0.8489797470719662], "b3": [0.3029221731446854, 0.9962301360357211, 0.995637403466628], "b4": [0.15856399024620896, 0.9492478487347588, 0.9350034582037826], "b5": [0.7776763488730479, 0.9113494852469141, 0.9492529991185993], "b6": [0.35742216027182117, 0.9361785048974383, 0.8937541672307481], "b7": [0.15950107649491072, 0.9837759524762572, 0.8348316802278737], "b8": [0.6114713167315311, 0.9316007746489001, 0.9603020131265962], "b9": [0.41116527692458227, 0.9892765253089221, 0.9324545492628453]}