{"b0": [0.09937950047145223, 0.8131619122076083, 0.9987997287772957], "b1": [0.16047066306085658, 0.932160687522475, 0.8335813895493205], "b2": [0.1664612558287825, 0.888088666505711, 0.8812343568499883], "b3": [0.3212259168941557, 0.9912019753894876, 0.8508616006266634], "b4": [0.7618393929151094, 0.9446636965110227, 0.8198889772526666], "b5": [0.6873250139687306, 0.9622719362865958, 0.8150708478262157], "b6": [0.6454664342564659, 0.8876819484190787, 0.8692743752426257], "b7": [0.7362706623902198, 0.9339978703060079, 0.8682254837464467], "b8": [0.08253597847467505, 0.9134936483081737, 0.9350677910188542], "b9": [0.7538392970227804, 0.8753579868975352, 0.9916136294801293]}