{"b0": [0.7725799348943785, 0.8832274145303753, 0.9396517321330626], "b1": [0.7208641270829061, 0.7815895260407544, 0.8947675202192346], "b2": [0.7350955172596965, 0.9119049266263473, 0.9856243665663545], "b3": [0.16326630407380344, 0.9855390735931999, 0.8131513853923567], "b4": [0.15852427502911437, 0.9295193349514814, 0.8770624612155764], "b5": [0.3179502609941919, 0.9794524220403857, 0.9331359399310615], "b6": [0.7662400290449892, 0.9941597001208461, 0.8968706072924406], "b7": [0.7494409498882597, 0.9968389919157165, 0.9270911822049864], "b8": [0.7564924826355296, 0.98966722922059, 0.8129565546415662], "b9": [0.7325983622194805, 0.932533420159209, 0.8798287858727097]}