{"b0": [0.15725254834978092, 0.9159111602612755, 0.8970087303378187], "b1": [0.5884158549371992, 0.9268977782341051, 0.9693161875710475], "b2": [0.0691081378875091, 0.8595305300150164, 0.925409838855052], "b3": [0.0837333345679622, 0.939524499196058, 0.8261920260098976], "b4": [0.9966326071820697, 0.9657738226568178, 0.9824185150114819], "b5": [0.6283803617842191, 0.9609812317650966, 0.9460456026355056], "b6": [0.08206024418455166, 0.973314593201295, 0.9491694269475174], "b7": [0.7927410139979351, 0.8520239175041054, 0.8759834226136353], "b8": [0.6426313206340467, 0.8817781699418087, 0.8134846118944378], "b9": [0.376196462094597, 0.8411237034406155, 0.8985041380716876]}