{"b0": [0.6634828578958512, 0.9764247735899793, 0.82401194249815], "b1": [0.6405272878141478, 0.9012479748592773, 0.9896183764909078], "b2": [0.08667104072160224, 0.9347591659726194, 0.8822229987501897], "b3": [0.6431311694601994, 0.9924946904383941, 0.9019448965607836], "b4": [0.5930783238698634, 0.8821396537350082, 0.8860721670015252], "b5": [0.5990368396182355, 0.8771073329115235, 0.9918648069293614], "b6": [0.0841481339186178, 0.9761915657904047, 0.8324276689712942], "b7": [0.05897739464942777, 0.9940008862452211, 0.8536095161436762], "b8": [0.6094992874084596, 0.9021099561904146, 0.9536189829212678], "b9": [0.10129351166067144, 0.7551573204030122, 0.9369255025919783]}