{"b0": [0.7527687631025671, 0.9898367251787091, 0.9756513210580025], "b1": [0.786535721261478, 0.916463927629237, 0.8915656745843882], "b2": [0.8313003568790519, 0.9775212677564792, 0.8582560439209971], "b3": [0.15924086880530205, 0.9758504618332643, 0.9382474585604098], "b4": [0.7367762706139974, 0.9818806309734353, 0.8210387529226247], "b5": [0.34349571389671696, 0.9835916685180827, 0.8181518054393083], "b6": [0.7794116089257259, 0.9735009770955247, 0.860809854666895], "b7": [0.15754896488810977, 0.9817299312538172, 0.8038082607073258], "b8": [0.14418449374933462, 0.9905928010844491, 0.884620069057387], "b9": [0.16172549391013608, 0.9664887806137124, 0.9424510949987451]}