{"b0": [0.1581295664374352, 0.9422617721053435, 0.8168276543525106], "b1": [0.8979457195411642, 0.9900839852621219, 0.8577819991623591], "b2": [0.740726857826681, 0.8737943678547692, 0.8884896216715533], "b3": [0.6171402449665572, 0.9957771851053739, 0.9553181498865002], "b4": [0.8884440473568546, 0.9075636183689255, 0.9342899939751333], "b5": [0.571289135492451, 0.9237390207349604, 0.8189429399178468], "b6": [0.9793992705872608, 0.8803202917101394, 0.9273912422060201], "b7": [0.017111342195529546, 0.8531704344956608, 0.9093951905622791], "b8": [0.08606567123143086, 0.9772944893212002, 0.9551481792154776], "b9": [0.37662872524245344, 0.9773259253117572, 0.8946560930627642]}