{"b0": [0.09437070727335631, 0.8408996370782831, 0.9720051188789172], "b1": [0.8777687552223429, 0.8966927622663227, 0.8094000255502778], "b2": [0.3364876941055058, 0.9385634303319463, 0.8891822564388348], "b3": [0.3621805420481155, 0.9486250656855888, 0.9334707234086282], "b4": [0.32525922425836234, 0.8866152998012631, 0.9821799050821959], "b5": [0.17339315019949414, 0.9376389690060813, 0.9436341933679041], "b6": [0.9920982211219641, 0.8927169020736013, 0.8306218950073707], "b7": [0.7773412596311793, 0.8839954049971959, 0.8797432769250934], "b8": [0.5572578039489173, 0.8989966231028214, 0.9329439158262884], "b9": [0.3047249925830737, 0.9995073169840433, 0.886056793238504]}