{"b0": [0.16226777873947243, 0.8521223458816966, 0.9666005350717056], "b1": [0.16083940297337798, 0.9029876988698207, 0.9657189658998121], "b2": [0.9739109080984601, 0.9323623168300266, 0.8898844393494005], "b3": [0.10207479689078261, 0.8677181877333469, 0.8216576049523963], "b4": [0.09629130734092035, 0.8619475114402859, 0.9918959293518519], "b5": [0.7423652901089106, 0.9824732217108421, 0.9709011574252981], "b6": [0.07864031440106171, 0.8937642051237847, 0.9117062767513786], "b7": [0.1703736021845628, 0.9674688990079788, 0.8708210286618937], "b8": [0.3697120717340093, 0.9290741423889136, 0.8433712306167641], "b9": [0.8887789823828196, 0.8880598523640694, 0.9686857021029465]}