{"b0": [0.0902413240446091, 0.9422068652034228, 0.8710646431984645], "b1": [0.10363048296867863, 0.9705938628662321, 0.9728926434575922], "b2": [0.744403847633825, 0.9071410881750162, 0.9777006657753863], "b3": [0.6982179358246706, 0.9845405222733292, 0.9748959028493088], "b4": [0.7803949897642717, 0.8346731882402849, 0.9294585245401354], "b5": [0.07421831882678061, 0.8960716745467869, 0.8618618552987252], "b6": [0.7522505990406675, 0.9768265393305139, 0.8679255920498783], "b7": [0.0717556981909536, 0.9962914378848875, 0.8149458326758561], "b8": [0.6977512553681396, 0.9464366219724869, 0.8382669806650576], "b9": [0.7724228197143584, 0.8238945351859409, 0.8063989857633383]}