{"b0": [0.3018929832482638, 0.8421841676333446, 0.9804991240959079], "b1": [0.5994796159531812, 0.8844895034230688, 0.9687598444244928], "b2": [0.16262850027768497, 0.8892535044034033, 0.9388633005470463], "b3": [0.8385889651328061, 0.9274626693298548, 0.9242419658500721], "b4": [0.15384252491768807, 0.9104335347688669, 0.9853470569253672], "b5": [0.894278420802623, 0.9217649367132278, 0.8746000456529285], "b6": [0.8167149343076868, 0.9864088087618892, 0.9998866287158578], "b7": [0.36469105529495216, 0.9127523904300087, 0.9010735656854032], "b8": [0.16617937292349846, 0.7736531967996867, 0.8696938389613591], "b9": [0.32989052882936876, 0.8369451973543619, 0.8553579932818794]}