{"b0": [0.6164550149774425, 0.996627718653366, 0.8681821432610051], "b1": [0.7625580137346529, 0.935124685553425, 0.8111279578495882], "b2": [0.16865999738256332, 0.9717595356686342, 0.8857209185474341], "b3": [0.7504161125170967, 0.9539434607449979, 0.8216565180927365], "b4": [0.10525216989403825, 0.924115877349923, 0.9374694912770062], "b5": [0.16241754819857615, 0.888833176004631, 0.8851977676017895], "b6": [0.3096092759780474, 0.8702793773324453, 0.9477415042032608], "b7": [0.974643951236427, 0.9821073252963756, 0.9903676679273659], "b8": [0.8877579771926178, 0.8385593929544499, 0.9041048819678646], "b9": [0.29822593670957115, 0.8215320009113529, 0.9268107366864515]}