{"b0": [0.6410743726013236, 0.9679001141331421, 0.9044019917046741], "b1": [0.15682721604824515, 0.9769356795799107, 0.8389286184475117], "b2": [0.011444177072057655, 0.9955966834239075, 0.9533087168498837], "b3": [0.33552892554665353, 0.8744427367283352, 0.8383915365787896], "b4": [0.8803115268041476, 0.9077672748130561, 0.9469540312689253], "b5": [0.9957749000329328, 0.9658917112417527, 0.8172585785678639], "b6": [0.010259546810890047, 0.8506975277390345, 0.9839585209441389], "b7": [0.5958120343254643, 0.8799475866147414, 0.8991220810555615], "b8": [0.6091148275415975, 0.8470608062653977, 0.9753372865542024], "b9": [0.0069251292949934805, 0.9982685823812816, 0.9715102995432889]}