{"b0": [0.0842977340278275, 0.939286641857316, 0.8848105590532144], "b1": [0.9933019569164739, 0.9316112743311199, 0.8467851638871626], "b2": [0.08705377733820444, 0.9098628033983053, 0.9167248230004013], "b3": [0.9951425097392077, 0.7876732422342618, 0.9593973551576499], "b4": [0.1497357363697613, 0.9259192839244709, 0.9510501944545371], "b5": [0.7530148070510754, 0.8623384135180183, 0.8498694016898222], "b6": [0.08575395871370584, 0.9406073435434285, 0.8744490372230619], "b7": [0.6701713309175803, 0.7936736913897785, 0.9948718049320654], "b8": [0.08023587218196154, 0.9352692511347258, 0.964462817448602], "b9": [0.2958595774715071, 0.9710539431551295, 0.9701954060425365]}