{"b0": [0.06944592215475337, 0.9918845913636841, 0.9460997469526724], "b1": [0.06628722992606699, 0.8970296537082098, 0.9398649233402633], "b2": [0.8799662132947429, 0.9624342177972021, 0.9957055127808873], "b3": [0.7165477447644318, 0.921271931515121, 0.8117819646713486], "b4": [0.8570428337867892, 0.8583654783846374, 0.9535554108824611], "b5": [0.8785849219051329, 0.9525728102112859, 0.8036157498971923], "b6": [0.16884491490032538, 0.9678415620602636, 0.9445556414287886], "b7": [0.618473766290308, 0.9893781434435018, 0.9204218390284069], "b8": [0.9993429021573564, 0.992032837557883, 0.8837168580459965], "b9": [0.15803477058464085, 0.9949805699057249, 0.8536334318908102]}