{"b0": [0.0761909764897116, 0.9012522980874774, 0.9771698230252892], "b1": [0.7491113605782548, 0.9857305187599498, 0.8624216901155813], "b2": [0.9913658597216555, 0.9202960778944331, 0.8643624613970389], "b3": [0.08855162951798626, 0.8416479143331608, 0.9785297889238413], "b4": [0.3367921477642268, 0.8877127946083861, 0.855813079480183], "b5": [0.6015156991316314, 0.9209279791864907, 0.9558241640800519], "b6": [0.08166078929148797, 0.9403072211426737, 0.8964360401790402], "b7": [0.8815687391738911, 0.8768964506210114, 0.8680939791366267], "b8": [0.41730648622503475, 0.9212276275783043, 0.9441345333720644], "b9": [0.09236545975737952, 0.9461587759354948, 0.8844962903902329]}