{"b0": [0.3462672022437321, 0.9587945363933896, 0.876214527934257], "b1": [0.6196856194291479, 0.9378637818047076, 0.9027077162481519], "b2": [0.8998421911620952, 0.9756653351043684, 0.8958836989543413], "b3": [0.8515906371246177, 0.9368692688846981, 0.9539407654045675], "b4": [0.6310277079674563, 0.9432219717600451, 0.8288303929840032], "b5": [0.8657537486796286, 0.8806664184681564, 0.9317804840538402], "b6": [0.1610296133476923, 0.9262290304727719, 0.9021464957305612], "b7": [0.16670935809210596, 0.9685005112439512, 0.8025000160377906], "b8": [0.35947853816805014, 0.8440797411923715, 0.8345941907018033], "b9": [0.3174869218479346, 0.8675921785978522, 0.919763207469654]}