{"b0": [0.7340255704164271, 0.998012747408266, 0.9590968950485299], "b1": [0.845274251198489, 0.9431601716181913, 0.9782883954495779], "b2": [0.16311436819418923, 0.8347774429830622, 0.9908689264044718], "b3": [0.9967460511720222, 0.8931425828764482, 0.8729704643178422], "b4": [0.15326238909910458, 0.9936585831526904, 0.918521620712813], "b5": [0.8272493464868894, 0.9125084084571017, 0.9335055684919243], "b6": [0.8801410752026999, 0.9810824563778888, 0.9678165854948866], "b7": [0.15671058166463064, 0.9195501901748829, 0.8190249159061997], "b8": [0.9257979588661958, 0.9282606059082019, 0.9530675946465567], "b9": [0.8978866261149946, 0.9523209509313795, 0.9541880993551806]}