{"b0": [0.5525156940715301, 0.8866637069954966, 0.8152153213681741], "b1": [0.9065538018332551, 0.9443771359695934, 0.8509616031807786], "b2": [0.28512048572859194, 0.8982562701516257, 0.8585413677739954], "b3": [0.8820772789871765, 0.9347273441590462, 0.9435875797260477], "b4": [0.8794902904647374, 0.9057907019795839, 0.9684931405519859], "b5": [0.9941514481776943, 0.7987775087816849, 0.9967614231191864], "b6": [0.8762886535825145, 0.9566483006311305, 0.8709689387189985], "b7": [0.10793639359874062, 0.8948535499489734, 0.9323878223031598], "b8": [0.8600584018004152, 0.9544928029257838, 0.8858313196767701], "b9": [0.8810700753335271, 0.8215658880202769, 0.9962197666143616]}