{"b0": [0.7210009159804119, 0.9135052159547874, 0.8547007721373846], "b1": [0.8799302374516382, 0.8245323220383155, 0.9095225463792981], "b2": [0.10967125547975773, 0.9383079496622804, 0.9719547596637413], "b3": [0.7443807638063266, 0.9353988279183245, 0.8792821710457517], "b4": [0.5804673335945938, 0.9026468566336336, 0.9890596968470439], "b5": [0.8773717940251038, 0.9766578202973026, 0.9730475207246592], "b6": [0.3485448719148488, 0.9216773742633039, 0.8317410922020295], "b7": [0.5797783330075478, 0.9931709037288102, 0.9355393744661485], "b8": [0.30359749026544597, 0.9528824665987127, 0.8842355984920506], "b9": [0.01785598012074694, 0.8311640723330637, 0.813695411281318]}