{"b0": [0.2937266769688509, 0.8702405468017378, 0.8249022067180474], "b1": [0.16208333209512546, 0.9888949527541172, 0.8333678127972212], "b2": [0.6243669320501147, 0.9665458578929705, 0.9813168905359216], "b3": [0.8737550522861186, 0.9591086846025122, 0.891473560082843], "b4": [0.7166722560989739, 0.9842212396494611, 0.8982109551614618], "b5": [0.9803546972411952, 0.9159052525219217, 0.9462320031583437], "b6": [0.9819024987577393, 0.8997696917381323, 0.9501855213716417], "b7": [0.8757958362162348, 0.8662449132482023, 0.9614089954379351], "b8": [0.1698262052633637, 0.8972947393822099, 0.9435462518850481], "b9": [0.02882220326579834, 0.8965342178305765, 0.8237672421551667]}