{"b0": [0.991967693354555, 0.8730687268627352, 0.959701306811198], "b1": [0.8906777208467809, 0.9414563104409531, 0.8295278353779362], "b2": [0.744240411114631, 0.9331070640286734, 0.8406655015102519], "b3": [0.7280625543060695, 0.9772841466263131, 0.9604245438959735], "b4": [0.08501874733789912, 0.9750689812207465, 0.9519799358230011], "b5": [0.08181039853846221, 0.9045506545576242, 0.8405185544471202], "b6": [0.15865080313384244, 0.9567952325545183, 0.9253887443154312], "b7": [0.7617400777071225, 0.9486313675910172, 0.8273919243017528], "b8": [0.0635499673066437, 0.9392968104356763, 0.8430044138184618], "b9": [0.3469561053905881, 0.9335949766083809, 0.9325249662627213]}