{"b0": [0.972502289375223, 0.9464584768227705, 0.9904604971777518], "b1": [5.709953573055461e-05, 0.9222468848439499, 0.8147906500501335], "b2": [0.5701735192683438, 0.9994876390876369, 0.9719264453192236], "b3": [0.344903661707043, 0.9747503859918509, 0.9827373229481329], "b4": [0.29583202301389, 0.970600814698339, 0.9672126311126316], "b5": [0.9794617194757094, 0.9880806185473265, 0.9478373629389487], "b6": [0.16374709818114397, 0.9276415412768221, 0.860571892195026], "b7": [0.8846754507682028, 0.903870705468491, 0.8316957170794853], "b8": [0.12631292491327192, 0.9395811423391583, 0.8317009947831001], "b9": [0.006174416705253206, 0.9941149060455203, 0.9702529305217904]}