{"b0": [0.1667486307871288, 0.7863721337125231, 0.9772887041386674], "b1": [0.01741362999493793, 0.8471492099045465, 0.9355661382484045], "b2": [0.5808140404470744, 0.8318074011652883, 0.9575836157482304], "b3": [0.9972717966296952, 0.980852129620503, 0.9749788606661248], "b4": [0.3492299603708448, 0.9137825709195966, 0.8187228517144891], "b5": [0.01942203896888539, 0.8563464048807401, 0.9968394039351715], "b6": [0.7496370978720803, 0.8795676722732952, 0.9882992058585286], "b7": [0.8654149533078912, 0.9574793428952639, 0.8957750821705764], "b8": [0.3372111064922827, 0.9244574519414545, 0.9606313919120636], "b9": [0.32343548865229577, 0.9770731421161234, 0.8542466569050728]}