{"b0": [0.8845223548849431, 0.9191853473062637, 0.902000457070839], "b1": [0.3354184780100102, 0.921773303497526, 0.9879045832505581], "b2": [0.9936893019488131, 0.820991802818993, 0.9628650984709322], "b3": [0.6483442912653541, 0.8766396291344886, 0.9258415300599496], "b4": [0.9885743911070637, 0.912184861539944, 0.8059199152962242], "b5": [0.16599082470475365, 0.8805240185963139, 0.9658442104871433], "b6": [0.16480746387514617, 0.7886594306979099, 0.8921667519688014], "b7": [0.2708549435122833, 0.9229163884968288, 0.9622172942410857], "b8": [0.1675136320539884, 0.9871674950961158, 0.9317609540029808], "b9": [0.9951099880180364, 0.9395171731846915, 0.9140295247914506]}