{"b0": [0.8692857223915942, 0.9707166462229373, 0.8310124346505532], "b1": [0.34987314084396326, 0.8062194420381033, 0.8695935554569661], "b2": [0.8526971321148444, 0.9923262143251169, 0.889766064306728], "b3": [0.16902474546352975, 0.9182971146046222, 0.9201751381314865], "b4": [0.7701818837465251, 0.9177734399132703, 0.9685299566017477], "b5": [0.9840318099500194, 0.9778318984776176, 0.8594998920065281], "b6": [0.1552205195518068, 0.9398171341484708, 0.8481120448246796], "b7": [0.3547581068679537, 0.873043558033322, 0.8942004806707758], "b8": [0.7581793685273124, 0.883385987622338, 0.9459276362853967], "b9": [0.7556740206487329, 0.9913113441315775, 0.9853796969081238]}