{"b0": [0.3345228086891358, 0.9564625631892095, 0.8084606669539072], "b1": [0.15905533717866172, 0.9979514667119972, 0.9693929807923584], "b2": [0.14744306602335938, 0.9472098573118831, 0.8166767376053465], "b3": [0.7321073687534505, 0.9371142461498384, 0.9793721729774475], "b4": [0.8402912542086837, 0.9396776563327981, 0.8355942482717292], "b5": [0.8729200453389672, 0.8166303580569934, 0.998462296193857], "b6": [0.8458512850030935, 0.9180338849554656, 0.9573865702649138], "b7": [0.8991239307630764, 0.9416530496940664, 0.8212077260380307], "b8": [0.9974251099712765, 0.9362285366437396, 0.8972036264908775], "b9": [0.1664759933930374, 0.982076924074736, 0.8866235612923967]}