{"b0": [0.047569909209892056, 0.9251713691531362, 0.8000446779952043], "b1": [0.7539682350875948, 0.9548685588485557, 0.9592109001918953], "b2": [0.16555705797639117, 0.8806209254957147, 0.866358353185656], "b3": [0.8095683151253299, 0.9712463050387328, 0.9076848187444648], "b4": [0.872168777767043, 0.8314712576268656, 0.9181564912971506], "b5": [0.003397196953129215, 0.9922179960096246, 0.92635426973712], "b6": [0.8319405940621817, 0.9500007227697311, 0.8186390065912015], "b7": [0.3659149245518143, 0.8863827795791009, 0.8004996740178677], "b8": [0.02057432045152903, 0.9133777965279137, 0.9395308340250412], "b9": [0.8402887790033674, 0.8021373935433069, 0.9362300094310327]}