{"b0": [0.15177804323712216, 0.9597961018837556, 0.863309622302658], "b1": [0.10001680089134962, 0.9918819213301044, 0.8784289775530746], "b2": [0.15225079836586466, 0.9207261771096875, 0.8765043606692693], "b3": [0.10103358990765278, 0.9841519056138486, 0.8417017903520018], "b4": [0.7889059608265395, 0.961739335589407, 0.9580239121940116], "b5": [0.09152039186517047, 0.883519585800432, 0.869366037222775], "b6": [0.15656970722866478, 0.9731680874430488, 0.9687296397977326], "b7": [0.32541968176330366, 0.8763727077134128, 0.8932379810620258], "b8": [0.15331154053467794, 0.9507510983858372, 0.9090873217242175], "b9": [0.7467406077506356, 0.9490156380471153, 0.9115140470946437]}