{"b0": [0.3219603512281995, 0.8911677279155527, 0.874514449596488], "b1": [0.8995482966390802, 0.9841895342435011, 0.9445762123168288], "b2": [0.6867612097049052, 0.9979712958809057, 0.9627655094837095], "b3": [0.6570953975361483, 0.951145089522996, 0.817481565464431], "b4": [0.6791917955298825, 0.9194194054953662, 0.8289237848809521], "b5": [0.6006574108514766, 0.9991035484267989, 0.994066037266299], "b6": [0.8520818248930317, 0.9259308053993436, 0.9767524452922801], "b7": [0.9944095207727114, 0.9375711052044028, 0.8953807858270305], "b8": [0.16155389617834387, 0.9589437771161173, 0.970059605025303], "b9": [0.6816350745317875, 0.7711543304922686, 0.8995560579505973]}