{"b0": [0.7617262567462266, 0.950555696072972, 0.9045919512484484], "b1": [0.33279202249175843, 0.988565653102513, 0.8479991874242446], "b2": [0.003806264109964719, 0.9737231958477305, 0.8678178522165553], "b3": [0.07290690931616278, 0.9627781845158517, 0.9176131650483015], "b4": [0.5380645621737173, 0.87602824009869, 0.8859129149692464], "b5": [0.09398778992236548, 0.9172794220387162, 0.9124630258116818], "b6": [0.3446967207064436, 0.9886944324877162, 0.8008958691348681], "b7": [0.16985887785235412, 0.9368076212854792, 0.8423642993208235], "b8": [0.16335189809085116, 0.8272928537322656, 0.8570994583033957], "b9": [0.019217308312999073, 0.9494773165112622, 0.8452760170877961]}