{"b0": [0.16044849498859584, 0.9844616446215454, 0.8497637648133505], "b1": [0.8658217686084226, 0.9124230267610791, 0.9000197437015593], "b2": [0.07380506349431759, 0.8923544734097946, 0.9852448444603776], "b3": [0.09305902575308737, 0.9706169225739051, 0.8927638541071043], "b4": [0.11550479324216331, 0.9802624001670686, 0.9652974783414932], "b5": [0.927852563717963, 0.9425667461725687, 0.8346426961430143], "b6": [0.9906674827140788, 0.9527986201363308, 0.9028840294493002], "b7": [0.8611258821763521, 0.8705601975025786, 0.9454030298936992], "b8": [0.06832015719637691, 0.9673358853467345, 0.8772272371696751], "b9": [0.08504616855958153, 0.8890546586636947, 0.8033665503745382]}