{"b0": [0.10946009748580046, 0.8429889605829871, 0.9445719649804917], "b1": [0.7814603122081266, 0.8993045880846836, 0.832997267164294], "b2": [0.0816956098474852, 0.8823137458233069, 0.9613591786659988], "b3": [0.8711010169409081, 0.9826879206302422, 0.8339626209172465], "b4": [0.08823684638907027, 0.9976252394527474, 0.9413070223845844], "b5": [0.5763639587102775, 0.9025864335063983, 0.9494398102282463], "b6": [0.16312514472080558, 0.869861846922541, 0.9602626581992899], "b7": [0.10325502767222189, 0.921603066264458, 0.9591001299837303], "b8": [0.05914076602467509, 0.8200447803342376, 0.9935189001400522], "b9": [0.15916326905244035, 0.9969240741566945, 0.9742973279548075]}