{"b0": [0.104259833479941, 0.987244838674284, 0.8057022049544692], "b1": [0.08723616036027783, 0.9390012063886917, 0.8842934023189772], "b2": [0.06051115713185208, 0.9496355910387159, 0.8540100632192206], "b3": [0.9982318177161011, 0.9427682955579706, 0.9754794874850324], "b4": [0.10210672754438242, 0.9254512296033752, 0.8386055125818346], "b5": [0.9945839498336343, 0.7652722277735644, 0.9276195455280225], "b6": [0.15898421518746372, 0.951393716160257, 0.8952387839848354], "b7": [0.09696158292513285, 0.9979418695850824, 0.8781903706705313], "b8": [0.9794509582066996, 0.9367910082282055, 0.8314945923989854], "b9": [0.9091891107531661, 0.8981176888482765, 0.8056518991144741]}