{"b0": [0.07432325732192266, 0.9303461641062158, 0.8755315300873463], "b1": [0.8872423056346453, 0.7387562667209033, 0.8838828368443946], "b2": [0.07098096831258278, 0.9888338586624899, 0.9643361719004357], "b3": [0.07554816440442616, 0.9855815543198055, 0.8231905649844826], "b4": [0.7588766436476833, 0.9146287169777697, 0.8911126049347444], "b5": [0.01842395399966249, 0.9915764243216582, 0.9978419513373739], "b6": [0.8630763609097251, 0.826387688391598, 0.8045745064346215], "b7": [0.1614587591836505, 0.9342833543172226, 0.8940690237966207], "b8": [0.0942759588964682, 0.9506182776678039, 0.9799097330624221], "b9": [0.078890039821113, 0.921244270020925, 0.9140582141574156]}