{"b0": [0.16338124983427754, 0.8792524585614276, 0.8586769930458932], "b1": [0.7346370055720303, 0.9556691642459004, 0.957565691267475], "b2": [0.08968863262656641, 0.9214884072894565, 0.8123534841540906], "b3": [0.024068870744923, 0.9419680300515, 0.8363711200180635], "b4": [0.6584239823788703, 0.9714395759994342, 0.8463629562325687], "b5": [0.8722518002505458, 0.9713980568707795, 0.8870707181668355], "b6": [0.7049881202613365, 0.8971282083862263, 0.8227720106579226], "b7": [0.9911717432651799, 0.9938069665038656, 0.9299354052219126], "b8": [0.34441861014149583, 0.9445655227936076, 0.8849512358082007], "b9": [0.8587584114243585, 0.8513730253219066, 0.9893928707932151]}