{"b0": [0.16209206014409772, 0.9506644550439745, 0.994260519933176], "b1": [0.8614051008989052, 0.7288926977872796, 0.9021660670243253], "b2": [0.9965141097144056, 0.9635269986635626, 0.9602834365519817], "b3": [0.6188476847754683, 0.8227454871033794, 0.8848463180976193], "b4": [0.012367129325403521, 0.9933139088610418, 0.8526985225951421], "b5": [0.15723544995189967, 0.9417688313063618, 0.9405876159770908], "b6": [0.09073238779867354, 0.8851759396775282, 0.80087658845384], "b7": [0.26857387824297513, 0.9013402391542238, 0.8077484752179054], "b8": [0.8322735059371983, 0.9535439427081276, 0.9523847649189081], "b9": [0.9078068304195276, 0.960421728513353, 0.9990275583482578]}