{"b0": [0.6405617736280107, 0.8716340441200302, 0.9993056935473298], "b1": [0.08739855347502921, 0.9823551777979356, 0.9557041722621906], "b2": [0.6239294478439281, 0.9862759192621422, 0.8122807640167296], "b3": [0.7509492066912314, 0.9445383579596686, 0.8004173845910941], "b4": [0.17174250476959316, 0.9363552404113049, 0.8492406174255558], "b5": [0.9974202250528605, 0.7526457367762812, 0.9210770082939084], "b6": [0.9878183931932117, 0.9125490349425425, 0.9250504964128933], "b7": [0.8461277425361058, 0.9632904835291177, 0.9521706979492939], "b8": [0.15328034032375215, 0.7404182005318214, 0.909071961366413], "b9": [0.565294118865063, 0.9981168782790101, 0.9271451871328433]}