{"b0": [0.7859421667788666, 0.8240060615237403, 0.9997465625174128], "b1": [0.1636877970914224, 0.8368717163673787, 0.9989791657231], "b2": [0.856541893535616, 0.9796319931318309, 0.8610364147346911], "b3": [0.7445813459795052, 0.9519828829820347, 0.9993820069127234], "b4": [0.10671141511575336, 0.9694251194109605, 0.9218557732281242], "b5": [0.9763808400466658, 0.8725112036925227, 0.8830555930230356], "b6": [0.8372636589252227, 0.9599326323362525, 0.8076908637688385], "b7": [0.15987528786551303, 0.9266278584615982, 0.9633154841947877], "b8": [0.3324576127770134, 0.8529688940401516, 0.8919261166302302], "b9": [0.32198305755346873, 0.9681264639936101, 0.9061855849842346]}