{"b0": [0.3011478077327481, 0.864670308316092, 0.8569324655558168], "b1": [0.8694752717069879, 0.7341457241657211, 0.9626152357748131], "b2": [0.7534915714633403, 0.9348709777141687, 0.9809344324684539], "b3": [0.06957564916523952, 0.9635377080333762, 0.8933835111204956], "b4": [0.16042780369694085, 0.9250999584214289, 0.8803638276574671], "b5": [0.3469065778620272, 0.9342977267386467, 0.8877201854028393], "b6": [0.8273350638777046, 0.9067943619539665, 0.9527900775351092], "b7": [0.628129222413681, 0.9072050433670558, 0.928947792658873], "b8": [0.11538896413294858, 0.9892656083992493, 0.8678570288389053], "b9": [0.3090446842777225, 0.8793328290071447, 0.8676693511530924]}