{"b0": [0.5911577631687696, 0.9643265631417982, 0.8654979143795416], "b1": [0.35657896838844194, 0.8770484006004257, 0.9908189723607284], "b2": [0.31553321657074934, 0.9120070923034729, 0.974920120531944], "b3": [0.16318694748040857, 0.979499421966738, 0.9044200817085328], "b4": [0.9985932688406507, 0.9789160638660115, 0.8732195256117524], "b5": [0.6776888465640352, 0.8958861629626418, 0.9247093036139867], "b6": [0.870774971782231, 0.9711351508468548, 0.9579000841836539], "b7": [0.07632869759710006, 0.9828952037076181, 0.876221926722696], "b8": [0.6127377321634192, 0.7373508857203674, 0.9579739878217982], "b9": [0.6068795062916944, 0.8027399821831627, 0.8125551578898057]}