{"b0": [0.16326364883908118, 0.9214689583772946, 0.9613861076533705], "b1": [0.16503114158559715, 0.9385874548880012, 0.9690556842810508], "b2": [0.8632817097634686, 0.928658813417669, 0.8964318373686797], "b3": [0.0799842840835047, 0.8385947077846347, 0.8044595513290141], "b4": [0.98420626624742, 0.8917110159576731, 0.9726244740044275], "b5": [0.8533224671291526, 0.9489776880809592, 0.8038007784644308], "b6": [0.1608682052682056, 0.6994329609867215, 0.8926984989154018], "b7": [0.08255565224517676, 0.9215375199243191, 0.9867813508223426], "b8": [0.36191139574548237, 0.948869394954923, 0.9153791541724406], "b9": [0.06266850998164977, 0.9835354143967653, 0.8544704071447528]}