{"b0": [0.7168551745710002, 0.9571078448116525, 0.8142049615628179], "b1": [0.16049818875464225, 0.7889205532799946, 0.8433333705918562], "b2": [0.15809216297097148, 0.9644239974844191, 0.9896332146309185], "b3": [0.3274317382540834, 0.692591275513594, 0.9606550112654176], "b4": [0.16606065341797666, 0.884284276252478, 0.8803538324440953], "b5": [0.7361697950243438, 0.9803132743789476, 0.8705618107150606], "b6": [0.8697313356885157, 0.9517974053705595, 0.8452739074251622], "b7": [0.7213132197803822, 0.8360907844948176, 0.8869625755462538], "b8": [0.0046103543010852024, 0.8950212850815601, 0.9859836487300215], "b9": [0.15624086839873916, 0.9849128436351932, 0.862344341017854]}