{"b0": [0.1613154242116201, 0.9509736422020648, 0.9881404861299841], "b1": [0.8905333366217836, 0.9065704814272578, 0.922208579717238], "b2": [0.14983837986227747, 0.8474439550914452, 0.9232457380081266], "b3": [0.16858390715299826, 0.8964190888913179, 0.9040012098607696], "b4": [0.16351478266078132, 0.966746613547402, 0.8364050567989821], "b5": [0.5286996890005401, 0.9016487359896607, 0.8708421198574884], "b6": [0.14904774896808606, 0.934465220164224, 0.8500170975360022], "b7": [0.15765056999739296, 0.91526535859965, 0.8815344679200143], "b8": [0.298873060767134, 0.8729079173779002, 0.8427506942705194], "b9": [0.8621668056303881, 0.9680983430384658, 0.8406337262000864]}