{"b0": [0.3462027087792671, 0.8684915021270986, 0.997742396587853], "b1": [0.8574161968269844, 0.9087968194648894, 0.857988906549896], "b2": [0.1651283996391505, 0.943545409921497, 0.8528832287777501], "b3": [0.8949731629523004, 0.9394628778679167, 0.8607651807134199], "b4": [0.003247628960470486, 0.8689974147484781, 0.9529392847588803], "b5": [0.09374665068687482, 0.9529765678183066, 0.8594753505263821], "b6": [0.3336661632965392, 0.9744350457538589, 0.8142888822911228], "b7": [0.5925105385232554, 0.9694246202933838, 0.9480036354608968], "b8": [0.15385760186817588, 0.9076550842529785, 0.817631341413856], "b9": [0.07772672926514029, 0.9171390471577459, 0.8616125406756595]}