{"b0": [0.8703376886160369, 0.9678185401398948, 0.9111597085070987], "b1": [0.0956143044561666, 0.9408642936320883, 0.938761992796477], "b2": [0.15687096508681508, 0.9748437173836315, 0.959285562819908], "b3": [0.31632395398365676, 0.9067009999487332, 0.9562112916658824], "b4": [0.1649282816656788, 0.9584612836155872, 0.9103214046656124], "b5": [0.15926441427058588, 0.9444343806391308, 0.8297661232493369], "b6": [0.3099802184546916, 0.9747464666294833, 0.889513510883787], "b7": [0.9006619779951854, 0.8640786680889465, 0.8129063259152772], "b8": [0.15359447860054531, 0.911666294303029, 0.8791861807132675], "b9": [0.7387000464036361, 0.8410863245510449, 0.8881116552700208]}