{"b0": [0.36449385186849886, 0.9130272570068965, 0.9262644757229284], "b1": [0.16615188900889702, 0.979715169268128, 0.9590037012198219], "b2": [0.907263931825448, 0.9013584510777349, 0.9941450886959337], "b3": [0.16547720534447513, 0.8298781837367497, 0.8856117768504614], "b4": [0.5628844713084272, 0.8532718983026819, 0.9648249862433208], "b5": [0.16892781700052215, 0.9302362504073857, 0.8698739685411506], "b6": [0.7277941304487341, 0.986720050917033, 0.8960472047651042], "b7": [0.06978448899827386, 0.8715325030309725, 0.9306287136296179], "b8": [0.8588188540071379, 0.8925722001218083, 0.8105567023064006], "b9": [0.16221362768656317, 0.9688974175211446, 0.947189679779919]}