{"b0": [0.7316667242625923, 0.7868063306067933, 0.855251233820224], "b1": [0.9910269713505819, 0.8471585157942697, 0.9974588781828353], "b2": [0.16483950398097894, 0.9546336925151384, 0.8626662068255574], "b3": [0.7493797700807151, 0.9612216708794519, 0.9210716405079532], "b4": [0.9871069212828982, 0.9594184691672593, 0.8925641549150514], "b5": [0.6466734608831993, 0.8741079068978369, 0.9736613562479218], "b6": [0.16319532017581756, 0.9043368272890032, 0.9242329818403943], "b7": [0.316590240598205, 0.9757912673580205, 0.8646276815411581], "b8": [0.3770248855269994, 0.9311002415898443, 0.9505247486109938], "b9": [0.8976497369638191, 0.8984314639170736, 0.9149432532409021]}