{"b0": [0.996470502523326, 0.8809623715790029, 0.8685406932989922], "b1": [0.7535028209284697, 0.8778648307596856, 0.9050444434138184], "b2": [0.17336980249696318, 0.9204744835588292, 0.9401747138522667], "b3": [0.8034621569443352, 0.9277543435232833, 0.9386942381764127], "b4": [0.9929283218952548, 0.9793109391496574, 0.9454316399028161], "b5": [0.008615141603461093, 0.9932677886573457, 0.9517950694841133], "b6": [0.32005192708230984, 0.9286148180558479, 0.8073664580490842], "b7": [0.7811327572106408, 0.8897189378015861, 0.8157195324330359], "b8": [0.5674997622205739, 0.7928833140526576, 0.8120332446258235], "b9": [0.36356168829704116, 0.9329211775903948, 0.8558380969376321]}