{"b0": [0.9942172046984687, 0.7878476795388778, 0.8944390389286583], "b1": [0.16192117260167843, 0.8842248242588329, 0.8913684924339463], "b2": [0.380385597499234, 0.92087661187426, 0.9825549729631814], "b3": [0.7299341904681547, 0.8664230680932365, 0.9134576526243857], "b4": [0.32234921686003837, 0.783242884054574, 0.9227017200165695], "b5": [0.7499550257549373, 0.9447351945310086, 0.9808058111240233], "b6": [0.00301794902304975, 0.9143621862770585, 0.8591787084398461], "b7": [0.07416474748759604, 0.8816080576417699, 0.8282784443648998], "b8": [0.08652082109660482, 0.9775416427962759, 0.940251503408196], "b9": [0.1680653853572907, 0.8772739056121657, 0.9505390539703451]}