{"b0": [0.6054627465081522, 0.9400897841191062, 0.9386194503178931], "b1": [0.0017891209834652736, 0.9272700360463949, 0.9099197555098419], "b2": [0.1640742007949562, 0.9768134267532964, 0.8928861235311569], "b3": [0.09674875078939102, 0.9367434958299904, 0.8582984392763767], "b4": [0.10799245290882777, 0.9590891539509718, 0.9985812451487251], "b5": [0.997668037939285, 0.937847616114775, 0.8616746571372225], "b6": [0.020617025769001894, 0.9823691902736512, 0.9972939166744982], "b7": [0.7740466790165894, 0.8562060296826077, 0.9687849680228576], "b8": [0.8414447673130995, 0.9726122883082785, 0.8659701407500355], "b9": [0.34717005664980705, 0.9023887223122686, 0.8655562172588617]}