{"b0": [0.8368624201328128, 0.9606825978273515, 0.9103943097184284], "b1": [0.16374318694016746, 0.75096463122671, 0.8485603231429125], "b2": [0.005044660516632612, 0.9146206826015814, 0.8721178535166585], "b3": [0.007900628602895027, 0.9198940474010034, 0.9040316961788821], "b4": [0.7373204632853616, 0.977087284624721, 0.8118555505475205], "b5": [0.06742883767106927, 0.9880881790974237, 0.9230830960245848], "b6": [0.9883731476767389, 0.8860849627176706, 0.9587057210925946], "b7": [0.994133215163804, 0.9987840216873627, 0.967599116284015], "b8": [0.32660427199979125, 0.9214816440197126, 0.9678327207131351], "b9": [0.10215356615376979, 0.8852571029713218, 0.9007077010588236]}