{"b0": [0.8568508527079088, 0.9196353990596947, 0.8628247401280924], "b1": [0.8903419760190177, 0.981219504149108, 0.9156348267786065], "b2": [0.8096056768312561, 0.9301695071465336, 0.8093302996241869], "b3": [0.1552089244569617, 0.9196126602611501, 0.9640303552223699], "b4": [0.3073393330500221, 0.9217148436423389, 0.9690130121064939], "b5": [0.7824048574549605, 0.9638919311396993, 0.832490275210687], "b6": [0.8673600320427908, 0.7947431266135961, 0.9508621604279024], "b7": [0.33220645076759175, 0.9692131074002565, 0.8106933242667108], "b8": [0.15465392950853799, 0.8614056176686157, 0.8606139284065164], "b9": [0.9320816962187596, 0.7698305032600965, 0.8613791835269115]}