{"b0": [0.780602716065607, 0.9486848943644648, 0.8336780712773413], "b1": [0.1498894826841154, 0.8920676597588566, 0.8301450433902936], "b2": [0.06762360692963244, 0.8178268707745505, 0.8339019324841128], "b3": [0.35448921920301335, 0.944028273689479, 0.8748981593973394], "b4": [0.061837849638217535, 0.880913543782785, 0.938720236069188], "b5": [0.8687256012878141, 0.94221914601625, 0.8064814689665522], "b6": [0.9036055005828824, 0.9127031894237505, 0.8996271627372981], "b7": [0.31381487666922375, 0.8303007549757194, 0.9520156144039065], "b8": [0.9260036261942772, 0.9711684770241094, 0.9892991894229378], "b9": [0.1566360851438417, 0.9805477606977996, 0.9437757683618245]}