{"b0": [0.5664858619022439, 0.995296829069252, 0.9379767604169005], "b1": [0.34203549247779036, 0.9085414543234995, 0.9415197322472466], "b2": [0.6273228161891727, 0.9117397629864648, 0.8715970006964789], "b3": [0.0040795701345113095, 0.933933226161549, 0.9811470954118776], "b4": [0.7448846444771928, 0.9183307718174603, 0.9979158544477353], "b5": [0.5991110838740404, 0.9757391395930266, 0.9992542973500214], "b6": [0.765798637838138, 0.9635999908536097, 0.874344538873311], "b7": [0.8582910024472749, 0.959950481867062, 0.9722549218077863], "b8": [0.06397207587260888, 0.9625607479371621, 0.9795641159532231], "b9": [0.7495180389588556, 0.9840420750559135, 0.8350588524081154]}