{"b0": [0.35014995512239416, 0.923169228815199, 0.9249616645151246], "b1": [0.6421787357482153, 0.7714371972646407, 0.8585102013742213], "b2": [0.014504347738250963, 0.8493947420830861, 0.8188757802981975], "b3": [0.7500334490756346, 0.8528646361562658, 0.9887528287369701], "b4": [0.6001178306209808, 0.9118438745265762, 0.9592478797237441], "b5": [0.3465765611369796, 0.9985821762205118, 0.9956641699928604], "b6": [0.16128860918988053, 0.9181703842984124, 0.8865463217468829], "b7": [0.7317129243385306, 0.9244294269154628, 0.8542370278564824], "b8": [0.7341411259981817, 0.8919705181698009, 0.9604776373220604], "b9": [0.012722261214116227, 0.868713352284129, 0.8044171458826633]}