{"b0": [0.16353585752195485, 0.8326894616573227, 0.8066407384663715], "b1": [0.8940448182600186, 0.8492310853272018, 0.9893816775697026], "b2": [0.312245624309681, 0.9303077891281124, 0.8867204478324092], "b3": [0.005427155605143495, 0.8564551999324544, 0.8430054678563481], "b4": [0.5866987905300206, 0.9554921432575864, 0.9929048672731874], "b5": [0.7306035261003959, 0.8776712583628542, 0.9235959179838324], "b6": [0.5926419443915543, 0.9348990690574344, 0.9518069156411783], "b7": [0.16212670966870665, 0.9025371100930946, 0.9848977203755709], "b8": [0.7481421951540645, 0.9309673648332002, 0.9912976715296162], "b9": [0.5867790321083026, 0.7927900039178293, 0.9164291749163334]}