{"b0": [0.6540101383964644, 0.9736233290209496, 0.8952673016187588], "b1": [0.15601579561407128, 0.7332168555540042, 0.8151097249200774], "b2": [0.8820479953053693, 0.8192270242817474, 0.9590875193551354], "b3": [0.6609897353131184, 0.9873283124055636, 0.9874918112229915], "b4": [0.5597065229908668, 0.8951885719084849, 0.9181556005376827], "b5": [0.603642118478758, 0.9825938491907561, 0.8400775909957007], "b6": [0.8961074378517893, 0.9249401277211287, 0.9620785060866441], "b7": [0.7095201819628184, 0.9681828848449382, 0.8810554358202143], "b8": [0.8481051472902721, 0.8709658612495588, 0.9864127749792482], "b9": [0.7224724148077246, 0.9373218463105204, 0.9960150204253359]}