{"b0": [0.8961037604018024, 0.9263773433075302, 0.8870748546147708], "b1": [0.6287693002925061, 0.9846410430735955, 0.9126186803079395], "b2": [0.1687792963522513, 0.9798329358905089, 0.9806759486869503], "b3": [0.16622559744954915, 0.9890520333072439, 0.8028201428627325], "b4": [0.6776437125409643, 0.9390443170400106, 0.9212429304521191], "b5": [0.3233777782621536, 0.9066319076488395, 0.8201987905685618], "b6": [0.855593320532806, 0.8738886785839207, 0.8833893342291406], "b7": [0.15960060443036636, 0.8527762793756611, 0.9152340763006712], "b8": [0.9973506747918031, 0.9155997462435651, 0.8325475256360076], "b9": [0.7686883380480753, 0.995290850123299, 0.8288896773949226]}