{"b0": [0.15607485886384304, 0.9838508876638413, 0.9436716869735459], "b1": [0.7266108628832423, 0.923092353993632, 0.852154692238829], "b2": [0.7856996648987068, 0.9709223657086303, 0.8270681187127427], "b3": [0.8344865126471076, 0.9382193754665629, 0.9780433927231782], "b4": [0.8717728597062572, 0.9773512184319418, 0.9699008414368875], "b5": [0.996756570297761, 0.9889617112109933, 0.8553635082116824], "b6": [0.6120289998612791, 0.9856197152307539, 0.80497508113598], "b7": [0.16227520070588522, 0.9360556952402304, 0.91070732564106], "b8": [0.8811778745058286, 0.8376376074467582, 0.8034168867021273], "b9": [0.8778727305963975, 0.9776007472936803, 0.9950329243862128]}