{"b0": [0.060609049440642195, 0.7967309420987789, 0.8607415811860462], "b1": [0.017968948183653417, 0.9169705808370217, 0.9681365139562782], "b2": [0.6563444186463738, 0.948161165051658, 0.9202131027662458], "b3": [0.9181748359849051, 0.899000072852771, 0.9810867985006798], "b4": [0.34305631335339937, 0.9716384130939744, 0.892196631423183], "b5": [0.6179537806868103, 0.9718021192457782, 0.9226015362299104], "b6": [0.15467437978040782, 0.9698600536741523, 0.8869237962301335], "b7": [0.7113398384112692, 0.8752071566222871, 0.893206973216182], "b8": [0.15538994704649417, 0.9890564296449154, 0.8827831752030556], "b9": [0.9852738167031815, 0.8940221071811025, 0.8351745358267024]}