{"b0": [0.7305688517787235, 0.9001184645799775, 0.9589984338519334], "b1": [0.16221253106304834, 0.9857318897717406, 0.92736546694235], "b2": [0.7093307747329054, 0.9958971629346367, 0.9517913540963611], "b3": [0.676667847291369, 0.9577635932270968, 0.9336228940800351], "b4": [0.3025167109012566, 0.9965125976113092, 0.956588841079595], "b5": [0.8998952943729384, 0.9537448468841491, 0.9575620032733861], "b6": [0.172006790684122, 0.8978344183186447, 0.873670685730313], "b7": [0.07244883528054466, 0.9947081603535721, 0.9133745728594175], "b8": [0.6243972576704767, 0.8035072737187035, 0.892032034653092], "b9": [0.1658612470151911, 0.9938592124780748, 0.9013237421673135]}