{"b0": [0.7632102966482806, 0.9411819720739456, 0.9643168685034166], "b1": [0.5852763308316746, 0.9085289114160137, 0.8467278193456967], "b2": [0.6251319540319276, 0.8342594435966106, 0.8368919048352688], "b3": [0.07126787616163106, 0.9951304370296344, 0.9480516344477122], "b4": [0.6802133236669209, 0.9925270757874999, 0.8997817043625023], "b5": [0.07847272012724187, 0.9502351830776771, 0.8636566755092306], "b6": [0.16081016482269045, 0.9612732910299413, 0.9696839239937449], "b7": [0.7486556122829657, 0.999440158771879, 0.9722236780357527], "b8": [0.33739944539800376, 0.9469997926981147, 0.8285984910607656], "b9": [0.8960208749688933, 0.8278804811031526, 0.9554748078125583]}