{"b0": [0.31442294011692395, 0.9648850898976016, 0.8985653292783136], "b1": [0.16536527330298212, 0.9919541278552747, 0.9894840919814287], "b2": [0.1584599752573018, 0.9905772672087619, 0.8726403819800683], "b3": [0.9847062687464322, 0.8108809577792784, 0.9343011277246166], "b4": [0.015726387706866168, 0.8877364798975382, 0.9574650190606292], "b5": [0.07543761082481079, 0.9206746101940163, 0.8705393397832752], "b6": [0.8707078377948463, 0.8826390041497624, 0.9695166127059559], "b7": [0.726138980694846, 0.9784133607411918, 0.9967640259657118], "b8": [0.6076062308134883, 0.8632145283587108, 0.9547984875674073], "b9": [0.007186755621938972, 0.9901888045383279, 0.8468666965688108]}