{"b0": [0.769385680117965, 0.909018898786969, 0.8909027191992738], "b1": [0.6865084877019559, 0.8440664264672061, 0.9618134492039911], "b2": [0.0981334514728973, 0.9740961150115984, 0.8593136234669465], "b3": [0.7787363317400647, 0.9995256796969747, 0.9691305209304047], "b4": [0.8638946650103297, 0.9083318427854431, 0.9834947461864507], "b5": [0.16687691779719965, 0.9303849636647974, 0.8930731313466072], "b6": [0.0843104780400105, 0.9069309795304313, 0.9241502114691355], "b7": [0.10515326939881418, 0.974104037002538, 0.9573990522820514], "b8": [0.7100509933501185, 0.8651089482737311, 0.8003526878951774], "b9": [0.8436875821725845, 0.8931231936432024, 0.9919195230636666]}