{"b0": [0.09326169999061391, 0.9647752475648512, 0.9961972671708565], "b1": [0.7618939171957849, 0.8843313227415748, 0.9263212085878885], "b2": [0.15724040819268115, 0.9193605202285647, 0.8280347400499792], "b3": [0.9998749639342748, 0.8443746994598004, 0.9805210540814747], "b4": [0.7618730488142103, 0.9760568727257347, 0.9327559729853451], "b5": [0.3368846243062039, 0.7667653778619109, 0.9499459909729951], "b6": [0.8811490466715324, 0.9663118029740926, 0.9172395850679758], "b7": [0.9903269321121361, 0.9747782211881787, 0.9425861873381646], "b8": [0.9914894273418332, 0.9616829325192713, 0.9374223294070476], "b9": [0.08290137455580213, 0.9687129953282184, 0.841237982659612]}