{"b0": [0.1535029941186097, 0.9076421366511201, 0.9298951368778887], "b1": [0.31480388289824407, 0.9482363305878869, 0.8802318853475606], "b2": [0.07203535232404291, 0.979611920297686, 0.9297234610704311], "b3": [0.3036776016926828, 0.989898144978811, 0.8984255590101671], "b4": [0.6720585254750643, 0.9617489851251172, 0.8047653632342642], "b5": [0.5781983814094027, 0.9082299056890102, 0.9305814502735993], "b6": [0.629909873018158, 0.9361211715622416, 0.8385853716840103], "b7": [0.6185086271595128, 0.9144212443717735, 0.8430177342420357], "b8": [0.8346809578377291, 0.9894279192477609, 0.9068929244598039], "b9": [0.07999345007209824, 0.9121692783037535, 0.8201898808310216]}