{"b0": [0.7397275330656528, 0.9702846617672545, 0.9245564555452084], "b1": [0.7563270958504931, 0.9342815962261188, 0.9901056741217347], "b2": [0.737790000139722, 0.8575426320973963, 0.8037581191021426], "b3": [0.0026670512893474524, 0.9174813577286344, 0.9279962336223477], "b4": [0.626799548244896, 0.8568016241256199, 0.9808049601598192], "b5": [0.7406314963330304, 0.8482746896085055, 0.8620295216427668], "b6": [0.156838710102846, 0.8894058134732771, 0.8291107105024912], "b7": [0.9856102376233723, 0.9166501320989724, 0.824413661572191], "b8": [0.07653163832954242, 0.8299375479820233, 0.8944682102795276], "b9": [0.7287738566481826, 0.8434117964525407, 0.9795964503807788]}