{"b0": [0.32192499783133194, 0.9920524795832165, 0.8396403228002047], "b1": [0.9864449634835724, 0.8567678397985822, 0.8585840623207553], "b2": [0.7561252820224368, 0.9267932019144794, 0.9830451895016717], "b3": [0.9081881092511275, 0.9360903925502501, 0.8240025388991838], "b4": [0.6713875191332267, 0.8851677271917643, 0.9275459145657124], "b5": [0.31853189358305173, 0.8806190776993893, 0.9563765072672891], "b6": [0.08819774213791563, 0.987611058721815, 0.8166977877029313], "b7": [0.3665434893150284, 0.8691383732393713, 0.860331099153519], "b8": [0.709385446972234, 0.8724100648218857, 0.8463410696333143], "b9": [0.7353776289912374, 0.9837752130914137, 0.9960037023541894]}