{"b0": [0.7421309953652905, 0.9854886907485942, 0.9615688416891024], "b1": [0.16681945916748492, 0.9243539593513229, 0.8933621929242697], "b2": [0.15639299179123953, 0.6648477150890851, 0.927846884572225], "b3": [0.3206424397435467, 0.9643590440000327, 0.8745090165980351], "b4": [0.903744123158575, 0.8973820676342588, 0.8807153704869631], "b5": [0.3540991032014991, 0.9767827549747001, 0.8749394887199273], "b6": [0.8898023209254291, 0.797230727392015, 0.8813408161955184], "b7": [0.335528207086308, 0.9350287019513869, 0.8906421539311583], "b8": [0.16587537669867494, 0.9061275863590788, 0.8484740261431523], "b9": [0.8951684385451635, 0.9640229053380734, 0.9737214880147578]}