{"b0": [0.8741586072050673, 0.9357689804628602, 0.8124215197608126], "b1": [0.762608607639023, 0.9338588434056935, 0.8557101804847353], "b2": [0.355966582544015, 0.9354082629831069, 0.9187987966488776], "b3": [0.36103314305731027, 0.6889253947295567, 0.8032404897264616], "b4": [0.8859847225847798, 0.7980477776282885, 0.8402302926372909], "b5": [0.8904635125347542, 0.9896482118890423, 0.9279634023128519], "b6": [0.9146897617515826, 0.9024050144686848, 0.8129363019032244], "b7": [0.08076771810218177, 0.9533646802446524, 0.9221810925708712], "b8": [0.7281810796658611, 0.9268657010064058, 0.8459692343421454], "b9": [0.5591032782291674, 0.9120930184840209, 0.9908452252461377]}