{"b0": [0.9008444371162845, 0.8714920277351887, 0.9580374481682803], "b1": [0.09439209046850232, 0.9711299833473132, 0.9903435640644602], "b2": [0.010978946230639719, 0.8649143747405794, 0.8566560736359813], "b3": [0.6763397584761108, 0.8846028994989313, 0.8168946984503173], "b4": [0.5688404625498978, 0.9227646214384222, 0.8878176984028268], "b5": [0.760188104200165, 0.8162745685500642, 0.9486865854734374], "b6": [0.8500835924204643, 0.9625295149325102, 0.838627503793567], "b7": [0.7347059910700056, 0.891710523871483, 0.9884288956138573], "b8": [0.3114570810895941, 0.9836754329342192, 0.9348348668314129], "b9": [0.727827747970759, 0.9566982332863391, 0.8749949308326844]}