{"b0": [0.8844433397997341, 0.9973703196450878, 0.946414071780152], "b1": [0.15484480757464866, 0.7473794288558758, 0.9412999692630545], "b2": [0.8884472048970228, 0.9625975594408945, 0.8457332875367455], "b3": [0.3434294392876898, 0.9941695233732605, 0.927639447649408], "b4": [0.7820441698703469, 0.8267342636808424, 0.8786039292330291], "b5": [0.08256464628087613, 0.937304544350909, 0.943773266426219], "b6": [0.3065456075796056, 0.8747480013314708, 0.8226236324284752], "b7": [0.7717189740672812, 0.9053982410199345, 0.9352110931745288], "b8": [0.6082926467474793, 0.9034227206299086, 0.9352942155835159], "b9": [0.7198061409285188, 0.9068089594478708, 0.9856076186055523]}