{"b0": [0.16205331149532876, 0.9629411049602006, 0.8703860233843167], "b1": [0.16286012931852148, 0.9086521341872748, 0.8138032756612289], "b2": [0.06420292136281863, 0.9698734078930566, 0.9635570548127516], "b3": [0.8957194829681496, 0.7972880546357018, 0.8583519029528213], "b4": [0.8769257924096381, 0.8292037948699417, 0.8663338238979825], "b5": [0.725662526788388, 0.9331614915005549, 0.8345928177913194], "b6": [0.32313241697532186, 0.9459872370531284, 0.8915543991386441], "b7": [0.16241273744685938, 0.9498650370798258, 0.8463202502453554], "b8": [0.09408161211998514, 0.9819429199173142, 0.9795111002432719], "b9": [0.8538490350041648, 0.9416058752213158, 0.9435297624094531]}