{"b0": [0.6837219542695274, 0.9642533651198092, 0.956994987622495], "b1": [0.6016734035925329, 0.7781065322839852, 0.9633628004515203], "b2": [0.5614666359013701, 0.848287111197839, 0.9383547739512899], "b3": [0.6361163065101249, 0.8657400125720636, 0.8722245924809093], "b4": [0.5862058762539752, 0.9643546960737016, 0.9549381004767195], "b5": [0.7592189388836971, 0.9457458813175323, 0.9930023683002954], "b6": [0.16527096615391226, 0.8677287022512968, 0.839597224182271], "b7": [0.738098754150647, 0.881779341261486, 0.9950342660171075], "b8": [0.7448423069631005, 0.8442548716033478, 0.8273135973730372], "b9": [0.7326933632982449, 0.9497571669962699, 0.9485813214020381]}