{"b0": [0.7479411146397197, 0.9888134300695267, 0.8447686120407173], "b1": [0.6347849675135016, 0.7804844766220898, 0.9440762915598215], "b2": [0.5492458178227306, 0.9644312087993039, 0.9514691024392739], "b3": [0.7311747872830378, 0.834142900772002, 0.8451357842688949], "b4": [0.7395265114846055, 0.9892666758380024, 0.868234171640329], "b5": [0.7466521158168389, 0.8840888192490536, 0.924941182100559], "b6": [0.9926721223591981, 0.8249900505613997, 0.8857211937177658], "b7": [0.873913297054808, 0.950472653522935, 0.8695515096192422], "b8": [0.8500731310165253, 0.951381776827261, 0.861329942678369], "b9": [0.004636603654475097, 0.9984224728025165, 0.8585302018741576]}