{"b0": [0.16994815086519705, 0.9827589562346171, 0.8937180582592817], "b1": [0.6023666327106354, 0.9230327435231254, 0.9703835953837782], "b2": [0.863510285081846, 0.903319967577385, 0.8848131304454053], "b3": [0.7776120991248647, 0.8741148234441877, 0.886318326053309], "b4": [0.7667816463922777, 0.9611377695969336, 0.814480052808741], "b5": [0.3752476843851329, 0.841028150342693, 0.8126442351788933], "b6": [0.2795157501785744, 0.9500030807943173, 0.9657487791179306], "b7": [0.01310281512975439, 0.9494588986777442, 0.8504563333838517], "b8": [0.7588678980849525, 0.9197787561709748, 0.8038714221114795], "b9": [0.08168876068376173, 0.9775751843741898, 0.8530423621857133]}