{"b0": [0.1537265119637074, 0.9960752257630605, 0.9893193453058299], "b1": [0.06977702345472876, 0.9172269659909257, 0.9483698188679583], "b2": [0.059798571268341975, 0.9634194238360643, 0.8184597104068547], "b3": [0.15771161208675755, 0.9842024102163812, 0.9741142159604004], "b4": [0.16530257481572583, 0.7641865342974421, 0.9492546672510055], "b5": [0.09409911272318164, 0.8445834864984972, 0.9399407403058802], "b6": [0.08272924765549115, 0.9404705995955024, 0.9589929570204377], "b7": [0.165772943407767, 0.9897238589513982, 0.8428473982669441], "b8": [0.16046763528889424, 0.9158116526229501, 0.8180903553937574], "b9": [0.5935443499911089, 0.9432417595161557, 0.8194171339361697]}