{"b0": [0.07683433301634006, 0.8691107971371292, 0.972436505840284], "b1": [0.15436602486598003, 0.7971530215178951, 0.8973297756950135], "b2": [0.16254568464003413, 0.9544281004327234, 0.985622290930364], "b3": [0.07172963393845454, 0.7768850667791668, 0.8155182900224704], "b4": [0.16844202011622694, 0.9871050474949681, 0.8711047130513595], "b5": [0.15509139807925743, 0.9203107731725799, 0.8779596023832866], "b6": [0.09142254121025242, 0.8331652589971438, 0.8953511622457099], "b7": [0.06322302788217513, 0.9261679186276345, 0.9338933006697272], "b8": [0.16909109961572838, 0.9091370706607372, 0.9028337823777431], "b9": [0.16046794619815669, 0.972738590302858, 0.9114055669142845]}