{"b0": [0.06688218768406765, 0.9920621051168723, 0.9928191108567651], "b1": [0.6164082678447961, 0.9590536014212115, 0.9650890859822334], "b2": [0.1645227494942335, 0.9709258282179504, 0.8873887310072476], "b3": [0.15986410540361437, 0.8711152021740506, 0.9824156773176154], "b4": [0.08675958373866308, 0.9181164495631764, 0.852541529030572], "b5": [0.16711595637631493, 0.9748057546536403, 0.8064625677689955], "b6": [0.7416637205602753, 0.8745671144492492, 0.8086657831016288], "b7": [0.869381571025789, 0.9676340383582892, 0.9239949423441435], "b8": [0.9924127566587245, 0.8668551627512017, 0.9795543010623332], "b9": [0.08293627381561386, 0.9710451293886214, 0.9106959157805353]}