{"b0": [0.1579982729534438, 0.7385894073664383, 0.9819354466055751], "b1": [0.8944297767207268, 0.9426959991009837, 0.9308561559906045], "b2": [0.767358106239324, 0.98926821836395, 0.8618944922512581], "b3": [0.7604234289505188, 0.9484711166800726, 0.9301442119517236], "b4": [0.8695023577154163, 0.9270119642224518, 0.9646444033078058], "b5": [0.1614182301402854, 0.8877932154486508, 0.9146010128781776], "b6": [0.3944399382594799, 0.9503012670302458, 0.9933693115497007], "b7": [0.16136220891218117, 0.957750339169438, 0.8237469618226579], "b8": [0.1635562744947854, 0.8306447177384925, 0.9928919283582435], "b9": [0.8735212600728929, 0.9551784247279617, 0.8241248368257992]}