{"b0": [0.8597368035434059, 0.8443065272817839, 0.9312429916817483], "b1": [0.16395743585913028, 0.8968895438043996, 0.9247676363465824], "b2": [0.35464536464696184, 0.8602383242198235, 0.8618409736641972], "b3": [0.15598836448790035, 0.91560487213029, 0.8332615469099587], "b4": [0.06898270595056337, 0.9468710914743436, 0.9564606482181099], "b5": [0.15655848282570736, 0.8934242152191371, 0.9138651232081751], "b6": [0.8815553780459738, 0.9374468311072097, 0.9660327105083174], "b7": [0.16712780149749, 0.9403167249954262, 0.9657982204231971], "b8": [0.1610071843300855, 0.7750543885586029, 0.8279530648043952], "b9": [0.17575818128046475, 0.8975615472772409, 0.9563613273556324]}