{"b0": [0.15579411761899872, 0.9564294207862694, 0.9868413947481222], "b1": [0.1602279217331211, 0.9548104072796009, 0.8848281058907496], "b2": [0.9018358134794083, 0.9454989174187736, 0.8084442395610014], "b3": [0.003363092727842176, 0.853688558722378, 0.848093248149588], "b4": [0.15520938591194594, 0.8840533732886838, 0.8749400237192124], "b5": [0.08314793879435407, 0.9165427326333102, 0.8326260015261306], "b6": [0.157045998602989, 0.7490011211211032, 0.9362857707033673], "b7": [0.8758425133219658, 0.9878979884397887, 0.8572211511540141], "b8": [0.30849862153949603, 0.9165312010061012, 0.9160511354612553], "b9": [0.16708433532124045, 0.9439498918632205, 0.8617543589639284]}