{"b0": [0.0073478064252076635, 0.888315761639444, 0.8365219768640081], "b1": [0.16302183024680494, 0.9630466999667376, 0.9784779014771537], "b2": [0.02110159040816969, 0.8923399622399427, 0.9629316281668464], "b3": [0.3810213718171175, 0.9876642221966923, 0.815191713554383], "b4": [0.8449532887971414, 0.8736391920143152, 0.818612117609689], "b5": [0.0031357374329701693, 0.928470484537861, 0.9743362044040702], "b6": [0.8849774951124684, 0.9944020158451817, 0.8442029165168451], "b7": [0.1573921270538655, 0.9249677514547767, 0.8454968300336673], "b8": [0.15852561010728278, 0.801990904295682, 0.8760294152285314], "b9": [0.8684226786315677, 0.7733097083581071, 0.8583311818864955]}