{"b0": [0.16115528945099872, 0.9254705060677446, 0.9534430754385815], "b1": [0.9871724046309859, 0.8512385013247058, 0.8717764928035732], "b2": [0.007452123595963303, 0.9924908427768467, 0.813617938729426], "b3": [0.01127006887818305, 0.9605285997648724, 0.8156696832390614], "b4": [0.8093603379917311, 0.9890672647737969, 0.8454714474609161], "b5": [0.3068607366622068, 0.7535749991311096, 0.9788581947644586], "b6": [0.011321678498965865, 0.9992686104391996, 0.8983696827247561], "b7": [0.080019987737911, 0.8649365927608289, 0.897894643420004], "b8": [0.9917057099979617, 0.9381468440066564, 0.8798472326814504], "b9": [0.15346705988644996, 0.8965675329520743, 0.9572019292268894]}