{"b0": [0.8694916265964678, 0.8770179440172717, 0.9993077316213036], "b1": [0.16711137993751027, 0.9331144552907084, 0.8183189797191627], "b2": [0.02004006129364498, 0.9492972561884979, 0.9891326003269946], "b3": [0.9797316115784604, 0.7778011045274765, 0.8584495369268563], "b4": [0.021719828684701667, 0.9920930385843875, 0.8759002453742442], "b5": [0.1620057132792967, 0.9371008141996297, 0.8417359787950355], "b6": [0.7042803306517551, 0.9150879043045279, 0.8011428838357761], "b7": [0.9989959809150909, 0.8836167172724132, 0.8599234109649743], "b8": [0.16865693713324817, 0.9758543614156844, 0.9746568749371398], "b9": [0.306797396873435, 0.8906094722830841, 0.8340308368123914]}