{"b0": [0.9700803927646665, 0.9596640560072146, 0.8052352224443448], "b1": [0.011016068563033528, 0.8794729916460808, 0.8279313745398172], "b2": [0.15557337304358865, 0.9806348725305774, 0.9961760849057417], "b3": [0.2717040806668852, 0.8077185800234454, 0.9393627426427555], "b4": [0.1560603828012186, 0.9288885499165729, 0.8509036904052096], "b5": [0.9938215517240537, 0.976652301758114, 0.8210939383402949], "b6": [0.16429025579215112, 0.9470521660060323, 0.8704583174594919], "b7": [0.08460230475029172, 0.9976372765861236, 0.8573730730106712], "b8": [0.15654389475126915, 0.8615312469326719, 0.896962760659305], "b9": [0.1547840611665845, 0.8609936613360588, 0.8019036647517366]}