{"b0": [0.8423360679712323, 0.9316788928556299, 0.9881108639883531], "b1": [0.9692133709566961, 0.982388101739044, 0.8880208224009957], "b2": [0.16133806828779906, 0.9717356002893521, 0.8167049092278279], "b3": [0.995774775176811, 0.9458265658092189, 0.8377303762193996], "b4": [0.16431198443172332, 0.8318549187482196, 0.8927191038525468], "b5": [0.8477726322652136, 0.9101100870326728, 0.8192596629116136], "b6": [0.7469861693905205, 0.7613340444316037, 0.9248825609973275], "b7": [0.16037151245581968, 0.9233349680292621, 0.9817776856672399], "b8": [0.7084307729856367, 0.8429686455534364, 0.9798265846956551], "b9": [0.6188876951156966, 0.9164003831468176, 0.9792770941103709]}