{"b0": [0.16062657773294928, 0.9364525280398627, 0.8514061378591465], "b1": [0.7485094943843752, 0.9430404595414132, 0.8297139915211976], "b2": [0.7612886583387736, 0.9280620756015371, 0.8480427236892908], "b3": [0.150431144046304, 0.9169560507615767, 0.9405186039330878], "b4": [0.867280115020799, 0.9505898928873959, 0.8279886492478141], "b5": [0.6088868043345514, 0.9964032548735176, 0.8762411933158905], "b6": [0.6398081943526752, 0.9981932609849105, 0.8172042381307338], "b7": [0.35872578361536606, 0.9864721706044577, 0.8771214753128121], "b8": [0.1617516880459887, 0.9393994962258678, 0.8463806160104341], "b9": [0.0754890640786798, 0.8861519426898097, 0.9267170298431663]}