{"b0": [0.8587402338600166, 0.9750781432796181, 0.8902451503250631], "b1": [0.6157420967123236, 0.9916491523732814, 0.964175351920775], "b2": [0.15843627375706404, 0.8772196027720978, 0.9438293478845492], "b3": [0.15380500965774938, 0.8604141474536254, 0.8967731611397164], "b4": [0.6044957273498061, 0.9256685194807135, 0.922403787793941], "b5": [0.7591318044611686, 0.994580542684158, 0.8726439939335856], "b6": [0.7855383353342392, 0.9878459790059116, 0.8717576992319516], "b7": [0.005482971821427301, 0.8428049023514623, 0.9730155897375273], "b8": [0.09397438825720375, 0.9452783248133102, 0.9910054800691568], "b9": [0.37532134804263767, 0.890022942812056, 0.8426249781597602]}