{"b0": [0.012818825780438898, 0.9251023717821272, 0.8471922740860629], "b1": [0.3302369294524808, 0.8582669540402632, 0.8016511180174709], "b2": [0.9938174405863688, 0.9771021179128376, 0.850711839391748], "b3": [0.15379152729388273, 0.8460535857740413, 0.8190277769457294], "b4": [0.17139092686148513, 0.9210631591058569, 0.9726296775984103], "b5": [0.7316545897977206, 0.9786097873641113, 0.9903939051332006], "b6": [0.732291226020529, 0.9920258389242147, 0.9585132031835024], "b7": [0.29830619131133185, 0.8966272205556307, 0.944374245034798], "b8": [0.007347655707304889, 0.9665240726590707, 0.8576091950651985], "b9": [0.893411168776837, 0.9600320302084322, 0.9441565545015099]}