{"b0": [0.7279662644770468, 0.8092772057270362, 0.9163901874365831], "b1": [0.8968111219617954, 0.9914271035197466, 0.9233819621244262], "b2": [0.16469652743360338, 0.9751162900171638, 0.9731203263136079], "b3": [0.8690099545430907, 0.9554656147273647, 0.9537707067777168], "b4": [0.9921563743233044, 0.9675003014821766, 0.9980254765106039], "b5": [0.3270172904006695, 0.8885634159011034, 0.9583464962984977], "b6": [0.7443650627235587, 0.851136847633501, 0.993709756183907], "b7": [0.7326264514298465, 0.9323140840914322, 0.9397286615708426], "b8": [0.8027581071174629, 0.9614285280162481, 0.9695699067000012], "b9": [0.0927607707431966, 0.9261001072626002, 0.8376399322670193]}