{"b0": [0.5980706709632946, 0.8627497260608687, 0.8265744855692705], "b1": [0.9794995009345917, 0.8682172454127165, 0.9055842217536153], "b2": [0.16618211089376234, 0.9803457771092713, 0.8851286280127257], "b3": [0.16658915104927768, 0.9591167687220671, 0.885032881126897], "b4": [0.8946521596117128, 0.9895741585652115, 0.9417486889023923], "b5": [0.28962516555231427, 0.9945723130783807, 0.9548683154414109], "b6": [0.002717915725170673, 0.9241517567600177, 0.9055602026100243], "b7": [0.7507080554131192, 0.9649416536557764, 0.8240509038764753], "b8": [0.546342017004046, 0.8836392175237893, 0.9542559857390289], "b9": [0.7111378787836045, 0.913606227694764, 0.9422945453959936]}