{"b0": [0.16193306335102073, 0.7579012683388577, 0.918006675328406], "b1": [0.009840689657347001, 0.8130780689113499, 0.8909254371430525], "b2": [0.3533157543455282, 0.9315850632802923, 0.8069435721201509], "b3": [0.6477696802150877, 0.9364942475859848, 0.9372613776515716], "b4": [0.5976880612585163, 0.9435098068940362, 0.8925254699533712], "b5": [0.026801629688402745, 0.9678037053506356, 0.9207805993339258], "b6": [0.9854405980071909, 0.9708286900048637, 0.8818459582728994], "b7": [0.990240903414318, 0.9074237054029511, 0.8339366159902539], "b8": [0.8919205239928826, 0.9442814065729063, 0.900277257466574], "b9": [0.7730214054218344, 0.9615447060700641, 0.894633720503502]}