{"b0": [0.32939094305889816, 0.9633534454761898, 0.8196826315720687], "b1": [0.3847623988471828, 0.9191916990722946, 0.927593484405925], "b2": [0.8931271583814957, 0.9364262517714976, 0.9915184934490608], "b3": [0.0684438779497035, 0.7613803685513624, 0.8355356238084525], "b4": [0.07395071082654628, 0.9997456772652251, 0.8053139133689525], "b5": [0.8884310675420711, 0.9037668451750085, 0.8635303916725511], "b6": [0.09271841676987196, 0.853878978957112, 0.8971226499587216], "b7": [0.9130354336272248, 0.9368130640383943, 0.9104489692053218], "b8": [0.06080136665554838, 0.8147571483678633, 0.9560658007401628], "b9": [0.15561111598820385, 0.9803133108615198, 0.8558545432404455]}