{"b0": [0.09028514488970696, 0.9897103968050003, 0.8517123421109166], "b1": [0.6314977905937268, 0.9383677557959743, 0.8926598008188222], "b2": [0.1569465295049886, 0.9478718399727896, 0.8228268588742114], "b3": [0.011100908009479146, 0.9338463987522028, 0.9251304345268081], "b4": [0.10093198821556372, 0.7710965432544771, 0.9535535768307901], "b5": [0.08978267672351388, 0.9613246626478751, 0.9575507423222314], "b6": [0.07862435461526206, 0.954555755284034, 0.9428900570342859], "b7": [0.16355378879230303, 0.8884293920655592, 0.819174614645998], "b8": [0.6106576440664575, 0.9464552337967775, 0.9651945179129047], "b9": [0.836406798825918, 0.867519115502475, 0.8693695135596193]}