{"b0": [0.10422547844182901, 0.9156616162571305, 0.938879458090143], "b1": [0.09097208347704414, 0.9916314377606922, 0.9577233945303344], "b2": [0.07125033949058203, 0.9530939819534135, 0.9509952366127087], "b3": [0.9981097282861187, 0.8924450634268406, 0.8802697300414635], "b4": [0.15243653476463614, 0.9290247352947528, 0.8470991812031217], "b5": [0.010050686591911537, 0.949178082597774, 0.9686788313330765], "b6": [0.07394935730625113, 0.9499643311343177, 0.9314263725512414], "b7": [0.6496039567145391, 0.9554656277412985, 0.9946443646549082], "b8": [0.9050943111262727, 0.8082312473499951, 0.8548002790966993], "b9": [0.889351252549655, 0.9438583207507198, 0.9516076008845746]}