{"b0": [0.07465899181144345, 0.901269164991356, 0.9296943985716954], "b1": [0.27552949572373764, 0.9674149208328542, 0.9555884889031375], "b2": [0.08593497493178019, 0.9884702690608161, 0.8698073143199345], "b3": [0.07680960368686843, 0.9656523041741066, 0.9847262270016419], "b4": [0.8581204851436702, 0.9707353034506138, 0.9913386349321476], "b5": [0.15824623402085952, 0.9381158504966284, 0.9649906743011105], "b6": [0.07786677180647458, 0.9528745484806865, 0.8168116674389675], "b7": [0.884821573112879, 0.9411272085624846, 0.8823901735499642], "b8": [0.08853445658555031, 0.9713925544779225, 0.9541297796085434], "b9": [0.10815461371979276, 0.9670697993417536, 0.9374986839916872]}