{"b0": [0.9962075806417352, 0.986723494957368, 0.9193287492028535], "b1": [0.16545255019367944, 0.9570118838475495, 0.9515816576293108], "b2": [0.1607536772591115, 0.9732503007475382, 0.8463240700030131], "b3": [0.08915893608156074, 0.988084263250103, 0.881337189406465], "b4": [0.7395113732928826, 0.877336831636523, 0.85471030658115], "b5": [0.0735567219449255, 0.8874457799745352, 0.8155652872609952], "b6": [0.07961338877846035, 0.9614952017767269, 0.8969492607230721], "b7": [0.021443785236567682, 0.914541158097771, 0.802129284609837], "b8": [0.1562160266534685, 0.8283884387073102, 0.9808312127469223], "b9": [0.16154715890818583, 0.8893587047962492, 0.8283015111645207]}