{"b0": [0.15570801390640177, 0.8255806252133236, 0.9133615763936188], "b1": [0.08154245839563766, 0.8829937250874476, 0.8352029487372404], "b2": [0.08490194456920486, 0.9692339073960134, 0.8972695789600601], "b3": [0.11710874448399311, 0.8801781977151788, 0.8191625453596376], "b4": [0.0894012632334882, 0.9970242963571515, 0.9151765686668512], "b5": [0.6348158496567345, 0.9179778455393068, 0.8361235284276656], "b6": [0.3461741320885496, 0.9609962941821307, 0.9321765240874972], "b7": [0.07442486185651696, 0.9993047754707406, 0.9258690700657065], "b8": [0.07980909787116029, 0.8770619851840189, 0.8835994264675392], "b9": [0.3410196894686278, 0.9755677598395974, 0.8783184685847176]}