{"b0": [0.07766504894623137, 0.9163375118399677, 0.9724466837317796], "b1": [0.6084357477960433, 0.9594666917334906, 0.9401166275284335], "b2": [0.07103305444388103, 0.8164530783925043, 0.8366911806329053], "b3": [0.08570122973608063, 0.9030479669180468, 0.9752775452503226], "b4": [0.10562680063087472, 0.9947218948246804, 0.9808863595740912], "b5": [0.159276794381214, 0.9224281019504226, 0.887520514039422], "b6": [0.06341023982416115, 0.8941514831795273, 0.8635302220558622], "b7": [0.6101390721940406, 0.9258353342103934, 0.9281513237677953], "b8": [0.9685619677069569, 0.8964962343594425, 0.8525233338776377], "b9": [0.08365781354110773, 0.8743100040383186, 0.9355309281803634]}