{"b0": [0.7704103814759735, 0.8801258037234292, 0.9807223262838082], "b1": [0.8829078469269614, 0.985662465582523, 0.9463913431468289], "b2": [0.2997840425160813, 0.9544068660996302, 0.982762329704871], "b3": [0.8910187365895815, 0.8255362079049601, 0.819913894763372], "b4": [0.7454362676144699, 0.9558769757096744, 0.9821350152542245], "b5": [0.7351648852251966, 0.895727757952143, 0.9282125588088576], "b6": [0.5953062614313737, 0.9125504722568627, 0.8988091649292285], "b7": [0.3368747502608954, 0.9757094296653632, 0.8465081449163823], "b8": [0.34087810303327726, 0.9956337462490207, 0.9401011508655985], "b9": [0.8677709181820977, 0.9577962529541444, 0.9789898597682876]}