{"b0": [0.3252548288506296, 0.8821809545197742, 0.8612154207706356], "b1": [0.9101883810355722, 0.9362180588428027, 0.8464436120656031], "b2": [0.8534949825226856, 0.9388560948923116, 0.908511405829844], "b3": [0.15958646131082957, 0.9932944474160709, 0.900946815691922], "b4": [0.16491519742307129, 0.8903437212152255, 0.8884946771347234], "b5": [0.15535264891165113, 0.8820541799540021, 0.8915761188233959], "b6": [0.156182925320986, 0.9419881945490671, 0.9534274948130151], "b7": [0.15666230718782084, 0.8119143998879861, 0.8826824818901211], "b8": [0.8704174952042617, 0.8004148499747632, 0.8808018058822228], "b9": [0.3788338596312974, 0.8677785109259506, 0.9509259864525361]}