{"b0": [0.1561894355524235, 0.893614109662015, 0.8909354530028327], "b1": [0.34055026204396066, 0.9566474880694004, 0.9741158261042456], "b2": [0.16467226006332414, 0.9243038343372169, 0.8998600116161541], "b3": [0.08202580064047452, 0.9574725757159928, 0.8827757111980296], "b4": [0.32458630033587854, 0.9597337112926181, 0.9803133649595097], "b5": [0.9180176041305511, 0.9108916216722158, 0.9381641652523176], "b6": [0.1510560268794138, 0.9290037918309934, 0.8844315406628774], "b7": [0.8578903863099172, 0.9559249058906399, 0.8595037124020738], "b8": [0.32324183334725626, 0.9577413426328434, 0.9470563221074181], "b9": [0.8580002384417046, 0.9798413819109814, 0.8011950497129939]}