{"b0": [0.3633394355715964, 0.9120247691862038, 0.8381807990851408], "b1": [0.8676389845283923, 0.8829425224869079, 0.9946888424899686], "b2": [0.1723336779157262, 0.9871470671406081, 0.9432845564186527], "b3": [0.17580263478228658, 0.8911080248599899, 0.8968845450455127], "b4": [0.32273402890334796, 0.9722408112394559, 0.8152943313214247], "b5": [0.8865461775097375, 0.9278392834627414, 0.9805192378456121], "b6": [0.15750180091056282, 0.8676482550260526, 0.8124222759427039], "b7": [0.8468800625789743, 0.9457530616280792, 0.9727351956410197], "b8": [0.37618118282272484, 0.8635219105420597, 0.8784509973838643], "b9": [0.1524391529773986, 0.8487575639722412, 0.8086478564790087]}