{"b0": [0.8967660160687357, 0.969956031344784, 0.8516148224357005], "b1": [0.2708952064596178, 0.9733720481486666, 0.8521946873222536], "b2": [0.15548884746867506, 0.9281741935590219, 0.8756756527752421], "b3": [0.8749242189290054, 0.904279899576268, 0.8065430676853442], "b4": [0.16896974358594613, 0.9777858352072137, 0.8467008954994633], "b5": [0.32092474306009267, 0.8673379097681705, 0.8138655180128173], "b6": [0.9084025468998072, 0.9564461660541269, 0.8146121150192863], "b7": [0.3370197635596837, 0.9101521454062255, 0.9544235532194943], "b8": [0.15885290144165679, 0.9512648028834404, 0.9797223919068895], "b9": [0.15064902909814548, 0.9265448535654675, 0.9788904637240999]}