{"b0": [0.07891459420193568, 0.8301465568583133, 0.8210052051190868], "b1": [0.9126360604020085, 0.9937846880383809, 0.9304049820657965], "b2": [0.31670961406510023, 0.8222402088884222, 0.9475432088330558], "b3": [0.15354539000572576, 0.9265823167274297, 0.9004791965217822], "b4": [0.7587610686366453, 0.8970282638386919, 0.8663256237229092], "b5": [0.15727802590558823, 0.953003444485105, 0.9769013366398684], "b6": [0.15377854706489968, 0.96714756441974, 0.8102065455579733], "b7": [0.8661394743188079, 0.8407951658494517, 0.8759729032690293], "b8": [0.30032678086673953, 0.9498257325702304, 0.8521706008243344], "b9": [0.1547171978860095, 0.990964784491209, 0.9122541791399964]}