{"b0": [0.15643313239183523, 0.9484347050236418, 0.9382163774571779], "b1": [0.884525672402212, 0.6977770629022898, 0.9299433487408717], "b2": [0.33606576551120215, 0.9969437003547292, 0.8735259393855153], "b3": [0.3328471328371704, 0.894120222991141, 0.9824543931948472], "b4": [0.35205229120031617, 0.9392279459086761, 0.8843027311139409], "b5": [0.16026783563535166, 0.8218352171432448, 0.8422911379348001], "b6": [0.15382268139282312, 0.9970227483261292, 0.9647460643828822], "b7": [0.89849135740002, 0.9292716760531076, 0.829968763689223], "b8": [0.9004274153531227, 0.8908518144011169, 0.8974289172517896], "b9": [0.7149233121785027, 0.9839907208911961, 0.8771109224308351]}