{"b0": [0.6453697958115643, 0.9567984152617199, 0.9126039877747902], "b1": [0.7837233099567941, 0.9410716035028192, 0.9261784073074512], "b2": [0.6485288393110155, 0.9263347663961189, 0.9921342259908255], "b3": [0.15811744640517952, 0.9100036425182505, 0.9199742804273664], "b4": [0.32428579759824727, 0.8422383872613373, 0.9061920071163045], "b5": [0.30132482221436413, 0.9453755003074383, 0.9397083394166843], "b6": [0.5159061762444411, 0.9009972984628186, 0.8429077283880528], "b7": [0.6260882618134959, 0.8640394678743657, 0.8345264455310621], "b8": [0.30989175251516804, 0.9178764420263638, 0.9433447375285867], "b9": [0.5901625271546826, 0.9549395550233926, 0.8668793284052536]}