{"b0": [0.7729931752067101, 0.9750101985221555, 0.9419053384121018], "b1": [0.061970086054201824, 0.9848767854223297, 0.9238453355151295], "b2": [0.02872788739308253, 0.8757769161740857, 0.8357936044536038], "b3": [0.15532357676461617, 0.9674498579440066, 0.9103322721890962], "b4": [0.7680760669146691, 0.9178301990085096, 0.8067001799405111], "b5": [0.1589430269678586, 0.9783711667549688, 0.8644301847287619], "b6": [0.1665883233523697, 0.9601183138650962, 0.8060702711490925], "b7": [0.15259399032865106, 0.9675161917126465, 0.9771161763854114], "b8": [0.7681120260220287, 0.7510521492010532, 0.9139010185075336], "b9": [0.7892151434273973, 0.9187334840187299, 0.9380703394959464]}