{"b0": [0.7302729749881798, 0.9972729412619669, 0.9096788655718555], "b1": [0.740537751323274, 0.6767929648074917, 0.813090828279553], "b2": [0.0842752765508124, 0.9704810735541468, 0.8821314168964197], "b3": [0.1542686335877245, 0.9336985012574172, 0.8914429595136028], "b4": [0.6537150055006298, 0.8027014222085228, 0.9860605191411999], "b5": [0.34080203818944094, 0.9889857461457199, 0.8253411134626252], "b6": [0.6552327360823488, 0.8531082487635538, 0.8030699625033152], "b7": [0.3323452474239867, 0.9980989713864775, 0.8802537584664925], "b8": [0.8542102294900115, 0.9856778788387546, 0.8546556092977247], "b9": [0.781542048610499, 0.9350716947585689, 0.9077391223847207]}