{"b0": [0.8939724989062896, 0.9996157918235546, 0.9248614255615754], "b1": [0.9931003136624884, 0.9053247111854923, 0.8541557929341878], "b2": [0.16021048545243666, 0.8719626071632989, 0.8525813002119252], "b3": [0.9967525556147753, 0.8770948474241003, 0.819419427304444], "b4": [0.016264197436371763, 0.8698989243973823, 0.9942040516774447], "b5": [0.8791561458447987, 0.8910265625728254, 0.8617621253070072], "b6": [0.008544673655156355, 0.9765588964620087, 0.960951700689671], "b7": [0.9100966293618079, 0.9170799393819213, 0.9937431764491955], "b8": [0.08921853311718453, 0.7813705081046828, 0.8916558879745682], "b9": [0.01909851779284961, 0.8014793658288971, 0.9507055650164237]}