{"b0": [0.1588900244922222, 0.9200405505925434, 0.9604968840234664], "b1": [0.7527174218277949, 0.8060231161188481, 0.89193214701722], "b2": [0.15338820715049395, 0.9805706079371247, 0.9388526983753198], "b3": [0.0005642302591319834, 0.7868687671806007, 0.9741482213485293], "b4": [0.002295233813461524, 0.8179124168696217, 0.8613167730476522], "b5": [0.15787668875063499, 0.9895437117004733, 0.9116360908681116], "b6": [0.1668507844388122, 0.9851568458173002, 0.8248839167280119], "b7": [0.9805638815249077, 0.9512378350144765, 0.9962300787501079], "b8": [0.005400225378849864, 0.9049253313474008, 0.9597538819288638], "b9": [0.8700396725537858, 0.944899034383708, 0.8036860296745576]}