{"b0": [0.3160910963069051, 0.8200156451961285, 0.9700811224571508], "b1": [0.991935030513315, 0.9241162471917086, 0.8177376121208103], "b2": [0.16057194002331143, 0.8620376913553035, 0.9036584235449425], "b3": [0.16735731511284008, 0.8549474606202611, 0.9680360921115869], "b4": [0.7784844608360938, 0.7528062129374214, 0.9506826456277929], "b5": [0.9967920917878605, 0.9679655140371441, 0.944596646563963], "b6": [0.16818796782196582, 0.909375648664347, 0.9305713692234824], "b7": [0.9941417176966911, 0.9859488104504237, 0.9771323569948476], "b8": [0.8671897607734677, 0.7478384512196528, 0.9325337523165333], "b9": [0.8382935366654155, 0.886200378247367, 0.9876497764969909]}