{"b0": [0.7122694157241473, 0.9851231815081658, 0.8955627497310283], "b1": [0.3495597611209417, 0.9869719992692143, 0.982371878056642], "b2": [0.8580173114939335, 0.9742110097407984, 0.892044056518822], "b3": [0.831335727460464, 0.9656318682612401, 0.9776678012717172], "b4": [0.6120025714994596, 0.9475657831863384, 0.9387560055899036], "b5": [0.010651955580257113, 0.9536324705401618, 0.908878999704268], "b6": [0.07874873314531718, 0.8686896039885441, 0.958014778848051], "b7": [0.8489605611772977, 0.9110808866419814, 0.9725573768720345], "b8": [0.6948279287036488, 0.8161006101984046, 0.8182795003809615], "b9": [0.3145415543621604, 0.9748346793841232, 0.9744822688667473]}