{"b0": [0.5711029597284191, 0.8859623214439187, 0.9802598791668495], "b1": [0.34447935217898473, 0.9677517285614272, 0.9576528897531492], "b2": [0.7226117939852718, 0.9279955482240662, 0.9507260750250225], "b3": [0.610229565293625, 0.9177191092428836, 0.9214708263041951], "b4": [0.3222514040917695, 0.8787685101828575, 0.9769455498032709], "b5": [0.8689333541509019, 0.8093128212860077, 0.9870764338458474], "b6": [0.6070621434730237, 0.9785247753706554, 0.8212433565583501], "b7": [0.349850008723994, 0.9164308931771211, 0.940500297325739], "b8": [0.3430631457422795, 0.9051329465707917, 0.8269851444794327], "b9": [0.3804332363728809, 0.9050153488273145, 0.9810205789054952]}