{"b0": [0.3088354400183228, 0.9599453091416967, 0.9470725348094113], "b1": [0.3572769398035435, 0.9317966764964247, 0.8884738274827602], "b2": [0.3041666037975469, 0.9664642663803079, 0.9829447925630679], "b3": [0.3314604632447612, 0.9368298311345277, 0.9264887423143268], "b4": [0.6456686159885889, 0.9795659420318188, 0.9361463743772446], "b5": [0.35025829376944684, 0.9754777556135344, 0.9289126062178907], "b6": [0.6402242240242023, 0.9450615975177722, 0.8299652136115823], "b7": [0.15577098819142554, 0.8998847531857334, 0.8963670932408001], "b8": [0.1606349855042523, 0.9501092924481433, 0.8409299487713219], "b9": [0.6348926124867355, 0.7613737528020198, 0.9172222303075372]}