{"b0": [0.5758537223929829, 0.8903391485203322, 0.9332820810049149], "b1": [0.9958807472259619, 0.9729781310054471, 0.885696547490792], "b2": [0.7391641529798025, 0.9183561649624178, 0.8984607248545516], "b3": [0.07341778351548549, 0.834486788687732, 0.9730934785711635], "b4": [0.3081428031854536, 0.9153064977469767, 0.8042926595930592], "b5": [0.6962597145336791, 0.8307372561607761, 0.9652794252895347], "b6": [0.7488450852595271, 0.896347080338025, 0.9444657529655478], "b7": [0.32607958618269484, 0.892550896184915, 0.9674532032579803], "b8": [0.32678334267174614, 0.9833881233172359, 0.9402485361728691], "b9": [0.1631894525510684, 0.945796264568211, 0.8041070257591575]}