{"b0": [0.36292865063080193, 0.9148001002409036, 0.9842541188905294], "b1": [0.5996036830179143, 0.8494594020451526, 0.9043660538569148], "b2": [0.3312785787007666, 0.964213667616677, 0.8214095634077929], "b3": [0.9997622778971129, 0.9404597504146603, 0.9508955058623401], "b4": [0.6616853180918758, 0.9022488000334481, 0.8369717878919326], "b5": [0.7400939314924403, 0.978964836517517, 0.8344920280681218], "b6": [0.8796339222518722, 0.8852094163175288, 0.9215827139977847], "b7": [0.16590922803183086, 0.9031564457258439, 0.9730340527596316], "b8": [0.09908366673753552, 0.8939196990034749, 0.8415339369851175], "b9": [0.14889465858083972, 0.9167147235648256, 0.9739846422847981]}