{"b0": [0.7794635753570822, 0.8362488931897257, 0.9439061300435295], "b1": [0.6411339436149238, 0.8308855287278151, 0.9170220655977253], "b2": [0.5996251909829077, 0.9636373999164194, 0.9117554756905187], "b3": [0.8430561527597565, 0.929695837541046, 0.803811503458291], "b4": [0.3025419023339756, 0.960982228677372, 0.8547200100194894], "b5": [0.8271658805261396, 0.8724807502219426, 0.8018753066959945], "b6": [0.1624849032343282, 0.9477091053612554, 0.8054005290029903], "b7": [0.858665744750036, 0.9478012168912663, 0.8637722693839953], "b8": [0.7209281425709267, 0.8725494575510262, 0.9132464274456811], "b9": [0.3509066602613172, 0.68211217904406, 0.8843919484048004]}