{"b0": [0.6547507782753891, 0.9420898238494826, 0.9663129931347261], "b1": [0.9925080711483719, 0.8866273105253929, 0.9572559088185782], "b2": [0.8915118353109581, 0.8656702215098555, 0.8145966267778719], "b3": [0.38221584082447874, 0.982973056830285, 0.934697587994589], "b4": [0.08790705753763069, 0.9066119807927372, 0.9323679387805464], "b5": [0.2865161410023485, 0.9301655440456773, 0.9082294032827259], "b6": [0.6506554033667951, 0.9576289439173593, 0.9760301720138185], "b7": [0.167629724004324, 0.9765460370878734, 0.9989247559496807], "b8": [0.346946565019706, 0.9883885502052785, 0.9842787789136318], "b9": [0.5886267648416953, 0.9079087538170435, 0.8464690448022183]}