{"b0": [0.32436395461192513, 0.8908348413025879, 0.9011211978227304], "b1": [0.6317767714175823, 0.9701388710654111, 0.8112470795571716], "b2": [0.998368343246722, 0.9298144775199662, 0.9960538050470014], "b3": [0.7592100531863868, 0.9665091576291438, 0.8459862471494409], "b4": [0.33513137179739766, 0.9648726779115806, 0.8442728859535326], "b5": [0.910343731685515, 0.9430500201894654, 0.9684017686548029], "b6": [0.8808532449950337, 0.9452202651767546, 0.9363409364061817], "b7": [0.071443111142141, 0.965250629635743, 0.9349543438553737], "b8": [0.32002679149552726, 0.8961988634069884, 0.839762424883238], "b9": [0.761923091530414, 0.9273069860444152, 0.9842733999424774]}