{"b0": [0.3220256081518745, 0.9853882054265972, 0.9350463919860639], "b1": [0.1513393629854778, 0.9962144522211677, 0.8743035074905555], "b2": [0.7716552519667498, 0.9665821856858513, 0.9037395892288335], "b3": [0.5628494223711691, 0.8336936283225598, 0.9649614033520436], "b4": [0.639595529227445, 0.9539700785109096, 0.9266568401675148], "b5": [0.07768940437623525, 0.9580969994144012, 0.8427754423321069], "b6": [0.6404447699951201, 0.9181959972741354, 0.8775722017287972], "b7": [0.8738939223457446, 0.9186167263613205, 0.9403050165227717], "b8": [0.8479021113748613, 0.9763997619022987, 0.8679827665864133], "b9": [0.1590395462961677, 0.8540858814467004, 0.9166044165243775]}