{"b0": [0.012124985741266268, 0.9137218333848252, 0.9164827876425743], "b1": [0.5576711682930856, 0.8967047728692665, 0.9060068332209709], "b2": [0.008491603497058896, 0.9616899162227537, 0.8496702676237815], "b3": [0.5979716872334309, 0.8481855067455385, 0.8999753725241741], "b4": [0.31631853344463284, 0.8219151967908752, 0.8465691134926192], "b5": [0.8558256853324923, 0.9878998422859937, 0.8390900663161726], "b6": [0.29315145805389675, 0.9916540633908981, 0.8464947382645781], "b7": [0.1654799078899966, 0.9990930159577749, 0.9348534294927032], "b8": [0.31082121739259155, 0.8749596738827363, 0.9886786724139887], "b9": [0.33061012423944225, 0.9431074082196272, 0.9627883092056748]}