{"b0": [0.8458048226432459, 0.9937421398919613, 0.9416588772418403], "b1": [0.0952210306582006, 0.9052302663584443, 0.8492074861043367], "b2": [0.8806075139293464, 0.9458844922800251, 0.9417892728092317], "b3": [0.7628378245790682, 0.8983253330739648, 0.8851045089029037], "b4": [0.738905920578932, 0.941401669109704, 0.9500503196120513], "b5": [0.3392674756301591, 0.9839447583921376, 0.9447631030160004], "b6": [0.31856479515821473, 0.9030011846557175, 0.9403732237839467], "b7": [0.7662140893833288, 0.9853918770909638, 0.8346202213243775], "b8": [0.8785932405085998, 0.8924397069284286, 0.898315140052958], "b9": [0.9833877785073813, 0.9290812216243962, 0.8496968165994305]}