{"b0": [0.6102128705562779, 0.7572153195860827, 0.8281262081994885], "b1": [0.7224054789055953, 0.9300497236530635, 0.953580320612453], "b2": [0.7425988887535744, 0.9193725908819209, 0.9818138938751453], "b3": [0.06081829298907465, 0.9281594891171855, 0.9518122085930488], "b4": [0.6047497638861701, 0.9096240572010931, 0.8051322393761953], "b5": [0.7354786803543187, 0.9629531748529466, 0.9978927720014457], "b6": [0.6229560440252471, 0.9634563713977989, 0.8448401816785105], "b7": [0.3107800569630539, 0.9046485418248029, 0.8560954294435477], "b8": [0.8995922623690116, 0.9648498106572306, 0.8347183701722025], "b9": [0.9122094807041324, 0.9140323553740329, 0.8855872802014857]}