{"b0": [0.7727459737490487, 0.9511923512962968, 0.8605411424424854], "b1": [0.31426073959916073, 0.8859547154741639, 0.9951911566680038], "b2": [0.8555793121017811, 0.8989907444356071, 0.9320341197786125], "b3": [0.584798950208641, 0.9275539881442127, 0.8926775102853154], "b4": [0.7482205492209445, 0.8839257785705087, 0.9688180798207807], "b5": [0.8839124126360045, 0.9871486039210743, 0.8843835908905474], "b6": [0.8729182070650259, 0.9373531080721588, 0.9441135209668903], "b7": [0.8656090977136043, 0.9940687569132465, 0.8958449145250954], "b8": [0.6485500594399379, 0.9222881418583941, 0.9469574147393583], "b9": [0.00559555373954456, 0.9201352851201052, 0.9854964450543433]}