{"b0": [0.8713693301845076, 0.8576920644880692, 0.8570795046360825], "b1": [0.1618182089553395, 0.8805397208903856, 0.8025891346643609], "b2": [0.0795796761217194, 0.9362636693394667, 0.8437990395823975], "b3": [0.3463182502543463, 0.901160494749437, 0.8057204062936785], "b4": [0.7575310708980412, 0.9891834222806928, 0.91374545728064], "b5": [0.07147867052774821, 0.9589597502797358, 0.8275213711180267], "b6": [0.8671778997250696, 0.9903361974488385, 0.9099972481237754], "b7": [0.8966617228960616, 0.9995338101354807, 0.8481668527699626], "b8": [0.5810023806415835, 0.9450342804104249, 0.9336529528500015], "b9": [0.7580803208199139, 0.9178918181749279, 0.8577274179912867]}