{"b0": [0.9867652784532386, 0.9759572168915253, 0.8191267115669063], "b1": [0.8767431354690862, 0.8040636173600094, 0.9582982471747359], "b2": [0.7908647630152537, 0.9814437329525592, 0.9726265874214016], "b3": [0.35611664204532745, 0.8595696493625468, 0.8840463206398019], "b4": [0.6659861800432251, 0.9988991380364399, 0.8970801150034461], "b5": [0.5341410849893765, 0.959210992271942, 0.9935939736406816], "b6": [0.6080268046418641, 0.9117988249586242, 0.9705064759764802], "b7": [0.08017825497173703, 0.9411841321687305, 0.9501833538877554], "b8": [0.1557279288576354, 0.8785285048401349, 0.8918988872174086], "b9": [0.8619360561099765, 0.8740224273492788, 0.9715162058667771]}