{"b0": [0.10364793543247472, 0.960200176002272, 0.8121807419941638], "b1": [0.8879535708765824, 0.9635258980393006, 0.9548998845255546], "b2": [0.37568942432332647, 0.9225807747054091, 0.852311019105143], "b3": [0.515728434595546, 0.8729299200031546, 0.9379701103470373], "b4": [0.014208516889090299, 0.9859884252447674, 0.8007962571146311], "b5": [0.9822624641467361, 0.9210833718940625, 0.8783559542027507], "b6": [0.0203005606437264, 0.8372614775397628, 0.9560356124298005], "b7": [0.1601192859494615, 0.8778108447297762, 0.9242928948866127], "b8": [0.8719620381292649, 0.8945446785311614, 0.8045573019286979], "b9": [0.7480375395691677, 0.8598341158189217, 0.9039045996794663]}