{"b0": [0.9978293677860628, 0.8890342618153037, 0.8972534427139568], "b1": [0.06659512650086595, 0.8687005830679091, 0.8913926657856481], "b2": [0.7382589634776611, 0.9440104244842721, 0.816759370264277], "b3": [0.0643131843062707, 0.9608861206841333, 0.9254100699171676], "b4": [0.09510316464635972, 0.9238446823197282, 0.8974654227043538], "b5": [0.08023853956710977, 0.9861727095411186, 0.8197512933889298], "b6": [0.5950928439210267, 0.5738019169255633, 0.9651731749132325], "b7": [0.5464313072624847, 0.7941140748114043, 0.8872500636686297], "b8": [0.8834175913082845, 0.8436605760820699, 0.893828461299969], "b9": [0.351280242455559, 0.8769768756457768, 0.8736543774810767]}