{"b0": [0.15791307964809026, 0.9387494100118718, 0.9375508363038019], "b1": [0.8600349171118207, 0.891381292177087, 0.9461712494210954], "b2": [0.15021306186214228, 0.8660791715989606, 0.9946259832567742], "b3": [0.8987350655531696, 0.9945953468847306, 0.9081355778482586], "b4": [0.29930724059123465, 0.9495050912609659, 0.8475377450660336], "b5": [0.3954173885245259, 0.9980680951360705, 0.8579965605837456], "b6": [0.09216196173924183, 0.7648137770049215, 0.9800736540668575], "b7": [0.9128255777458485, 0.9457566621012041, 0.8828421948231687], "b8": [0.3020152172210324, 0.8677672594661473, 0.9523040420470436], "b9": [0.16345643458959205, 0.9139731045703873, 0.8455375672050675]}