{"b0": [0.08978050787922659, 0.8373604465355435, 0.9344283289959863], "b1": [0.8648673024296145, 0.7236716282141339, 0.9231694398781488], "b2": [0.877347191402783, 0.9994946746740716, 0.8123165266815877], "b3": [0.15971198874665038, 0.9857120157075326, 0.8676852302006707], "b4": [0.35130259296534133, 0.9046122183795348, 0.8339810538147141], "b5": [0.1599763459594251, 0.8866891070249939, 0.8454474361740685], "b6": [0.16494723490914937, 0.9544922504601462, 0.9559614674347258], "b7": [0.15718261980454878, 0.9550269177013719, 0.9031766314412567], "b8": [0.9033559621675954, 0.8441556187995873, 0.8216881627479081], "b9": [0.33660820906520106, 0.958251787795557, 0.8186681576048755]}