{"b0": [0.8865659301773153, 0.9407323925754398, 0.9808338439900518], "b1": [0.15748326963417783, 0.8238103768014022, 0.8937598966680069], "b2": [0.8517644157243818, 0.8567468610393308, 0.9247374674312218], "b3": [0.346900364296904, 0.9673531098922742, 0.8583202237060027], "b4": [0.1647345824379559, 0.9754279909696644, 0.9615739104725314], "b5": [0.5585693074292467, 0.9532102031590844, 0.8849195198860268], "b6": [0.3535233795413524, 0.9677419086822067, 0.9969349360411478], "b7": [0.7804945615896542, 0.9647551212049961, 0.9800004739176216], "b8": [0.15600937998327397, 0.9755189262074225, 0.9874135394161417], "b9": [0.16459147141773248, 0.9702342726133348, 0.8607627019272737]}