{"b0": [0.640819030490897, 0.9447830696452201, 0.9001248058959511], "b1": [0.6205544023987912, 0.9659968464271331, 0.9213920685974811], "b2": [0.7673023806732441, 0.9627991975870419, 0.898493819350346], "b3": [0.7441826766682443, 0.8825718284867695, 0.8012665483846783], "b4": [0.16341699090758038, 0.8143725443460014, 0.8932743355071675], "b5": [0.08379077447195327, 0.9828991164604487, 0.9022954511098746], "b6": [0.08978643531681564, 0.9987221542425647, 0.8343088555286355], "b7": [0.8031013800884989, 0.8967657863714105, 0.9047046115134374], "b8": [0.16714180266147147, 0.9123091433694624, 0.8321420953074508], "b9": [0.06304325232622235, 0.9833234357628412, 0.9242173467529265]}