{"b0": [0.9901765836554507, 0.9843647588519866, 0.8620770788375881], "b1": [0.10123002379845629, 0.9762639394958754, 0.8455066862865599], "b2": [0.6287647942571556, 0.9023303125016353, 0.96789949279877], "b3": [0.9998914010275812, 0.8125089037951159, 0.8592902166037462], "b4": [0.15778694294031423, 0.9714414751440548, 0.8517419966491145], "b5": [0.9021241797904382, 0.9631682413988402, 0.9111964020863218], "b6": [0.17201029565139117, 0.956207930263056, 0.86982403647568], "b7": [0.7726623154384598, 0.9760242702882571, 0.8842776013068349], "b8": [0.08752633341449302, 0.9425156589587044, 0.8435386479836062], "b9": [0.5761842115468638, 0.7782603213715089, 0.9158160290855342]}