{"b0": [0.1542647340840443, 0.9767296182942218, 0.8971404918069821], "b1": [0.5625256102930083, 0.9707304423230526, 0.8445473472706575], "b2": [0.29130154537316166, 0.9004014088980407, 0.9573780871895953], "b3": [0.32491994789638307, 0.9568523432952273, 0.8634010749423605], "b4": [0.9891332281059937, 0.9747254698891217, 0.8471068570936802], "b5": [0.12038332803211965, 0.9142336110395438, 0.9145545372403748], "b6": [0.15943751012589813, 0.7834522118476436, 0.8171132522723716], "b7": [0.07435786352186485, 0.8496674755308278, 0.8479151744620775], "b8": [0.16219219410957414, 0.8454304456919521, 0.8669983962963811], "b9": [0.5736254345858902, 0.9070639873196542, 0.8977811170312102]}