{"b0": [0.36172983729129193, 0.976870100743136, 0.9365686876999699], "b1": [0.9021398132650665, 0.9738166861031026, 0.9517560707632859], "b2": [0.3477492762465832, 0.8996600052375672, 0.9078132735536755], "b3": [0.6755567681513434, 0.9663799626480619, 0.9434486603421819], "b4": [0.0009997626108657267, 0.9353313457979466, 0.8311420460742793], "b5": [0.7243047082450979, 0.971449634627018, 0.8620844756113638], "b6": [0.16028041714650484, 0.8203879582916054, 0.9273230134877438], "b7": [0.020752626291874434, 0.9920584108442614, 0.9382995087651423], "b8": [0.1605318571811895, 0.9810090827756818, 0.8493891784271416], "b9": [0.8825829514957622, 0.936524228684709, 0.8854286848472447]}