{"b0": [0.9897375194802802, 0.8153265351388801, 0.8093807022509211], "b1": [0.7585415908226552, 0.998967053928641, 0.941605555320846], "b2": [0.5654445238033762, 0.9110202083455978, 0.8164901727512992], "b3": [0.9800554265748955, 0.874867812743799, 0.8983935809088434], "b4": [0.8606849882986265, 0.9933554304925881, 0.8423573505953097], "b5": [0.34417377666297866, 0.9109754883246695, 0.9902434769201011], "b6": [0.7458752182077042, 0.8133635871480505, 0.9819472734830221], "b7": [0.09480896427331777, 0.9011097392912908, 0.8809644042526361], "b8": [0.28799939967829125, 0.9510174401722896, 0.9216688138646992], "b9": [0.15631362828732087, 0.9349973807563045, 0.9058374354074451]}