{"b0": [0.1609565808267414, 0.8500641841453634, 0.9079601584554718], "b1": [0.06203744980167321, 0.9246494241866335, 0.8858886132816258], "b2": [0.9838540783488368, 0.9072508941449406, 0.8753946332161456], "b3": [0.8934271758333309, 0.9456405616342972, 0.9324887290758052], "b4": [0.9969232681860523, 0.9706796714166127, 0.8474384208948297], "b5": [0.7334460839613867, 0.7704518636912328, 0.9708763443365753], "b6": [0.16862233595204693, 0.9687145813799058, 0.893937703230093], "b7": [0.016715739437190694, 0.8768237543832462, 0.9953408943577216], "b8": [0.08375210393538893, 0.9484474761759355, 0.9466338071730331], "b9": [0.8000163280940982, 0.9699511679205499, 0.8407491936537121]}