{"b0": [0.06452989586316195, 0.9520333782078917, 0.9039656829307589], "b1": [0.3467032326466493, 0.812621440070265, 0.9852116489644149], "b2": [0.1647965640353085, 0.8576808992170055, 0.8493456682890431], "b3": [0.7628822294740119, 0.9452778930090854, 0.9934734174834178], "b4": [0.6251564727660088, 0.9441674869701022, 0.9422045423864261], "b5": [0.5931740245712418, 0.845926170980043, 0.9124005111162345], "b6": [0.5627244545694334, 0.9855945815395422, 0.980441799646336], "b7": [0.9899994540578295, 0.9256470906727208, 0.979389171119388], "b8": [0.8585157290196433, 0.9191136666259166, 0.828699699772083], "b9": [0.006546275137254564, 0.9500381862800751, 0.8592176919865249]}