{"b0": [0.09605531001919537, 0.9615515793180478, 0.91686169221812], "b1": [0.1599482400732053, 0.9394429246478149, 0.9815649323625637], "b2": [0.8624675163290183, 0.8997351975163536, 0.9338514004607437], "b3": [0.6468198697884004, 0.9392949957685285, 0.9764060873278118], "b4": [0.9843900415081138, 0.9407245892782906, 0.9119826701665464], "b5": [0.9987982631549889, 0.9396497608885757, 0.8920984779194734], "b6": [0.5779189071736721, 0.9026234448687372, 0.9291143517544032], "b7": [0.8954769538366979, 0.7559415317909238, 0.9922621002014503], "b8": [0.09682302714745852, 0.8571663971074395, 0.9323020403894015], "b9": [0.3466109602185183, 0.9314193498048442, 0.9880211543488713]}