{"b0": [0.8496180241472474, 0.9027302855029689, 0.8448064223374311], "b1": [0.8618161515045473, 0.884659040261632, 0.8013477699440146], "b2": [0.8838951393233115, 0.9702825916120585, 0.887837466906678], "b3": [0.15709249538525405, 0.9142848078367207, 0.8137450456552076], "b4": [0.30763480756876854, 0.9771869672400953, 0.9621644137404993], "b5": [0.9987085399570853, 0.8815427530404092, 0.841762014524556], "b6": [0.07632753899130221, 0.9987070802848035, 0.8218587182810241], "b7": [0.15104504247090542, 0.9486189355607515, 0.894277034322584], "b8": [0.8822444765155032, 0.8713827321549722, 0.87275478216039], "b9": [0.08470241150974533, 0.9402711770167923, 0.9158655390688627]}