{"b0": [0.7675763036345422, 0.8633765923055629, 0.9092233689173503], "b1": [0.16444258180692498, 0.9846119538522257, 0.8065829062257479], "b2": [0.0004931381630832077, 0.9442743273771771, 0.9737735646650075], "b3": [0.34399253934580293, 0.8821212544151308, 0.8854411520805854], "b4": [0.15274631236904163, 0.9688530444211458, 0.9685686183764008], "b5": [0.6340675398613538, 0.9976173378807954, 0.9702293737516239], "b6": [0.7552085429394321, 0.975611325187757, 0.9171795707905622], "b7": [0.3274761374634397, 0.9910078461161586, 0.8732789378050511], "b8": [0.008852477510342967, 0.9954010557064558, 0.8801753472354648], "b9": [0.8857539770801065, 0.9251940772960853, 0.9576125975996876]}