{"b0": [0.003134963820760069, 0.9662544760863273, 0.9818959152690289], "b1": [0.8717516950948712, 0.9218003136305956, 0.9011078508744623], "b2": [0.16758136365820828, 0.8559743853964628, 0.8225054826762986], "b3": [0.29596344510335354, 0.9126005524379933, 0.8894605481715442], "b4": [0.33783523706341595, 0.9797636348786406, 0.9712173817259362], "b5": [0.5717371859341257, 0.969371546168271, 0.8090782781455311], "b6": [0.35406474801643967, 0.91718626840219, 0.8209065488967758], "b7": [0.003177216574416136, 0.8746554193428812, 0.9388723061963937], "b8": [0.7772205621595148, 0.9902580044951523, 0.8939598264087759], "b9": [0.6066573668144948, 0.9710678511787525, 0.9593954629288872]}