{"b0": [0.7543336495524156, 0.8576961613869375, 0.8360698070488957], "b1": [0.6313079733112131, 0.8986868029934911, 0.953642317700654], "b2": [0.7679992544123254, 0.9364181070323966, 0.9359365830443701], "b3": [0.695212415138811, 0.9749109543333384, 0.9716956526446048], "b4": [0.6440771496283092, 0.7666973710200952, 0.8692608989936287], "b5": [0.999379895981191, 0.9921166661347928, 0.9190440065828162], "b6": [0.004489208845879621, 0.9532920636800105, 0.9170264469737732], "b7": [0.8335099739545359, 0.9800841105137325, 0.8970277219791959], "b8": [0.08061759672997332, 0.9524789610938277, 0.9945417561759032], "b9": [0.08966996020130263, 0.9584994691034049, 0.8413870014563901]}