{"b0": [0.1589709622984284, 0.8777371645771072, 0.9591095827652905], "b1": [0.3440110990488307, 0.9373262833520666, 0.8045457300256834], "b2": [0.7874374092762381, 0.8755913645204818, 0.9259605373650409], "b3": [0.3324033207192253, 0.8877783955034545, 0.9962222189263005], "b4": [0.16402369208271889, 0.9131591410160438, 0.9023480059201724], "b5": [0.5394737705280138, 0.8604947930479399, 0.9373120715854136], "b6": [0.9880059333367448, 0.9702408488028843, 0.8003462529053748], "b7": [0.38183745966712246, 0.883615376848578, 0.9026016174448671], "b8": [0.008523814998200091, 0.8770675356491817, 0.9009591419115992], "b9": [0.07465576938685248, 0.8818327499938916, 0.9888990093123067]}