{"b0": [0.9971362294408993, 0.9953023111181812, 0.9433280009262099], "b1": [0.15974849321244092, 0.9464073605016802, 0.9432690600078633], "b2": [0.16689437343783975, 0.8842439604299295, 0.8790535754584543], "b3": [0.6296588541134763, 0.8919789087832679, 0.8124877216487647], "b4": [0.3432048458855401, 0.9818825728840086, 0.9723771490769723], "b5": [0.0067288702257951106, 0.8475682754805648, 0.9821551912427213], "b6": [0.6280329767521584, 0.9579669480186689, 0.8509345853543577], "b7": [0.16005047129263061, 0.794045807212677, 0.9274865564541375], "b8": [0.5796922679353819, 0.8649909048145905, 0.9893195796773621], "b9": [0.6395606863144032, 0.8704348939474076, 0.9391169004892022]}