{"b0": [0.7549590623498197, 0.9296949366341772, 0.957171550137343], "b1": [0.14908783188426156, 0.9420159198758367, 0.8341621186914068], "b2": [0.8944761595758746, 0.9393156631056495, 0.9829080805008366], "b3": [0.6486106261670134, 0.886405592162487, 0.8290967857455585], "b4": [0.8553155537634356, 0.8392647919681002, 0.8622704587834931], "b5": [0.802022774608963, 0.8712185083921128, 0.9388692987192383], "b6": [0.38246875656802976, 0.7967555251850856, 0.8161152090471019], "b7": [0.3329872392015606, 0.880827702091193, 0.8003979442803549], "b8": [0.6131053097191415, 0.8542431523291565, 0.9403929263852326], "b9": [0.07179186757618101, 0.8874491526352677, 0.9795659869359608]}