{"b0": [0.6542712327610386, 0.94112296216118, 0.9260657523631659], "b1": [0.3170512529545419, 0.9939604074503106, 0.9425935521695397], "b2": [0.6127717998095413, 0.9441747070573672, 0.9783732693194146], "b3": [0.5824206064012708, 0.9316518768724628, 0.9766917464335273], "b4": [0.9003455263021901, 0.9612675698633284, 0.8985621221587963], "b5": [0.08597693325452906, 0.9253362053856554, 0.9589434801463399], "b6": [0.024198804693741284, 0.9479223227394334, 0.9470359014569874], "b7": [0.07264745690519772, 0.9687794691851466, 0.8333353273341945], "b8": [0.37185373653984466, 0.899592631377082, 0.9636545731581598], "b9": [0.1692222834325486, 0.9151040804756966, 0.8475162423921868]}