{"b0": [0.1564732954389073, 0.9769979024829338, 0.8502767255233866], "b1": [0.6099645506426348, 0.9524757769116377, 0.8164565201862685], "b2": [0.7266270948251159, 0.951536012536863, 0.9651132901784824], "b3": [0.08115657935483972, 0.8917437296660498, 0.9258277457492629], "b4": [0.3258692153268629, 0.9603368357459315, 0.8578982275626329], "b5": [0.5743670678391857, 0.9072175365383879, 0.9294162927715546], "b6": [0.5843581822829361, 0.8645970068765568, 0.8137472899928554], "b7": [0.08880381441076762, 0.7849681087251286, 0.9815773788598067], "b8": [0.15915887393584907, 0.9528077458619254, 0.9509088533917434], "b9": [0.16800385521258077, 0.9808467921413832, 0.8585307581957059]}