{"b0": [0.3138781803695935, 0.8387592625210235, 0.9780359001954819], "b1": [0.16396599384283742, 0.9902198374783358, 0.9530211971558967], "b2": [0.8358447804585374, 0.9836348707073644, 0.9142683781188461], "b3": [0.1603237881855006, 0.8987086271438978, 0.8470776684152834], "b4": [0.16425115559208617, 0.784044222411054, 0.8823592924589395], "b5": [0.1717556971157519, 0.9909872762003116, 0.8527458400352204], "b6": [0.8614096689161594, 0.9883058617522065, 0.8753826787349684], "b7": [0.17113996812189913, 0.9419800092385384, 0.8467475539094957], "b8": [0.8673595363110982, 0.929230884973599, 0.9165680393083915], "b9": [0.3064311930137703, 0.9590549451856641, 0.8808069916630084]}