{"b0": [0.8697685119841145, 0.887251585305207, 0.9814630301073108], "b1": [0.9810282097925763, 0.996722773509902, 0.8081249726720239], "b2": [0.5303566594534468, 0.901997215419247, 0.8064940365550768], "b3": [0.1588033346644215, 0.9954343441645128, 0.8587884508017487], "b4": [0.15474140459095648, 0.9160372090612059, 0.8054780968394815], "b5": [0.6148549917066426, 0.8693955574646779, 0.9334521953546532], "b6": [0.7598954588964791, 0.9877756324659839, 0.812204202615179], "b7": [0.622007677558544, 0.9669537170587047, 0.8958037176037673], "b8": [0.6019931101226753, 0.9356192264942577, 0.9454582688787593], "b9": [0.649939045803348, 0.9611730419041592, 0.8952500107973933]}