{"b0": [0.3206307747129191, 0.8191228261992316, 0.8721102129895891], "b1": [0.8774015694653667, 0.7734704113818596, 0.8237117815136347], "b2": [0.9760097276960288, 0.9443588055356017, 0.901568134018718], "b3": [0.5918881348524841, 0.9222175609696044, 0.8789913704234732], "b4": [0.595366900797042, 0.9993440895106822, 0.9932257913197367], "b5": [0.5924783088203643, 0.9526539451779711, 0.896608639922683], "b6": [0.6911111050064339, 0.9039165700725946, 0.9010168180063658], "b7": [0.6147740242957, 0.9193747416058053, 0.8262255056493344], "b8": [0.7181582386925754, 0.9344853156846115, 0.9193359387573564], "b9": [0.3466330252140463, 0.9178354445620462, 0.929223641408797]}