{"b0": [0.003251171483767129, 0.9438297567542435, 0.8792251492518368], "b1": [0.9988924780289712, 0.9684793894553763, 0.9607068065300016], "b2": [0.5494165506151882, 0.8100230695922482, 0.8445518932517987], "b3": [0.761662173212584, 0.9935114821692211, 0.8390220072135012], "b4": [0.5750623704962162, 0.8569138815693595, 0.9246671973220778], "b5": [0.16784622398685559, 0.9743010402655888, 0.9831427662894702], "b6": [0.02472567592824992, 0.9609225293202773, 0.8414352973451588], "b7": [0.6070823880448354, 0.9362235016842863, 0.8918730121693734], "b8": [0.14979758731208034, 0.9980376293538841, 0.9363394184867271], "b9": [0.32619445397676294, 0.926737852018111, 0.8472256542336806]}