{"b0": [0.15643395025859322, 0.886793755328962, 0.9116852905833746], "b1": [0.08832207759148365, 0.9078878467126725, 0.8496475949551341], "b2": [0.5863908890292083, 0.9786429144654416, 0.9603388079805356], "b3": [0.5743106988000466, 0.9603002419995715, 0.8678169764588674], "b4": [0.7519996357234645, 0.9224391974984054, 0.965392306959997], "b5": [0.703424211343776, 0.9229333526033653, 0.8578079652200168], "b6": [0.5595713000436705, 0.9895245340200305, 0.9052500014574635], "b7": [0.7713586408488508, 0.9080823450950609, 0.979707261382062], "b8": [0.5886621346296466, 0.9400322061244605, 0.9773309265164254], "b9": [0.6244982073729684, 0.9805499769549642, 0.8829521175669199]}