{"b0": [0.6327839682048101, 0.8733225669835248, 0.8178240192004302], "b1": [0.5811350396086894, 0.8387598224648716, 0.9807613397565987], "b2": [0.9934957930206875, 0.8327790446466372, 0.8479872019512718], "b3": [0.34163215272209313, 0.896297812138755, 0.8949552771179462], "b4": [0.7258798194545518, 0.8988964868147019, 0.8893240435768921], "b5": [0.8635316962395756, 0.9830915999844053, 0.8772127019552977], "b6": [0.34512447567925497, 0.8639285585747726, 0.8563980437204798], "b7": [0.15159728755473872, 0.8707336448645046, 0.9436276234014119], "b8": [0.006232010722474035, 0.9783077180774711, 0.8234807378989636], "b9": [0.6233404464748912, 0.9816663490590146, 0.8017932240869817]}