{"b0": [0.3215937052407994, 0.9972174238674798, 0.9774314333924154], "b1": [0.16172417850021692, 0.9095603090325962, 0.8255467024599622], "b2": [0.1618473846461016, 0.8800131582747241, 0.8653248353314444], "b3": [0.15762964753971737, 0.9333532807814012, 0.8247929046981952], "b4": [0.16775654103188842, 0.9985072323279104, 0.9921755401863492], "b5": [0.8791380539054404, 0.896321343105619, 0.8874171363437449], "b6": [0.8846037421697787, 0.9709120102884051, 0.8060052387616432], "b7": [0.9890289479039405, 0.8012502091113021, 0.9629757799286169], "b8": [0.310940776031182, 0.9603829842627752, 0.840657288043626], "b9": [0.1706320627959454, 0.9578936965564283, 0.9651275835217921]}