{"b0": [0.1592691926157393, 0.9569505146125062, 0.961112812077739], "b1": [0.9164154517729013, 0.9384193043194151, 0.9396250849221075], "b2": [0.1502850283737808, 0.9904698759752222, 0.8074144373818334], "b3": [0.3349235540124749, 0.9249178695570325, 0.8127679222118325], "b4": [0.8720671018500742, 0.9606486318029137, 0.8860603148529513], "b5": [0.33676728582175214, 0.9482808915308462, 0.9906863447515256], "b6": [0.835461157806914, 0.8151221813609097, 0.8656866724820986], "b7": [0.3108488789720097, 0.862685868561722, 0.8482724126368371], "b8": [0.16439068617825542, 0.97379935881383, 0.9008687160014136], "b9": [0.1656376941910981, 0.9158557124612368, 0.8795364489783378]}