{"b0": [0.8356352402536392, 0.9819702438428525, 0.9431194407243823], "b1": [0.862592116066121, 0.9184203112206495, 0.9466785089822628], "b2": [0.15611496896276109, 0.9429361918085968, 0.8090540930707851], "b3": [0.17572159318264183, 0.9930282377037734, 0.8742014725521166], "b4": [0.15811684355367095, 0.8254345584304298, 0.867883711336532], "b5": [0.32886505537915944, 0.9386132831755117, 0.8228509833895873], "b6": [0.16196624933773351, 0.8694665391313096, 0.9532596336773678], "b7": [0.8953710642773056, 0.9085018935537916, 0.8930112624963712], "b8": [0.306481960540429, 0.8697205243455108, 0.8681842924307166], "b9": [0.9119178603501613, 0.9429537977257929, 0.8342377196186049]}