{"b0": [0.15320807428037397, 0.9391498835293933, 0.9988562891287127], "b1": [0.15733362127843362, 0.9533185109302444, 0.973199078649689], "b2": [0.6749765959124899, 0.8910263939921734, 0.9219877085952786], "b3": [0.8956124015054754, 0.933192938557856, 0.8413683127767968], "b4": [0.8367225852751317, 0.9613612371644612, 0.8383328297283522], "b5": [0.3352715243681918, 0.9710806498130065, 0.8223100530698122], "b6": [0.8561089362269699, 0.913580741046883, 0.9164803023767094], "b7": [0.1577044316606412, 0.9555043061443061, 0.9356502681955731], "b8": [0.3115922290881789, 0.8693148262324693, 0.9721835944018593], "b9": [0.1656739163484475, 0.9232495475742349, 0.8247845581601514]}