{"b0": [0.9875575619953851, 0.8589093268060682, 0.8348561996034095], "b1": [0.9019613170144146, 0.9418903454288905, 0.8974346551909131], "b2": [0.3379310193245233, 0.9042594835348398, 0.8142305560845624], "b3": [0.5238812227305207, 0.9898794898596316, 0.8650006622195147], "b4": [0.8766795763134323, 0.933739514313814, 0.9662934129645874], "b5": [0.07173322413517279, 0.9780380172435474, 0.8628842873165355], "b6": [0.3636129192697844, 0.9531116220424011, 0.9268933533955875], "b7": [0.78776117444167, 0.948217221434999, 0.9319093978051963], "b8": [0.3137415121840781, 0.9087902609506123, 0.810904962417512], "b9": [0.16376027333187257, 0.9924066433435118, 0.876938374735933]}