{"b0": [0.35504697337256497, 0.9729097477938677, 0.9752999103825186], "b1": [0.013525175160543761, 0.8321982431680033, 0.8743048438139488], "b2": [0.7497508476987208, 0.974137568567671, 0.8310029888858286], "b3": [0.09627469418303188, 0.9557280727432296, 0.8027114648502902], "b4": [0.17005958027391685, 0.9465280882521254, 0.9412017372876601], "b5": [0.3428076142214173, 0.9454228700115607, 0.806224084155064], "b6": [0.8694678997070224, 0.9449724814083525, 0.931881745026856], "b7": [0.32472547122107914, 0.8055213658600552, 0.984987969693108], "b8": [0.6193550802082101, 0.8545309916524111, 0.9615694551071934], "b9": [0.09212760480425022, 0.933850140895563, 0.9865116237399689]}