{"b0": [0.7807185529840069, 0.8845918440830416, 0.9103928524339449], "b1": [0.9058518817423966, 0.9295091283249066, 0.8705191722931808], "b2": [0.3449088009229688, 0.9147505621105592, 0.9685873093386896], "b3": [0.9971185331909286, 0.949349050941307, 0.9194115847508044], "b4": [0.15737108518577847, 0.915103100394864, 0.8725656852635203], "b5": [0.07064143670678534, 0.9716480209934101, 0.9714273280660799], "b6": [0.7503665290696493, 0.9808055873655516, 0.8723550954869781], "b7": [0.8555148964600469, 0.9762468740448069, 0.9201893086217781], "b8": [0.744375626075049, 0.9372802664864603, 0.8045052321589725], "b9": [0.08405767403986733, 0.8842049341381556, 0.8551689872842373]}