{"b0": [0.16465211919910847, 0.9495287286978144, 0.9376234885156154], "b1": [0.592718581778999, 0.9080081007689808, 0.984069500590975], "b2": [0.37148776221196017, 0.8875068862686893, 0.944159554254227], "b3": [0.5965048469110495, 0.8646676625709424, 0.8291553336582581], "b4": [0.9913359176869401, 0.9216996647691849, 0.8782437833689072], "b5": [0.5512054030902785, 0.9327129145437333, 0.8576178061409152], "b6": [0.31688722287557897, 0.8968910936118119, 0.9676095294942448], "b7": [0.014533341796019021, 0.9229078644507972, 0.813674744752353], "b8": [0.7582175640390939, 0.8001002258364567, 0.9993471867309937], "b9": [0.8874767023248292, 0.9361861792754251, 0.9680617294724927]}