{"b0": [0.10057312068117193, 0.9614065245304775, 0.900643655967272], "b1": [0.3947212402126473, 0.9741036510577912, 0.9535570641183904], "b2": [0.8698727744829979, 0.8892360035180338, 0.8535554913535688], "b3": [0.1684639452020792, 0.9643950270764583, 0.8085693968408407], "b4": [0.09942119896321383, 0.9315335205239825, 0.946125910121629], "b5": [0.0924448180728231, 0.9311916052379271, 0.9953991466338131], "b6": [0.0770229098991435, 0.948800903820026, 0.9168591542185663], "b7": [0.30560044333914826, 0.866298105134124, 0.9833792186824911], "b8": [0.08251983767496485, 0.9478600033908227, 0.9658805436367599], "b9": [0.16321855121296253, 0.8940173863426856, 0.9436268477977521]}