{"b0": [0.8872518642841298, 0.8279413745909978, 0.8497297788976664], "b1": [0.0013343798743257083, 0.9816473703577722, 0.9719281694042727], "b2": [0.9925143631043438, 0.9876175390542905, 0.9784506053470295], "b3": [0.9972328173923083, 0.9450066251922692, 0.9092907090308576], "b4": [0.1614127510853252, 0.9105022479435871, 0.8508766897192267], "b5": [0.022944441008533715, 0.862590266119483, 0.9371069165026743], "b6": [0.8373720422249226, 0.9998532460829523, 0.9384848046104841], "b7": [0.16578725165604388, 0.8647998070208206, 0.8665513659859013], "b8": [0.7461248198561566, 0.823236843405588, 0.9215953281131081], "b9": [0.003840390641641231, 0.8675025844073438, 0.9675984447241786]}