{"b0": [0.9144404518253598, 0.9324102176041155, 0.8830185218458679], "b1": [0.0030719182766841165, 0.9033714549353004, 0.8991023429179289], "b2": [0.1626244334546979, 0.9030241623155816, 0.9022949271743517], "b3": [0.9630326593750855, 0.9252322263433769, 0.9710876939109759], "b4": [0.15514292301578772, 0.9662013428555519, 0.9461684316183715], "b5": [0.9978868435283118, 0.9904767859879381, 0.9672659237939576], "b6": [0.161671352252606, 0.9975743608997523, 0.884942459682692], "b7": [0.8679079555837749, 0.8362200354896936, 0.9773195012749311], "b8": [0.318539932491261, 0.9391425446142311, 0.9298086852168359], "b9": [0.3406096406981974, 0.917983073203065, 0.9928805677431458]}