{"b0": [0.05867896107042191, 0.909741780686482, 0.8563015138491097], "b1": [0.1629612710848143, 0.9987057638507438, 0.9102997681113588], "b2": [0.9803006842519966, 0.8975579157282272, 0.9560704631754257], "b3": [0.974761318717221, 0.9345638923283174, 0.81727541576566], "b4": [0.005781667580803944, 0.9661151152020486, 0.8485342631812596], "b5": [0.9816957522081572, 0.98922046589143, 0.9570774943574191], "b6": [0.9187752712813888, 0.9706645681107279, 0.8968850815867397], "b7": [0.8542312819158231, 0.9740108296803259, 0.9325428618656642], "b8": [0.8864979268859662, 0.8115342843767448, 0.9341208406631617], "b9": [0.7327282587416194, 0.8950888115387126, 0.9448361114790815]}