{"b0": [0.9904031708941184, 0.8922299688281526, 0.8050881793825565], "b1": [0.8557097675050553, 0.8872417936422642, 0.9222481890666816], "b2": [0.8851749851048016, 0.9095212239558248, 0.8008274904697668], "b3": [0.1635928607330201, 0.9738079375548722, 0.9931647943593177], "b4": [0.9722984932112589, 0.8886184112951476, 0.9601965315833376], "b5": [0.719928362896177, 0.9776218191435992, 0.8843120030315248], "b6": [0.9961445552037766, 0.9851530465826214, 0.9155025620385338], "b7": [0.1665225287802101, 0.9915081402171039, 0.9795490617953563], "b8": [0.8724965728225907, 0.9429190886765478, 0.8318699501267888], "b9": [0.98709419003417, 0.8466206511303355, 0.8167235789234313]}