{"b0": [0.01208901291413304, 0.8626873468219657, 0.8618638880418651], "b1": [0.0010199118263784972, 0.8695808604367141, 0.9261582595794987], "b2": [0.8720351995793745, 0.9538556179143327, 0.9407867639788016], "b3": [0.009711813428773908, 0.9465202220409543, 0.8307088338710367], "b4": [0.07563553806616888, 0.8342078890906311, 0.982023272612011], "b5": [0.8742549504489431, 0.9361883662473565, 0.9681174528078254], "b6": [0.9855401763568259, 0.966515300148798, 0.9535231143786055], "b7": [0.15176569210831228, 0.8468157695039296, 0.9022066014209708], "b8": [0.8933485846846364, 0.9864405887029364, 0.9980821642432047], "b9": [0.02084019080162997, 0.8562774814543499, 0.803966516873204]}