{"b0": [0.1052854207285721, 0.9483539107930505, 0.9723443101931476], "b1": [0.7190211005215129, 0.9836665410514803, 0.9555422776879232], "b2": [0.16034914924481275, 0.8831839524245422, 0.8290847727218131], "b3": [0.9970262102404402, 0.8330700336595116, 0.8915458978327409], "b4": [0.8720526488766107, 0.9200195918404386, 0.8627155044337712], "b5": [0.15409609238014776, 0.959580715482633, 0.9453169532754504], "b6": [0.8818974120394533, 0.9533303274271461, 0.9137290970549897], "b7": [0.018053571440816766, 0.9327108639175685, 0.959152916883321], "b8": [0.022608744799931437, 0.9987368713003285, 0.9055623010013683], "b9": [0.021249339932883086, 0.9125170037535334, 0.8495917584328673]}