{"b0": [0.06486089363816286, 0.9109795330261226, 0.8690114076544074], "b1": [0.32986371817547516, 0.9471952410387514, 0.9563259151538698], "b2": [0.8627297597303213, 0.7935054110781452, 0.9115583688803275], "b3": [0.7375362326862032, 0.8984961860521044, 0.8253145273693103], "b4": [0.9003469762382242, 0.8624136963792166, 0.864512948357476], "b5": [0.588064547603437, 0.7906731750135646, 0.9322237692150488], "b6": [0.8395899820857591, 0.9637810648065488, 0.8974869278036818], "b7": [0.7974086903785235, 0.9456334510024085, 0.8842038853473833], "b8": [0.018699977407591425, 0.9867559921940158, 0.9763394680089], "b9": [0.09131169483623308, 0.9321026379580758, 0.8233986491225506]}