{"b0": [0.833273247637976, 0.9061898849328665, 0.972668072286962], "b1": [0.8540238206704335, 0.9846579386770926, 0.9287733432493788], "b2": [0.10256970095896221, 0.9388041120605928, 0.9378696448292848], "b3": [0.5795085175094445, 0.9966994912541651, 0.9102570370848972], "b4": [0.7856912876469643, 0.9317587464323012, 0.9906908838623224], "b5": [0.16742829447078805, 0.9191481992886302, 0.8195367278925688], "b6": [0.737589405542212, 0.8563441375852082, 0.8532663934250075], "b7": [0.32624255876055847, 0.8150557626211685, 0.8538093682408519], "b8": [0.16933698905461075, 0.9781916035623113, 0.9080025878555148], "b9": [0.8819070461111973, 0.9857971476984853, 0.8936266233683179]}