{"b0": [0.9000600954157219, 0.9584740339964308, 0.9409179489631712], "b1": [0.36712645012928447, 0.9840017996638442, 0.9526353491617998], "b2": [0.6241131231461273, 0.9818533550124178, 0.887972389505494], "b3": [0.06258591723523178, 0.9754557442262458, 0.8100757224261398], "b4": [0.361042852096722, 0.9351413399541052, 0.8520402567967928], "b5": [0.5885708487721316, 0.8900992149413655, 0.8024793695411018], "b6": [0.7339947247909605, 0.9159736057565891, 0.9431461539374477], "b7": [0.8741275143769439, 0.9576410874925542, 0.8481583606175286], "b8": [0.6930535910978289, 0.8771501565243609, 0.8014732016495065], "b9": [0.16874968504457974, 0.9051433753316008, 0.9583216237121863]}