{"b0": [0.8981206620479962, 0.9493205540036953, 0.9262067740986535], "b1": [0.9879186539793515, 0.9431477522715593, 0.9869203406289351], "b2": [0.09987891141251104, 0.9750427144329663, 0.921967506768418], "b3": [0.08112387212013748, 0.8749730479454199, 0.9665723345017858], "b4": [0.756614992944439, 0.7111510381573407, 0.8647282865633388], "b5": [0.6237541384454612, 0.9901807577811939, 0.848593722912849], "b6": [0.10009952660468263, 0.9345807488843572, 0.9535079741165035], "b7": [0.16013819928132197, 0.9407744825565385, 0.913960570653007], "b8": [0.7484643208274129, 0.9954688514582337, 0.8292571347195704], "b9": [0.08971845651613104, 0.8148371932636641, 0.8045975372048945]}