{"b0": [0.7860327708107667, 0.8529428599504897, 0.9833298245889454], "b1": [0.08316796459134994, 0.9237488244305564, 0.8305026759373798], "b2": [0.7050658507369265, 0.980494857432607, 0.9106818086566224], "b3": [0.7362817914176278, 0.7956256788623876, 0.9393201364105547], "b4": [0.6001779942077263, 0.973488402543144, 0.9362842726637315], "b5": [0.7694115569192301, 0.997215601675409, 0.9427332231465745], "b6": [0.0865257488093737, 0.9359965541478329, 0.835498031975172], "b7": [0.7515113424821394, 0.9004076984221976, 0.8908981810939496], "b8": [0.7019071114190474, 0.9679799446468081, 0.893510389776327], "b9": [0.09048046543178731, 0.9764410531086242, 0.9462237307956436]}