{"b0": [0.7428867836593027, 0.9862040454845826, 0.8605206521389855], "b1": [0.056792870619008874, 0.8609741745293705, 0.8110827451936987], "b2": [0.3392891622854179, 0.8856903294384643, 0.929557445492297], "b3": [0.0667975429019226, 0.8881172661025585, 0.9142406911796805], "b4": [0.09001884288486123, 0.8726983931346602, 0.8527597760472412], "b5": [0.7612216451731638, 0.9790628721288015, 0.8269963630540093], "b6": [0.7562193969649995, 0.9274639823214161, 0.9518416262051779], "b7": [0.7892665459197465, 0.9708794572894981, 0.9484802567837807], "b8": [0.9957611238888586, 0.8933226221846315, 0.9235072866194356], "b9": [0.15929328102344628, 0.9495865148373914, 0.9179986604879744]}