{"b0": [0.8869333830898285, 0.9923823172931499, 0.9702227434747815], "b1": [0.17071253512158804, 0.9937515002534211, 0.8007263457732989], "b2": [0.7303958450118837, 0.8168842912875331, 0.8675018583843669], "b3": [0.6663833615561562, 0.9700321572168911, 0.8201057740451967], "b4": [0.3326919607111964, 0.9001949949383764, 0.9917355872665357], "b5": [0.72415278824338, 0.9600288913664778, 0.853891297420185], "b6": [0.9871055285074621, 0.9257865609323095, 0.8139948669636411], "b7": [0.08790357303292641, 0.8635141052122236, 0.8121694810314866], "b8": [0.33696795878936764, 0.992207428029605, 0.8776059125461237], "b9": [0.12646868971276906, 0.9150731068972866, 0.9753467121360315]}