{"b0": [0.06584299491902525, 0.9810640201290566, 0.8208998291324835], "b1": [0.3604267315139241, 0.8815129983900368, 0.8626397529127828], "b2": [0.7492681069705351, 0.8793425130850089, 0.835146539565454], "b3": [0.07072352226894392, 0.9621443161524943, 0.9658882499411354], "b4": [0.3224109775148512, 0.9979410584031408, 0.8237301882565475], "b5": [0.1707024983690133, 0.9218648385154612, 0.9854544210485726], "b6": [0.08953080648421098, 0.9636912371356112, 0.9657108879234131], "b7": [0.7224347375423124, 0.9376363699591134, 0.9550861305328191], "b8": [0.15532157080658263, 0.9885466678325288, 0.8418863044245637], "b9": [0.09907954878734254, 0.9507280380615526, 0.8422548749986595]}