{"b0": [0.8915620164702905, 0.8972955590060268, 0.8860964042248068], "b1": [0.1583720989284194, 0.9003073691704659, 0.9083308226546037], "b2": [0.9921382461267079, 0.8858670397706763, 0.9839136731891626], "b3": [0.9179062624031762, 0.9392277370648451, 0.8904105493391873], "b4": [0.1663578012444344, 0.926863673919316, 0.8604075336271313], "b5": [0.9884575369912741, 0.8702760613919736, 0.8242533257839126], "b6": [0.16684851312145116, 0.9119571506070331, 0.9620362289136095], "b7": [0.8650878251658007, 0.9075883198994482, 0.9176281055190588], "b8": [0.8866991690193522, 0.981132428552061, 0.8841710533694338], "b9": [0.059855725076555365, 0.9661763191261826, 0.8114234458842824]}