{"b0": [0.15413970874066557, 0.8990300124421772, 0.8426535273522961], "b1": [0.15958561113779235, 0.9128771955450474, 0.8071272275989202], "b2": [0.848763917787834, 0.9791791767137319, 0.9398722133736915], "b3": [0.16779051963486957, 0.9533610032675051, 0.9080270669613932], "b4": [0.16878251320751197, 0.8695217164451836, 0.9001364144837508], "b5": [0.16256625106583134, 0.9982391906049748, 0.9778902763663534], "b6": [0.8542251960497553, 0.8823064959945079, 0.8732432300127337], "b7": [0.8830671660691017, 0.9273161989312022, 0.9618937998360662], "b8": [0.16494613978913406, 0.9015565914313224, 0.8789116115875821], "b9": [0.8886298184503864, 0.9536231014808654, 0.8281922294468768]}