{"b0": [0.8504808007276601, 0.9860590064630266, 0.975968628675356], "b1": [0.8973848465446396, 0.9126163334717861, 0.8153238788386739], "b2": [0.16490556504503406, 0.9555072243638265, 0.8976475787092602], "b3": [0.8756875976847411, 0.9329078501528356, 0.9586185276050178], "b4": [0.08983402029065564, 0.8760348678949612, 0.9650596792714183], "b5": [0.8955255483266689, 0.8092028435696211, 0.9282572752464514], "b6": [0.16772350763335694, 0.8585855319943971, 0.9159881909454394], "b7": [0.15273739999429994, 0.8619154396743511, 0.9291668252449311], "b8": [0.8960472760642721, 0.7616174942371036, 0.9919940407718079], "b9": [0.8459255067893188, 0.9728662273623013, 0.8144583503902905]}