{"b0": [0.08910570969588631, 0.9552473441801407, 0.9685236241689468], "b1": [0.16180354044847417, 0.8155896795357439, 0.9940500715569823], "b2": [0.08395249562193673, 0.764942731307177, 0.8305203186910629], "b3": [0.027723878570563017, 0.7455797459123018, 0.8703087975352033], "b4": [0.7690672991549563, 0.9940537437565935, 0.9828779134035872], "b5": [0.7268496180064337, 0.7337781264105956, 0.8627638156879093], "b6": [0.09142002529780538, 0.881056987086244, 0.8158572277651663], "b7": [0.7601772391545281, 0.8474485524379446, 0.9784273406893491], "b8": [0.7792713003773335, 0.8790208260486648, 0.9255620486597625], "b9": [0.7386262784398911, 0.9989369981441611, 0.9087973404548181]}