{"b0": [0.1593155494898269, 0.9122983327663722, 0.8423956910385136], "b1": [0.07814636253656175, 0.9578962611590482, 0.8822498697565812], "b2": [0.9995396726927374, 0.8909441416633496, 0.9081878838365383], "b3": [0.7373544611564704, 0.9016759066409726, 0.8864252524483958], "b4": [0.7289404659562508, 0.9516646669849262, 0.8333390888555914], "b5": [0.1557934661240461, 0.9951204096007891, 0.8844417881224119], "b6": [0.782734640664965, 0.9895069540202931, 0.9621576895372437], "b7": [0.7952150228248063, 0.9701382566575063, 0.8272573320203946], "b8": [0.6809476518286246, 0.8123440633423431, 0.944552404221072], "b9": [0.15716873878944257, 0.9262961590732843, 0.8421477591067615]}