{"b0": [0.08494760500727877, 0.921751087709995, 0.9426685317598346], "b1": [0.7511021199884024, 0.9607046321570449, 0.8608478492779693], "b2": [0.7379019613069475, 0.9453816387829538, 0.9637804855212906], "b3": [0.07449335751499002, 0.8202282995922886, 0.810414735191035], "b4": [0.7857897990947894, 0.9983513853515776, 0.8081526126768941], "b5": [0.7434021302909117, 0.9812079916686052, 0.9631478328807845], "b6": [0.8896688699746604, 0.9910694335096547, 0.9174052955605234], "b7": [0.32091691942851364, 0.9977302859177908, 0.9924649120072623], "b8": [0.7933082568098483, 0.9521288223587547, 0.9216995557409008], "b9": [0.738528730803954, 0.9078781757758054, 0.9364777998211057]}