{"b0": [0.7675909800035646, 0.8940642239700931, 0.999277872080271], "b1": [0.1600426998963088, 0.8901120701300692, 0.8842713038530512], "b2": [0.10801896185054204, 0.8980439802456378, 0.9760662153496698], "b3": [0.6850884183124305, 0.8997171898787519, 0.898736905561092], "b4": [0.5916584939442926, 0.9212360751251683, 0.8870357990012707], "b5": [0.7550557017964382, 0.9924946138107674, 0.9214213088725007], "b6": [0.07643607741997487, 0.9710387803829404, 0.9836527070602366], "b7": [0.726832682526519, 0.9915301988509778, 0.8064070317604444], "b8": [0.08590406142383163, 0.8715601897265028, 0.8385401722836495], "b9": [0.7644571127473931, 0.8508673271437017, 0.8731976095873487]}