{"b0": [0.7305641645447483, 0.9783655859309804, 0.8549848577355939], "b1": [0.1574501743494702, 0.9732971715318726, 0.9608140825940106], "b2": [0.764702465035166, 0.9819361021951398, 0.9465137025753865], "b3": [0.1556398446496862, 0.9817144167949051, 0.9814848898209958], "b4": [0.7722899565460761, 0.9660578899181843, 0.8643524989853811], "b5": [0.35983407784871685, 0.9036258170181547, 0.81655914322297], "b6": [0.7361506467130468, 0.987220229093229, 0.9346531082327708], "b7": [0.767829543890863, 0.9581311754749976, 0.8233938223687389], "b8": [0.16390861483152588, 0.9740242259609887, 0.986700658723628], "b9": [0.756815619590863, 0.9517232315954637, 0.9449417150654136]}