{"b0": [0.758649712492294, 0.9778988412463601, 0.9082012924475399], "b1": [0.7249918573367172, 0.8331560287346075, 0.8718595301985647], "b2": [0.9951660107850535, 0.9475339552148405, 0.8454692492098436], "b3": [0.7398441140894579, 0.9895132434251677, 0.8214087259865098], "b4": [0.013119643571279127, 0.9808736509262296, 0.8133381450305877], "b5": [0.7751370617997158, 0.952842399720652, 0.9396033148770119], "b6": [0.735223130602341, 0.9861167642409088, 0.8302484355838877], "b7": [0.7661714650042697, 0.9449147126365304, 0.8794117506054542], "b8": [0.586826504915701, 0.9472715551628265, 0.8649030637296289], "b9": [0.16067489296234805, 0.8917283190207342, 0.924422203529618]}