{"b0": [0.17190342530386674, 0.9234049075443174, 0.8379504558155506], "b1": [0.8638933349387595, 0.9274626611844756, 0.9634967695452729], "b2": [0.9164730718378064, 0.9451633860021273, 0.9512726560880744], "b3": [0.57773597603358, 0.8096643131879062, 0.8084010404130525], "b4": [0.6414822400527856, 0.8938227334054585, 0.8572601456988745], "b5": [0.15948682042189444, 0.9700134278096485, 0.9006193843844562], "b6": [0.15836054076392783, 0.9268795050961265, 0.8698886519549098], "b7": [0.16409155411005, 0.8297402469795346, 0.8394461961541666], "b8": [0.6319345552757406, 0.9818948997122097, 0.9718072454973908], "b9": [0.16464463300526752, 0.8731559694443, 0.9033506733130484]}