{"b0": [0.7506516980302846, 0.9831908663479121, 0.861748656754396], "b1": [0.16076847797374894, 0.9464765394159866, 0.9011364925900037], "b2": [0.9829287771227198, 0.9382844529791283, 0.8367346849083074], "b3": [0.7161442629129066, 0.8899753419236489, 0.8089398463843746], "b4": [0.16626246208892012, 0.958980973966955, 0.8384306892127195], "b5": [0.7053270658087781, 0.9319975472115851, 0.849976422420265], "b6": [0.6521560673533396, 0.8910422626072875, 0.9881234388689208], "b7": [0.1671146039199024, 0.9291584637493807, 0.8770146914180049], "b8": [0.5728866538533743, 0.9867512572860236, 0.8476868736521653], "b9": [0.6442018930641394, 0.7687552811261823, 0.894040354773386]}