{"b0": [0.995791512737663, 0.9669482269428292, 0.9602532632965102], "b1": [0.10029268957526769, 0.9715365007706873, 0.9479868833510969], "b2": [0.614410884696301, 0.883977547373881, 0.8043712830271307], "b3": [0.16683874665219062, 0.8253435417598157, 0.9729704957047633], "b4": [0.1597504266787042, 0.7357626912265027, 0.8120532792537227], "b5": [0.0006653005723843914, 0.9821183760366465, 0.9552342771419893], "b6": [0.1619932524340053, 0.7391648866380425, 0.8918439699596492], "b7": [0.1616064062230652, 0.9857715535143596, 0.9438489449065933], "b8": [0.16270734660175656, 0.9327614555841534, 0.87915549989873], "b9": [0.7514803782594695, 0.9234136723001929, 0.980207340320091]}