{"b0": [0.16406156123487975, 0.760389095306856, 0.8031596465535139], "b1": [0.15544874189988211, 0.8778805667226286, 0.9776342561865919], "b2": [0.16389325486750753, 0.7352002366858958, 0.8383650980976405], "b3": [0.3220449520274267, 0.9637116884719397, 0.9835223477064511], "b4": [0.01080837699314422, 0.9603532023916027, 0.9635959258756318], "b5": [0.5341262792400417, 0.8884510973845992, 0.8800049361220181], "b6": [0.7611296130923779, 0.9662981309166055, 0.9114781548219993], "b7": [0.5982442539917041, 0.960551148888391, 0.8145704432702918], "b8": [0.1643979775423488, 0.7617532531176898, 0.8537137387294221], "b9": [0.15525664549650722, 0.9430671391402125, 0.8571041650791041]}