{"b0": [0.16050264162245056, 0.9494499578728337, 0.9626004565868377], "b1": [0.9919031750335993, 0.9510654550334817, 0.8033099020851213], "b2": [0.09153007518815459, 0.9265172178761202, 0.808183250239296], "b3": [0.1692207146692556, 0.97225266339461, 0.9614133534115816], "b4": [0.7730241366918459, 0.877643821377886, 0.8482590636551897], "b5": [0.05526996433430249, 0.9879799080278009, 0.9454205465629367], "b6": [0.16126184400819138, 0.9418734075091458, 0.8889030263984659], "b7": [0.15374012296267117, 0.962836665313064, 0.9311399836932435], "b8": [0.3752195745761584, 0.8214282910112217, 0.9511570502982147], "b9": [0.8205763616826662, 0.9475722900286204, 0.8806910238932513]}