{"b0": [0.5930463766784914, 0.8108008299161424, 0.9601385376597841], "b1": [0.7603160418436833, 0.9662718598923422, 0.9499971990318424], "b2": [0.33075292974188086, 0.9031212173116304, 0.868728413831468], "b3": [0.34041539433265094, 0.8786457150690501, 0.9063145871114697], "b4": [0.3625084643536802, 0.9400371040594951, 0.8926621817257974], "b5": [0.0038804084635650467, 0.9386608705985552, 0.8257062355309168], "b6": [0.6013662790454759, 0.9449564970243979, 0.9754699669642443], "b7": [0.8918760718235182, 0.8822859344944662, 0.9020337703538506], "b8": [0.1678237051656261, 0.9278799782989745, 0.9929200417438955], "b9": [0.35838812492775723, 0.8777342821455627, 0.9228260629134007]}