{"b0": [0.07055656704496772, 0.9880507556581855, 0.8207305664909638], "b1": [0.8785041618166303, 0.9473038051734619, 0.918443908232562], "b2": [0.7505884232569138, 0.8548656104745391, 0.8150519173837147], "b3": [0.9035142704238416, 0.9495578793191407, 0.9404963498638864], "b4": [0.3274864046035827, 0.9923812190192453, 0.8442245072667295], "b5": [0.3251835769805452, 0.8263194796764192, 0.9262634764790385], "b6": [0.16198746963276783, 0.9810693776604495, 0.9670045631354479], "b7": [0.9749204886771193, 0.8336784947775971, 0.9759696876007031], "b8": [0.16127111584975243, 0.9155928499451619, 0.8912762043837481], "b9": [0.05509481080287539, 0.9325973690747545, 0.902158861633371]}