{"b0": [0.16380887440335531, 0.9273767359959124, 0.8734345019723071], "b1": [0.30500999548659224, 0.987354302359537, 0.9232003407920861], "b2": [0.06070868712541784, 0.9022454850832021, 0.9445695561865587], "b3": [0.8732490303594915, 0.9361592854333313, 0.882843030825021], "b4": [0.004836130988432268, 0.8515619618806906, 0.8200167169751915], "b5": [0.3261052116346032, 0.8611230169043482, 0.9584355651704836], "b6": [0.6251286926778252, 0.9829445551303564, 0.9869107580608915], "b7": [0.8971337630539101, 0.9973362072858117, 0.8373466386392212], "b8": [0.7544065687924243, 0.8383054944614969, 0.8473965475765497], "b9": [0.9889393251393654, 0.9428875261636628, 0.9366610489914555]}