{"b0": [0.022706075208798433, 0.9619786907120161, 0.8896860785646757], "b1": [0.016349950782524332, 0.8908696670453289, 0.836801288540969], "b2": [0.16346372090254238, 0.9710459091823622, 0.8001227307894189], "b3": [0.31794277935862747, 0.9210030446653056, 0.9078148673390877], "b4": [0.07101418906304914, 0.9771627299836826, 0.90407723324304], "b5": [0.7972929417987892, 0.9815334897583071, 0.8823306755476895], "b6": [0.15543196634393217, 0.9913214318300241, 0.9481021668771489], "b7": [0.6954692493710326, 0.9273840167416406, 0.9757683502752101], "b8": [0.8578472057631956, 0.9086551328160278, 0.8241905753909623], "b9": [0.08098237674740405, 0.9615345480518452, 0.9339525034652262]}