{"b0": [0.9980494505781242, 0.8903560866020302, 0.9626751014328567], "b1": [0.9061219010722142, 0.9019445191842625, 0.8043431375428111], "b2": [0.9017341081405958, 0.9056167652383184, 0.9261369181296528], "b3": [0.0028381517566829343, 0.9385061285900632, 0.9054493220546237], "b4": [0.5964751728406705, 0.9852769461984283, 0.8551365973350937], "b5": [0.0698968520500288, 0.8374773538191548, 0.914974664687382], "b6": [0.9065637515984519, 0.9184280122950556, 0.9652666357894703], "b7": [0.33739354234537106, 0.9527197106960195, 0.9964928959387167], "b8": [0.782201727094298, 0.7832706813060152, 0.8924249165005282], "b9": [0.3325359774454792, 0.7738669008278819, 0.9281565716542111]}