{"b0": [0.8642976691945234, 0.9038235103658973, 0.8688698057124574], "b1": [0.3381341440333705, 0.9898297659699646, 0.8819265620065505], "b2": [0.819139271083655, 0.9450620984965699, 0.859796300149596], "b3": [0.1603890530808971, 0.8977061935517844, 0.869426168012047], "b4": [0.1559284443629543, 0.9128528350126152, 0.9366755966762053], "b5": [0.9960006314212818, 0.9897677170168074, 0.897661839881829], "b6": [0.3601836357572894, 0.8647171306806319, 0.8605832716953428], "b7": [0.16938050660798157, 0.9286366346698804, 0.8012008652428705], "b8": [0.6631043095010747, 0.8478290037689372, 0.8149317172169376], "b9": [0.08001586618353076, 0.8655627697090041, 0.9605009276143212]}