{"b0": [0.15953098737995902, 0.9061483063929093, 0.8497624460742421], "b1": [0.9654310376543493, 0.9871664400511313, 0.9442596385521261], "b2": [0.6157130313642846, 0.9852960186625178, 0.9917774180940749], "b3": [0.765442890829945, 0.8906882939959938, 0.9378070512311594], "b4": [0.09771473056907512, 0.9036202828572203, 0.8510737940289264], "b5": [0.010184990467602694, 0.86585178737651, 0.8114470862911864], "b6": [0.06959488613485347, 0.9512429139207843, 0.9806961425950607], "b7": [0.00017765904692055304, 0.9372824364603188, 0.9278539521021321], "b8": [0.9939203391466981, 0.8920711919222404, 0.9839686735908916], "b9": [0.8996055588733064, 0.8769521685389198, 0.8130869140262057]}