{"b0": [0.8647608846536825, 0.8976613422265323, 0.9183243467526246], "b1": [0.16298026200854238, 0.9066527183277774, 0.9180733943550592], "b2": [0.8776705724349775, 0.9141286756165081, 0.94401405397117], "b3": [0.34872999240472274, 0.9017802045170837, 0.8268018255677848], "b4": [0.020843737726196125, 0.9814363287090556, 0.9372934676985034], "b5": [0.15261751057832784, 0.8617697435936279, 0.8816155187230942], "b6": [0.15879912266311588, 0.8664378793244526, 0.9926651267391382], "b7": [0.8646161534964161, 0.91372616029943, 0.8370418895801867], "b8": [0.7350541780121447, 0.998016316674195, 0.9583140863137066], "b9": [0.340802128899223, 0.9277323061179746, 0.912508877531158]}