{"b0": [0.35309443534427265, 0.9442324592865886, 0.8463299111199083], "b1": [0.7268495102857567, 0.9586053721553397, 0.919895777075013], "b2": [0.15676751992509624, 0.8905868389376096, 0.906719212471654], "b3": [0.1578380574268448, 0.9274780959994768, 0.9479023564137583], "b4": [0.9022864642187072, 0.9677243775053739, 0.9861093082641597], "b5": [0.9169037041272863, 0.9638381035595021, 0.8534971590127473], "b6": [0.8711458319945931, 0.912501432254607, 0.9839292972117752], "b7": [0.16436352057377893, 0.9295860281862766, 0.9870267873048156], "b8": [0.8612340975478204, 0.847693861879771, 0.8376890641366401], "b9": [0.16020149313657472, 0.9875715188822692, 0.8645576005306226]}