{"b0": [0.15502895143773635, 0.9029309561969053, 0.9975548583184448], "b1": [0.296023793504983, 0.9451212278933095, 0.8200666908569408], "b2": [0.8542584329888656, 0.8812228969777638, 0.9734310195209542], "b3": [0.29647253079718827, 0.9841558513440636, 0.8076484737573968], "b4": [0.16094556315832423, 0.9996751137593342, 0.8219399072160186], "b5": [0.16018375690797357, 0.943064436820026, 0.8766887373068086], "b6": [0.8706302709030266, 0.9425278235928819, 0.970158044839315], "b7": [0.8176709943217927, 0.813867560742316, 0.9436626815672255], "b8": [0.15556232921899105, 0.8064912116201907, 0.9062105640873372], "b9": [0.5821671049443475, 0.9836889891328765, 0.8515757886562831]}