{"b0": [0.1550440349148981, 0.9268267024215112, 0.8929095324455253], "b1": [0.3761260525825094, 0.9417576530544065, 0.8768294205025845], "b2": [0.15860374810278471, 0.955880372220333, 0.9632636136028238], "b3": [0.1601449361535768, 0.8745047958404217, 0.8672073436625157], "b4": [0.16539566633358616, 0.868814353795339, 0.9553072101553366], "b5": [0.3620046288264747, 0.8651921632870884, 0.9663900404087965], "b6": [0.8421853864452679, 0.9783443252820065, 0.9700026229172906], "b7": [0.14940376100223893, 0.9361078055361122, 0.8462515000425733], "b8": [0.918400541713492, 0.9224556048519436, 0.9257926185176992], "b9": [0.8852071178069554, 0.98446408459431, 0.9187002206093493]}