{"b0": [0.1588494209042281, 0.9375425002100474, 0.8782465713935003], "b1": [0.639369499405851, 0.9608077811064354, 0.8354865119132044], "b2": [0.869477807834507, 0.9751044071227524, 0.8256744489680996], "b3": [0.1627843999462153, 0.9670103136118672, 0.9812509882673015], "b4": [0.9010056662448868, 0.8772705769862412, 0.8654678967568583], "b5": [0.8906981765062092, 0.8733808782763649, 0.8380516709779579], "b6": [0.31754955906647286, 0.9557392721747127, 0.8388402364011595], "b7": [0.1591025420371959, 0.9997029289578172, 0.91533028775481], "b8": [0.8559375441459384, 0.9313365343357171, 0.8499161923197266], "b9": [0.16707840188300951, 0.8937812362887292, 0.8897926482319201]}