{"b0": [0.7661965892541501, 0.8969219049702828, 0.9759032464087567], "b1": [0.10378914611401432, 0.9556120672436954, 0.8867176639261944], "b2": [0.9525556150626235, 0.9789661066502542, 0.873031283099227], "b3": [0.7400554262476396, 0.8966776937760315, 0.9046178550488279], "b4": [0.3493684796744384, 0.9153837231742554, 0.8924316818423614], "b5": [0.9086075928588566, 0.9374694526159689, 0.9821088597310517], "b6": [0.6092999238646729, 0.9687636946449225, 0.9453876211830999], "b7": [0.1085702096080646, 0.9880751882390112, 0.8215487838680411], "b8": [0.7468759221909254, 0.9642064728989428, 0.8192998491754884], "b9": [0.7288951280638654, 0.997625399834373, 0.8849761860479667]}