{"b0": [0.7415064416030119, 0.9873801889436424, 0.9906968816922391], "b1": [0.6034435322964111, 0.9932649997585016, 0.9513507512551064], "b2": [0.07548133129653078, 0.8058820297085033, 0.8213326255408304], "b3": [0.8765462730905941, 0.9166296156976844, 0.9983593781266211], "b4": [0.8701012371921085, 0.9328879341706052, 0.922383443995305], "b5": [0.16012507664217648, 0.8366958302100845, 0.8164539848040225], "b6": [0.7664973240922724, 0.9941507389003206, 0.8693273944685231], "b7": [0.7533291762395637, 0.8866919428571158, 0.8101098327110006], "b8": [0.058288822043560694, 0.9565812947379132, 0.9217997280434119], "b9": [0.30113823431555586, 0.9576758949954677, 0.9674738127691964]}