{"b0": [0.09154286662943648, 0.9884349702123458, 0.8012434154431564], "b1": [0.8591410140710437, 0.8100952916843436, 0.8201127153689413], "b2": [0.8869068605797638, 0.900536035762267, 0.8360122184737001], "b3": [0.8464353126152768, 0.9019417538753685, 0.899909032187449], "b4": [0.9081684509678791, 0.8779413553300764, 0.9257584765651009], "b5": [0.8730263921805309, 0.7749192844147096, 0.9497704806422514], "b6": [0.9944453979399458, 0.883003397720485, 0.9170653354097301], "b7": [0.7849888077672291, 0.9925870404254131, 0.8547420002906169], "b8": [0.004520935772758943, 0.730138436118155, 0.9089843857585485], "b9": [0.9158059048705105, 0.8784288316985492, 0.9462352812374752]}