{"b0": [0.8735248219947336, 0.9954324626175968, 0.9028943335495443], "b1": [0.8928443795977998, 0.9901763738323867, 0.9334919291119438], "b2": [0.6497684124972167, 0.9442535377130311, 0.9509393781988491], "b3": [0.1631669680046512, 0.9850946932889828, 0.9389842480963716], "b4": [0.8935180744219184, 0.887458587641813, 0.9730785432333928], "b5": [0.8741813595932041, 0.9962702142861347, 0.9214412426692391], "b6": [0.8865951731898737, 0.9097876935890125, 0.9147232670470364], "b7": [0.6649975089560205, 0.9857454762196051, 0.8098632473238044], "b8": [0.9926810214500759, 0.9887638248742593, 0.8523036505612477], "b9": [0.011148279328772881, 0.8210642290912069, 0.9140347371345348]}