{"b0": [0.09367990080830747, 0.9036192617203959, 0.9856305168583667], "b1": [0.06802657354850916, 0.7890888879408007, 0.9314748052412071], "b2": [0.34599467997158834, 0.9777061402883234, 0.9915561268514304], "b3": [0.1652231373657745, 0.9545952918222277, 0.9176734585995635], "b4": [0.783622327932992, 0.8888762973763091, 0.8216063858456747], "b5": [0.06996323193752305, 0.9344214456258227, 0.9665561407567707], "b6": [0.0842410899704962, 0.8522913201579755, 0.9375133320432668], "b7": [0.7239036645484046, 0.9547085501902989, 0.8134127357488555], "b8": [0.7278412011915312, 0.914754942455238, 0.816030039734699], "b9": [0.772747542232533, 0.8914512817506132, 0.9397655042127359]}