{"b0": [0.9740632153771317, 0.8719095845022475, 0.8609501306501115], "b1": [0.8345680434148731, 0.9879265151380185, 0.9313463345115838], "b2": [0.08113862249552639, 0.8296194447648486, 0.8507611886632047], "b3": [0.08938283197559067, 0.9030122671346501, 0.8270738041330168], "b4": [0.8982259513009428, 0.8488811301951265, 0.9348097422903267], "b5": [0.7644507880357458, 0.9364500865236292, 0.8220412051097958], "b6": [0.898987235392333, 0.9968571247718648, 0.9132471020347733], "b7": [0.7180161373294655, 0.9982587775014224, 0.9545098799142182], "b8": [0.0911488003498147, 0.7095519496020812, 0.9351095939568187], "b9": [0.08510656667574874, 0.9007637187467407, 0.9254994259182797]}