{"b0": [0.7203521448723638, 0.8485478954265037, 0.8470276944340479], "b1": [0.0928475480146664, 0.9577069036023191, 0.8542053692419753], "b2": [0.15762941673861847, 0.9917057732595472, 0.9021198686233558], "b3": [0.0014810907827162861, 0.8902748856800298, 0.9623297916792576], "b4": [0.07485677458807269, 0.875474567997723, 0.845818417699457], "b5": [0.31277575724374135, 0.9775637017595439, 0.8047855867890342], "b6": [0.9932521270526309, 0.9739293486560388, 0.9192210878933706], "b7": [0.7176440151836817, 0.9848232012289034, 0.8431454209201925], "b8": [0.30889261336140694, 0.7761566697983052, 0.8384706763662878], "b9": [0.6478683090376005, 0.9271005862522831, 0.9778411265898012]}