{"b0": [0.8571774887814844, 0.6796904315427037, 0.9009511096943027], "b1": [0.7436323863803994, 0.9632633132425984, 0.8703916953685134], "b2": [0.009335858628904709, 0.9007108077291999, 0.9035179433261306], "b3": [0.08749200697141353, 0.8294286464037384, 0.9277777022438705], "b4": [0.9936883163582909, 0.9198504184337767, 0.9616650805459193], "b5": [0.9194537142337539, 0.9248347168774722, 0.8145306733824225], "b6": [0.1522586702479204, 0.8530713998144408, 0.8006067176499104], "b7": [0.010911084729382679, 0.9425094956143389, 0.8030267149974726], "b8": [0.896382341824864, 0.9098802868017545, 0.8941917183338226], "b9": [0.16597520983158517, 0.9469340985461394, 0.9434740294439995]}