{"b0": [0.770750387668623, 0.9918408937607214, 0.9285067199106244], "b1": [0.3475717105453532, 0.9972795771237735, 0.8413131537371104], "b2": [0.8522393057232452, 0.9035237708716677, 0.8579487256235676], "b3": [0.1625394686228868, 0.9903813054261968, 0.9311304154530364], "b4": [0.14935450427942296, 0.9173119293648874, 0.9677695780909457], "b5": [0.7355302252813152, 0.9149982954963553, 0.9941158288227568], "b6": [0.7456132158535034, 0.9089106268487578, 0.8684070608955046], "b7": [0.7280809388272462, 0.9036037934023802, 0.8864041130672636], "b8": [0.16676270834123422, 0.944442540431017, 0.9596932117918623], "b9": [0.7104140495215572, 0.9404070824897676, 0.8232568732375043]}