{"b0": [0.6033866315198437, 0.9712199211586348, 0.9328798061313955], "b1": [0.7522393465293779, 0.8323544873232774, 0.8909345692235617], "b2": [0.16362292243905419, 0.929782310369393, 0.8630513801811627], "b3": [0.7293289934714459, 0.9739926091433107, 0.8570736591445871], "b4": [0.15676461273745512, 0.9992791314883485, 0.9970565757189699], "b5": [0.7965309289832024, 0.9570151427322329, 0.989841974606249], "b6": [0.7869397784062698, 0.7544293894866856, 0.8149402316759571], "b7": [0.3101229356129839, 0.9425999985834009, 0.9068144894025407], "b8": [0.2955417146722501, 0.9844494165099588, 0.9260203008062217], "b9": [0.29253294437713, 0.9727450124830952, 0.8438765907319024]}