{"b0": [0.15199787857004565, 0.89540254247978, 0.9391828396788447], "b1": [0.3461135025649108, 0.8970427345765215, 0.8117504722147382], "b2": [0.16589703958213192, 0.9481813302861002, 0.9710309911169507], "b3": [0.9056302362569139, 0.8291950477717903, 0.8302758437109159], "b4": [0.151412559397973, 0.8923839547890422, 0.9904948377114877], "b5": [0.0009554651937786206, 0.8791726284350402, 0.9918874935997694], "b6": [0.33335179329928216, 0.8587889346605918, 0.9317912834850415], "b7": [0.8722382454207032, 0.8641071353866857, 0.8097587495405679], "b8": [0.17287799654591984, 0.9636898400669658, 0.8115280287249638], "b9": [0.8880530124695067, 0.72278707801201, 0.828846538176805]}