{"b0": [0.1715949052906042, 0.930303859546012, 0.9685639196645282], "b1": [0.16796858571643583, 0.8729046824444197, 0.8813607149183871], "b2": [0.1654315205392898, 0.9056236277434028, 0.8043594340253526], "b3": [0.27455730960750935, 0.9780563606056093, 0.9280436543608261], "b4": [0.17008142539652962, 0.9652724921722502, 0.8013682859837707], "b5": [0.33577435122627797, 0.9107924943732699, 0.9275286236533489], "b6": [0.1605307401654081, 0.9389517799792189, 0.8652024107786234], "b7": [0.1653947574630861, 0.9743241737726704, 0.8077644810642169], "b8": [0.8711220068213403, 0.9777711026621796, 0.8651804387793776], "b9": [0.9380419287068824, 0.8383616294326035, 0.8216951021927236]}