{"b0": [0.8785115604055962, 0.9622077530092921, 0.8598962637428272], "b1": [0.15875974659198636, 0.9509866330300839, 0.9073931717463148], "b2": [0.16777563213137647, 0.9124130825622315, 0.8599551354856587], "b3": [0.35399130585808186, 0.8582324825667144, 0.9605921324221562], "b4": [0.9004544527873746, 0.7918660790737733, 0.8324507481578161], "b5": [0.8907351111805464, 0.9247222119264872, 0.9859411537439478], "b6": [0.2817736835020589, 0.911718395450782, 0.9416135167066321], "b7": [0.32430447895087783, 0.7639349483010617, 0.8765645724329416], "b8": [0.1565572541140584, 0.8985758550089267, 0.911586253923645], "b9": [0.15670405724541966, 0.9620195000756638, 0.8302460031819043]}