{"b0": [0.8709554052322562, 0.9890185923748688, 0.849476529160746], "b1": [0.35158311248988594, 0.9373281740384303, 0.8879115277335983], "b2": [0.15851333809961782, 0.9640114953928663, 0.8095152848422105], "b3": [0.15866162866478858, 0.8861580128832567, 0.9404168598712813], "b4": [0.33361025534332717, 0.972104325060683, 0.8631305617725877], "b5": [0.33835834840695483, 0.9731264177860193, 0.8578626078706965], "b6": [0.862039154237292, 0.9490620338790646, 0.8219830172430798], "b7": [0.8653768247065484, 0.9866070167608463, 0.8246065948132133], "b8": [0.15847315730632416, 0.7516928543721658, 0.9406287541738524], "b9": [0.1523911088684989, 0.9373313041510489, 0.9558041975827228]}