{"b0": [0.8324167363391141, 0.8336364654159343, 0.9594717254012963], "b1": [0.29881300848661746, 0.868193997539059, 0.9373480768204058], "b2": [0.1520743373863728, 0.9325142061403845, 0.9825310254829042], "b3": [0.059885899094892406, 0.8566335722252336, 0.9215848188847253], "b4": [0.15708505907877746, 0.9853476445463695, 0.9719394563484728], "b5": [0.3794980214561066, 0.9090628884679294, 0.9004450149041915], "b6": [0.9865506237692507, 0.7908195300512344, 0.8780259170767849], "b7": [0.16648522652835415, 0.9349390689848067, 0.9324699800634783], "b8": [0.8830963778185292, 0.9829914480037335, 0.9582660411319456], "b9": [0.7602613838736595, 0.8638394164312756, 0.8148018392486591]}