{"b0": [0.8801929429365803, 0.9449268843670935, 0.8720538242555976], "b1": [0.15932983020133634, 0.8595288780301619, 0.8176905797989481], "b2": [0.17150852159012023, 0.8869402336017531, 0.8310555594611313], "b3": [0.8395220342874896, 0.9525822671141558, 0.8924667064847839], "b4": [0.6642116558709484, 0.9657705395532602, 0.8478994849392834], "b5": [0.15896357336209144, 0.948404675954304, 0.8653591953557036], "b6": [0.16244471877153946, 0.9834579567836436, 0.9527096882751684], "b7": [0.2974702868192282, 0.9603768594510094, 0.9614598627166312], "b8": [0.3214920220034994, 0.858537458782334, 0.9342813254364579], "b9": [0.8800707719919927, 0.8942434819599049, 0.8516391977105944]}