{"b0": [0.8562044521327485, 0.8674262413671537, 0.9768319216091572], "b1": [0.6521877861487273, 0.9451016441916468, 0.8943744053973937], "b2": [0.27967610538651294, 0.9430533017133521, 0.8799828202165354], "b3": [0.7209554341674561, 0.955053294220046, 0.9750595517224293], "b4": [0.287484871328324, 0.9833570025226162, 0.9031471733048536], "b5": [0.17540529591268797, 0.9131465047395652, 0.8013498498694789], "b6": [0.9940666718188852, 0.9539538409396955, 0.8320122012120915], "b7": [0.0829708929583938, 0.853993481734713, 0.9377483074541508], "b8": [0.011016345363443538, 0.9689353845129248, 0.874269721066752], "b9": [0.07668783431062086, 0.9356453794307187, 0.8222854170486158]}