{"b0": [0.6477133285588775, 0.9500951746504369, 0.82579375650392], "b1": [0.7334814504423279, 0.9324943799563151, 0.8535679378904846], "b2": [0.9043341186547333, 0.81682364838824, 0.9351074698699468], "b3": [0.34489953275740726, 0.9624852267143232, 0.8894597085392999], "b4": [0.9103628588419244, 0.9922898140967555, 0.9356949594577713], "b5": [0.5432170923875145, 0.9425952315477621, 0.8303965419363314], "b6": [0.6415677346796671, 0.9679226605774705, 0.8794018005278715], "b7": [0.6005523871774772, 0.9273955042073848, 0.9128523181003798], "b8": [0.6262451637433101, 0.9769112941532427, 0.965437911300246], "b9": [0.5794919681292167, 0.8773323462775438, 0.8275467890073728]}