{"b0": [0.08256256910086572, 0.9783197899047245, 0.9463089987952077], "b1": [0.6026785377290499, 0.9509235759571962, 0.9937710203957208], "b2": [0.011992677592680528, 0.9271349993152824, 0.9654778182025666], "b3": [0.7087356214217527, 0.890056807630556, 0.8262773604498597], "b4": [0.8862213550639133, 0.8451957440974804, 0.8420058409048814], "b5": [0.16234859691520476, 0.8625974222499313, 0.889169048245792], "b6": [0.004863878909275358, 0.92571035164059, 0.9186965563495798], "b7": [0.8263556078012482, 0.8695479904460095, 0.9145658397024934], "b8": [0.15979973000934758, 0.8508246550088466, 0.8943848314511337], "b9": [0.27199362582017433, 0.9004225656536616, 0.8950542209678245]}