{"b0": [0.5907780851516844, 0.8161304542636058, 0.8281490621648442], "b1": [0.7286534825183597, 0.9668191986577485, 0.8974294841755881], "b2": [0.643587935607593, 0.7535705101387911, 0.9435221170043318], "b3": [0.3553972730068764, 0.8756189778437212, 0.9844480099834582], "b4": [0.8900599788428623, 0.7976846408554161, 0.9049583411260218], "b5": [0.7327881425581427, 0.8620839675549512, 0.8246119619276934], "b6": [0.03224455747829406, 0.8076651984893598, 0.9854549229362286], "b7": [0.9396146157822605, 0.8862883963748979, 0.859615072147501], "b8": [0.3452332001847398, 0.8646087902059566, 0.8229925922924315], "b9": [0.15984563889345865, 0.9879388290461568, 0.9404567318244581]}