{"b0": [0.591566386765188, 0.9609942970378608, 0.973476833951437], "b1": [0.6004415990565461, 0.9756068792111838, 0.9544054055929775], "b2": [0.5690033838505237, 0.8202569312535744, 0.9585753921382052], "b3": [0.09349121690446215, 0.9154583088373084, 0.8230473684877151], "b4": [0.08076070115244299, 0.9335240597412917, 0.9127899550090546], "b5": [0.6521674945681606, 0.9718081725002463, 0.876256211582727], "b6": [0.6057993346322442, 0.9048035123850358, 0.9262981135051994], "b7": [0.08502997973805348, 0.8306067858488788, 0.8443443072328379], "b8": [0.5949034443586807, 0.9988729718573396, 0.8694915149554966], "b9": [0.08730260927197549, 0.9150914596812154, 0.9063151750169454]}