{"b0": [0.09173430584296818, 0.9382368579277188, 0.9153907770910985], "b1": [0.8729822739812721, 0.9713190279528825, 0.8713261131055202], "b2": [0.09810298749077116, 0.8410791242740109, 0.9843483492264063], "b3": [0.5950019562314484, 0.9130067187809544, 0.9825044473261477], "b4": [0.0737731278678217, 0.8284281055241806, 0.9535623514903872], "b5": [0.17182171568896099, 0.9171529127731642, 0.9772375047391222], "b6": [0.5462008512610366, 0.8667912726968094, 0.9121709285722236], "b7": [0.6196411975838806, 0.9314368146424111, 0.9844277745291464], "b8": [0.6587897051929619, 0.9274930857976755, 0.9726627276768035], "b9": [0.06328963180162911, 0.7461581342540735, 0.8289370009790109]}