{"b0": [0.6727816012928431, 0.9563007447033958, 0.98404678582618], "b1": [0.025288350909307783, 0.7938620747896966, 0.9415048780192227], "b2": [0.6300261132236238, 0.8521918753561754, 0.8183106527060111], "b3": [0.5536170700595345, 0.9243756131870726, 0.809643282701255], "b4": [0.7832210941218879, 0.9377194341240945, 0.9731557085674767], "b5": [0.07353873326658701, 0.8646803625588855, 0.9058077585025941], "b6": [0.6232347417163507, 0.9210161767724696, 0.913254086205804], "b7": [0.5639911701041563, 0.9767978955307636, 0.876499344653127], "b8": [0.07863643687530904, 0.906814703105961, 0.8743554313319525], "b9": [0.0986095465786379, 0.9296279810990852, 0.8657076327386086]}