{"b0": [0.9977156445171406, 0.9809854407885261, 0.9209761894088355], "b1": [0.027989367173167367, 0.8441073456875462, 0.8009416877234986], "b2": [0.9930879917554704, 0.8103436345800045, 0.8556387417014253], "b3": [0.8217812509944556, 0.953829143765156, 0.8098683667829961], "b4": [0.7331048103671772, 0.7609045873181344, 0.861880953710633], "b5": [0.007032497636673904, 0.972840129758065, 0.8816243147440599], "b6": [0.16881859464872964, 0.7645061313883736, 0.8496634380812614], "b7": [0.15599509914125384, 0.939483521311537, 0.9820721098296918], "b8": [0.0039436929634446595, 0.8935878962374466, 0.9545962553271121], "b9": [0.9907201284981335, 0.9672516012413567, 0.9846848616569005]}