{"b0": [0.8510062819598603, 0.9898854804170817, 0.8322311929831173], "b1": [0.9965304638514957, 0.9092773377944008, 0.9995998003275107], "b2": [0.9944078892205431, 0.9994886511870122, 0.9653549731594331], "b3": [0.0842074597272034, 0.9437198627421965, 0.8336608273283247], "b4": [0.16966045771886132, 0.9569923843943232, 0.8953527931679901], "b5": [0.012973413147712139, 0.9252289449988392, 0.8799618887954479], "b6": [0.9866071651512682, 0.9935319961634015, 0.8763503388207083], "b7": [0.16618353831567093, 0.9870375306497174, 0.9712098462303725], "b8": [0.8658732763426796, 0.9429339463615517, 0.8159362381989831], "b9": [0.004617293276907034, 0.9751632353453945, 0.8446440463205139]}