{"b0": [0.037602917461185326, 0.9279432764732098, 0.8851463173616193], "b1": [0.15837841779587827, 0.9011436248805202, 0.8741792696559257], "b2": [0.8644204009311817, 0.8570478113539015, 0.8430357990057386], "b3": [0.1649663216121505, 0.9112427121723757, 0.9325568296556977], "b4": [0.9971281690037799, 0.9542359497502843, 0.8705388060440734], "b5": [0.8918380198517368, 0.906326880485873, 0.8505620343310757], "b6": [0.005566541869497913, 0.9730208446534734, 0.9177523798523899], "b7": [0.9080029370347523, 0.9480635733254202, 0.8303166379712078], "b8": [0.011179623493524436, 0.8927134972011872, 0.8087578427913371], "b9": [0.013317052687097135, 0.9569618774129848, 0.9115585971550415]}