{"b0": [0.009597300323776084, 0.8406733985773535, 0.9617337638104277], "b1": [0.9732140125318963, 0.9729965902931715, 0.8908690193223145], "b2": [0.16646776435432714, 0.9492955288165398, 0.8257193083174519], "b3": [0.8790090130421649, 0.9200845017238674, 0.852726662793335], "b4": [0.16489622513636348, 0.7168050966598924, 0.8329227397206779], "b5": [0.9742001986592724, 0.8469499793765921, 0.8426767367041289], "b6": [0.9961671429832377, 0.9240787575882927, 0.8889850323254432], "b7": [0.16117508916100956, 0.8914240928936776, 0.9769473723966727], "b8": [0.11447992811079528, 0.9582020240480612, 0.9934196600525133], "b9": [0.16195197174126202, 0.9099410390731684, 0.9442698875406083]}