{"b0": [0.6238159988225308, 0.8972356310879681, 0.9536131444547523], "b1": [0.8015788152164152, 0.8517753209309344, 0.8831656764222025], "b2": [0.1553107628309052, 0.9537461916575812, 0.8990554241286067], "b3": [0.14889059503449278, 0.890802291498875, 0.9610794269521357], "b4": [0.1637632031529173, 0.8685770843002252, 0.90353998485999], "b5": [0.15614630843638655, 0.9157610110719, 0.9580540547068892], "b6": [0.9138971625701096, 0.9960579349399055, 0.8445950301125222], "b7": [0.781193905622503, 0.9945221177364438, 0.9837197219359876], "b8": [0.6754552738682126, 0.9268466406763772, 0.8752759256164409], "b9": [0.9991981388527996, 0.9831180089682747, 0.8711035224499747]}