{"b0": [0.16264426204414256, 0.9526216347756022, 0.9584082277529802], "b1": [0.03736940217575211, 0.9677763260294604, 0.8359165936550954], "b2": [0.28690254990440417, 0.9819852541232514, 0.8775320768383109], "b3": [0.16116926270155937, 0.8361381763584853, 0.8086214009058146], "b4": [0.08571747415765962, 0.7499207068430053, 0.9688749772487365], "b5": [0.16055972247042205, 0.882735234330924, 0.923657478089076], "b6": [0.16493754137404223, 0.9822556476951538, 0.972386067806805], "b7": [0.9859705343768962, 0.8987399582147083, 0.8273195816978699], "b8": [0.999860576928294, 0.9313989592347492, 0.8675841928190426], "b9": [0.16200716980501453, 0.9424747315149163, 0.8149936566198324]}