{"b0": [0.6304405424959011, 0.902142777792025, 0.9425368471487698], "b1": [0.1519243861530029, 0.8853723860203351, 0.8110420042946714], "b2": [0.9859677899371957, 0.9229677178719855, 0.8900131383992956], "b3": [0.8770645952151865, 0.9714826276665767, 0.9577187212295897], "b4": [0.15490648146355632, 0.9288725450186982, 0.823406342769984], "b5": [0.16571049803290464, 0.9912074152885972, 0.9608202894240669], "b6": [0.15770890145423258, 0.9950343261225492, 0.8152113993825503], "b7": [0.3589850011141237, 0.8326493861756802, 0.9431336821516642], "b8": [0.7442661121820554, 0.9417641737389623, 0.8147613243651314], "b9": [0.660195882782734, 0.842554548618926, 0.9679639580946191]}