{"b0": [0.7435011637974362, 0.8858184460101884, 0.8159673682636877], "b1": [0.17151751327643108, 0.9580731552638199, 0.8451264655981972], "b2": [0.6017266164290317, 0.979623136626872, 0.802294028358571], "b3": [0.15249055104334597, 0.9276223390296465, 0.8025800871227808], "b4": [0.1595448616643888, 0.914556020587491, 0.9451385203104209], "b5": [0.358052510849517, 0.9826376522756639, 0.8687922551808798], "b6": [0.16789766187195843, 0.8091041973013797, 0.9243333830110296], "b7": [0.1604283255820828, 0.932676921178443, 0.8040261652565218], "b8": [0.7611156879062022, 0.8180215554199726, 0.9811117923260977], "b9": [0.7898541585034594, 0.9994284645306153, 0.9921194316040879]}