{"b0": [0.7328048438796251, 0.9807438543114877, 0.9155209770876254], "b1": [0.164795122704227, 0.9519456703355358, 0.9167038430959731], "b2": [0.5581303697620317, 0.9942758105135745, 0.8875328023581319], "b3": [0.16713572044865382, 0.9753346899125378, 0.8606453203115357], "b4": [0.987542990269597, 0.7994049933348638, 0.8584557373854481], "b5": [0.6938879512963659, 0.8990038582738351, 0.8770181440932674], "b6": [0.02013608697899779, 0.9918661135272957, 0.8697007812586988], "b7": [0.614713438680388, 0.9030987870601873, 0.8513734637185564], "b8": [0.3444296033354597, 0.9023850096986279, 0.8335924836890294], "b9": [0.16247110192599504, 0.9474923948478261, 0.86248654379771]}