{"b0": [0.3216086692381541, 0.9161946279929232, 0.8000896602161802], "b1": [0.16383402288499233, 0.9809379985841364, 0.8414817766252075], "b2": [0.7161012604685317, 0.9290078392984549, 0.8618937293609199], "b3": [0.9064643349536792, 0.9029273367904227, 0.8961558736598104], "b4": [0.5709998148759553, 0.9755988860385587, 0.9645191311773543], "b5": [0.8955797914566087, 0.714561369489243, 0.8593429950437279], "b6": [0.15146364485850822, 0.7980023005831522, 0.9534956652745705], "b7": [0.6284899769115528, 0.8972255159162177, 0.8696614221543545], "b8": [0.5789130402989887, 0.895794802084113, 0.8917258735420077], "b9": [0.025242134775595483, 0.9997136500826308, 0.810777348535733]}