{"b0": [0.8549412467840708, 0.8656071035691685, 0.8626942285552462], "b1": [0.25787824583426666, 0.9542323535217706, 0.8467784587106454], "b2": [0.6397980783495502, 0.8200617125190044, 0.9459831210248109], "b3": [0.3018375266672048, 0.9669989833824703, 0.8434374881986103], "b4": [0.8575358392728488, 0.9746438972026925, 0.8048675170887456], "b5": [0.9008748023070755, 0.8942435654213545, 0.8745832604132098], "b6": [0.08694174258595053, 0.9259736300534338, 0.8350906405770427], "b7": [0.335082788904887, 0.8544842703751055, 0.8654480221996858], "b8": [0.8897117476372725, 0.9104190485770945, 0.8527805651007163], "b9": [0.30069077419849966, 0.9650053166798908, 0.8064436183292696]}