{"b0": [0.056023450682231524, 0.9609318090846444, 0.9076968876123105], "b1": [0.33061920405001677, 0.9865283950336665, 0.8348159332030977], "b2": [0.99733388967268, 0.9279697878289332, 0.9351805669205298], "b3": [0.06302031188651779, 0.9930792965510099, 0.8807697433425739], "b4": [0.7366907016711717, 0.7406290994771516, 0.9717033819018936], "b5": [0.8199027614304784, 0.8760867065541315, 0.9637744149968693], "b6": [0.5979701906972978, 0.9114649279600742, 0.8271088826247489], "b7": [0.013582660391071253, 0.8654577740301981, 0.937896169362794], "b8": [0.08151469346444086, 0.9595920954162226, 0.8236397645222148], "b9": [0.9028380493393098, 0.9339845908905191, 0.8182770831921716]}