{"b0": [0.020417669329830405, 0.8667383420659333, 0.8994589717014592], "b1": [0.791151916364999, 0.9943360509983862, 0.8877355605825633], "b2": [0.31146450639947393, 0.9882694505803952, 0.9579161457821069], "b3": [0.8506014407178418, 0.9411842988480446, 0.9550724911668546], "b4": [0.16926594814703091, 0.8943253262004639, 0.9314842471073939], "b5": [0.5959839001025851, 0.8991569076404308, 0.9637116106219987], "b6": [0.3189145036313802, 0.9912694316285375, 0.8010318742032322], "b7": [0.8907512601207402, 0.9992462260066154, 0.9429725680853873], "b8": [0.08549780246100971, 0.9399313289548833, 0.8864183181463541], "b9": [0.9898472917241692, 0.7639381069963855, 0.9865117515615838]}