{"b0": [0.36188103705814983, 0.941807204994536, 0.8002375604539169], "b1": [0.7357651723718022, 0.8996069911673095, 0.9634848791904355], "b2": [0.7787709605544244, 0.8570204452958952, 0.8110464706505283], "b3": [0.0802392657317009, 0.9874668480414611, 0.88769054356759], "b4": [0.04199352345968655, 0.9679111102639126, 0.9325613571408684], "b5": [0.3228765930209782, 0.8051620631667507, 0.8123290241745074], "b6": [0.011781545475776785, 0.8450433908477102, 0.8463025603606872], "b7": [0.06939727513039276, 0.772634877200295, 0.9468743060442467], "b8": [0.8053462352550405, 0.9002505214420283, 0.8274320260727894], "b9": [0.002776759917034337, 0.9680972728519643, 0.9402788356427874]}