{"b0": [0.10193478641286463, 0.9866736800849167, 0.8795828761377521], "b1": [0.9933944898606019, 0.7800068635780357, 0.990813795447933], "b2": [0.5437930988786734, 0.9529260413209587, 0.9486217639393526], "b3": [0.73842006774492, 0.9057338946586745, 0.9173049634695282], "b4": [0.0878934996745066, 0.9512062720235732, 0.8639990052845369], "b5": [0.07604678951522498, 0.8629114472026511, 0.8161426729574884], "b6": [0.799116235172329, 0.9263343899720569, 0.9801087518553798], "b7": [0.9024759012276884, 0.8968146543581205, 0.9138846451978894], "b8": [0.7076232250827479, 0.8966043131431398, 0.8011161869583134], "b9": [0.34717370826393107, 0.9872252725411435, 0.9674124036389028]}