{"b0": [0.06148274249431847, 0.9504249856675225, 0.8223942634266436], "b1": [0.9810393116094377, 0.9449017859474002, 0.9950904826723941], "b2": [0.16702305792181948, 0.9159561787828042, 0.9759170897723489], "b3": [0.7253881700504357, 0.8926257829202582, 0.9542896380664102], "b4": [0.07308957385279466, 0.885482155573192, 0.8235105721261965], "b5": [0.8515259189869484, 0.9453114304079463, 0.9206136806424584], "b6": [0.7282584913075696, 0.9097969082135853, 0.881321077636363], "b7": [0.8484508459637129, 0.8507415759397259, 0.9879456161545279], "b8": [0.7816988065038848, 0.967313566234941, 0.8429093814329951], "b9": [0.07730056522799923, 0.8850552693369735, 0.9323590651237965]}