{"b0": [0.8693521264196795, 0.9590873721151567, 0.8576258143272664], "b1": [0.1645473456164743, 0.7787154034401834, 0.9477433400029653], "b2": [0.5694712772973773, 0.8895605300520079, 0.808794340462926], "b3": [0.07514358874604654, 0.9943703762581382, 0.8432408733462275], "b4": [0.08735861191927481, 0.9153673692261193, 0.9748930301652402], "b5": [0.6049782905767691, 0.9018422955153617, 0.8418258614390068], "b6": [0.15850713977442696, 0.9094413024305423, 0.8369092898919326], "b7": [0.7320732432520036, 0.9801731946422539, 0.9734715317017946], "b8": [0.3502638592697934, 0.91472394063077, 0.9732928254651247], "b9": [0.7817570424166723, 0.8399779272289087, 0.8681122389968939]}