{"b0": [0.8668928183181619, 0.9511601560757168, 0.8962427682630395], "b1": [0.10497721482241404, 0.9869313921562834, 0.9375842277625854], "b2": [0.0029032607438004227, 0.808583688425728, 0.9197136266134087], "b3": [0.5530945797283522, 0.9091244522052784, 0.8012577294233025], "b4": [0.7551579629708772, 0.9831600742377913, 0.8677536076988527], "b5": [0.09631571101911986, 0.9720876732272423, 0.8348872308961025], "b6": [0.16469308730472015, 0.9231703812100237, 0.9567569446377411], "b7": [0.3513666556017897, 0.8921768210462893, 0.9726635829565309], "b8": [0.7304282937616905, 0.8892158506004136, 0.9594109583808301], "b9": [0.17264123457152017, 0.8676482183682899, 0.9548164058051916]}