{"b0": [0.7801727160490202, 0.9796270612799041, 0.8115491984485201], "b1": [0.07767459251205873, 0.9513879669149173, 0.8897107083634143], "b2": [0.7440622315433529, 0.959443250997184, 0.9112818011748377], "b3": [0.659060444701066, 0.9809291390890141, 0.9436987788416006], "b4": [0.09893276442892378, 0.9754447507431628, 0.8216990726250551], "b5": [0.7671524024464615, 0.9969578409229237, 0.8938143011233162], "b6": [0.7436489289409205, 0.9825107658544254, 0.8462056035844628], "b7": [0.063985616379105, 0.9147936416685291, 0.9485509006755912], "b8": [0.1607692568743591, 0.895944994509649, 0.9222359336787745], "b9": [0.7229687356403225, 0.9187709749424013, 0.9985572549733136]}