{"b0": [0.729018029525973, 0.9884847721519452, 0.8270314018154248], "b1": [0.162549815544817, 0.9259666876530842, 0.9798226793848464], "b2": [0.16342211991639696, 0.990071417925284, 0.9069387579388087], "b3": [0.5619639863258782, 0.7669740348141404, 0.8760512059871073], "b4": [0.7308417778660133, 0.9945659044961542, 0.9175091738497411], "b5": [0.0787865806594266, 0.9817865469383846, 0.9701444619118169], "b6": [0.7077757424651199, 0.9821229158310538, 0.9560258389687717], "b7": [0.7397383910255112, 0.80849541944695, 0.8454032516673808], "b8": [0.7171981012549482, 0.9979448202353791, 0.8547632866500146], "b9": [0.7243231125924866, 0.9864631472362181, 0.9142194965500494]}