{"b0": [0.16446514033458162, 0.9507208376459654, 0.8059708625026846], "b1": [0.6040247567979294, 0.9841827623781395, 0.8591269700855557], "b2": [0.7729114728214803, 0.9756369129858704, 0.8966189164266942], "b3": [0.1595441143373723, 0.9214194352738252, 0.8817142191377862], "b4": [0.805897880885275, 0.997166437607181, 0.9439944751425845], "b5": [0.8691352665937616, 0.7981564423268768, 0.8688026370482337], "b6": [0.7741649117907472, 0.9963247933375418, 0.8592107289048735], "b7": [0.7456998929143485, 0.9283171834461776, 0.9889181860927969], "b8": [0.8496013484841991, 0.9494449700825501, 0.840309982646441], "b9": [0.05963765611828146, 0.75763622197631, 0.8097200367883403]}