{"b0": [0.6421971761627577, 0.8401074566274624, 0.8089380942494337], "b1": [0.7684433590090947, 0.8963117402603767, 0.8440403667915436], "b2": [0.7738146784621872, 0.8734064644110637, 0.924448803452576], "b3": [0.06592585672597634, 0.9801782228892448, 0.8983032260389162], "b4": [0.15930913759694598, 0.8578146427124933, 0.9237425715219512], "b5": [0.07867258576963615, 0.8374014002011211, 0.8181559545596448], "b6": [0.7932198368698785, 0.81405632411857, 0.8876181700882299], "b7": [0.8582319227463852, 0.8979512484007489, 0.8921119038754257], "b8": [0.15801320027250215, 0.96090598793312, 0.8709681776106228], "b9": [0.7878733228147471, 0.9298364179015164, 0.8742052386518153]}