{"b0": [0.15838261461000186, 0.8410254223954579, 0.9573471372407019], "b1": [0.7223368901645363, 0.9231231902512432, 0.8514352046647282], "b2": [0.7755406011876238, 0.8054353542710987, 0.844654658056737], "b3": [0.17102740064471203, 0.9997984556156486, 0.9500253035874642], "b4": [0.7420902377455563, 0.8851759391682247, 0.8079311874450563], "b5": [0.05498638896400891, 0.79442202358408, 0.844070460282866], "b6": [0.7017821685371847, 0.9944384704164939, 0.8711717383247707], "b7": [0.7744568878693525, 0.9435127149771365, 0.8057715355239867], "b8": [0.7408039821657684, 0.9287856545927824, 0.9734368363760248], "b9": [0.16180507497262497, 0.9835354963659401, 0.8514517935874444]}