{"b0": [0.31615958998075044, 0.8229450681613822, 0.8934587692315374], "b1": [0.14239634509500715, 0.990443090832086, 0.9825308412161462], "b2": [0.06063238511964392, 0.9682665753266108, 0.8418684514901956], "b3": [0.5141562544653766, 0.8824826769745076, 0.8009801929758638], "b4": [0.31327516116895415, 0.9702610213119394, 0.8510793956675846], "b5": [0.5577219015077343, 0.9856597131512188, 0.9000119123804011], "b6": [0.34001125234939067, 0.9669560513380212, 0.846728299083952], "b7": [0.5745154270293376, 0.9014688625015698, 0.9234468089498847], "b8": [0.1533572599857143, 0.927870110748531, 0.9369819472856029], "b9": [0.15563673941226927, 0.9005049205714996, 0.834208094220952]}