{"b0": [0.6535094347453162, 0.7682648381177968, 0.9194505507527999], "b1": [0.32380460595068095, 0.9607643112030247, 0.9704591674590887], "b2": [0.10014136619164078, 0.9121106887290741, 0.8421247549037286], "b3": [0.15849447781010936, 0.9378202989246374, 0.8593564206155135], "b4": [0.013868721603730445, 0.9478224656456046, 0.8176854151812372], "b5": [0.165090525329721, 0.9762499453686426, 0.8724490874074795], "b6": [0.5723486400815798, 0.8733953338700132, 0.8748618632821257], "b7": [0.37678278799912446, 0.9973936389628557, 0.8020742844715028], "b8": [0.37887135598407, 0.9528976715635011, 0.9919692774979424], "b9": [0.5413021776082796, 0.9770853054307952, 0.8237706448253483]}