{"b0": [0.5560798339764312, 0.9747661400570891, 0.8563926957818268], "b1": [0.0928530983975122, 0.8880096601513734, 0.8772964016831513], "b2": [0.3519534041551086, 0.9443747660036789, 0.8346623762560818], "b3": [0.07709997871162272, 0.9538457000268789, 0.8892722122252116], "b4": [0.6543914109052532, 0.9481140105205044, 0.9193787507347619], "b5": [0.2834182941225687, 0.8599100822819252, 0.9785260782282654], "b6": [0.3090108482064389, 0.943979745621758, 0.9784427889072991], "b7": [0.612007342199467, 0.9898392471443986, 0.9704068469950832], "b8": [0.9716695258914687, 0.9455470061922152, 0.8650059718238059], "b9": [0.7473551645968317, 0.9450511160184163, 0.929694238399406]}