{"b0": [0.29759422177171063, 0.9560336826980366, 0.8747214972395909], "b1": [0.7267436677636262, 0.8318457428951512, 0.8798127139878165], "b2": [0.6458705866869916, 0.8708491308351042, 0.9141455204196489], "b3": [0.8512118952885332, 0.9957865593000652, 0.9485710433853412], "b4": [0.14786127886557307, 0.9357418141108786, 0.8280014379491516], "b5": [0.3552457480503099, 0.9460377083902377, 0.8695405348474082], "b6": [0.32841278692333375, 0.8735510554779152, 0.9149550934006218], "b7": [0.1686403196704381, 0.9929242431100769, 0.8074761365950895], "b8": [0.5590090563613709, 0.9636962626350978, 0.8491685292152347], "b9": [0.6302508803268233, 0.9293086019555371, 0.9389467970518219]}