{"b0": [0.9119227786080455, 0.8975060618198261, 0.976762704948123], "b1": [0.15876450731548783, 0.9704324773333992, 0.9958509627642287], "b2": [0.6155744076220983, 0.9802577717368492, 0.840964809071038], "b3": [0.08539103655359426, 0.9686661935259175, 0.9314128675044127], "b4": [0.5985720934665509, 0.9399304267523276, 0.9636335042705504], "b5": [0.8995667073465292, 0.9961392529643391, 0.8663700452686969], "b6": [0.320934741317636, 0.8856309592840205, 0.9450786876446903], "b7": [0.07327134451838271, 0.9322662233157564, 0.9599165516895273], "b8": [0.331703208744363, 0.8624948757697947, 0.8597755118397881], "b9": [0.7937940103716656, 0.8591570686156476, 0.9360161449531422]}