{"b0": [0.8890465152626668, 0.7242496038904604, 0.9523325775221325], "b1": [0.5124993170915989, 0.8649690711118114, 0.8283345768090834], "b2": [0.1604023617802017, 0.8513348140199861, 0.8768651158526094], "b3": [0.8609581791281505, 0.8354808619789164, 0.8047207218574972], "b4": [0.16732045546942229, 0.8938327350532869, 0.9151804294969947], "b5": [0.7479619300142507, 0.8188418829329936, 0.9575918352609308], "b6": [0.995537776094797, 0.9700772521468878, 0.9648124747361603], "b7": [0.004245444297842393, 0.9468112418855439, 0.8227632041877498], "b8": [0.06389553656922724, 0.9955170910810308, 0.8628588763289641], "b9": [0.33730684488551005, 0.9851702492601337, 0.8350346535749655]}