{"b0": [0.7153658662459732, 0.9240254729588213, 0.960636313161348], "b1": [0.888230215446629, 0.9998532131068378, 0.8721074129446407], "b2": [0.15229938439183177, 0.9586836824018171, 0.934209965973287], "b3": [0.1170102744348301, 0.9120910215128332, 0.8771139412079613], "b4": [0.7568150154976122, 0.910250428411717, 0.8490304316475158], "b5": [0.7140598684558529, 0.976998386729504, 0.9792164100815625], "b6": [0.6152801256022322, 0.9766225315373369, 0.913433684894071], "b7": [0.9027343279378306, 0.9717889333987206, 0.9158669362176138], "b8": [0.35804246993585914, 0.8402617264686022, 0.9296729035774906], "b9": [0.15581338652524562, 0.9423860294892795, 0.8274365092645395]}