{"b0": [0.16835622419319743, 0.9300842583583464, 0.9962823061498804], "b1": [0.00381243278286921, 0.8471375067587539, 0.9869474230793882], "b2": [0.8575473243658405, 0.8248790383791906, 0.9569930092105394], "b3": [0.9753064672851842, 0.8994575694895609, 0.8673350531642945], "b4": [0.07727128266308977, 0.8883559763187238, 0.9797985840420301], "b5": [0.7573348553986026, 0.908043122063604, 0.9359704484259559], "b6": [0.7310747030235276, 0.9969652950700134, 0.9314742626043797], "b7": [0.8354165901475414, 0.9022929716085768, 0.9976976415765129], "b8": [0.842557987229459, 0.832467049262429, 0.943269600282951], "b9": [0.9763411831073298, 0.871100403927421, 0.8286269646183168]}