{"b0": [0.8693278757232678, 0.9299144022294915, 0.9691257084803441], "b1": [0.8847444447384133, 0.9030187679352716, 0.8971228650694679], "b2": [0.08289521000774722, 0.9362768358625004, 0.9435828700004625], "b3": [0.011734044285481401, 0.8418826377726758, 0.8562328229454448], "b4": [0.5951167936845081, 0.9330784237972618, 0.8286610373876335], "b5": [0.74286260743736, 0.8848026082476043, 0.875083263870312], "b6": [0.012405357256449654, 0.9335850724023212, 0.8988082003001644], "b7": [0.5896650458809105, 0.8305930287721338, 0.9739664863231914], "b8": [0.09089565313574431, 0.9914145583695215, 0.9887667164760571], "b9": [0.1644799421056759, 0.8295915340088351, 0.823407279720727]}