{"b0": [0.988988754453605, 0.795270610807679, 0.9141744491496433], "b1": [0.7348162601037174, 0.8840457660798928, 0.9066916090167729], "b2": [0.7256757489450636, 0.9889903069916558, 0.8823812893745453], "b3": [0.8826741568175419, 0.812832439328671, 0.8571366190773572], "b4": [0.7858936270862649, 0.9512648201689167, 0.9201176671548178], "b5": [0.9140679564401757, 0.9181708805752329, 0.9423765223887467], "b6": [0.09458732883658612, 0.9209824950890534, 0.9307649534826361], "b7": [0.004515776064627736, 0.9066588060132489, 0.9530860056401074], "b8": [0.7416145259120998, 0.9407349460881563, 0.9320741059742431], "b9": [0.870168875437271, 0.8270103035072581, 0.9448164257473668]}