{"b0": [0.3132846803350011, 0.9552899315080036, 0.8072987679317035], "b1": [0.1631763262297934, 0.9183874336917417, 0.9682090286719258], "b2": [0.723710350398344, 0.9461962834915266, 0.8845721270904631], "b3": [0.3363767764247447, 0.9529347360744397, 0.8642929775417504], "b4": [0.3314486885133314, 0.9422146331646876, 0.9082876133881159], "b5": [0.7063307171731352, 0.8173594275290162, 0.860054224214672], "b6": [0.8601119326650977, 0.9637566732300452, 0.9722190321335573], "b7": [0.5988433938818932, 0.8471717843796136, 0.9815291156882379], "b8": [0.07663342285721968, 0.9426332550442804, 0.9074808760350723], "b9": [0.8401784570727342, 0.9032665505711895, 0.9918553377453166]}