{"b0": [0.9875506127393355, 0.9439473557578336, 0.8603846619444673], "b1": [0.313033714498024, 0.9313878498270118, 0.9807761467694504], "b2": [0.15505329590291425, 0.9118009448235472, 0.8697771905165448], "b3": [0.2950872253100936, 0.9905620392097092, 0.8336476248632174], "b4": [0.8711301319112127, 0.9845079026727407, 0.9131802714747912], "b5": [0.9959461678449512, 0.874368079411212, 0.8463923571283971], "b6": [0.9082126672932942, 0.9088333728474658, 0.8250042222362793], "b7": [0.6566103271211885, 0.9837377175377452, 0.8112874673262589], "b8": [0.0008667680024842448, 0.9853034503163042, 0.9585698456148484], "b9": [0.8836844770292241, 0.93623242970889, 0.8742921735257941]}