{"b0": [0.6934891905261422, 0.89958618044396, 0.8989943597202584], "b1": [0.09587814325307162, 0.9790339576998484, 0.9282130947247152], "b2": [0.564081065308506, 0.8867870236960539, 0.843553854317162], "b3": [0.8306957597787181, 0.903525301047067, 0.8657553153873357], "b4": [0.08884502174032688, 0.9091945671698078, 0.8874334649320026], "b5": [0.016206846727106185, 0.9775472549537813, 0.9918493816255767], "b6": [0.01039617547647525, 0.9225959078978758, 0.8552471168887967], "b7": [0.8972514956357661, 0.9913232921012125, 0.9403050295099127], "b8": [0.5385296602101756, 0.8962110311712318, 0.8640940351335378], "b9": [0.0014054350688617718, 0.9600618932203747, 0.8683594473649938]}