{"b0": [0.8547429394063812, 0.9584671181365267, 0.8987820962041297], "b1": [0.1613605252795163, 0.856458510561911, 0.8277615891075272], "b2": [0.3390756726562739, 0.9041102869916783, 0.9436170717236588], "b3": [0.15848363856982148, 0.9927773778296478, 0.8861292211983138], "b4": [0.7772047018239547, 0.9318784063370122, 0.8868206847685123], "b5": [0.07811992591986155, 0.9993557184663123, 0.8518320197634125], "b6": [0.15803117632690572, 0.9409044803945485, 0.9360906447191248], "b7": [0.8661306774613948, 0.8843398776339972, 0.9275319961973973], "b8": [0.3127632921517797, 0.988499208517442, 0.8704863947582845], "b9": [0.15369313970779097, 0.9457832171456887, 0.9339363295600432]}