{"b0": [0.7697766784277553, 0.8680962411915288, 0.9596726346970402], "b1": [0.7394109347609853, 0.6834923872945515, 0.9844720150850702], "b2": [0.7327689995424247, 0.9284301845405872, 0.8625261357516181], "b3": [0.7485176250666405, 0.8915057123465318, 0.9798702141375218], "b4": [0.14573012514653022, 0.9478372296051845, 0.8991590616138468], "b5": [0.6977139440333936, 0.9788591816344225, 0.9731715410421653], "b6": [0.16472996999993567, 0.7936520369019817, 0.8793392108372015], "b7": [0.9095151466861598, 0.8484225728297144, 0.9217955444098945], "b8": [0.7523161018603381, 0.8975221954848602, 0.9846525816200962], "b9": [0.7153221994594305, 0.913455711438615, 0.9103463690947232]}