{"b0": [0.07191555159136884, 0.9977185467033576, 0.8321067975461364], "b1": [0.774080306613458, 0.880038653514922, 0.8106003035708622], "b2": [0.7585886247506458, 0.8658488865891374, 0.9775696099885632], "b3": [0.7275948235548124, 0.9788987242680842, 0.851272268645723], "b4": [0.16194855563353694, 0.9978499384113511, 0.812406887527585], "b5": [0.7353534397831202, 0.958496835699591, 0.9116146579356024], "b6": [0.7363671607053708, 0.9713645791378689, 0.8730751296892377], "b7": [0.7547022317108033, 0.969948838253363, 0.8190157261198233], "b8": [0.6976794777995401, 0.8594759621167958, 0.8920348007629993], "b9": [0.7006661370467998, 0.9242547743555936, 0.958107281051987]}