{"b0": [0.7361338332068628, 0.9220170953782089, 0.9695876732438329], "b1": [0.75788801486684, 0.9279548436313967, 0.9757969931735839], "b2": [0.15849117469102447, 0.9274599881434217, 0.9843668377132723], "b3": [0.07930439880464624, 0.9185423286554947, 0.9816943880263544], "b4": [0.7566157429742698, 0.9543871638155982, 0.8790419018546061], "b5": [0.7686789607292599, 0.8868364851143242, 0.8268531440964199], "b6": [0.9763162616251848, 0.8559286214706627, 0.9518045507429015], "b7": [0.7685356313199867, 0.9870618198185669, 0.8266719937872761], "b8": [0.09485353329683457, 0.907358530205677, 0.9709465919751878], "b9": [0.648909595210826, 0.9313972812245962, 0.8003731544224082]}