{"b0": [0.7429750271145606, 0.9291570078097177, 0.8229884028253588], "b1": [0.7565684416034572, 0.9153567325479512, 0.8504711875824698], "b2": [0.7827549686546292, 0.9146725281652315, 0.9304994555483969], "b3": [0.0665313588800208, 0.9938353555209263, 0.914126282786043], "b4": [0.16383750842825628, 0.9922392657697098, 0.8850291348658055], "b5": [0.16583053512033788, 0.8843485398232522, 0.966858219322217], "b6": [0.781916128342243, 0.9862697795044805, 0.8938834777651913], "b7": [0.33729511068479007, 0.9087301703408008, 0.9760385025683652], "b8": [0.7675736503670513, 0.7559649792067188, 0.8802414536473667], "b9": [0.7695254696035263, 0.8627025181111557, 0.8169070087655885]}