{"b0": [0.16201049578507384, 0.9479674379160489, 0.8298040112356759], "b1": [0.32995085505345756, 0.9703026412609026, 0.8266572403213428], "b2": [0.8613395072189687, 0.9849689955373222, 0.8864587428801052], "b3": [0.9052977173614067, 0.8398705868774577, 0.8118735893227034], "b4": [0.33682042599669065, 0.9437783492257938, 0.8658568147517033], "b5": [0.29585538999431205, 0.8844968973912599, 0.9960457809439311], "b6": [0.6576170632821622, 0.8667569719989493, 0.9531428912293307], "b7": [0.16343729453089545, 0.988656627408716, 0.9069782513588385], "b8": [0.8759082947752068, 0.8409611912795485, 0.9107838688859146], "b9": [0.15770829443590348, 0.9260943661376708, 0.814062203023949]}