{"b0": [0.1508175301828211, 0.9683116272457757, 0.8210598557671505], "b1": [0.8925390509001643, 0.9954983369798928, 0.8329975083049024], "b2": [0.3712403669958486, 0.9907460154670563, 0.9181318850972862], "b3": [0.908357186798962, 0.9955321107706532, 0.85180824739737], "b4": [0.3014545879051885, 0.9237962826587619, 0.8775436964667078], "b5": [0.16861913412312637, 0.8615840563098687, 0.9259378397843073], "b6": [0.15568654211845104, 0.964495555000733, 0.9061403990255142], "b7": [0.5547386877547845, 0.9163465831177503, 0.9217401469555814], "b8": [0.8516549859767468, 0.9044416384605498, 0.9521332472485108], "b9": [0.34568546313802484, 0.9428696126276787, 0.8797574553506405]}