{"b0": [0.15174700779516492, 0.8846325037900518, 0.9404769818462928], "b1": [0.900396469589518, 0.989331237721122, 0.8028761527892557], "b2": [0.16958973884600298, 0.9280840664902302, 0.9866255513722129], "b3": [0.37510162702180316, 0.9313373959634554, 0.9545117736089385], "b4": [0.011801326971749135, 0.8530985035825276, 0.9972360762225745], "b5": [0.1569189977165596, 0.9816146137872093, 0.8700552074823381], "b6": [0.8734605367288348, 0.9090740120374232, 0.8577634151367597], "b7": [0.36591487580957144, 0.9521215329140211, 0.9476684647624163], "b8": [0.3440971028498913, 0.8325502188012401, 0.8520125701809975], "b9": [0.8909732734634221, 0.7953981328413638, 0.8827051120586147]}