{"b0": [0.8930468815528093, 0.8075042290191417, 0.8224738536432515], "b1": [0.15823460882721962, 0.860785230143684, 0.977954617525938], "b2": [0.7522253465295882, 0.9216603780606332, 0.9900253829969136], "b3": [0.16396291406985689, 0.9889355587971633, 0.9542720672732294], "b4": [0.9281632364691282, 0.9111072242347589, 0.9474433876080988], "b5": [0.15613369824816564, 0.9114332835647739, 0.9797375900527915], "b6": [0.3652209884643941, 0.828724724938036, 0.8086707285399877], "b7": [0.8759067104596622, 0.8285680543278275, 0.8968940408280656], "b8": [0.00657478912483622, 0.922154161069198, 0.9008480187376128], "b9": [0.3054555396620312, 0.9706222331591732, 0.858465006548505]}