{"b0": [0.26491595199796686, 0.9431893222317127, 0.8941538669216529], "b1": [0.5932959351645594, 0.9510230529999734, 0.8929927007385503], "b2": [0.02471220485517032, 0.8959985831344537, 0.9442414150654045], "b3": [0.07261347494923596, 0.8977096535616128, 0.9275376282994366], "b4": [0.605984245791043, 0.9807944217743948, 0.8122893936421255], "b5": [0.15588944870201277, 0.8764614327014456, 0.9337263552608035], "b6": [0.35049910888807395, 0.9957352728680898, 0.8787324302586014], "b7": [0.9229028296956072, 0.8692418916870475, 0.9480876086262701], "b8": [0.986589001695489, 0.9289785297857915, 0.9404648409393316], "b9": [0.052574823721651176, 0.8971566811263785, 0.9815622214241886]}