{"b0": [0.899641813258306, 0.9921521819760712, 0.9516432369612184], "b1": [0.1645148032834986, 0.9121575566951128, 0.845693474840792], "b2": [0.3339602281388769, 0.9780110261618579, 0.9351198591433164], "b3": [0.3423011219215651, 0.8518285556228683, 0.9999930724155576], "b4": [0.8479058396853745, 0.9701410433017511, 0.9675980137879805], "b5": [0.877394938526467, 0.9969676427562759, 0.9143805028387624], "b6": [0.16000507917383838, 0.9228476425973038, 0.965080303000638], "b7": [0.156585164114594, 0.9563139868327766, 0.9371379239240228], "b8": [0.16164115286431383, 0.9757232569296127, 0.892914294461798], "b9": [0.3238400406770877, 0.9866835319500972, 0.9270602701697913]}