{"b0": [0.06446178223801517, 0.770944383295244, 0.9874316470013242], "b1": [0.3378697567070455, 0.7905755904644132, 0.9608542172725096], "b2": [0.15659712481339838, 0.9690888022978421, 0.9399547009734814], "b3": [0.305231462858112, 0.9278891781154937, 0.8568844084128067], "b4": [0.8571456874423191, 0.9637394570442533, 0.8631307558832526], "b5": [0.1584366326502226, 0.9581995780599145, 0.8194421725069353], "b6": [0.881256934280494, 0.8946177964038369, 0.8847910177678918], "b7": [0.16533084856499575, 0.861725760784534, 0.8512748133171493], "b8": [0.91252752815546, 0.850331843968197, 0.8489836535289358], "b9": [0.27975578942532175, 0.9621209924106385, 0.9596890763810758]}