{"b0": [0.8508368480610689, 0.9881083852085915, 0.9428152332901877], "b1": [0.1599527609899144, 0.9319615651209437, 0.9139581776387864], "b2": [0.9074554952479588, 0.9647633187065628, 0.8388930623727167], "b3": [0.059956609450327304, 0.9393320648836352, 0.9762205256098732], "b4": [0.16753435564393798, 0.852219832967226, 0.8430649904815297], "b5": [0.8913160581058945, 0.9834828514225252, 0.8779629671151095], "b6": [0.604450831382013, 0.7518672565519023, 0.8882750529091221], "b7": [0.0740894923106577, 0.9885230046815217, 0.9507232477312791], "b8": [0.3469162414894129, 0.923305366005529, 0.9759095468049463], "b9": [0.15523316596145295, 0.9473213479169419, 0.9556155386798874]}